[     151ms] [INFO] %cDownload the React DevTools for a better development experience: https://react.dev/link/react-devtools font-weight:bold @ http://localhost:3000/_next/static/chunks/node_modules_next_dist_115brz8._.js:2477
[     184ms] [LOG] [HMR] connected @ http://localhost:3000/_next/static/chunks/node_modules_next_dist_115brz8._.js:2477
[     303ms] [LOG] [Fast Refresh] rebuilding @ http://localhost:3000/_next/static/chunks/node_modules_next_dist_115brz8._.js:2477
[     320ms] [LOG] [Fast Refresh] done in 123ms @ http://localhost:3000/_next/static/chunks/node_modules_next_dist_115brz8._.js:2477
[     462ms] [VERBOSE] [DOM] Input elements should have autocomplete attributes (suggested: "current-password"): (More info: https://goo.gl/9p2vKq) %o @ http://localhost:3000/login:0
[   64965ms] [LOG] [Fast Refresh] rebuilding @ http://localhost:3000/_next/static/chunks/node_modules_next_dist_115brz8._.js:2477
[   65094ms] [ERROR] ./app/(app)/gradebook/page.tsx:256:6
Unterminated regexp literal
  254 |       </div>
  255 |
> 256 |     </div>
      |      ^^^^^
  257 |   )
  258 | }
  259 |

Parsing ecmascript source code failed

Import traces:
  Client Component Browser:
    ./app/(app)/gradebook/page.tsx [Client Component Browser]
    ./app/(app)/gradebook/page.tsx [Server Component]

  Client Component SSR:
    ./app/(app)/gradebook/page.tsx [Client Component SSR]
    ./app/(app)/gradebook/page.tsx [Server Component] @ http://localhost:3000/_next/static/chunks/node_modules_next_dist_115brz8._.js:3318
[   65095ms] [ERROR] Failed to load resource: the server responded with a status of 500 (Internal Server Error) @ http://localhost:3000/login?_rsc=2PWn4eNgFwgEGU5W:0
[   65166ms] [ERROR] ./app/(app)/gradebook/page.tsx:256:6
Unterminated regexp literal
  254 |       </div>
  255 |
> 256 |     </div>
      |      ^^^^^
  257 |   )
  258 | }
  259 |

Parsing ecmascript source code failed

Import traces:
  Client Component Browser:
    ./app/(app)/gradebook/page.tsx [Client Component Browser]
    ./app/(app)/gradebook/page.tsx [Server Component]

  Client Component SSR:
    ./app/(app)/gradebook/page.tsx [Client Component SSR]
    ./app/(app)/gradebook/page.tsx [Server Component] @ http://localhost:3000/_next/static/chunks/node_modules_next_dist_115brz8._.js:3318
[   65166ms] [ERROR] Failed to load resource: the server responded with a status of 500 (Internal Server Error) @ http://localhost:3000/login?_rsc=2PWn4eNgFwgEGU5W:0
[   65234ms] [ERROR] ./app/(app)/gradebook/page.tsx:256:6
Unterminated regexp literal
  254 |       </div>
  255 |
> 256 |     </div>
      |      ^^^^^
  257 |   )
  258 | }
  259 |

Parsing ecmascript source code failed

Import traces:
  Client Component Browser:
    ./app/(app)/gradebook/page.tsx [Client Component Browser]
    ./app/(app)/gradebook/page.tsx [Server Component]

  Client Component SSR:
    ./app/(app)/gradebook/page.tsx [Client Component SSR]
    ./app/(app)/gradebook/page.tsx [Server Component] @ http://localhost:3000/_next/static/chunks/node_modules_next_dist_115brz8._.js:3318
[   65253ms] [ERROR] Failed to load resource: the server responded with a status of 500 (Internal Server Error) @ http://localhost:3000/login:0
[   65395ms] [INFO] %cDownload the React DevTools for a better development experience: https://react.dev/link/react-devtools font-weight:bold @ http://localhost:3000/_next/static/chunks/node_modules_react-dom_0bruynb._.js:15305
[   65504ms] Error: ./app/(app)/gradebook/page.tsx:256:6
Unterminated regexp literal
  254 |       </div>
  255 |
> 256 |     </div>
      |      ^^^^^
  257 |   )
  258 | }
  259 |

Parsing ecmascript source code failed

Import traces:
  Client Component Browser:
    ./app/(app)/gradebook/page.tsx [Client Component Browser]
    ./app/(app)/gradebook/page.tsx [Server Component]

  Client Component SSR:
    ./app/(app)/gradebook/page.tsx [Client Component SSR]
    ./app/(app)/gradebook/page.tsx [Server Component]


    at <unknown> (Error: ./app/(app)/gradebook/page.tsx:256:6)
    at Object.getCompilationErrors (file://C:\Users\phucn\Desktop\School-Management-Client\node_modules\next\dist\server\dev\hot-reloader-turbopack.js:1186:59)
    at DevBundlerService.getCompilationError (file://C:\Users\phucn\Desktop\School-Management-Client\node_modules\next\dist\server\lib\dev-bundler-service.js:44:55)
    at DevServer.getCompilationError (file://C:\Users\phucn\Desktop\School-Management-Client\node_modules\next\dist\server\dev\next-dev-server.js:720:42)
    at DevServer.findPageComponents (file://C:\Users\phucn\Desktop\School-Management-Client\node_modules\next\dist\server\dev\next-dev-server.js:690:43)
    at async DevServer.renderErrorToResponseImpl (file://C:\Users\phucn\Desktop\School-Management-Client\node_modules\next\dist\server\base-server.js:1753:26)
[   65507ms] [LOG] [HMR] connected @ http://localhost:3000/_next/static/chunks/node_modules_next_dist_0u_w_5s._.js:1226
[   65511ms] [ERROR] ./app/(app)/gradebook/page.tsx:256:6
Unterminated regexp literal
  254 |       </div>
  255 |
> 256 |     </div>
      |      ^^^^^
  257 |   )
  258 | }
  259 |

Parsing ecmascript source code failed

Import traces:
  Client Component Browser:
    ./app/(app)/gradebook/page.tsx [Client Component Browser]
    ./app/(app)/gradebook/page.tsx [Server Component]

  Client Component SSR:
    ./app/(app)/gradebook/page.tsx [Client Component SSR]
    ./app/(app)/gradebook/page.tsx [Server Component] @ http://localhost:3000/_next/static/chunks/node_modules_next_dist_0u_w_5s._.js:1945
[   65603ms] [ERROR] ./app/(app)/gradebook/page.tsx:256:6
Unterminated regexp literal
  254 |       </div>
  255 |
> 256 |     </div>
      |      ^^^^^
  257 |   )
  258 | }
  259 |

Parsing ecmascript source code failed

Import traces:
  Client Component Browser:
    ./app/(app)/gradebook/page.tsx [Client Component Browser]
    ./app/(app)/gradebook/page.tsx [Server Component]

  Client Component SSR:
    ./app/(app)/gradebook/page.tsx [Client Component SSR]
    ./app/(app)/gradebook/page.tsx [Server Component] @ http://localhost:3000/_next/static/chunks/node_modules_next_dist_0u_w_5s._.js:1945
[   65626ms] [LOG] [Fast Refresh] rebuilding @ http://localhost:3000/_next/static/chunks/node_modules_next_dist_0u_w_5s._.js:1226
[   65679ms] [ERROR] ./app/(app)/gradebook/page.tsx:256:6
Unterminated regexp literal
  254 |       </div>
  255 |
> 256 |     </div>
      |      ^^^^^
  257 |   )
  258 | }
  259 |

Parsing ecmascript source code failed

Import traces:
  Client Component Browser:
    ./app/(app)/gradebook/page.tsx [Client Component Browser]
    ./app/(app)/gradebook/page.tsx [Server Component]

  Client Component SSR:
    ./app/(app)/gradebook/page.tsx [Client Component SSR]
    ./app/(app)/gradebook/page.tsx [Server Component] @ http://localhost:3000/_next/static/chunks/node_modules_next_dist_0u_w_5s._.js:1945
[   65736ms] [ERROR] ./app/(app)/gradebook/page.tsx:256:6
Unterminated regexp literal
  254 |       </div>
  255 |
> 256 |     </div>
      |      ^^^^^
  257 |   )
  258 | }
  259 |

Parsing ecmascript source code failed

Import traces:
  Client Component Browser:
    ./app/(app)/gradebook/page.tsx [Client Component Browser]
    ./app/(app)/gradebook/page.tsx [Server Component]

  Client Component SSR:
    ./app/(app)/gradebook/page.tsx [Client Component SSR]
    ./app/(app)/gradebook/page.tsx [Server Component] @ http://localhost:3000/_next/static/chunks/node_modules_next_dist_0u_w_5s._.js:1945
[   65790ms] [ERROR] ./app/(app)/gradebook/page.tsx:256:6
Unterminated regexp literal
  254 |       </div>
  255 |
> 256 |     </div>
      |      ^^^^^
  257 |   )
  258 | }
  259 |

Parsing ecmascript source code failed

Import traces:
  Client Component Browser:
    ./app/(app)/gradebook/page.tsx [Client Component Browser]
    ./app/(app)/gradebook/page.tsx [Server Component]

  Client Component SSR:
    ./app/(app)/gradebook/page.tsx [Client Component SSR]
    ./app/(app)/gradebook/page.tsx [Server Component] @ http://localhost:3000/_next/static/chunks/node_modules_next_dist_0u_w_5s._.js:1945
[   65884ms] [ERROR] ./app/(app)/gradebook/page.tsx:256:6
Unterminated regexp literal
  254 |       </div>
  255 |
> 256 |     </div>
      |      ^^^^^
  257 |   )
  258 | }
  259 |

Parsing ecmascript source code failed

Import traces:
  Client Component Browser:
    ./app/(app)/gradebook/page.tsx [Client Component Browser]
    ./app/(app)/gradebook/page.tsx [Server Component]

  Client Component SSR:
    ./app/(app)/gradebook/page.tsx [Client Component SSR]
    ./app/(app)/gradebook/page.tsx [Server Component] @ http://localhost:3000/_next/static/chunks/node_modules_next_dist_0u_w_5s._.js:1945
[   65937ms] [ERROR] ./app/(app)/gradebook/page.tsx:256:6
Unterminated regexp literal
  254 |       </div>
  255 |
> 256 |     </div>
      |      ^^^^^
  257 |   )
  258 | }
  259 |

Parsing ecmascript source code failed

Import traces:
  Client Component Browser:
    ./app/(app)/gradebook/page.tsx [Client Component Browser]
    ./app/(app)/gradebook/page.tsx [Server Component]

  Client Component SSR:
    ./app/(app)/gradebook/page.tsx [Client Component SSR]
    ./app/(app)/gradebook/page.tsx [Server Component] @ http://localhost:3000/_next/static/chunks/node_modules_next_dist_0u_w_5s._.js:1945
[   65988ms] [ERROR] ./app/(app)/gradebook/page.tsx:256:6
Unterminated regexp literal
  254 |       </div>
  255 |
> 256 |     </div>
      |      ^^^^^
  257 |   )
  258 | }
  259 |

Parsing ecmascript source code failed

Import traces:
  Client Component Browser:
    ./app/(app)/gradebook/page.tsx [Client Component Browser]
    ./app/(app)/gradebook/page.tsx [Server Component]

  Client Component SSR:
    ./app/(app)/gradebook/page.tsx [Client Component SSR]
    ./app/(app)/gradebook/page.tsx [Server Component] @ http://localhost:3000/_next/static/chunks/node_modules_next_dist_0u_w_5s._.js:1945
[   66054ms] [ERROR] ./app/(app)/gradebook/page.tsx:256:6
Unterminated regexp literal
  254 |       </div>
  255 |
> 256 |     </div>
      |      ^^^^^
  257 |   )
  258 | }
  259 |

Parsing ecmascript source code failed

Import traces:
  Client Component Browser:
    ./app/(app)/gradebook/page.tsx [Client Component Browser]
    ./app/(app)/gradebook/page.tsx [Server Component]

  Client Component SSR:
    ./app/(app)/gradebook/page.tsx [Client Component SSR]
    ./app/(app)/gradebook/page.tsx [Server Component] @ http://localhost:3000/_next/static/chunks/node_modules_next_dist_0u_w_5s._.js:1945
[   66113ms] [ERROR] ./app/(app)/gradebook/page.tsx:256:6
Unterminated regexp literal
  254 |       </div>
  255 |
> 256 |     </div>
      |      ^^^^^
  257 |   )
  258 | }
  259 |

Parsing ecmascript source code failed

Import traces:
  Client Component Browser:
    ./app/(app)/gradebook/page.tsx [Client Component Browser]
    ./app/(app)/gradebook/page.tsx [Server Component]

  Client Component SSR:
    ./app/(app)/gradebook/page.tsx [Client Component SSR]
    ./app/(app)/gradebook/page.tsx [Server Component] @ http://localhost:3000/_next/static/chunks/node_modules_next_dist_0u_w_5s._.js:1945
[   66172ms] [ERROR] ./app/(app)/gradebook/page.tsx:256:6
Unterminated regexp literal
  254 |       </div>
  255 |
> 256 |     </div>
      |      ^^^^^
  257 |   )
  258 | }
  259 |

Parsing ecmascript source code failed

Import traces:
  Client Component Browser:
    ./app/(app)/gradebook/page.tsx [Client Component Browser]
    ./app/(app)/gradebook/page.tsx [Server Component]

  Client Component SSR:
    ./app/(app)/gradebook/page.tsx [Client Component SSR]
    ./app/(app)/gradebook/page.tsx [Server Component] @ http://localhost:3000/_next/static/chunks/node_modules_next_dist_0u_w_5s._.js:1945
[   66230ms] [ERROR] ./app/(app)/gradebook/page.tsx:256:6
Unterminated regexp literal
  254 |       </div>
  255 |
> 256 |     </div>
      |      ^^^^^
  257 |   )
  258 | }
  259 |

Parsing ecmascript source code failed

Import traces:
  Client Component Browser:
    ./app/(app)/gradebook/page.tsx [Client Component Browser]
    ./app/(app)/gradebook/page.tsx [Server Component]

  Client Component SSR:
    ./app/(app)/gradebook/page.tsx [Client Component SSR]
    ./app/(app)/gradebook/page.tsx [Server Component] @ http://localhost:3000/_next/static/chunks/node_modules_next_dist_0u_w_5s._.js:1945
[   66288ms] [ERROR] ./app/(app)/gradebook/page.tsx:256:6
Unterminated regexp literal
  254 |       </div>
  255 |
> 256 |     </div>
      |      ^^^^^
  257 |   )
  258 | }
  259 |

Parsing ecmascript source code failed

Import traces:
  Client Component Browser:
    ./app/(app)/gradebook/page.tsx [Client Component Browser]
    ./app/(app)/gradebook/page.tsx [Server Component]

  Client Component SSR:
    ./app/(app)/gradebook/page.tsx [Client Component SSR]
    ./app/(app)/gradebook/page.tsx [Server Component] @ http://localhost:3000/_next/static/chunks/node_modules_next_dist_0u_w_5s._.js:1945
[   66346ms] [ERROR] ./app/(app)/gradebook/page.tsx:256:6
Unterminated regexp literal
  254 |       </div>
  255 |
> 256 |     </div>
      |      ^^^^^
  257 |   )
  258 | }
  259 |

Parsing ecmascript source code failed

Import traces:
  Client Component Browser:
    ./app/(app)/gradebook/page.tsx [Client Component Browser]
    ./app/(app)/gradebook/page.tsx [Server Component]

  Client Component SSR:
    ./app/(app)/gradebook/page.tsx [Client Component SSR]
    ./app/(app)/gradebook/page.tsx [Server Component] @ http://localhost:3000/_next/static/chunks/node_modules_next_dist_0u_w_5s._.js:1945
[   66413ms] [ERROR] ./app/(app)/gradebook/page.tsx:256:6
Unterminated regexp literal
  254 |       </div>
  255 |
> 256 |     </div>
      |      ^^^^^
  257 |   )
  258 | }
  259 |

Parsing ecmascript source code failed

Import traces:
  Client Component Browser:
    ./app/(app)/gradebook/page.tsx [Client Component Browser]
    ./app/(app)/gradebook/page.tsx [Server Component]

  Client Component SSR:
    ./app/(app)/gradebook/page.tsx [Client Component SSR]
    ./app/(app)/gradebook/page.tsx [Server Component] @ http://localhost:3000/_next/static/chunks/node_modules_next_dist_0u_w_5s._.js:1945
[   66477ms] [ERROR] ./app/(app)/gradebook/page.tsx:256:6
Unterminated regexp literal
  254 |       </div>
  255 |
> 256 |     </div>
      |      ^^^^^
  257 |   )
  258 | }
  259 |

Parsing ecmascript source code failed

Import traces:
  Client Component Browser:
    ./app/(app)/gradebook/page.tsx [Client Component Browser]
    ./app/(app)/gradebook/page.tsx [Server Component]

  Client Component SSR:
    ./app/(app)/gradebook/page.tsx [Client Component SSR]
    ./app/(app)/gradebook/page.tsx [Server Component] @ http://localhost:3000/_next/static/chunks/node_modules_next_dist_0u_w_5s._.js:1945
[   66529ms] [ERROR] ./app/(app)/gradebook/page.tsx:256:6
Unterminated regexp literal
  254 |       </div>
  255 |
> 256 |     </div>
      |      ^^^^^
  257 |   )
  258 | }
  259 |

Parsing ecmascript source code failed

Import traces:
  Client Component Browser:
    ./app/(app)/gradebook/page.tsx [Client Component Browser]
    ./app/(app)/gradebook/page.tsx [Server Component]

  Client Component SSR:
    ./app/(app)/gradebook/page.tsx [Client Component SSR]
    ./app/(app)/gradebook/page.tsx [Server Component] @ http://localhost:3000/_next/static/chunks/node_modules_next_dist_0u_w_5s._.js:1945
[   66585ms] [ERROR] ./app/(app)/gradebook/page.tsx:256:6
Unterminated regexp literal
  254 |       </div>
  255 |
> 256 |     </div>
      |      ^^^^^
  257 |   )
  258 | }
  259 |

Parsing ecmascript source code failed

Import traces:
  Client Component Browser:
    ./app/(app)/gradebook/page.tsx [Client Component Browser]
    ./app/(app)/gradebook/page.tsx [Server Component]

  Client Component SSR:
    ./app/(app)/gradebook/page.tsx [Client Component SSR]
    ./app/(app)/gradebook/page.tsx [Server Component] @ http://localhost:3000/_next/static/chunks/node_modules_next_dist_0u_w_5s._.js:1945
[   66642ms] [ERROR] ./app/(app)/gradebook/page.tsx:256:6
Unterminated regexp literal
  254 |       </div>
  255 |
> 256 |     </div>
      |      ^^^^^
  257 |   )
  258 | }
  259 |

Parsing ecmascript source code failed

Import traces:
  Client Component Browser:
    ./app/(app)/gradebook/page.tsx [Client Component Browser]
    ./app/(app)/gradebook/page.tsx [Server Component]

  Client Component SSR:
    ./app/(app)/gradebook/page.tsx [Client Component SSR]
    ./app/(app)/gradebook/page.tsx [Server Component] @ http://localhost:3000/_next/static/chunks/node_modules_next_dist_0u_w_5s._.js:1945
[   66689ms] [ERROR] ./app/(app)/gradebook/page.tsx:256:6
Unterminated regexp literal
  254 |       </div>
  255 |
> 256 |     </div>
      |      ^^^^^
  257 |   )
  258 | }
  259 |

Parsing ecmascript source code failed

Import traces:
  Client Component Browser:
    ./app/(app)/gradebook/page.tsx [Client Component Browser]
    ./app/(app)/gradebook/page.tsx [Server Component]

  Client Component SSR:
    ./app/(app)/gradebook/page.tsx [Client Component SSR]
    ./app/(app)/gradebook/page.tsx [Server Component] @ http://localhost:3000/_next/static/chunks/node_modules_next_dist_0u_w_5s._.js:1945
[   66746ms] [ERROR] ./app/(app)/gradebook/page.tsx:256:6
Unterminated regexp literal
  254 |       </div>
  255 |
> 256 |     </div>
      |      ^^^^^
  257 |   )
  258 | }
  259 |

Parsing ecmascript source code failed

Import traces:
  Client Component Browser:
    ./app/(app)/gradebook/page.tsx [Client Component Browser]
    ./app/(app)/gradebook/page.tsx [Server Component]

  Client Component SSR:
    ./app/(app)/gradebook/page.tsx [Client Component SSR]
    ./app/(app)/gradebook/page.tsx [Server Component] @ http://localhost:3000/_next/static/chunks/node_modules_next_dist_0u_w_5s._.js:1945
[   66805ms] [ERROR] ./app/(app)/gradebook/page.tsx:256:6
Unterminated regexp literal
  254 |       </div>
  255 |
> 256 |     </div>
      |      ^^^^^
  257 |   )
  258 | }
  259 |

Parsing ecmascript source code failed

Import traces:
  Client Component Browser:
    ./app/(app)/gradebook/page.tsx [Client Component Browser]
    ./app/(app)/gradebook/page.tsx [Server Component]

  Client Component SSR:
    ./app/(app)/gradebook/page.tsx [Client Component SSR]
    ./app/(app)/gradebook/page.tsx [Server Component] @ http://localhost:3000/_next/static/chunks/node_modules_next_dist_0u_w_5s._.js:1945
[   66854ms] [ERROR] ./app/(app)/gradebook/page.tsx:256:6
Unterminated regexp literal
  254 |       </div>
  255 |
> 256 |     </div>
      |      ^^^^^
  257 |   )
  258 | }
  259 |

Parsing ecmascript source code failed

Import traces:
  Client Component Browser:
    ./app/(app)/gradebook/page.tsx [Client Component Browser]
    ./app/(app)/gradebook/page.tsx [Server Component]

  Client Component SSR:
    ./app/(app)/gradebook/page.tsx [Client Component SSR]
    ./app/(app)/gradebook/page.tsx [Server Component] @ http://localhost:3000/_next/static/chunks/node_modules_next_dist_0u_w_5s._.js:1945
[   66906ms] [ERROR] ./app/(app)/gradebook/page.tsx:256:6
Unterminated regexp literal
  254 |       </div>
  255 |
> 256 |     </div>
      |      ^^^^^
  257 |   )
  258 | }
  259 |

Parsing ecmascript source code failed

Import traces:
  Client Component Browser:
    ./app/(app)/gradebook/page.tsx [Client Component Browser]
    ./app/(app)/gradebook/page.tsx [Server Component]

  Client Component SSR:
    ./app/(app)/gradebook/page.tsx [Client Component SSR]
    ./app/(app)/gradebook/page.tsx [Server Component] @ http://localhost:3000/_next/static/chunks/node_modules_next_dist_0u_w_5s._.js:1945
[   66963ms] [ERROR] ./app/(app)/gradebook/page.tsx:256:6
Unterminated regexp literal
  254 |       </div>
  255 |
> 256 |     </div>
      |      ^^^^^
  257 |   )
  258 | }
  259 |

Parsing ecmascript source code failed

Import traces:
  Client Component Browser:
    ./app/(app)/gradebook/page.tsx [Client Component Browser]
    ./app/(app)/gradebook/page.tsx [Server Component]

  Client Component SSR:
    ./app/(app)/gradebook/page.tsx [Client Component SSR]
    ./app/(app)/gradebook/page.tsx [Server Component] @ http://localhost:3000/_next/static/chunks/node_modules_next_dist_0u_w_5s._.js:1945
[   67029ms] [ERROR] ./app/(app)/gradebook/page.tsx:256:6
Unterminated regexp literal
  254 |       </div>
  255 |
> 256 |     </div>
      |      ^^^^^
  257 |   )
  258 | }
  259 |

Parsing ecmascript source code failed

Import traces:
  Client Component Browser:
    ./app/(app)/gradebook/page.tsx [Client Component Browser]
    ./app/(app)/gradebook/page.tsx [Server Component]

  Client Component SSR:
    ./app/(app)/gradebook/page.tsx [Client Component SSR]
    ./app/(app)/gradebook/page.tsx [Server Component] @ http://localhost:3000/_next/static/chunks/node_modules_next_dist_0u_w_5s._.js:1945
[   67077ms] [ERROR] ./app/(app)/gradebook/page.tsx:256:6
Unterminated regexp literal
  254 |       </div>
  255 |
> 256 |     </div>
      |      ^^^^^
  257 |   )
  258 | }
  259 |

Parsing ecmascript source code failed

Import traces:
  Client Component Browser:
    ./app/(app)/gradebook/page.tsx [Client Component Browser]
    ./app/(app)/gradebook/page.tsx [Server Component]

  Client Component SSR:
    ./app/(app)/gradebook/page.tsx [Client Component SSR]
    ./app/(app)/gradebook/page.tsx [Server Component] @ http://localhost:3000/_next/static/chunks/node_modules_next_dist_0u_w_5s._.js:1945
[   67135ms] [ERROR] ./app/(app)/gradebook/page.tsx:256:6
Unterminated regexp literal
  254 |       </div>
  255 |
> 256 |     </div>
      |      ^^^^^
  257 |   )
  258 | }
  259 |

Parsing ecmascript source code failed

Import traces:
  Client Component Browser:
    ./app/(app)/gradebook/page.tsx [Client Component Browser]
    ./app/(app)/gradebook/page.tsx [Server Component]

  Client Component SSR:
    ./app/(app)/gradebook/page.tsx [Client Component SSR]
    ./app/(app)/gradebook/page.tsx [Server Component] @ http://localhost:3000/_next/static/chunks/node_modules_next_dist_0u_w_5s._.js:1945
[   67191ms] [ERROR] ./app/(app)/gradebook/page.tsx:256:6
Unterminated regexp literal
  254 |       </div>
  255 |
> 256 |     </div>
      |      ^^^^^
  257 |   )
  258 | }
  259 |

Parsing ecmascript source code failed

Import traces:
  Client Component Browser:
    ./app/(app)/gradebook/page.tsx [Client Component Browser]
    ./app/(app)/gradebook/page.tsx [Server Component]

  Client Component SSR:
    ./app/(app)/gradebook/page.tsx [Client Component SSR]
    ./app/(app)/gradebook/page.tsx [Server Component] @ http://localhost:3000/_next/static/chunks/node_modules_next_dist_0u_w_5s._.js:1945
[   67237ms] [ERROR] ./app/(app)/gradebook/page.tsx:256:6
Unterminated regexp literal
  254 |       </div>
  255 |
> 256 |     </div>
      |      ^^^^^
  257 |   )
  258 | }
  259 |

Parsing ecmascript source code failed

Import traces:
  Client Component Browser:
    ./app/(app)/gradebook/page.tsx [Client Component Browser]
    ./app/(app)/gradebook/page.tsx [Server Component]

  Client Component SSR:
    ./app/(app)/gradebook/page.tsx [Client Component SSR]
    ./app/(app)/gradebook/page.tsx [Server Component] @ http://localhost:3000/_next/static/chunks/node_modules_next_dist_0u_w_5s._.js:1945
[   67286ms] [ERROR] ./app/(app)/gradebook/page.tsx:256:6
Unterminated regexp literal
  254 |       </div>
  255 |
> 256 |     </div>
      |      ^^^^^
  257 |   )
  258 | }
  259 |

Parsing ecmascript source code failed

Import traces:
  Client Component Browser:
    ./app/(app)/gradebook/page.tsx [Client Component Browser]
    ./app/(app)/gradebook/page.tsx [Server Component]

  Client Component SSR:
    ./app/(app)/gradebook/page.tsx [Client Component SSR]
    ./app/(app)/gradebook/page.tsx [Server Component] @ http://localhost:3000/_next/static/chunks/node_modules_next_dist_0u_w_5s._.js:1945
[   67334ms] [ERROR] ./app/(app)/gradebook/page.tsx:256:6
Unterminated regexp literal
  254 |       </div>
  255 |
> 256 |     </div>
      |      ^^^^^
  257 |   )
  258 | }
  259 |

Parsing ecmascript source code failed

Import traces:
  Client Component Browser:
    ./app/(app)/gradebook/page.tsx [Client Component Browser]
    ./app/(app)/gradebook/page.tsx [Server Component]

  Client Component SSR:
    ./app/(app)/gradebook/page.tsx [Client Component SSR]
    ./app/(app)/gradebook/page.tsx [Server Component] @ http://localhost:3000/_next/static/chunks/node_modules_next_dist_0u_w_5s._.js:1945
[   67389ms] [ERROR] ./app/(app)/gradebook/page.tsx:256:6
Unterminated regexp literal
  254 |       </div>
  255 |
> 256 |     </div>
      |      ^^^^^
  257 |   )
  258 | }
  259 |

Parsing ecmascript source code failed

Import traces:
  Client Component Browser:
    ./app/(app)/gradebook/page.tsx [Client Component Browser]
    ./app/(app)/gradebook/page.tsx [Server Component]

  Client Component SSR:
    ./app/(app)/gradebook/page.tsx [Client Component SSR]
    ./app/(app)/gradebook/page.tsx [Server Component] @ http://localhost:3000/_next/static/chunks/node_modules_next_dist_0u_w_5s._.js:1945
[   67454ms] [ERROR] ./app/(app)/gradebook/page.tsx:256:6
Unterminated regexp literal
  254 |       </div>
  255 |
> 256 |     </div>
      |      ^^^^^
  257 |   )
  258 | }
  259 |

Parsing ecmascript source code failed

Import traces:
  Client Component Browser:
    ./app/(app)/gradebook/page.tsx [Client Component Browser]
    ./app/(app)/gradebook/page.tsx [Server Component]

  Client Component SSR:
    ./app/(app)/gradebook/page.tsx [Client Component SSR]
    ./app/(app)/gradebook/page.tsx [Server Component] @ http://localhost:3000/_next/static/chunks/node_modules_next_dist_0u_w_5s._.js:1945
[   67509ms] [ERROR] ./app/(app)/gradebook/page.tsx:256:6
Unterminated regexp literal
  254 |       </div>
  255 |
> 256 |     </div>
      |      ^^^^^
  257 |   )
  258 | }
  259 |

Parsing ecmascript source code failed

Import traces:
  Client Component Browser:
    ./app/(app)/gradebook/page.tsx [Client Component Browser]
    ./app/(app)/gradebook/page.tsx [Server Component]

  Client Component SSR:
    ./app/(app)/gradebook/page.tsx [Client Component SSR]
    ./app/(app)/gradebook/page.tsx [Server Component] @ http://localhost:3000/_next/static/chunks/node_modules_next_dist_0u_w_5s._.js:1945
[   67557ms] [ERROR] ./app/(app)/gradebook/page.tsx:256:6
Unterminated regexp literal
  254 |       </div>
  255 |
> 256 |     </div>
      |      ^^^^^
  257 |   )
  258 | }
  259 |

Parsing ecmascript source code failed

Import traces:
  Client Component Browser:
    ./app/(app)/gradebook/page.tsx [Client Component Browser]
    ./app/(app)/gradebook/page.tsx [Server Component]

  Client Component SSR:
    ./app/(app)/gradebook/page.tsx [Client Component SSR]
    ./app/(app)/gradebook/page.tsx [Server Component] @ http://localhost:3000/_next/static/chunks/node_modules_next_dist_0u_w_5s._.js:1945
[   67605ms] [ERROR] ./app/(app)/gradebook/page.tsx:256:6
Unterminated regexp literal
  254 |       </div>
  255 |
> 256 |     </div>
      |      ^^^^^
  257 |   )
  258 | }
  259 |

Parsing ecmascript source code failed

Import traces:
  Client Component Browser:
    ./app/(app)/gradebook/page.tsx [Client Component Browser]
    ./app/(app)/gradebook/page.tsx [Server Component]

  Client Component SSR:
    ./app/(app)/gradebook/page.tsx [Client Component SSR]
    ./app/(app)/gradebook/page.tsx [Server Component] @ http://localhost:3000/_next/static/chunks/node_modules_next_dist_0u_w_5s._.js:1945
[   67653ms] [ERROR] ./app/(app)/gradebook/page.tsx:256:6
Unterminated regexp literal
  254 |       </div>
  255 |
> 256 |     </div>
      |      ^^^^^
  257 |   )
  258 | }
  259 |

Parsing ecmascript source code failed

Import traces:
  Client Component Browser:
    ./app/(app)/gradebook/page.tsx [Client Component Browser]
    ./app/(app)/gradebook/page.tsx [Server Component]

  Client Component SSR:
    ./app/(app)/gradebook/page.tsx [Client Component SSR]
    ./app/(app)/gradebook/page.tsx [Server Component] @ http://localhost:3000/_next/static/chunks/node_modules_next_dist_0u_w_5s._.js:1945
[   67701ms] [ERROR] ./app/(app)/gradebook/page.tsx:256:6
Unterminated regexp literal
  254 |       </div>
  255 |
> 256 |     </div>
      |      ^^^^^
  257 |   )
  258 | }
  259 |

Parsing ecmascript source code failed

Import traces:
  Client Component Browser:
    ./app/(app)/gradebook/page.tsx [Client Component Browser]
    ./app/(app)/gradebook/page.tsx [Server Component]

  Client Component SSR:
    ./app/(app)/gradebook/page.tsx [Client Component SSR]
    ./app/(app)/gradebook/page.tsx [Server Component] @ http://localhost:3000/_next/static/chunks/node_modules_next_dist_0u_w_5s._.js:1945
[   67757ms] [ERROR] ./app/(app)/gradebook/page.tsx:256:6
Unterminated regexp literal
  254 |       </div>
  255 |
> 256 |     </div>
      |      ^^^^^
  257 |   )
  258 | }
  259 |

Parsing ecmascript source code failed

Import traces:
  Client Component Browser:
    ./app/(app)/gradebook/page.tsx [Client Component Browser]
    ./app/(app)/gradebook/page.tsx [Server Component]

  Client Component SSR:
    ./app/(app)/gradebook/page.tsx [Client Component SSR]
    ./app/(app)/gradebook/page.tsx [Server Component] @ http://localhost:3000/_next/static/chunks/node_modules_next_dist_0u_w_5s._.js:1945
[   67805ms] [ERROR] ./app/(app)/gradebook/page.tsx:256:6
Unterminated regexp literal
  254 |       </div>
  255 |
> 256 |     </div>
      |      ^^^^^
  257 |   )
  258 | }
  259 |

Parsing ecmascript source code failed

Import traces:
  Client Component Browser:
    ./app/(app)/gradebook/page.tsx [Client Component Browser]
    ./app/(app)/gradebook/page.tsx [Server Component]

  Client Component SSR:
    ./app/(app)/gradebook/page.tsx [Client Component SSR]
    ./app/(app)/gradebook/page.tsx [Server Component] @ http://localhost:3000/_next/static/chunks/node_modules_next_dist_0u_w_5s._.js:1945
[   67863ms] [ERROR] ./app/(app)/gradebook/page.tsx:256:6
Unterminated regexp literal
  254 |       </div>
  255 |
> 256 |     </div>
      |      ^^^^^
  257 |   )
  258 | }
  259 |

Parsing ecmascript source code failed

Import traces:
  Client Component Browser:
    ./app/(app)/gradebook/page.tsx [Client Component Browser]
    ./app/(app)/gradebook/page.tsx [Server Component]

  Client Component SSR:
    ./app/(app)/gradebook/page.tsx [Client Component SSR]
    ./app/(app)/gradebook/page.tsx [Server Component] @ http://localhost:3000/_next/static/chunks/node_modules_next_dist_0u_w_5s._.js:1945
[   67912ms] [ERROR] ./app/(app)/gradebook/page.tsx:256:6
Unterminated regexp literal
  254 |       </div>
  255 |
> 256 |     </div>
      |      ^^^^^
  257 |   )
  258 | }
  259 |

Parsing ecmascript source code failed

Import traces:
  Client Component Browser:
    ./app/(app)/gradebook/page.tsx [Client Component Browser]
    ./app/(app)/gradebook/page.tsx [Server Component]

  Client Component SSR:
    ./app/(app)/gradebook/page.tsx [Client Component SSR]
    ./app/(app)/gradebook/page.tsx [Server Component] @ http://localhost:3000/_next/static/chunks/node_modules_next_dist_0u_w_5s._.js:1945
[   67963ms] [ERROR] ./app/(app)/gradebook/page.tsx:256:6
Unterminated regexp literal
  254 |       </div>
  255 |
> 256 |     </div>
      |      ^^^^^
  257 |   )
  258 | }
  259 |

Parsing ecmascript source code failed

Import traces:
  Client Component Browser:
    ./app/(app)/gradebook/page.tsx [Client Component Browser]
    ./app/(app)/gradebook/page.tsx [Server Component]

  Client Component SSR:
    ./app/(app)/gradebook/page.tsx [Client Component SSR]
    ./app/(app)/gradebook/page.tsx [Server Component] @ http://localhost:3000/_next/static/chunks/node_modules_next_dist_0u_w_5s._.js:1945
[   68029ms] [ERROR] ./app/(app)/gradebook/page.tsx:256:6
Unterminated regexp literal
  254 |       </div>
  255 |
> 256 |     </div>
      |      ^^^^^
  257 |   )
  258 | }
  259 |

Parsing ecmascript source code failed

Import traces:
  Client Component Browser:
    ./app/(app)/gradebook/page.tsx [Client Component Browser]
    ./app/(app)/gradebook/page.tsx [Server Component]

  Client Component SSR:
    ./app/(app)/gradebook/page.tsx [Client Component SSR]
    ./app/(app)/gradebook/page.tsx [Server Component] @ http://localhost:3000/_next/static/chunks/node_modules_next_dist_0u_w_5s._.js:1945
[   68076ms] [ERROR] ./app/(app)/gradebook/page.tsx:256:6
Unterminated regexp literal
  254 |       </div>
  255 |
> 256 |     </div>
      |      ^^^^^
  257 |   )
  258 | }
  259 |

Parsing ecmascript source code failed

Import traces:
  Client Component Browser:
    ./app/(app)/gradebook/page.tsx [Client Component Browser]
    ./app/(app)/gradebook/page.tsx [Server Component]

  Client Component SSR:
    ./app/(app)/gradebook/page.tsx [Client Component SSR]
    ./app/(app)/gradebook/page.tsx [Server Component] @ http://localhost:3000/_next/static/chunks/node_modules_next_dist_0u_w_5s._.js:1945
[   68126ms] [ERROR] ./app/(app)/gradebook/page.tsx:256:6
Unterminated regexp literal
  254 |       </div>
  255 |
> 256 |     </div>
      |      ^^^^^
  257 |   )
  258 | }
  259 |

Parsing ecmascript source code failed

Import traces:
  Client Component Browser:
    ./app/(app)/gradebook/page.tsx [Client Component Browser]
    ./app/(app)/gradebook/page.tsx [Server Component]

  Client Component SSR:
    ./app/(app)/gradebook/page.tsx [Client Component SSR]
    ./app/(app)/gradebook/page.tsx [Server Component] @ http://localhost:3000/_next/static/chunks/node_modules_next_dist_0u_w_5s._.js:1945
[   68183ms] [ERROR] ./app/(app)/gradebook/page.tsx:256:6
Unterminated regexp literal
  254 |       </div>
  255 |
> 256 |     </div>
      |      ^^^^^
  257 |   )
  258 | }
  259 |

Parsing ecmascript source code failed

Import traces:
  Client Component Browser:
    ./app/(app)/gradebook/page.tsx [Client Component Browser]
    ./app/(app)/gradebook/page.tsx [Server Component]

  Client Component SSR:
    ./app/(app)/gradebook/page.tsx [Client Component SSR]
    ./app/(app)/gradebook/page.tsx [Server Component] @ http://localhost:3000/_next/static/chunks/node_modules_next_dist_0u_w_5s._.js:1945
[   68231ms] [ERROR] ./app/(app)/gradebook/page.tsx:256:6
Unterminated regexp literal
  254 |       </div>
  255 |
> 256 |     </div>
      |      ^^^^^
  257 |   )
  258 | }
  259 |

Parsing ecmascript source code failed

Import traces:
  Client Component Browser:
    ./app/(app)/gradebook/page.tsx [Client Component Browser]
    ./app/(app)/gradebook/page.tsx [Server Component]

  Client Component SSR:
    ./app/(app)/gradebook/page.tsx [Client Component SSR]
    ./app/(app)/gradebook/page.tsx [Server Component] @ http://localhost:3000/_next/static/chunks/node_modules_next_dist_0u_w_5s._.js:1945
[   68289ms] [ERROR] ./app/(app)/gradebook/page.tsx:256:6
Unterminated regexp literal
  254 |       </div>
  255 |
> 256 |     </div>
      |      ^^^^^
  257 |   )
  258 | }
  259 |

Parsing ecmascript source code failed

Import traces:
  Client Component Browser:
    ./app/(app)/gradebook/page.tsx [Client Component Browser]
    ./app/(app)/gradebook/page.tsx [Server Component]

  Client Component SSR:
    ./app/(app)/gradebook/page.tsx [Client Component SSR]
    ./app/(app)/gradebook/page.tsx [Server Component] @ http://localhost:3000/_next/static/chunks/node_modules_next_dist_0u_w_5s._.js:1945
[   68345ms] [ERROR] ./app/(app)/gradebook/page.tsx:256:6
Unterminated regexp literal
  254 |       </div>
  255 |
> 256 |     </div>
      |      ^^^^^
  257 |   )
  258 | }
  259 |

Parsing ecmascript source code failed

Import traces:
  Client Component Browser:
    ./app/(app)/gradebook/page.tsx [Client Component Browser]
    ./app/(app)/gradebook/page.tsx [Server Component]

  Client Component SSR:
    ./app/(app)/gradebook/page.tsx [Client Component SSR]
    ./app/(app)/gradebook/page.tsx [Server Component] @ http://localhost:3000/_next/static/chunks/node_modules_next_dist_0u_w_5s._.js:1945
[   68399ms] [ERROR] ./app/(app)/gradebook/page.tsx:256:6
Unterminated regexp literal
  254 |       </div>
  255 |
> 256 |     </div>
      |      ^^^^^
  257 |   )
  258 | }
  259 |

Parsing ecmascript source code failed

Import traces:
  Client Component Browser:
    ./app/(app)/gradebook/page.tsx [Client Component Browser]
    ./app/(app)/gradebook/page.tsx [Server Component]

  Client Component SSR:
    ./app/(app)/gradebook/page.tsx [Client Component SSR]
    ./app/(app)/gradebook/page.tsx [Server Component] @ http://localhost:3000/_next/static/chunks/node_modules_next_dist_0u_w_5s._.js:1945
[   68461ms] [ERROR] ./app/(app)/gradebook/page.tsx:256:6
Unterminated regexp literal
  254 |       </div>
  255 |
> 256 |     </div>
      |      ^^^^^
  257 |   )
  258 | }
  259 |

Parsing ecmascript source code failed

Import traces:
  Client Component Browser:
    ./app/(app)/gradebook/page.tsx [Client Component Browser]
    ./app/(app)/gradebook/page.tsx [Server Component]

  Client Component SSR:
    ./app/(app)/gradebook/page.tsx [Client Component SSR]
    ./app/(app)/gradebook/page.tsx [Server Component] @ http://localhost:3000/_next/static/chunks/node_modules_next_dist_0u_w_5s._.js:1945
[   68524ms] [ERROR] ./app/(app)/gradebook/page.tsx:256:6
Unterminated regexp literal
  254 |       </div>
  255 |
> 256 |     </div>
      |      ^^^^^
  257 |   )
  258 | }
  259 |

Parsing ecmascript source code failed

Import traces:
  Client Component Browser:
    ./app/(app)/gradebook/page.tsx [Client Component Browser]
    ./app/(app)/gradebook/page.tsx [Server Component]

  Client Component SSR:
    ./app/(app)/gradebook/page.tsx [Client Component SSR]
    ./app/(app)/gradebook/page.tsx [Server Component] @ http://localhost:3000/_next/static/chunks/node_modules_next_dist_0u_w_5s._.js:1945
[   68590ms] [ERROR] ./app/(app)/gradebook/page.tsx:256:6
Unterminated regexp literal
  254 |       </div>
  255 |
> 256 |     </div>
      |      ^^^^^
  257 |   )
  258 | }
  259 |

Parsing ecmascript source code failed

Import traces:
  Client Component Browser:
    ./app/(app)/gradebook/page.tsx [Client Component Browser]
    ./app/(app)/gradebook/page.tsx [Server Component]

  Client Component SSR:
    ./app/(app)/gradebook/page.tsx [Client Component SSR]
    ./app/(app)/gradebook/page.tsx [Server Component] @ http://localhost:3000/_next/static/chunks/node_modules_next_dist_0u_w_5s._.js:1945
[   68654ms] [ERROR] ./app/(app)/gradebook/page.tsx:256:6
Unterminated regexp literal
  254 |       </div>
  255 |
> 256 |     </div>
      |      ^^^^^
  257 |   )
  258 | }
  259 |

Parsing ecmascript source code failed

Import traces:
  Client Component Browser:
    ./app/(app)/gradebook/page.tsx [Client Component Browser]
    ./app/(app)/gradebook/page.tsx [Server Component]

  Client Component SSR:
    ./app/(app)/gradebook/page.tsx [Client Component SSR]
    ./app/(app)/gradebook/page.tsx [Server Component] @ http://localhost:3000/_next/static/chunks/node_modules_next_dist_0u_w_5s._.js:1945
[   68703ms] [ERROR] ./app/(app)/gradebook/page.tsx:256:6
Unterminated regexp literal
  254 |       </div>
  255 |
> 256 |     </div>
      |      ^^^^^
  257 |   )
  258 | }
  259 |

Parsing ecmascript source code failed

Import traces:
  Client Component Browser:
    ./app/(app)/gradebook/page.tsx [Client Component Browser]
    ./app/(app)/gradebook/page.tsx [Server Component]

  Client Component SSR:
    ./app/(app)/gradebook/page.tsx [Client Component SSR]
    ./app/(app)/gradebook/page.tsx [Server Component] @ http://localhost:3000/_next/static/chunks/node_modules_next_dist_0u_w_5s._.js:1945
[   68768ms] [ERROR] ./app/(app)/gradebook/page.tsx:256:6
Unterminated regexp literal
  254 |       </div>
  255 |
> 256 |     </div>
      |      ^^^^^
  257 |   )
  258 | }
  259 |

Parsing ecmascript source code failed

Import traces:
  Client Component Browser:
    ./app/(app)/gradebook/page.tsx [Client Component Browser]
    ./app/(app)/gradebook/page.tsx [Server Component]

  Client Component SSR:
    ./app/(app)/gradebook/page.tsx [Client Component SSR]
    ./app/(app)/gradebook/page.tsx [Server Component] @ http://localhost:3000/_next/static/chunks/node_modules_next_dist_0u_w_5s._.js:1945
[   68828ms] [ERROR] ./app/(app)/gradebook/page.tsx:256:6
Unterminated regexp literal
  254 |       </div>
  255 |
> 256 |     </div>
      |      ^^^^^
  257 |   )
  258 | }
  259 |

Parsing ecmascript source code failed

Import traces:
  Client Component Browser:
    ./app/(app)/gradebook/page.tsx [Client Component Browser]
    ./app/(app)/gradebook/page.tsx [Server Component]

  Client Component SSR:
    ./app/(app)/gradebook/page.tsx [Client Component SSR]
    ./app/(app)/gradebook/page.tsx [Server Component] @ http://localhost:3000/_next/static/chunks/node_modules_next_dist_0u_w_5s._.js:1945
[   68890ms] [ERROR] ./app/(app)/gradebook/page.tsx:256:6
Unterminated regexp literal
  254 |       </div>
  255 |
> 256 |     </div>
      |      ^^^^^
  257 |   )
  258 | }
  259 |

Parsing ecmascript source code failed

Import traces:
  Client Component Browser:
    ./app/(app)/gradebook/page.tsx [Client Component Browser]
    ./app/(app)/gradebook/page.tsx [Server Component]

  Client Component SSR:
    ./app/(app)/gradebook/page.tsx [Client Component SSR]
    ./app/(app)/gradebook/page.tsx [Server Component] @ http://localhost:3000/_next/static/chunks/node_modules_next_dist_0u_w_5s._.js:1945
[   68948ms] [ERROR] ./app/(app)/gradebook/page.tsx:256:6
Unterminated regexp literal
  254 |       </div>
  255 |
> 256 |     </div>
      |      ^^^^^
  257 |   )
  258 | }
  259 |

Parsing ecmascript source code failed

Import traces:
  Client Component Browser:
    ./app/(app)/gradebook/page.tsx [Client Component Browser]
    ./app/(app)/gradebook/page.tsx [Server Component]

  Client Component SSR:
    ./app/(app)/gradebook/page.tsx [Client Component SSR]
    ./app/(app)/gradebook/page.tsx [Server Component] @ http://localhost:3000/_next/static/chunks/node_modules_next_dist_0u_w_5s._.js:1945
[   69006ms] [ERROR] ./app/(app)/gradebook/page.tsx:256:6
Unterminated regexp literal
  254 |       </div>
  255 |
> 256 |     </div>
      |      ^^^^^
  257 |   )
  258 | }
  259 |

Parsing ecmascript source code failed

Import traces:
  Client Component Browser:
    ./app/(app)/gradebook/page.tsx [Client Component Browser]
    ./app/(app)/gradebook/page.tsx [Server Component]

  Client Component SSR:
    ./app/(app)/gradebook/page.tsx [Client Component SSR]
    ./app/(app)/gradebook/page.tsx [Server Component] @ http://localhost:3000/_next/static/chunks/node_modules_next_dist_0u_w_5s._.js:1945
[   69052ms] [ERROR] ./app/(app)/gradebook/page.tsx:256:6
Unterminated regexp literal
  254 |       </div>
  255 |
> 256 |     </div>
      |      ^^^^^
  257 |   )
  258 | }
  259 |

Parsing ecmascript source code failed

Import traces:
  Client Component Browser:
    ./app/(app)/gradebook/page.tsx [Client Component Browser]
    ./app/(app)/gradebook/page.tsx [Server Component]

  Client Component SSR:
    ./app/(app)/gradebook/page.tsx [Client Component SSR]
    ./app/(app)/gradebook/page.tsx [Server Component] @ http://localhost:3000/_next/static/chunks/node_modules_next_dist_0u_w_5s._.js:1945
[   69108ms] [ERROR] ./app/(app)/gradebook/page.tsx:256:6
Unterminated regexp literal
  254 |       </div>
  255 |
> 256 |     </div>
      |      ^^^^^
  257 |   )
  258 | }
  259 |

Parsing ecmascript source code failed

Import traces:
  Client Component Browser:
    ./app/(app)/gradebook/page.tsx [Client Component Browser]
    ./app/(app)/gradebook/page.tsx [Server Component]

  Client Component SSR:
    ./app/(app)/gradebook/page.tsx [Client Component SSR]
    ./app/(app)/gradebook/page.tsx [Server Component] @ http://localhost:3000/_next/static/chunks/node_modules_next_dist_0u_w_5s._.js:1945
[   69172ms] [ERROR] ./app/(app)/gradebook/page.tsx:256:6
Unterminated regexp literal
  254 |       </div>
  255 |
> 256 |     </div>
      |      ^^^^^
  257 |   )
  258 | }
  259 |

Parsing ecmascript source code failed

Import traces:
  Client Component Browser:
    ./app/(app)/gradebook/page.tsx [Client Component Browser]
    ./app/(app)/gradebook/page.tsx [Server Component]

  Client Component SSR:
    ./app/(app)/gradebook/page.tsx [Client Component SSR]
    ./app/(app)/gradebook/page.tsx [Server Component] @ http://localhost:3000/_next/static/chunks/node_modules_next_dist_0u_w_5s._.js:1945
[   69231ms] [ERROR] ./app/(app)/gradebook/page.tsx:256:6
Unterminated regexp literal
  254 |       </div>
  255 |
> 256 |     </div>
      |      ^^^^^
  257 |   )
  258 | }
  259 |

Parsing ecmascript source code failed

Import traces:
  Client Component Browser:
    ./app/(app)/gradebook/page.tsx [Client Component Browser]
    ./app/(app)/gradebook/page.tsx [Server Component]

  Client Component SSR:
    ./app/(app)/gradebook/page.tsx [Client Component SSR]
    ./app/(app)/gradebook/page.tsx [Server Component] @ http://localhost:3000/_next/static/chunks/node_modules_next_dist_0u_w_5s._.js:1945
[   69283ms] [ERROR] ./app/(app)/gradebook/page.tsx:256:6
Unterminated regexp literal
  254 |       </div>
  255 |
> 256 |     </div>
      |      ^^^^^
  257 |   )
  258 | }
  259 |

Parsing ecmascript source code failed

Import traces:
  Client Component Browser:
    ./app/(app)/gradebook/page.tsx [Client Component Browser]
    ./app/(app)/gradebook/page.tsx [Server Component]

  Client Component SSR:
    ./app/(app)/gradebook/page.tsx [Client Component SSR]
    ./app/(app)/gradebook/page.tsx [Server Component] @ http://localhost:3000/_next/static/chunks/node_modules_next_dist_0u_w_5s._.js:1945
[   69344ms] [ERROR] ./app/(app)/gradebook/page.tsx:256:6
Unterminated regexp literal
  254 |       </div>
  255 |
> 256 |     </div>
      |      ^^^^^
  257 |   )
  258 | }
  259 |

Parsing ecmascript source code failed

Import traces:
  Client Component Browser:
    ./app/(app)/gradebook/page.tsx [Client Component Browser]
    ./app/(app)/gradebook/page.tsx [Server Component]

  Client Component SSR:
    ./app/(app)/gradebook/page.tsx [Client Component SSR]
    ./app/(app)/gradebook/page.tsx [Server Component] @ http://localhost:3000/_next/static/chunks/node_modules_next_dist_0u_w_5s._.js:1945
[   69406ms] [ERROR] ./app/(app)/gradebook/page.tsx:256:6
Unterminated regexp literal
  254 |       </div>
  255 |
> 256 |     </div>
      |      ^^^^^
  257 |   )
  258 | }
  259 |

Parsing ecmascript source code failed

Import traces:
  Client Component Browser:
    ./app/(app)/gradebook/page.tsx [Client Component Browser]
    ./app/(app)/gradebook/page.tsx [Server Component]

  Client Component SSR:
    ./app/(app)/gradebook/page.tsx [Client Component SSR]
    ./app/(app)/gradebook/page.tsx [Server Component] @ http://localhost:3000/_next/static/chunks/node_modules_next_dist_0u_w_5s._.js:1945
[   69456ms] [ERROR] ./app/(app)/gradebook/page.tsx:256:6
Unterminated regexp literal
  254 |       </div>
  255 |
> 256 |     </div>
      |      ^^^^^
  257 |   )
  258 | }
  259 |

Parsing ecmascript source code failed

Import traces:
  Client Component Browser:
    ./app/(app)/gradebook/page.tsx [Client Component Browser]
    ./app/(app)/gradebook/page.tsx [Server Component]

  Client Component SSR:
    ./app/(app)/gradebook/page.tsx [Client Component SSR]
    ./app/(app)/gradebook/page.tsx [Server Component] @ http://localhost:3000/_next/static/chunks/node_modules_next_dist_0u_w_5s._.js:1945
[   69504ms] [ERROR] ./app/(app)/gradebook/page.tsx:256:6
Unterminated regexp literal
  254 |       </div>
  255 |
> 256 |     </div>
      |      ^^^^^
  257 |   )
  258 | }
  259 |

Parsing ecmascript source code failed

Import traces:
  Client Component Browser:
    ./app/(app)/gradebook/page.tsx [Client Component Browser]
    ./app/(app)/gradebook/page.tsx [Server Component]

  Client Component SSR:
    ./app/(app)/gradebook/page.tsx [Client Component SSR]
    ./app/(app)/gradebook/page.tsx [Server Component] @ http://localhost:3000/_next/static/chunks/node_modules_next_dist_0u_w_5s._.js:1945
[   69561ms] [ERROR] ./app/(app)/gradebook/page.tsx:256:6
Unterminated regexp literal
  254 |       </div>
  255 |
> 256 |     </div>
      |      ^^^^^
  257 |   )
  258 | }
  259 |

Parsing ecmascript source code failed

Import traces:
  Client Component Browser:
    ./app/(app)/gradebook/page.tsx [Client Component Browser]
    ./app/(app)/gradebook/page.tsx [Server Component]

  Client Component SSR:
    ./app/(app)/gradebook/page.tsx [Client Component SSR]
    ./app/(app)/gradebook/page.tsx [Server Component] @ http://localhost:3000/_next/static/chunks/node_modules_next_dist_0u_w_5s._.js:1945
[   69616ms] [ERROR] ./app/(app)/gradebook/page.tsx:256:6
Unterminated regexp literal
  254 |       </div>
  255 |
> 256 |     </div>
      |      ^^^^^
  257 |   )
  258 | }
  259 |

Parsing ecmascript source code failed

Import traces:
  Client Component Browser:
    ./app/(app)/gradebook/page.tsx [Client Component Browser]
    ./app/(app)/gradebook/page.tsx [Server Component]

  Client Component SSR:
    ./app/(app)/gradebook/page.tsx [Client Component SSR]
    ./app/(app)/gradebook/page.tsx [Server Component] @ http://localhost:3000/_next/static/chunks/node_modules_next_dist_0u_w_5s._.js:1945
[   69669ms] [ERROR] ./app/(app)/gradebook/page.tsx:256:6
Unterminated regexp literal
  254 |       </div>
  255 |
> 256 |     </div>
      |      ^^^^^
  257 |   )
  258 | }
  259 |

Parsing ecmascript source code failed

Import traces:
  Client Component Browser:
    ./app/(app)/gradebook/page.tsx [Client Component Browser]
    ./app/(app)/gradebook/page.tsx [Server Component]

  Client Component SSR:
    ./app/(app)/gradebook/page.tsx [Client Component SSR]
    ./app/(app)/gradebook/page.tsx [Server Component] @ http://localhost:3000/_next/static/chunks/node_modules_next_dist_0u_w_5s._.js:1945
[   69723ms] [ERROR] ./app/(app)/gradebook/page.tsx:256:6
Unterminated regexp literal
  254 |       </div>
  255 |
> 256 |     </div>
      |      ^^^^^
  257 |   )
  258 | }
  259 |

Parsing ecmascript source code failed

Import traces:
  Client Component Browser:
    ./app/(app)/gradebook/page.tsx [Client Component Browser]
    ./app/(app)/gradebook/page.tsx [Server Component]

  Client Component SSR:
    ./app/(app)/gradebook/page.tsx [Client Component SSR]
    ./app/(app)/gradebook/page.tsx [Server Component] @ http://localhost:3000/_next/static/chunks/node_modules_next_dist_0u_w_5s._.js:1945
[   69790ms] [ERROR] ./app/(app)/gradebook/page.tsx:256:6
Unterminated regexp literal
  254 |       </div>
  255 |
> 256 |     </div>
      |      ^^^^^
  257 |   )
  258 | }
  259 |

Parsing ecmascript source code failed

Import traces:
  Client Component Browser:
    ./app/(app)/gradebook/page.tsx [Client Component Browser]
    ./app/(app)/gradebook/page.tsx [Server Component]

  Client Component SSR:
    ./app/(app)/gradebook/page.tsx [Client Component SSR]
    ./app/(app)/gradebook/page.tsx [Server Component] @ http://localhost:3000/_next/static/chunks/node_modules_next_dist_0u_w_5s._.js:1945
[   69854ms] [ERROR] ./app/(app)/gradebook/page.tsx:256:6
Unterminated regexp literal
  254 |       </div>
  255 |
> 256 |     </div>
      |      ^^^^^
  257 |   )
  258 | }
  259 |

Parsing ecmascript source code failed

Import traces:
  Client Component Browser:
    ./app/(app)/gradebook/page.tsx [Client Component Browser]
    ./app/(app)/gradebook/page.tsx [Server Component]

  Client Component SSR:
    ./app/(app)/gradebook/page.tsx [Client Component SSR]
    ./app/(app)/gradebook/page.tsx [Server Component] @ http://localhost:3000/_next/static/chunks/node_modules_next_dist_0u_w_5s._.js:1945
[   69916ms] [ERROR] ./app/(app)/gradebook/page.tsx:256:6
Unterminated regexp literal
  254 |       </div>
  255 |
> 256 |     </div>
      |      ^^^^^
  257 |   )
  258 | }
  259 |

Parsing ecmascript source code failed

Import traces:
  Client Component Browser:
    ./app/(app)/gradebook/page.tsx [Client Component Browser]
    ./app/(app)/gradebook/page.tsx [Server Component]

  Client Component SSR:
    ./app/(app)/gradebook/page.tsx [Client Component SSR]
    ./app/(app)/gradebook/page.tsx [Server Component] @ http://localhost:3000/_next/static/chunks/node_modules_next_dist_0u_w_5s._.js:1945
[   69972ms] [ERROR] ./app/(app)/gradebook/page.tsx:256:6
Unterminated regexp literal
  254 |       </div>
  255 |
> 256 |     </div>
      |      ^^^^^
  257 |   )
  258 | }
  259 |

Parsing ecmascript source code failed

Import traces:
  Client Component Browser:
    ./app/(app)/gradebook/page.tsx [Client Component Browser]
    ./app/(app)/gradebook/page.tsx [Server Component]

  Client Component SSR:
    ./app/(app)/gradebook/page.tsx [Client Component SSR]
    ./app/(app)/gradebook/page.tsx [Server Component] @ http://localhost:3000/_next/static/chunks/node_modules_next_dist_0u_w_5s._.js:1945
[   70024ms] [ERROR] ./app/(app)/gradebook/page.tsx:256:6
Unterminated regexp literal
  254 |       </div>
  255 |
> 256 |     </div>
      |      ^^^^^
  257 |   )
  258 | }
  259 |

Parsing ecmascript source code failed

Import traces:
  Client Component Browser:
    ./app/(app)/gradebook/page.tsx [Client Component Browser]
    ./app/(app)/gradebook/page.tsx [Server Component]

  Client Component SSR:
    ./app/(app)/gradebook/page.tsx [Client Component SSR]
    ./app/(app)/gradebook/page.tsx [Server Component] @ http://localhost:3000/_next/static/chunks/node_modules_next_dist_0u_w_5s._.js:1945
[   70087ms] [ERROR] ./app/(app)/gradebook/page.tsx:256:6
Unterminated regexp literal
  254 |       </div>
  255 |
> 256 |     </div>
      |      ^^^^^
  257 |   )
  258 | }
  259 |

Parsing ecmascript source code failed

Import traces:
  Client Component Browser:
    ./app/(app)/gradebook/page.tsx [Client Component Browser]
    ./app/(app)/gradebook/page.tsx [Server Component]

  Client Component SSR:
    ./app/(app)/gradebook/page.tsx [Client Component SSR]
    ./app/(app)/gradebook/page.tsx [Server Component] @ http://localhost:3000/_next/static/chunks/node_modules_next_dist_0u_w_5s._.js:1945
[   70145ms] [ERROR] ./app/(app)/gradebook/page.tsx:256:6
Unterminated regexp literal
  254 |       </div>
  255 |
> 256 |     </div>
      |      ^^^^^
  257 |   )
  258 | }
  259 |

Parsing ecmascript source code failed

Import traces:
  Client Component Browser:
    ./app/(app)/gradebook/page.tsx [Client Component Browser]
    ./app/(app)/gradebook/page.tsx [Server Component]

  Client Component SSR:
    ./app/(app)/gradebook/page.tsx [Client Component SSR]
    ./app/(app)/gradebook/page.tsx [Server Component] @ http://localhost:3000/_next/static/chunks/node_modules_next_dist_0u_w_5s._.js:1945
[   70205ms] [ERROR] ./app/(app)/gradebook/page.tsx:256:6
Unterminated regexp literal
  254 |       </div>
  255 |
> 256 |     </div>
      |      ^^^^^
  257 |   )
  258 | }
  259 |

Parsing ecmascript source code failed

Import traces:
  Client Component Browser:
    ./app/(app)/gradebook/page.tsx [Client Component Browser]
    ./app/(app)/gradebook/page.tsx [Server Component]

  Client Component SSR:
    ./app/(app)/gradebook/page.tsx [Client Component SSR]
    ./app/(app)/gradebook/page.tsx [Server Component] @ http://localhost:3000/_next/static/chunks/node_modules_next_dist_0u_w_5s._.js:1945
[   70263ms] [ERROR] ./app/(app)/gradebook/page.tsx:256:6
Unterminated regexp literal
  254 |       </div>
  255 |
> 256 |     </div>
      |      ^^^^^
  257 |   )
  258 | }
  259 |

Parsing ecmascript source code failed

Import traces:
  Client Component Browser:
    ./app/(app)/gradebook/page.tsx [Client Component Browser]
    ./app/(app)/gradebook/page.tsx [Server Component]

  Client Component SSR:
    ./app/(app)/gradebook/page.tsx [Client Component SSR]
    ./app/(app)/gradebook/page.tsx [Server Component] @ http://localhost:3000/_next/static/chunks/node_modules_next_dist_0u_w_5s._.js:1945
[   70326ms] [ERROR] ./app/(app)/gradebook/page.tsx:256:6
Unterminated regexp literal
  254 |       </div>
  255 |
> 256 |     </div>
      |      ^^^^^
  257 |   )
  258 | }
  259 |

Parsing ecmascript source code failed

Import traces:
  Client Component Browser:
    ./app/(app)/gradebook/page.tsx [Client Component Browser]
    ./app/(app)/gradebook/page.tsx [Server Component]

  Client Component SSR:
    ./app/(app)/gradebook/page.tsx [Client Component SSR]
    ./app/(app)/gradebook/page.tsx [Server Component] @ http://localhost:3000/_next/static/chunks/node_modules_next_dist_0u_w_5s._.js:1945
[   70379ms] [ERROR] ./app/(app)/gradebook/page.tsx:256:6
Unterminated regexp literal
  254 |       </div>
  255 |
> 256 |     </div>
      |      ^^^^^
  257 |   )
  258 | }
  259 |

Parsing ecmascript source code failed

Import traces:
  Client Component Browser:
    ./app/(app)/gradebook/page.tsx [Client Component Browser]
    ./app/(app)/gradebook/page.tsx [Server Component]

  Client Component SSR:
    ./app/(app)/gradebook/page.tsx [Client Component SSR]
    ./app/(app)/gradebook/page.tsx [Server Component] @ http://localhost:3000/_next/static/chunks/node_modules_next_dist_0u_w_5s._.js:1945
[   70442ms] [ERROR] ./app/(app)/gradebook/page.tsx:256:6
Unterminated regexp literal
  254 |       </div>
  255 |
> 256 |     </div>
      |      ^^^^^
  257 |   )
  258 | }
  259 |

Parsing ecmascript source code failed

Import traces:
  Client Component Browser:
    ./app/(app)/gradebook/page.tsx [Client Component Browser]
    ./app/(app)/gradebook/page.tsx [Server Component]

  Client Component SSR:
    ./app/(app)/gradebook/page.tsx [Client Component SSR]
    ./app/(app)/gradebook/page.tsx [Server Component] @ http://localhost:3000/_next/static/chunks/node_modules_next_dist_0u_w_5s._.js:1945
[   70499ms] [ERROR] ./app/(app)/gradebook/page.tsx:256:6
Unterminated regexp literal
  254 |       </div>
  255 |
> 256 |     </div>
      |      ^^^^^
  257 |   )
  258 | }
  259 |

Parsing ecmascript source code failed

Import traces:
  Client Component Browser:
    ./app/(app)/gradebook/page.tsx [Client Component Browser]
    ./app/(app)/gradebook/page.tsx [Server Component]

  Client Component SSR:
    ./app/(app)/gradebook/page.tsx [Client Component SSR]
    ./app/(app)/gradebook/page.tsx [Server Component] @ http://localhost:3000/_next/static/chunks/node_modules_next_dist_0u_w_5s._.js:1945
[   70558ms] [ERROR] ./app/(app)/gradebook/page.tsx:256:6
Unterminated regexp literal
  254 |       </div>
  255 |
> 256 |     </div>
      |      ^^^^^
  257 |   )
  258 | }
  259 |

Parsing ecmascript source code failed

Import traces:
  Client Component Browser:
    ./app/(app)/gradebook/page.tsx [Client Component Browser]
    ./app/(app)/gradebook/page.tsx [Server Component]

  Client Component SSR:
    ./app/(app)/gradebook/page.tsx [Client Component SSR]
    ./app/(app)/gradebook/page.tsx [Server Component] @ http://localhost:3000/_next/static/chunks/node_modules_next_dist_0u_w_5s._.js:1945
[   70610ms] [ERROR] ./app/(app)/gradebook/page.tsx:256:6
Unterminated regexp literal
  254 |       </div>
  255 |
> 256 |     </div>
      |      ^^^^^
  257 |   )
  258 | }
  259 |

Parsing ecmascript source code failed

Import traces:
  Client Component Browser:
    ./app/(app)/gradebook/page.tsx [Client Component Browser]
    ./app/(app)/gradebook/page.tsx [Server Component]

  Client Component SSR:
    ./app/(app)/gradebook/page.tsx [Client Component SSR]
    ./app/(app)/gradebook/page.tsx [Server Component] @ http://localhost:3000/_next/static/chunks/node_modules_next_dist_0u_w_5s._.js:1945
[   70665ms] [ERROR] ./app/(app)/gradebook/page.tsx:256:6
Unterminated regexp literal
  254 |       </div>
  255 |
> 256 |     </div>
      |      ^^^^^
  257 |   )
  258 | }
  259 |

Parsing ecmascript source code failed

Import traces:
  Client Component Browser:
    ./app/(app)/gradebook/page.tsx [Client Component Browser]
    ./app/(app)/gradebook/page.tsx [Server Component]

  Client Component SSR:
    ./app/(app)/gradebook/page.tsx [Client Component SSR]
    ./app/(app)/gradebook/page.tsx [Server Component] @ http://localhost:3000/_next/static/chunks/node_modules_next_dist_0u_w_5s._.js:1945
[   70723ms] [ERROR] ./app/(app)/gradebook/page.tsx:256:6
Unterminated regexp literal
  254 |       </div>
  255 |
> 256 |     </div>
      |      ^^^^^
  257 |   )
  258 | }
  259 |

Parsing ecmascript source code failed

Import traces:
  Client Component Browser:
    ./app/(app)/gradebook/page.tsx [Client Component Browser]
    ./app/(app)/gradebook/page.tsx [Server Component]

  Client Component SSR:
    ./app/(app)/gradebook/page.tsx [Client Component SSR]
    ./app/(app)/gradebook/page.tsx [Server Component] @ http://localhost:3000/_next/static/chunks/node_modules_next_dist_0u_w_5s._.js:1945
[   70781ms] [ERROR] ./app/(app)/gradebook/page.tsx:256:6
Unterminated regexp literal
  254 |       </div>
  255 |
> 256 |     </div>
      |      ^^^^^
  257 |   )
  258 | }
  259 |

Parsing ecmascript source code failed

Import traces:
  Client Component Browser:
    ./app/(app)/gradebook/page.tsx [Client Component Browser]
    ./app/(app)/gradebook/page.tsx [Server Component]

  Client Component SSR:
    ./app/(app)/gradebook/page.tsx [Client Component SSR]
    ./app/(app)/gradebook/page.tsx [Server Component] @ http://localhost:3000/_next/static/chunks/node_modules_next_dist_0u_w_5s._.js:1945
[   70835ms] [ERROR] ./app/(app)/gradebook/page.tsx:256:6
Unterminated regexp literal
  254 |       </div>
  255 |
> 256 |     </div>
      |      ^^^^^
  257 |   )
  258 | }
  259 |

Parsing ecmascript source code failed

Import traces:
  Client Component Browser:
    ./app/(app)/gradebook/page.tsx [Client Component Browser]
    ./app/(app)/gradebook/page.tsx [Server Component]

  Client Component SSR:
    ./app/(app)/gradebook/page.tsx [Client Component SSR]
    ./app/(app)/gradebook/page.tsx [Server Component] @ http://localhost:3000/_next/static/chunks/node_modules_next_dist_0u_w_5s._.js:1945
[   70890ms] [ERROR] ./app/(app)/gradebook/page.tsx:256:6
Unterminated regexp literal
  254 |       </div>
  255 |
> 256 |     </div>
      |      ^^^^^
  257 |   )
  258 | }
  259 |

Parsing ecmascript source code failed

Import traces:
  Client Component Browser:
    ./app/(app)/gradebook/page.tsx [Client Component Browser]
    ./app/(app)/gradebook/page.tsx [Server Component]

  Client Component SSR:
    ./app/(app)/gradebook/page.tsx [Client Component SSR]
    ./app/(app)/gradebook/page.tsx [Server Component] @ http://localhost:3000/_next/static/chunks/node_modules_next_dist_0u_w_5s._.js:1945
[   70947ms] [ERROR] ./app/(app)/gradebook/page.tsx:256:6
Unterminated regexp literal
  254 |       </div>
  255 |
> 256 |     </div>
      |      ^^^^^
  257 |   )
  258 | }
  259 |

Parsing ecmascript source code failed

Import traces:
  Client Component Browser:
    ./app/(app)/gradebook/page.tsx [Client Component Browser]
    ./app/(app)/gradebook/page.tsx [Server Component]

  Client Component SSR:
    ./app/(app)/gradebook/page.tsx [Client Component SSR]
    ./app/(app)/gradebook/page.tsx [Server Component] @ http://localhost:3000/_next/static/chunks/node_modules_next_dist_0u_w_5s._.js:1945
[   71009ms] [ERROR] ./app/(app)/gradebook/page.tsx:256:6
Unterminated regexp literal
  254 |       </div>
  255 |
> 256 |     </div>
      |      ^^^^^
  257 |   )
  258 | }
  259 |

Parsing ecmascript source code failed

Import traces:
  Client Component Browser:
    ./app/(app)/gradebook/page.tsx [Client Component Browser]
    ./app/(app)/gradebook/page.tsx [Server Component]

  Client Component SSR:
    ./app/(app)/gradebook/page.tsx [Client Component SSR]
    ./app/(app)/gradebook/page.tsx [Server Component] @ http://localhost:3000/_next/static/chunks/node_modules_next_dist_0u_w_5s._.js:1945
[   71065ms] [ERROR] ./app/(app)/gradebook/page.tsx:256:6
Unterminated regexp literal
  254 |       </div>
  255 |
> 256 |     </div>
      |      ^^^^^
  257 |   )
  258 | }
  259 |

Parsing ecmascript source code failed

Import traces:
  Client Component Browser:
    ./app/(app)/gradebook/page.tsx [Client Component Browser]
    ./app/(app)/gradebook/page.tsx [Server Component]

  Client Component SSR:
    ./app/(app)/gradebook/page.tsx [Client Component SSR]
    ./app/(app)/gradebook/page.tsx [Server Component] @ http://localhost:3000/_next/static/chunks/node_modules_next_dist_0u_w_5s._.js:1945
[   71114ms] [ERROR] ./app/(app)/gradebook/page.tsx:256:6
Unterminated regexp literal
  254 |       </div>
  255 |
> 256 |     </div>
      |      ^^^^^
  257 |   )
  258 | }
  259 |

Parsing ecmascript source code failed

Import traces:
  Client Component Browser:
    ./app/(app)/gradebook/page.tsx [Client Component Browser]
    ./app/(app)/gradebook/page.tsx [Server Component]

  Client Component SSR:
    ./app/(app)/gradebook/page.tsx [Client Component SSR]
    ./app/(app)/gradebook/page.tsx [Server Component] @ http://localhost:3000/_next/static/chunks/node_modules_next_dist_0u_w_5s._.js:1945
[   71174ms] [ERROR] ./app/(app)/gradebook/page.tsx:256:6
Unterminated regexp literal
  254 |       </div>
  255 |
> 256 |     </div>
      |      ^^^^^
  257 |   )
  258 | }
  259 |

Parsing ecmascript source code failed

Import traces:
  Client Component Browser:
    ./app/(app)/gradebook/page.tsx [Client Component Browser]
    ./app/(app)/gradebook/page.tsx [Server Component]

  Client Component SSR:
    ./app/(app)/gradebook/page.tsx [Client Component SSR]
    ./app/(app)/gradebook/page.tsx [Server Component] @ http://localhost:3000/_next/static/chunks/node_modules_next_dist_0u_w_5s._.js:1945
[   71231ms] [ERROR] ./app/(app)/gradebook/page.tsx:256:6
Unterminated regexp literal
  254 |       </div>
  255 |
> 256 |     </div>
      |      ^^^^^
  257 |   )
  258 | }
  259 |

Parsing ecmascript source code failed

Import traces:
  Client Component Browser:
    ./app/(app)/gradebook/page.tsx [Client Component Browser]
    ./app/(app)/gradebook/page.tsx [Server Component]

  Client Component SSR:
    ./app/(app)/gradebook/page.tsx [Client Component SSR]
    ./app/(app)/gradebook/page.tsx [Server Component] @ http://localhost:3000/_next/static/chunks/node_modules_next_dist_0u_w_5s._.js:1945
[   71286ms] [ERROR] ./app/(app)/gradebook/page.tsx:256:6
Unterminated regexp literal
  254 |       </div>
  255 |
> 256 |     </div>
      |      ^^^^^
  257 |   )
  258 | }
  259 |

Parsing ecmascript source code failed

Import traces:
  Client Component Browser:
    ./app/(app)/gradebook/page.tsx [Client Component Browser]
    ./app/(app)/gradebook/page.tsx [Server Component]

  Client Component SSR:
    ./app/(app)/gradebook/page.tsx [Client Component SSR]
    ./app/(app)/gradebook/page.tsx [Server Component] @ http://localhost:3000/_next/static/chunks/node_modules_next_dist_0u_w_5s._.js:1945
[   71350ms] [ERROR] ./app/(app)/gradebook/page.tsx:256:6
Unterminated regexp literal
  254 |       </div>
  255 |
> 256 |     </div>
      |      ^^^^^
  257 |   )
  258 | }
  259 |

Parsing ecmascript source code failed

Import traces:
  Client Component Browser:
    ./app/(app)/gradebook/page.tsx [Client Component Browser]
    ./app/(app)/gradebook/page.tsx [Server Component]

  Client Component SSR:
    ./app/(app)/gradebook/page.tsx [Client Component SSR]
    ./app/(app)/gradebook/page.tsx [Server Component] @ http://localhost:3000/_next/static/chunks/node_modules_next_dist_0u_w_5s._.js:1945
[   71407ms] [ERROR] ./app/(app)/gradebook/page.tsx:256:6
Unterminated regexp literal
  254 |       </div>
  255 |
> 256 |     </div>
      |      ^^^^^
  257 |   )
  258 | }
  259 |

Parsing ecmascript source code failed

Import traces:
  Client Component Browser:
    ./app/(app)/gradebook/page.tsx [Client Component Browser]
    ./app/(app)/gradebook/page.tsx [Server Component]

  Client Component SSR:
    ./app/(app)/gradebook/page.tsx [Client Component SSR]
    ./app/(app)/gradebook/page.tsx [Server Component] @ http://localhost:3000/_next/static/chunks/node_modules_next_dist_0u_w_5s._.js:1945
[   71522ms] [LOG] [Fast Refresh] rebuilding @ http://localhost:3000/_next/static/chunks/node_modules_next_dist_0u_w_5s._.js:1226
[   71523ms] [ERROR] ./app/(app)/gradebook/page.tsx:256:6
Unterminated regexp literal
  254 |       </div>
  255 |
> 256 |     </div>
      |      ^^^^^
  257 |   )
  258 | }
  259 |

Parsing ecmascript source code failed

Import traces:
  Client Component Browser:
    ./app/(app)/gradebook/page.tsx [Client Component Browser]
    ./app/(app)/gradebook/page.tsx [Server Component]

  Client Component SSR:
    ./app/(app)/gradebook/page.tsx [Client Component SSR]
    ./app/(app)/gradebook/page.tsx [Server Component] @ http://localhost:3000/_next/static/chunks/node_modules_next_dist_0u_w_5s._.js:1945
[   71590ms] [ERROR] ./app/(app)/gradebook/page.tsx:256:6
Unterminated regexp literal
  254 |       </div>
  255 |
> 256 |     </div>
      |      ^^^^^
  257 |   )
  258 | }
  259 |

Parsing ecmascript source code failed

Import traces:
  Client Component Browser:
    ./app/(app)/gradebook/page.tsx [Client Component Browser]
    ./app/(app)/gradebook/page.tsx [Server Component]

  Client Component SSR:
    ./app/(app)/gradebook/page.tsx [Client Component SSR]
    ./app/(app)/gradebook/page.tsx [Server Component] @ http://localhost:3000/_next/static/chunks/node_modules_next_dist_0u_w_5s._.js:1945
[   71640ms] [ERROR] ./app/(app)/gradebook/page.tsx:256:6
Unterminated regexp literal
  254 |       </div>
  255 |
> 256 |     </div>
      |      ^^^^^
  257 |   )
  258 | }
  259 |

Parsing ecmascript source code failed

Import traces:
  Client Component Browser:
    ./app/(app)/gradebook/page.tsx [Client Component Browser]
    ./app/(app)/gradebook/page.tsx [Server Component]

  Client Component SSR:
    ./app/(app)/gradebook/page.tsx [Client Component SSR]
    ./app/(app)/gradebook/page.tsx [Server Component] @ http://localhost:3000/_next/static/chunks/node_modules_next_dist_0u_w_5s._.js:1945
[   71703ms] [ERROR] ./app/(app)/gradebook/page.tsx:256:6
Unterminated regexp literal
  254 |       </div>
  255 |
> 256 |     </div>
      |      ^^^^^
  257 |   )
  258 | }
  259 |

Parsing ecmascript source code failed

Import traces:
  Client Component Browser:
    ./app/(app)/gradebook/page.tsx [Client Component Browser]
    ./app/(app)/gradebook/page.tsx [Server Component]

  Client Component SSR:
    ./app/(app)/gradebook/page.tsx [Client Component SSR]
    ./app/(app)/gradebook/page.tsx [Server Component] @ http://localhost:3000/_next/static/chunks/node_modules_next_dist_0u_w_5s._.js:1945
[   71771ms] [ERROR] ./app/(app)/gradebook/page.tsx:256:6
Unterminated regexp literal
  254 |       </div>
  255 |
> 256 |     </div>
      |      ^^^^^
  257 |   )
  258 | }
  259 |

Parsing ecmascript source code failed

Import traces:
  Client Component Browser:
    ./app/(app)/gradebook/page.tsx [Client Component Browser]
    ./app/(app)/gradebook/page.tsx [Server Component]

  Client Component SSR:
    ./app/(app)/gradebook/page.tsx [Client Component SSR]
    ./app/(app)/gradebook/page.tsx [Server Component] @ http://localhost:3000/_next/static/chunks/node_modules_next_dist_0u_w_5s._.js:1945
[   71833ms] [ERROR] ./app/(app)/gradebook/page.tsx:256:6
Unterminated regexp literal
  254 |       </div>
  255 |
> 256 |     </div>
      |      ^^^^^
  257 |   )
  258 | }
  259 |

Parsing ecmascript source code failed

Import traces:
  Client Component Browser:
    ./app/(app)/gradebook/page.tsx [Client Component Browser]
    ./app/(app)/gradebook/page.tsx [Server Component]

  Client Component SSR:
    ./app/(app)/gradebook/page.tsx [Client Component SSR]
    ./app/(app)/gradebook/page.tsx [Server Component] @ http://localhost:3000/_next/static/chunks/node_modules_next_dist_0u_w_5s._.js:1945
[   71889ms] [ERROR] ./app/(app)/gradebook/page.tsx:256:6
Unterminated regexp literal
  254 |       </div>
  255 |
> 256 |     </div>
      |      ^^^^^
  257 |   )
  258 | }
  259 |

Parsing ecmascript source code failed

Import traces:
  Client Component Browser:
    ./app/(app)/gradebook/page.tsx [Client Component Browser]
    ./app/(app)/gradebook/page.tsx [Server Component]

  Client Component SSR:
    ./app/(app)/gradebook/page.tsx [Client Component SSR]
    ./app/(app)/gradebook/page.tsx [Server Component] @ http://localhost:3000/_next/static/chunks/node_modules_next_dist_0u_w_5s._.js:1945
[   71956ms] [ERROR] ./app/(app)/gradebook/page.tsx:256:6
Unterminated regexp literal
  254 |       </div>
  255 |
> 256 |     </div>
      |      ^^^^^
  257 |   )
  258 | }
  259 |

Parsing ecmascript source code failed

Import traces:
  Client Component Browser:
    ./app/(app)/gradebook/page.tsx [Client Component Browser]
    ./app/(app)/gradebook/page.tsx [Server Component]

  Client Component SSR:
    ./app/(app)/gradebook/page.tsx [Client Component SSR]
    ./app/(app)/gradebook/page.tsx [Server Component] @ http://localhost:3000/_next/static/chunks/node_modules_next_dist_0u_w_5s._.js:1945
[   72023ms] [ERROR] ./app/(app)/gradebook/page.tsx:256:6
Unterminated regexp literal
  254 |       </div>
  255 |
> 256 |     </div>
      |      ^^^^^
  257 |   )
  258 | }
  259 |

Parsing ecmascript source code failed

Import traces:
  Client Component Browser:
    ./app/(app)/gradebook/page.tsx [Client Component Browser]
    ./app/(app)/gradebook/page.tsx [Server Component]

  Client Component SSR:
    ./app/(app)/gradebook/page.tsx [Client Component SSR]
    ./app/(app)/gradebook/page.tsx [Server Component] @ http://localhost:3000/_next/static/chunks/node_modules_next_dist_0u_w_5s._.js:1945
[   72074ms] [ERROR] ./app/(app)/gradebook/page.tsx:256:6
Unterminated regexp literal
  254 |       </div>
  255 |
> 256 |     </div>
      |      ^^^^^
  257 |   )
  258 | }
  259 |

Parsing ecmascript source code failed

Import traces:
  Client Component Browser:
    ./app/(app)/gradebook/page.tsx [Client Component Browser]
    ./app/(app)/gradebook/page.tsx [Server Component]

  Client Component SSR:
    ./app/(app)/gradebook/page.tsx [Client Component SSR]
    ./app/(app)/gradebook/page.tsx [Server Component] @ http://localhost:3000/_next/static/chunks/node_modules_next_dist_0u_w_5s._.js:1945
[   72121ms] [ERROR] ./app/(app)/gradebook/page.tsx:256:6
Unterminated regexp literal
  254 |       </div>
  255 |
> 256 |     </div>
      |      ^^^^^
  257 |   )
  258 | }
  259 |

Parsing ecmascript source code failed

Import traces:
  Client Component Browser:
    ./app/(app)/gradebook/page.tsx [Client Component Browser]
    ./app/(app)/gradebook/page.tsx [Server Component]

  Client Component SSR:
    ./app/(app)/gradebook/page.tsx [Client Component SSR]
    ./app/(app)/gradebook/page.tsx [Server Component] @ http://localhost:3000/_next/static/chunks/node_modules_next_dist_0u_w_5s._.js:1945
[   72174ms] [ERROR] ./app/(app)/gradebook/page.tsx:256:6
Unterminated regexp literal
  254 |       </div>
  255 |
> 256 |     </div>
      |      ^^^^^
  257 |   )
  258 | }
  259 |

Parsing ecmascript source code failed

Import traces:
  Client Component Browser:
    ./app/(app)/gradebook/page.tsx [Client Component Browser]
    ./app/(app)/gradebook/page.tsx [Server Component]

  Client Component SSR:
    ./app/(app)/gradebook/page.tsx [Client Component SSR]
    ./app/(app)/gradebook/page.tsx [Server Component] @ http://localhost:3000/_next/static/chunks/node_modules_next_dist_0u_w_5s._.js:1945
[   72232ms] [ERROR] ./app/(app)/gradebook/page.tsx:256:6
Unterminated regexp literal
  254 |       </div>
  255 |
> 256 |     </div>
      |      ^^^^^
  257 |   )
  258 | }
  259 |

Parsing ecmascript source code failed

Import traces:
  Client Component Browser:
    ./app/(app)/gradebook/page.tsx [Client Component Browser]
    ./app/(app)/gradebook/page.tsx [Server Component]

  Client Component SSR:
    ./app/(app)/gradebook/page.tsx [Client Component SSR]
    ./app/(app)/gradebook/page.tsx [Server Component] @ http://localhost:3000/_next/static/chunks/node_modules_next_dist_0u_w_5s._.js:1945
[   72282ms] [ERROR] ./app/(app)/gradebook/page.tsx:256:6
Unterminated regexp literal
  254 |       </div>
  255 |
> 256 |     </div>
      |      ^^^^^
  257 |   )
  258 | }
  259 |

Parsing ecmascript source code failed

Import traces:
  Client Component Browser:
    ./app/(app)/gradebook/page.tsx [Client Component Browser]
    ./app/(app)/gradebook/page.tsx [Server Component]

  Client Component SSR:
    ./app/(app)/gradebook/page.tsx [Client Component SSR]
    ./app/(app)/gradebook/page.tsx [Server Component] @ http://localhost:3000/_next/static/chunks/node_modules_next_dist_0u_w_5s._.js:1945
[   72333ms] [ERROR] ./app/(app)/gradebook/page.tsx:256:6
Unterminated regexp literal
  254 |       </div>
  255 |
> 256 |     </div>
      |      ^^^^^
  257 |   )
  258 | }
  259 |

Parsing ecmascript source code failed

Import traces:
  Client Component Browser:
    ./app/(app)/gradebook/page.tsx [Client Component Browser]
    ./app/(app)/gradebook/page.tsx [Server Component]

  Client Component SSR:
    ./app/(app)/gradebook/page.tsx [Client Component SSR]
    ./app/(app)/gradebook/page.tsx [Server Component] @ http://localhost:3000/_next/static/chunks/node_modules_next_dist_0u_w_5s._.js:1945
[   72384ms] [ERROR] ./app/(app)/gradebook/page.tsx:256:6
Unterminated regexp literal
  254 |       </div>
  255 |
> 256 |     </div>
      |      ^^^^^
  257 |   )
  258 | }
  259 |

Parsing ecmascript source code failed

Import traces:
  Client Component Browser:
    ./app/(app)/gradebook/page.tsx [Client Component Browser]
    ./app/(app)/gradebook/page.tsx [Server Component]

  Client Component SSR:
    ./app/(app)/gradebook/page.tsx [Client Component SSR]
    ./app/(app)/gradebook/page.tsx [Server Component] @ http://localhost:3000/_next/static/chunks/node_modules_next_dist_0u_w_5s._.js:1945
[   72434ms] [ERROR] ./app/(app)/gradebook/page.tsx:256:6
Unterminated regexp literal
  254 |       </div>
  255 |
> 256 |     </div>
      |      ^^^^^
  257 |   )
  258 | }
  259 |

Parsing ecmascript source code failed

Import traces:
  Client Component Browser:
    ./app/(app)/gradebook/page.tsx [Client Component Browser]
    ./app/(app)/gradebook/page.tsx [Server Component]

  Client Component SSR:
    ./app/(app)/gradebook/page.tsx [Client Component SSR]
    ./app/(app)/gradebook/page.tsx [Server Component] @ http://localhost:3000/_next/static/chunks/node_modules_next_dist_0u_w_5s._.js:1945
[   72495ms] [ERROR] ./app/(app)/gradebook/page.tsx:256:6
Unterminated regexp literal
  254 |       </div>
  255 |
> 256 |     </div>
      |      ^^^^^
  257 |   )
  258 | }
  259 |

Parsing ecmascript source code failed

Import traces:
  Client Component Browser:
    ./app/(app)/gradebook/page.tsx [Client Component Browser]
    ./app/(app)/gradebook/page.tsx [Server Component]

  Client Component SSR:
    ./app/(app)/gradebook/page.tsx [Client Component SSR]
    ./app/(app)/gradebook/page.tsx [Server Component] @ http://localhost:3000/_next/static/chunks/node_modules_next_dist_0u_w_5s._.js:1945
[   72546ms] [ERROR] ./app/(app)/gradebook/page.tsx:256:6
Unterminated regexp literal
  254 |       </div>
  255 |
> 256 |     </div>
      |      ^^^^^
  257 |   )
  258 | }
  259 |

Parsing ecmascript source code failed

Import traces:
  Client Component Browser:
    ./app/(app)/gradebook/page.tsx [Client Component Browser]
    ./app/(app)/gradebook/page.tsx [Server Component]

  Client Component SSR:
    ./app/(app)/gradebook/page.tsx [Client Component SSR]
    ./app/(app)/gradebook/page.tsx [Server Component] @ http://localhost:3000/_next/static/chunks/node_modules_next_dist_0u_w_5s._.js:1945
[   72597ms] [ERROR] ./app/(app)/gradebook/page.tsx:256:6
Unterminated regexp literal
  254 |       </div>
  255 |
> 256 |     </div>
      |      ^^^^^
  257 |   )
  258 | }
  259 |

Parsing ecmascript source code failed

Import traces:
  Client Component Browser:
    ./app/(app)/gradebook/page.tsx [Client Component Browser]
    ./app/(app)/gradebook/page.tsx [Server Component]

  Client Component SSR:
    ./app/(app)/gradebook/page.tsx [Client Component SSR]
    ./app/(app)/gradebook/page.tsx [Server Component] @ http://localhost:3000/_next/static/chunks/node_modules_next_dist_0u_w_5s._.js:1945
[   72672ms] [LOG] [Fast Refresh] rebuilding @ http://localhost:3000/_next/static/chunks/node_modules_next_dist_0u_w_5s._.js:1226
[   72855ms] [ERROR] ./app/(app)/gradebook/page.tsx:256:6
Unterminated regexp literal
  254 |       </div>
  255 |
> 256 |     </div>
      |      ^^^^^
  257 |   )
  258 | }
  259 |

Parsing ecmascript source code failed

Import traces:
  Client Component Browser:
    ./app/(app)/gradebook/page.tsx [Client Component Browser]
    ./app/(app)/gradebook/page.tsx [Server Component]

  Client Component SSR:
    ./app/(app)/gradebook/page.tsx [Client Component SSR]
    ./app/(app)/gradebook/page.tsx [Server Component] @ http://localhost:3000/_next/static/chunks/node_modules_next_dist_0u_w_5s._.js:1945
[   72906ms] [ERROR] ./app/(app)/gradebook/page.tsx:256:6
Unterminated regexp literal
  254 |       </div>
  255 |
> 256 |     </div>
      |      ^^^^^
  257 |   )
  258 | }
  259 |

Parsing ecmascript source code failed

Import traces:
  Client Component Browser:
    ./app/(app)/gradebook/page.tsx [Client Component Browser]
    ./app/(app)/gradebook/page.tsx [Server Component]

  Client Component SSR:
    ./app/(app)/gradebook/page.tsx [Client Component SSR]
    ./app/(app)/gradebook/page.tsx [Server Component] @ http://localhost:3000/_next/static/chunks/node_modules_next_dist_0u_w_5s._.js:1945
[   72971ms] [ERROR] ./app/(app)/gradebook/page.tsx:256:6
Unterminated regexp literal
  254 |       </div>
  255 |
> 256 |     </div>
      |      ^^^^^
  257 |   )
  258 | }
  259 |

Parsing ecmascript source code failed

Import traces:
  Client Component Browser:
    ./app/(app)/gradebook/page.tsx [Client Component Browser]
    ./app/(app)/gradebook/page.tsx [Server Component]

  Client Component SSR:
    ./app/(app)/gradebook/page.tsx [Client Component SSR]
    ./app/(app)/gradebook/page.tsx [Server Component] @ http://localhost:3000/_next/static/chunks/node_modules_next_dist_0u_w_5s._.js:1945
[   73037ms] [ERROR] ./app/(app)/gradebook/page.tsx:256:6
Unterminated regexp literal
  254 |       </div>
  255 |
> 256 |     </div>
      |      ^^^^^
  257 |   )
  258 | }
  259 |

Parsing ecmascript source code failed

Import traces:
  Client Component Browser:
    ./app/(app)/gradebook/page.tsx [Client Component Browser]
    ./app/(app)/gradebook/page.tsx [Server Component]

  Client Component SSR:
    ./app/(app)/gradebook/page.tsx [Client Component SSR]
    ./app/(app)/gradebook/page.tsx [Server Component] @ http://localhost:3000/_next/static/chunks/node_modules_next_dist_0u_w_5s._.js:1945
[   73097ms] [ERROR] ./app/(app)/gradebook/page.tsx:256:6
Unterminated regexp literal
  254 |       </div>
  255 |
> 256 |     </div>
      |      ^^^^^
  257 |   )
  258 | }
  259 |

Parsing ecmascript source code failed

Import traces:
  Client Component Browser:
    ./app/(app)/gradebook/page.tsx [Client Component Browser]
    ./app/(app)/gradebook/page.tsx [Server Component]

  Client Component SSR:
    ./app/(app)/gradebook/page.tsx [Client Component SSR]
    ./app/(app)/gradebook/page.tsx [Server Component] @ http://localhost:3000/_next/static/chunks/node_modules_next_dist_0u_w_5s._.js:1945
[   73157ms] [ERROR] ./app/(app)/gradebook/page.tsx:256:6
Unterminated regexp literal
  254 |       </div>
  255 |
> 256 |     </div>
      |      ^^^^^
  257 |   )
  258 | }
  259 |

Parsing ecmascript source code failed

Import traces:
  Client Component Browser:
    ./app/(app)/gradebook/page.tsx [Client Component Browser]
    ./app/(app)/gradebook/page.tsx [Server Component]

  Client Component SSR:
    ./app/(app)/gradebook/page.tsx [Client Component SSR]
    ./app/(app)/gradebook/page.tsx [Server Component] @ http://localhost:3000/_next/static/chunks/node_modules_next_dist_0u_w_5s._.js:1945
[   73208ms] [ERROR] ./app/(app)/gradebook/page.tsx:256:6
Unterminated regexp literal
  254 |       </div>
  255 |
> 256 |     </div>
      |      ^^^^^
  257 |   )
  258 | }
  259 |

Parsing ecmascript source code failed

Import traces:
  Client Component Browser:
    ./app/(app)/gradebook/page.tsx [Client Component Browser]
    ./app/(app)/gradebook/page.tsx [Server Component]

  Client Component SSR:
    ./app/(app)/gradebook/page.tsx [Client Component SSR]
    ./app/(app)/gradebook/page.tsx [Server Component] @ http://localhost:3000/_next/static/chunks/node_modules_next_dist_0u_w_5s._.js:1945
[   73253ms] [ERROR] ./app/(app)/gradebook/page.tsx:256:6
Unterminated regexp literal
  254 |       </div>
  255 |
> 256 |     </div>
      |      ^^^^^
  257 |   )
  258 | }
  259 |

Parsing ecmascript source code failed

Import traces:
  Client Component Browser:
    ./app/(app)/gradebook/page.tsx [Client Component Browser]
    ./app/(app)/gradebook/page.tsx [Server Component]

  Client Component SSR:
    ./app/(app)/gradebook/page.tsx [Client Component SSR]
    ./app/(app)/gradebook/page.tsx [Server Component] @ http://localhost:3000/_next/static/chunks/node_modules_next_dist_0u_w_5s._.js:1945
[   73303ms] [ERROR] ./app/(app)/gradebook/page.tsx:256:6
Unterminated regexp literal
  254 |       </div>
  255 |
> 256 |     </div>
      |      ^^^^^
  257 |   )
  258 | }
  259 |

Parsing ecmascript source code failed

Import traces:
  Client Component Browser:
    ./app/(app)/gradebook/page.tsx [Client Component Browser]
    ./app/(app)/gradebook/page.tsx [Server Component]

  Client Component SSR:
    ./app/(app)/gradebook/page.tsx [Client Component SSR]
    ./app/(app)/gradebook/page.tsx [Server Component] @ http://localhost:3000/_next/static/chunks/node_modules_next_dist_0u_w_5s._.js:1945
[   73357ms] [ERROR] ./app/(app)/gradebook/page.tsx:256:6
Unterminated regexp literal
  254 |       </div>
  255 |
> 256 |     </div>
      |      ^^^^^
  257 |   )
  258 | }
  259 |

Parsing ecmascript source code failed

Import traces:
  Client Component Browser:
    ./app/(app)/gradebook/page.tsx [Client Component Browser]
    ./app/(app)/gradebook/page.tsx [Server Component]

  Client Component SSR:
    ./app/(app)/gradebook/page.tsx [Client Component SSR]
    ./app/(app)/gradebook/page.tsx [Server Component] @ http://localhost:3000/_next/static/chunks/node_modules_next_dist_0u_w_5s._.js:1945
[   73406ms] [ERROR] ./app/(app)/gradebook/page.tsx:256:6
Unterminated regexp literal
  254 |       </div>
  255 |
> 256 |     </div>
      |      ^^^^^
  257 |   )
  258 | }
  259 |

Parsing ecmascript source code failed

Import traces:
  Client Component Browser:
    ./app/(app)/gradebook/page.tsx [Client Component Browser]
    ./app/(app)/gradebook/page.tsx [Server Component]

  Client Component SSR:
    ./app/(app)/gradebook/page.tsx [Client Component SSR]
    ./app/(app)/gradebook/page.tsx [Server Component] @ http://localhost:3000/_next/static/chunks/node_modules_next_dist_0u_w_5s._.js:1945
[   73453ms] [ERROR] ./app/(app)/gradebook/page.tsx:256:6
Unterminated regexp literal
  254 |       </div>
  255 |
> 256 |     </div>
      |      ^^^^^
  257 |   )
  258 | }
  259 |

Parsing ecmascript source code failed

Import traces:
  Client Component Browser:
    ./app/(app)/gradebook/page.tsx [Client Component Browser]
    ./app/(app)/gradebook/page.tsx [Server Component]

  Client Component SSR:
    ./app/(app)/gradebook/page.tsx [Client Component SSR]
    ./app/(app)/gradebook/page.tsx [Server Component] @ http://localhost:3000/_next/static/chunks/node_modules_next_dist_0u_w_5s._.js:1945
[   73516ms] [ERROR] ./app/(app)/gradebook/page.tsx:256:6
Unterminated regexp literal
  254 |       </div>
  255 |
> 256 |     </div>
      |      ^^^^^
  257 |   )
  258 | }
  259 |

Parsing ecmascript source code failed

Import traces:
  Client Component Browser:
    ./app/(app)/gradebook/page.tsx [Client Component Browser]
    ./app/(app)/gradebook/page.tsx [Server Component]

  Client Component SSR:
    ./app/(app)/gradebook/page.tsx [Client Component SSR]
    ./app/(app)/gradebook/page.tsx [Server Component] @ http://localhost:3000/_next/static/chunks/node_modules_next_dist_0u_w_5s._.js:1945
[   73575ms] [ERROR] ./app/(app)/gradebook/page.tsx:256:6
Unterminated regexp literal
  254 |       </div>
  255 |
> 256 |     </div>
      |      ^^^^^
  257 |   )
  258 | }
  259 |

Parsing ecmascript source code failed

Import traces:
  Client Component Browser:
    ./app/(app)/gradebook/page.tsx [Client Component Browser]
    ./app/(app)/gradebook/page.tsx [Server Component]

  Client Component SSR:
    ./app/(app)/gradebook/page.tsx [Client Component SSR]
    ./app/(app)/gradebook/page.tsx [Server Component] @ http://localhost:3000/_next/static/chunks/node_modules_next_dist_0u_w_5s._.js:1945
[   73636ms] [ERROR] ./app/(app)/gradebook/page.tsx:256:6
Unterminated regexp literal
  254 |       </div>
  255 |
> 256 |     </div>
      |      ^^^^^
  257 |   )
  258 | }
  259 |

Parsing ecmascript source code failed

Import traces:
  Client Component Browser:
    ./app/(app)/gradebook/page.tsx [Client Component Browser]
    ./app/(app)/gradebook/page.tsx [Server Component]

  Client Component SSR:
    ./app/(app)/gradebook/page.tsx [Client Component SSR]
    ./app/(app)/gradebook/page.tsx [Server Component] @ http://localhost:3000/_next/static/chunks/node_modules_next_dist_0u_w_5s._.js:1945
[   73684ms] [ERROR] ./app/(app)/gradebook/page.tsx:256:6
Unterminated regexp literal
  254 |       </div>
  255 |
> 256 |     </div>
      |      ^^^^^
  257 |   )
  258 | }
  259 |

Parsing ecmascript source code failed

Import traces:
  Client Component Browser:
    ./app/(app)/gradebook/page.tsx [Client Component Browser]
    ./app/(app)/gradebook/page.tsx [Server Component]

  Client Component SSR:
    ./app/(app)/gradebook/page.tsx [Client Component SSR]
    ./app/(app)/gradebook/page.tsx [Server Component] @ http://localhost:3000/_next/static/chunks/node_modules_next_dist_0u_w_5s._.js:1945
[   73735ms] [ERROR] ./app/(app)/gradebook/page.tsx:256:6
Unterminated regexp literal
  254 |       </div>
  255 |
> 256 |     </div>
      |      ^^^^^
  257 |   )
  258 | }
  259 |

Parsing ecmascript source code failed

Import traces:
  Client Component Browser:
    ./app/(app)/gradebook/page.tsx [Client Component Browser]
    ./app/(app)/gradebook/page.tsx [Server Component]

  Client Component SSR:
    ./app/(app)/gradebook/page.tsx [Client Component SSR]
    ./app/(app)/gradebook/page.tsx [Server Component] @ http://localhost:3000/_next/static/chunks/node_modules_next_dist_0u_w_5s._.js:1945
[   73794ms] [ERROR] ./app/(app)/gradebook/page.tsx:256:6
Unterminated regexp literal
  254 |       </div>
  255 |
> 256 |     </div>
      |      ^^^^^
  257 |   )
  258 | }
  259 |

Parsing ecmascript source code failed

Import traces:
  Client Component Browser:
    ./app/(app)/gradebook/page.tsx [Client Component Browser]
    ./app/(app)/gradebook/page.tsx [Server Component]

  Client Component SSR:
    ./app/(app)/gradebook/page.tsx [Client Component SSR]
    ./app/(app)/gradebook/page.tsx [Server Component] @ http://localhost:3000/_next/static/chunks/node_modules_next_dist_0u_w_5s._.js:1945
[   73860ms] [ERROR] ./app/(app)/gradebook/page.tsx:256:6
Unterminated regexp literal
  254 |       </div>
  255 |
> 256 |     </div>
      |      ^^^^^
  257 |   )
  258 | }
  259 |

Parsing ecmascript source code failed

Import traces:
  Client Component Browser:
    ./app/(app)/gradebook/page.tsx [Client Component Browser]
    ./app/(app)/gradebook/page.tsx [Server Component]

  Client Component SSR:
    ./app/(app)/gradebook/page.tsx [Client Component SSR]
    ./app/(app)/gradebook/page.tsx [Server Component] @ http://localhost:3000/_next/static/chunks/node_modules_next_dist_0u_w_5s._.js:1945
[   73924ms] [ERROR] ./app/(app)/gradebook/page.tsx:256:6
Unterminated regexp literal
  254 |       </div>
  255 |
> 256 |     </div>
      |      ^^^^^
  257 |   )
  258 | }
  259 |

Parsing ecmascript source code failed

Import traces:
  Client Component Browser:
    ./app/(app)/gradebook/page.tsx [Client Component Browser]
    ./app/(app)/gradebook/page.tsx [Server Component]

  Client Component SSR:
    ./app/(app)/gradebook/page.tsx [Client Component SSR]
    ./app/(app)/gradebook/page.tsx [Server Component] @ http://localhost:3000/_next/static/chunks/node_modules_next_dist_0u_w_5s._.js:1945
[   73997ms] [ERROR] ./app/(app)/gradebook/page.tsx:256:6
Unterminated regexp literal
  254 |       </div>
  255 |
> 256 |     </div>
      |      ^^^^^
  257 |   )
  258 | }
  259 |

Parsing ecmascript source code failed

Import traces:
  Client Component Browser:
    ./app/(app)/gradebook/page.tsx [Client Component Browser]
    ./app/(app)/gradebook/page.tsx [Server Component]

  Client Component SSR:
    ./app/(app)/gradebook/page.tsx [Client Component SSR]
    ./app/(app)/gradebook/page.tsx [Server Component] @ http://localhost:3000/_next/static/chunks/node_modules_next_dist_0u_w_5s._.js:1945
[   74058ms] [ERROR] ./app/(app)/gradebook/page.tsx:256:6
Unterminated regexp literal
  254 |       </div>
  255 |
> 256 |     </div>
      |      ^^^^^
  257 |   )
  258 | }
  259 |

Parsing ecmascript source code failed

Import traces:
  Client Component Browser:
    ./app/(app)/gradebook/page.tsx [Client Component Browser]
    ./app/(app)/gradebook/page.tsx [Server Component]

  Client Component SSR:
    ./app/(app)/gradebook/page.tsx [Client Component SSR]
    ./app/(app)/gradebook/page.tsx [Server Component] @ http://localhost:3000/_next/static/chunks/node_modules_next_dist_0u_w_5s._.js:1945
[   74107ms] [ERROR] ./app/(app)/gradebook/page.tsx:256:6
Unterminated regexp literal
  254 |       </div>
  255 |
> 256 |     </div>
      |      ^^^^^
  257 |   )
  258 | }
  259 |

Parsing ecmascript source code failed

Import traces:
  Client Component Browser:
    ./app/(app)/gradebook/page.tsx [Client Component Browser]
    ./app/(app)/gradebook/page.tsx [Server Component]

  Client Component SSR:
    ./app/(app)/gradebook/page.tsx [Client Component SSR]
    ./app/(app)/gradebook/page.tsx [Server Component] @ http://localhost:3000/_next/static/chunks/node_modules_next_dist_0u_w_5s._.js:1945
[   74158ms] [ERROR] ./app/(app)/gradebook/page.tsx:256:6
Unterminated regexp literal
  254 |       </div>
  255 |
> 256 |     </div>
      |      ^^^^^
  257 |   )
  258 | }
  259 |

Parsing ecmascript source code failed

Import traces:
  Client Component Browser:
    ./app/(app)/gradebook/page.tsx [Client Component Browser]
    ./app/(app)/gradebook/page.tsx [Server Component]

  Client Component SSR:
    ./app/(app)/gradebook/page.tsx [Client Component SSR]
    ./app/(app)/gradebook/page.tsx [Server Component] @ http://localhost:3000/_next/static/chunks/node_modules_next_dist_0u_w_5s._.js:1945
[   74225ms] [ERROR] ./app/(app)/gradebook/page.tsx:256:6
Unterminated regexp literal
  254 |       </div>
  255 |
> 256 |     </div>
      |      ^^^^^
  257 |   )
  258 | }
  259 |

Parsing ecmascript source code failed

Import traces:
  Client Component Browser:
    ./app/(app)/gradebook/page.tsx [Client Component Browser]
    ./app/(app)/gradebook/page.tsx [Server Component]

  Client Component SSR:
    ./app/(app)/gradebook/page.tsx [Client Component SSR]
    ./app/(app)/gradebook/page.tsx [Server Component] @ http://localhost:3000/_next/static/chunks/node_modules_next_dist_0u_w_5s._.js:1945
[   74285ms] [ERROR] ./app/(app)/gradebook/page.tsx:256:6
Unterminated regexp literal
  254 |       </div>
  255 |
> 256 |     </div>
      |      ^^^^^
  257 |   )
  258 | }
  259 |

Parsing ecmascript source code failed

Import traces:
  Client Component Browser:
    ./app/(app)/gradebook/page.tsx [Client Component Browser]
    ./app/(app)/gradebook/page.tsx [Server Component]

  Client Component SSR:
    ./app/(app)/gradebook/page.tsx [Client Component SSR]
    ./app/(app)/gradebook/page.tsx [Server Component] @ http://localhost:3000/_next/static/chunks/node_modules_next_dist_0u_w_5s._.js:1945
[   74341ms] [ERROR] ./app/(app)/gradebook/page.tsx:256:6
Unterminated regexp literal
  254 |       </div>
  255 |
> 256 |     </div>
      |      ^^^^^
  257 |   )
  258 | }
  259 |

Parsing ecmascript source code failed

Import traces:
  Client Component Browser:
    ./app/(app)/gradebook/page.tsx [Client Component Browser]
    ./app/(app)/gradebook/page.tsx [Server Component]

  Client Component SSR:
    ./app/(app)/gradebook/page.tsx [Client Component SSR]
    ./app/(app)/gradebook/page.tsx [Server Component] @ http://localhost:3000/_next/static/chunks/node_modules_next_dist_0u_w_5s._.js:1945
[   74400ms] [ERROR] ./app/(app)/gradebook/page.tsx:256:6
Unterminated regexp literal
  254 |       </div>
  255 |
> 256 |     </div>
      |      ^^^^^
  257 |   )
  258 | }
  259 |

Parsing ecmascript source code failed

Import traces:
  Client Component Browser:
    ./app/(app)/gradebook/page.tsx [Client Component Browser]
    ./app/(app)/gradebook/page.tsx [Server Component]

  Client Component SSR:
    ./app/(app)/gradebook/page.tsx [Client Component SSR]
    ./app/(app)/gradebook/page.tsx [Server Component] @ http://localhost:3000/_next/static/chunks/node_modules_next_dist_0u_w_5s._.js:1945
[   74446ms] [ERROR] ./app/(app)/gradebook/page.tsx:256:6
Unterminated regexp literal
  254 |       </div>
  255 |
> 256 |     </div>
      |      ^^^^^
  257 |   )
  258 | }
  259 |

Parsing ecmascript source code failed

Import traces:
  Client Component Browser:
    ./app/(app)/gradebook/page.tsx [Client Component Browser]
    ./app/(app)/gradebook/page.tsx [Server Component]

  Client Component SSR:
    ./app/(app)/gradebook/page.tsx [Client Component SSR]
    ./app/(app)/gradebook/page.tsx [Server Component] @ http://localhost:3000/_next/static/chunks/node_modules_next_dist_0u_w_5s._.js:1945
[   74508ms] [ERROR] ./app/(app)/gradebook/page.tsx:256:6
Unterminated regexp literal
  254 |       </div>
  255 |
> 256 |     </div>
      |      ^^^^^
  257 |   )
  258 | }
  259 |

Parsing ecmascript source code failed

Import traces:
  Client Component Browser:
    ./app/(app)/gradebook/page.tsx [Client Component Browser]
    ./app/(app)/gradebook/page.tsx [Server Component]

  Client Component SSR:
    ./app/(app)/gradebook/page.tsx [Client Component SSR]
    ./app/(app)/gradebook/page.tsx [Server Component] @ http://localhost:3000/_next/static/chunks/node_modules_next_dist_0u_w_5s._.js:1945
[   74566ms] [ERROR] ./app/(app)/gradebook/page.tsx:256:6
Unterminated regexp literal
  254 |       </div>
  255 |
> 256 |     </div>
      |      ^^^^^
  257 |   )
  258 | }
  259 |

Parsing ecmascript source code failed

Import traces:
  Client Component Browser:
    ./app/(app)/gradebook/page.tsx [Client Component Browser]
    ./app/(app)/gradebook/page.tsx [Server Component]

  Client Component SSR:
    ./app/(app)/gradebook/page.tsx [Client Component SSR]
    ./app/(app)/gradebook/page.tsx [Server Component] @ http://localhost:3000/_next/static/chunks/node_modules_next_dist_0u_w_5s._.js:1945
[   74625ms] [ERROR] ./app/(app)/gradebook/page.tsx:256:6
Unterminated regexp literal
  254 |       </div>
  255 |
> 256 |     </div>
      |      ^^^^^
  257 |   )
  258 | }
  259 |

Parsing ecmascript source code failed

Import traces:
  Client Component Browser:
    ./app/(app)/gradebook/page.tsx [Client Component Browser]
    ./app/(app)/gradebook/page.tsx [Server Component]

  Client Component SSR:
    ./app/(app)/gradebook/page.tsx [Client Component SSR]
    ./app/(app)/gradebook/page.tsx [Server Component] @ http://localhost:3000/_next/static/chunks/node_modules_next_dist_0u_w_5s._.js:1945
[   74676ms] [ERROR] ./app/(app)/gradebook/page.tsx:256:6
Unterminated regexp literal
  254 |       </div>
  255 |
> 256 |     </div>
      |      ^^^^^
  257 |   )
  258 | }
  259 |

Parsing ecmascript source code failed

Import traces:
  Client Component Browser:
    ./app/(app)/gradebook/page.tsx [Client Component Browser]
    ./app/(app)/gradebook/page.tsx [Server Component]

  Client Component SSR:
    ./app/(app)/gradebook/page.tsx [Client Component SSR]
    ./app/(app)/gradebook/page.tsx [Server Component] @ http://localhost:3000/_next/static/chunks/node_modules_next_dist_0u_w_5s._.js:1945
[   74727ms] [ERROR] ./app/(app)/gradebook/page.tsx:256:6
Unterminated regexp literal
  254 |       </div>
  255 |
> 256 |     </div>
      |      ^^^^^
  257 |   )
  258 | }
  259 |

Parsing ecmascript source code failed

Import traces:
  Client Component Browser:
    ./app/(app)/gradebook/page.tsx [Client Component Browser]
    ./app/(app)/gradebook/page.tsx [Server Component]

  Client Component SSR:
    ./app/(app)/gradebook/page.tsx [Client Component SSR]
    ./app/(app)/gradebook/page.tsx [Server Component] @ http://localhost:3000/_next/static/chunks/node_modules_next_dist_0u_w_5s._.js:1945
[   74785ms] [ERROR] ./app/(app)/gradebook/page.tsx:256:6
Unterminated regexp literal
  254 |       </div>
  255 |
> 256 |     </div>
      |      ^^^^^
  257 |   )
  258 | }
  259 |

Parsing ecmascript source code failed

Import traces:
  Client Component Browser:
    ./app/(app)/gradebook/page.tsx [Client Component Browser]
    ./app/(app)/gradebook/page.tsx [Server Component]

  Client Component SSR:
    ./app/(app)/gradebook/page.tsx [Client Component SSR]
    ./app/(app)/gradebook/page.tsx [Server Component] @ http://localhost:3000/_next/static/chunks/node_modules_next_dist_0u_w_5s._.js:1945
[   74843ms] [ERROR] ./app/(app)/gradebook/page.tsx:256:6
Unterminated regexp literal
  254 |       </div>
  255 |
> 256 |     </div>
      |      ^^^^^
  257 |   )
  258 | }
  259 |

Parsing ecmascript source code failed

Import traces:
  Client Component Browser:
    ./app/(app)/gradebook/page.tsx [Client Component Browser]
    ./app/(app)/gradebook/page.tsx [Server Component]

  Client Component SSR:
    ./app/(app)/gradebook/page.tsx [Client Component SSR]
    ./app/(app)/gradebook/page.tsx [Server Component] @ http://localhost:3000/_next/static/chunks/node_modules_next_dist_0u_w_5s._.js:1945
[   74899ms] [ERROR] ./app/(app)/gradebook/page.tsx:256:6
Unterminated regexp literal
  254 |       </div>
  255 |
> 256 |     </div>
      |      ^^^^^
  257 |   )
  258 | }
  259 |

Parsing ecmascript source code failed

Import traces:
  Client Component Browser:
    ./app/(app)/gradebook/page.tsx [Client Component Browser]
    ./app/(app)/gradebook/page.tsx [Server Component]

  Client Component SSR:
    ./app/(app)/gradebook/page.tsx [Client Component SSR]
    ./app/(app)/gradebook/page.tsx [Server Component] @ http://localhost:3000/_next/static/chunks/node_modules_next_dist_0u_w_5s._.js:1945
[   74947ms] [ERROR] ./app/(app)/gradebook/page.tsx:256:6
Unterminated regexp literal
  254 |       </div>
  255 |
> 256 |     </div>
      |      ^^^^^
  257 |   )
  258 | }
  259 |

Parsing ecmascript source code failed

Import traces:
  Client Component Browser:
    ./app/(app)/gradebook/page.tsx [Client Component Browser]
    ./app/(app)/gradebook/page.tsx [Server Component]

  Client Component SSR:
    ./app/(app)/gradebook/page.tsx [Client Component SSR]
    ./app/(app)/gradebook/page.tsx [Server Component] @ http://localhost:3000/_next/static/chunks/node_modules_next_dist_0u_w_5s._.js:1945
[   75009ms] [ERROR] ./app/(app)/gradebook/page.tsx:256:6
Unterminated regexp literal
  254 |       </div>
  255 |
> 256 |     </div>
      |      ^^^^^
  257 |   )
  258 | }
  259 |

Parsing ecmascript source code failed

Import traces:
  Client Component Browser:
    ./app/(app)/gradebook/page.tsx [Client Component Browser]
    ./app/(app)/gradebook/page.tsx [Server Component]

  Client Component SSR:
    ./app/(app)/gradebook/page.tsx [Client Component SSR]
    ./app/(app)/gradebook/page.tsx [Server Component] @ http://localhost:3000/_next/static/chunks/node_modules_next_dist_0u_w_5s._.js:1945
[   75065ms] [ERROR] ./app/(app)/gradebook/page.tsx:256:6
Unterminated regexp literal
  254 |       </div>
  255 |
> 256 |     </div>
      |      ^^^^^
  257 |   )
  258 | }
  259 |

Parsing ecmascript source code failed

Import traces:
  Client Component Browser:
    ./app/(app)/gradebook/page.tsx [Client Component Browser]
    ./app/(app)/gradebook/page.tsx [Server Component]

  Client Component SSR:
    ./app/(app)/gradebook/page.tsx [Client Component SSR]
    ./app/(app)/gradebook/page.tsx [Server Component] @ http://localhost:3000/_next/static/chunks/node_modules_next_dist_0u_w_5s._.js:1945
[   75126ms] [ERROR] ./app/(app)/gradebook/page.tsx:256:6
Unterminated regexp literal
  254 |       </div>
  255 |
> 256 |     </div>
      |      ^^^^^
  257 |   )
  258 | }
  259 |

Parsing ecmascript source code failed

Import traces:
  Client Component Browser:
    ./app/(app)/gradebook/page.tsx [Client Component Browser]
    ./app/(app)/gradebook/page.tsx [Server Component]

  Client Component SSR:
    ./app/(app)/gradebook/page.tsx [Client Component SSR]
    ./app/(app)/gradebook/page.tsx [Server Component] @ http://localhost:3000/_next/static/chunks/node_modules_next_dist_0u_w_5s._.js:1945
[   75176ms] [ERROR] ./app/(app)/gradebook/page.tsx:256:6
Unterminated regexp literal
  254 |       </div>
  255 |
> 256 |     </div>
      |      ^^^^^
  257 |   )
  258 | }
  259 |

Parsing ecmascript source code failed

Import traces:
  Client Component Browser:
    ./app/(app)/gradebook/page.tsx [Client Component Browser]
    ./app/(app)/gradebook/page.tsx [Server Component]

  Client Component SSR:
    ./app/(app)/gradebook/page.tsx [Client Component SSR]
    ./app/(app)/gradebook/page.tsx [Server Component] @ http://localhost:3000/_next/static/chunks/node_modules_next_dist_0u_w_5s._.js:1945
[   75241ms] [ERROR] ./app/(app)/gradebook/page.tsx:256:6
Unterminated regexp literal
  254 |       </div>
  255 |
> 256 |     </div>
      |      ^^^^^
  257 |   )
  258 | }
  259 |

Parsing ecmascript source code failed

Import traces:
  Client Component Browser:
    ./app/(app)/gradebook/page.tsx [Client Component Browser]
    ./app/(app)/gradebook/page.tsx [Server Component]

  Client Component SSR:
    ./app/(app)/gradebook/page.tsx [Client Component SSR]
    ./app/(app)/gradebook/page.tsx [Server Component] @ http://localhost:3000/_next/static/chunks/node_modules_next_dist_0u_w_5s._.js:1945
[   75290ms] [ERROR] ./app/(app)/gradebook/page.tsx:256:6
Unterminated regexp literal
  254 |       </div>
  255 |
> 256 |     </div>
      |      ^^^^^
  257 |   )
  258 | }
  259 |

Parsing ecmascript source code failed

Import traces:
  Client Component Browser:
    ./app/(app)/gradebook/page.tsx [Client Component Browser]
    ./app/(app)/gradebook/page.tsx [Server Component]

  Client Component SSR:
    ./app/(app)/gradebook/page.tsx [Client Component SSR]
    ./app/(app)/gradebook/page.tsx [Server Component] @ http://localhost:3000/_next/static/chunks/node_modules_next_dist_0u_w_5s._.js:1945
[   75347ms] [ERROR] ./app/(app)/gradebook/page.tsx:256:6
Unterminated regexp literal
  254 |       </div>
  255 |
> 256 |     </div>
      |      ^^^^^
  257 |   )
  258 | }
  259 |

Parsing ecmascript source code failed

Import traces:
  Client Component Browser:
    ./app/(app)/gradebook/page.tsx [Client Component Browser]
    ./app/(app)/gradebook/page.tsx [Server Component]

  Client Component SSR:
    ./app/(app)/gradebook/page.tsx [Client Component SSR]
    ./app/(app)/gradebook/page.tsx [Server Component] @ http://localhost:3000/_next/static/chunks/node_modules_next_dist_0u_w_5s._.js:1945
[   75410ms] [ERROR] ./app/(app)/gradebook/page.tsx:256:6
Unterminated regexp literal
  254 |       </div>
  255 |
> 256 |     </div>
      |      ^^^^^
  257 |   )
  258 | }
  259 |

Parsing ecmascript source code failed

Import traces:
  Client Component Browser:
    ./app/(app)/gradebook/page.tsx [Client Component Browser]
    ./app/(app)/gradebook/page.tsx [Server Component]

  Client Component SSR:
    ./app/(app)/gradebook/page.tsx [Client Component SSR]
    ./app/(app)/gradebook/page.tsx [Server Component] @ http://localhost:3000/_next/static/chunks/node_modules_next_dist_0u_w_5s._.js:1945
[   75476ms] [ERROR] ./app/(app)/gradebook/page.tsx:256:6
Unterminated regexp literal
  254 |       </div>
  255 |
> 256 |     </div>
      |      ^^^^^
  257 |   )
  258 | }
  259 |

Parsing ecmascript source code failed

Import traces:
  Client Component Browser:
    ./app/(app)/gradebook/page.tsx [Client Component Browser]
    ./app/(app)/gradebook/page.tsx [Server Component]

  Client Component SSR:
    ./app/(app)/gradebook/page.tsx [Client Component SSR]
    ./app/(app)/gradebook/page.tsx [Server Component] @ http://localhost:3000/_next/static/chunks/node_modules_next_dist_0u_w_5s._.js:1945
[   75535ms] [ERROR] ./app/(app)/gradebook/page.tsx:256:6
Unterminated regexp literal
  254 |       </div>
  255 |
> 256 |     </div>
      |      ^^^^^
  257 |   )
  258 | }
  259 |

Parsing ecmascript source code failed

Import traces:
  Client Component Browser:
    ./app/(app)/gradebook/page.tsx [Client Component Browser]
    ./app/(app)/gradebook/page.tsx [Server Component]

  Client Component SSR:
    ./app/(app)/gradebook/page.tsx [Client Component SSR]
    ./app/(app)/gradebook/page.tsx [Server Component] @ http://localhost:3000/_next/static/chunks/node_modules_next_dist_0u_w_5s._.js:1945
[   75591ms] [ERROR] ./app/(app)/gradebook/page.tsx:256:6
Unterminated regexp literal
  254 |       </div>
  255 |
> 256 |     </div>
      |      ^^^^^
  257 |   )
  258 | }
  259 |

Parsing ecmascript source code failed

Import traces:
  Client Component Browser:
    ./app/(app)/gradebook/page.tsx [Client Component Browser]
    ./app/(app)/gradebook/page.tsx [Server Component]

  Client Component SSR:
    ./app/(app)/gradebook/page.tsx [Client Component SSR]
    ./app/(app)/gradebook/page.tsx [Server Component] @ http://localhost:3000/_next/static/chunks/node_modules_next_dist_0u_w_5s._.js:1945
[   75655ms] [ERROR] ./app/(app)/gradebook/page.tsx:256:6
Unterminated regexp literal
  254 |       </div>
  255 |
> 256 |     </div>
      |      ^^^^^
  257 |   )
  258 | }
  259 |

Parsing ecmascript source code failed

Import traces:
  Client Component Browser:
    ./app/(app)/gradebook/page.tsx [Client Component Browser]
    ./app/(app)/gradebook/page.tsx [Server Component]

  Client Component SSR:
    ./app/(app)/gradebook/page.tsx [Client Component SSR]
    ./app/(app)/gradebook/page.tsx [Server Component] @ http://localhost:3000/_next/static/chunks/node_modules_next_dist_0u_w_5s._.js:1945
[   75710ms] [ERROR] ./app/(app)/gradebook/page.tsx:256:6
Unterminated regexp literal
  254 |       </div>
  255 |
> 256 |     </div>
      |      ^^^^^
  257 |   )
  258 | }
  259 |

Parsing ecmascript source code failed

Import traces:
  Client Component Browser:
    ./app/(app)/gradebook/page.tsx [Client Component Browser]
    ./app/(app)/gradebook/page.tsx [Server Component]

  Client Component SSR:
    ./app/(app)/gradebook/page.tsx [Client Component SSR]
    ./app/(app)/gradebook/page.tsx [Server Component] @ http://localhost:3000/_next/static/chunks/node_modules_next_dist_0u_w_5s._.js:1945
[   75767ms] [ERROR] ./app/(app)/gradebook/page.tsx:256:6
Unterminated regexp literal
  254 |       </div>
  255 |
> 256 |     </div>
      |      ^^^^^
  257 |   )
  258 | }
  259 |

Parsing ecmascript source code failed

Import traces:
  Client Component Browser:
    ./app/(app)/gradebook/page.tsx [Client Component Browser]
    ./app/(app)/gradebook/page.tsx [Server Component]

  Client Component SSR:
    ./app/(app)/gradebook/page.tsx [Client Component SSR]
    ./app/(app)/gradebook/page.tsx [Server Component] @ http://localhost:3000/_next/static/chunks/node_modules_next_dist_0u_w_5s._.js:1945
[   75826ms] [ERROR] ./app/(app)/gradebook/page.tsx:256:6
Unterminated regexp literal
  254 |       </div>
  255 |
> 256 |     </div>
      |      ^^^^^
  257 |   )
  258 | }
  259 |

Parsing ecmascript source code failed

Import traces:
  Client Component Browser:
    ./app/(app)/gradebook/page.tsx [Client Component Browser]
    ./app/(app)/gradebook/page.tsx [Server Component]

  Client Component SSR:
    ./app/(app)/gradebook/page.tsx [Client Component SSR]
    ./app/(app)/gradebook/page.tsx [Server Component] @ http://localhost:3000/_next/static/chunks/node_modules_next_dist_0u_w_5s._.js:1945
[   75874ms] [ERROR] ./app/(app)/gradebook/page.tsx:256:6
Unterminated regexp literal
  254 |       </div>
  255 |
> 256 |     </div>
      |      ^^^^^
  257 |   )
  258 | }
  259 |

Parsing ecmascript source code failed

Import traces:
  Client Component Browser:
    ./app/(app)/gradebook/page.tsx [Client Component Browser]
    ./app/(app)/gradebook/page.tsx [Server Component]

  Client Component SSR:
    ./app/(app)/gradebook/page.tsx [Client Component SSR]
    ./app/(app)/gradebook/page.tsx [Server Component] @ http://localhost:3000/_next/static/chunks/node_modules_next_dist_0u_w_5s._.js:1945
[   75925ms] [ERROR] ./app/(app)/gradebook/page.tsx:256:6
Unterminated regexp literal
  254 |       </div>
  255 |
> 256 |     </div>
      |      ^^^^^
  257 |   )
  258 | }
  259 |

Parsing ecmascript source code failed

Import traces:
  Client Component Browser:
    ./app/(app)/gradebook/page.tsx [Client Component Browser]
    ./app/(app)/gradebook/page.tsx [Server Component]

  Client Component SSR:
    ./app/(app)/gradebook/page.tsx [Client Component SSR]
    ./app/(app)/gradebook/page.tsx [Server Component] @ http://localhost:3000/_next/static/chunks/node_modules_next_dist_0u_w_5s._.js:1945
[   75979ms] [ERROR] ./app/(app)/gradebook/page.tsx:256:6
Unterminated regexp literal
  254 |       </div>
  255 |
> 256 |     </div>
      |      ^^^^^
  257 |   )
  258 | }
  259 |

Parsing ecmascript source code failed

Import traces:
  Client Component Browser:
    ./app/(app)/gradebook/page.tsx [Client Component Browser]
    ./app/(app)/gradebook/page.tsx [Server Component]

  Client Component SSR:
    ./app/(app)/gradebook/page.tsx [Client Component SSR]
    ./app/(app)/gradebook/page.tsx [Server Component] @ http://localhost:3000/_next/static/chunks/node_modules_next_dist_0u_w_5s._.js:1945
[   76041ms] [ERROR] ./app/(app)/gradebook/page.tsx:256:6
Unterminated regexp literal
  254 |       </div>
  255 |
> 256 |     </div>
      |      ^^^^^
  257 |   )
  258 | }
  259 |

Parsing ecmascript source code failed

Import traces:
  Client Component Browser:
    ./app/(app)/gradebook/page.tsx [Client Component Browser]
    ./app/(app)/gradebook/page.tsx [Server Component]

  Client Component SSR:
    ./app/(app)/gradebook/page.tsx [Client Component SSR]
    ./app/(app)/gradebook/page.tsx [Server Component] @ http://localhost:3000/_next/static/chunks/node_modules_next_dist_0u_w_5s._.js:1945
[   76093ms] [ERROR] ./app/(app)/gradebook/page.tsx:256:6
Unterminated regexp literal
  254 |       </div>
  255 |
> 256 |     </div>
      |      ^^^^^
  257 |   )
  258 | }
  259 |

Parsing ecmascript source code failed

Import traces:
  Client Component Browser:
    ./app/(app)/gradebook/page.tsx [Client Component Browser]
    ./app/(app)/gradebook/page.tsx [Server Component]

  Client Component SSR:
    ./app/(app)/gradebook/page.tsx [Client Component SSR]
    ./app/(app)/gradebook/page.tsx [Server Component] @ http://localhost:3000/_next/static/chunks/node_modules_next_dist_0u_w_5s._.js:1945
[   76153ms] [ERROR] ./app/(app)/gradebook/page.tsx:256:6
Unterminated regexp literal
  254 |       </div>
  255 |
> 256 |     </div>
      |      ^^^^^
  257 |   )
  258 | }
  259 |

Parsing ecmascript source code failed

Import traces:
  Client Component Browser:
    ./app/(app)/gradebook/page.tsx [Client Component Browser]
    ./app/(app)/gradebook/page.tsx [Server Component]

  Client Component SSR:
    ./app/(app)/gradebook/page.tsx [Client Component SSR]
    ./app/(app)/gradebook/page.tsx [Server Component] @ http://localhost:3000/_next/static/chunks/node_modules_next_dist_0u_w_5s._.js:1945
[   76209ms] [ERROR] ./app/(app)/gradebook/page.tsx:256:6
Unterminated regexp literal
  254 |       </div>
  255 |
> 256 |     </div>
      |      ^^^^^
  257 |   )
  258 | }
  259 |

Parsing ecmascript source code failed

Import traces:
  Client Component Browser:
    ./app/(app)/gradebook/page.tsx [Client Component Browser]
    ./app/(app)/gradebook/page.tsx [Server Component]

  Client Component SSR:
    ./app/(app)/gradebook/page.tsx [Client Component SSR]
    ./app/(app)/gradebook/page.tsx [Server Component] @ http://localhost:3000/_next/static/chunks/node_modules_next_dist_0u_w_5s._.js:1945
[   76254ms] [ERROR] ./app/(app)/gradebook/page.tsx:256:6
Unterminated regexp literal
  254 |       </div>
  255 |
> 256 |     </div>
      |      ^^^^^
  257 |   )
  258 | }
  259 |

Parsing ecmascript source code failed

Import traces:
  Client Component Browser:
    ./app/(app)/gradebook/page.tsx [Client Component Browser]
    ./app/(app)/gradebook/page.tsx [Server Component]

  Client Component SSR:
    ./app/(app)/gradebook/page.tsx [Client Component SSR]
    ./app/(app)/gradebook/page.tsx [Server Component] @ http://localhost:3000/_next/static/chunks/node_modules_next_dist_0u_w_5s._.js:1945
[   76308ms] [ERROR] ./app/(app)/gradebook/page.tsx:256:6
Unterminated regexp literal
  254 |       </div>
  255 |
> 256 |     </div>
      |      ^^^^^
  257 |   )
  258 | }
  259 |

Parsing ecmascript source code failed

Import traces:
  Client Component Browser:
    ./app/(app)/gradebook/page.tsx [Client Component Browser]
    ./app/(app)/gradebook/page.tsx [Server Component]

  Client Component SSR:
    ./app/(app)/gradebook/page.tsx [Client Component SSR]
    ./app/(app)/gradebook/page.tsx [Server Component] @ http://localhost:3000/_next/static/chunks/node_modules_next_dist_0u_w_5s._.js:1945
[   76372ms] [ERROR] ./app/(app)/gradebook/page.tsx:256:6
Unterminated regexp literal
  254 |       </div>
  255 |
> 256 |     </div>
      |      ^^^^^
  257 |   )
  258 | }
  259 |

Parsing ecmascript source code failed

Import traces:
  Client Component Browser:
    ./app/(app)/gradebook/page.tsx [Client Component Browser]
    ./app/(app)/gradebook/page.tsx [Server Component]

  Client Component SSR:
    ./app/(app)/gradebook/page.tsx [Client Component SSR]
    ./app/(app)/gradebook/page.tsx [Server Component] @ http://localhost:3000/_next/static/chunks/node_modules_next_dist_0u_w_5s._.js:1945
[   76436ms] [ERROR] ./app/(app)/gradebook/page.tsx:256:6
Unterminated regexp literal
  254 |       </div>
  255 |
> 256 |     </div>
      |      ^^^^^
  257 |   )
  258 | }
  259 |

Parsing ecmascript source code failed

Import traces:
  Client Component Browser:
    ./app/(app)/gradebook/page.tsx [Client Component Browser]
    ./app/(app)/gradebook/page.tsx [Server Component]

  Client Component SSR:
    ./app/(app)/gradebook/page.tsx [Client Component SSR]
    ./app/(app)/gradebook/page.tsx [Server Component] @ http://localhost:3000/_next/static/chunks/node_modules_next_dist_0u_w_5s._.js:1945
[   76493ms] [ERROR] ./app/(app)/gradebook/page.tsx:256:6
Unterminated regexp literal
  254 |       </div>
  255 |
> 256 |     </div>
      |      ^^^^^
  257 |   )
  258 | }
  259 |

Parsing ecmascript source code failed

Import traces:
  Client Component Browser:
    ./app/(app)/gradebook/page.tsx [Client Component Browser]
    ./app/(app)/gradebook/page.tsx [Server Component]

  Client Component SSR:
    ./app/(app)/gradebook/page.tsx [Client Component SSR]
    ./app/(app)/gradebook/page.tsx [Server Component] @ http://localhost:3000/_next/static/chunks/node_modules_next_dist_0u_w_5s._.js:1945
[   76559ms] [ERROR] ./app/(app)/gradebook/page.tsx:256:6
Unterminated regexp literal
  254 |       </div>
  255 |
> 256 |     </div>
      |      ^^^^^
  257 |   )
  258 | }
  259 |

Parsing ecmascript source code failed

Import traces:
  Client Component Browser:
    ./app/(app)/gradebook/page.tsx [Client Component Browser]
    ./app/(app)/gradebook/page.tsx [Server Component]

  Client Component SSR:
    ./app/(app)/gradebook/page.tsx [Client Component SSR]
    ./app/(app)/gradebook/page.tsx [Server Component] @ http://localhost:3000/_next/static/chunks/node_modules_next_dist_0u_w_5s._.js:1945
[   76618ms] [ERROR] ./app/(app)/gradebook/page.tsx:256:6
Unterminated regexp literal
  254 |       </div>
  255 |
> 256 |     </div>
      |      ^^^^^
  257 |   )
  258 | }
  259 |

Parsing ecmascript source code failed

Import traces:
  Client Component Browser:
    ./app/(app)/gradebook/page.tsx [Client Component Browser]
    ./app/(app)/gradebook/page.tsx [Server Component]

  Client Component SSR:
    ./app/(app)/gradebook/page.tsx [Client Component SSR]
    ./app/(app)/gradebook/page.tsx [Server Component] @ http://localhost:3000/_next/static/chunks/node_modules_next_dist_0u_w_5s._.js:1945
[   76669ms] [ERROR] ./app/(app)/gradebook/page.tsx:256:6
Unterminated regexp literal
  254 |       </div>
  255 |
> 256 |     </div>
      |      ^^^^^
  257 |   )
  258 | }
  259 |

Parsing ecmascript source code failed

Import traces:
  Client Component Browser:
    ./app/(app)/gradebook/page.tsx [Client Component Browser]
    ./app/(app)/gradebook/page.tsx [Server Component]

  Client Component SSR:
    ./app/(app)/gradebook/page.tsx [Client Component SSR]
    ./app/(app)/gradebook/page.tsx [Server Component] @ http://localhost:3000/_next/static/chunks/node_modules_next_dist_0u_w_5s._.js:1945
[   76735ms] [ERROR] ./app/(app)/gradebook/page.tsx:256:6
Unterminated regexp literal
  254 |       </div>
  255 |
> 256 |     </div>
      |      ^^^^^
  257 |   )
  258 | }
  259 |

Parsing ecmascript source code failed

Import traces:
  Client Component Browser:
    ./app/(app)/gradebook/page.tsx [Client Component Browser]
    ./app/(app)/gradebook/page.tsx [Server Component]

  Client Component SSR:
    ./app/(app)/gradebook/page.tsx [Client Component SSR]
    ./app/(app)/gradebook/page.tsx [Server Component] @ http://localhost:3000/_next/static/chunks/node_modules_next_dist_0u_w_5s._.js:1945
[   76793ms] [ERROR] ./app/(app)/gradebook/page.tsx:256:6
Unterminated regexp literal
  254 |       </div>
  255 |
> 256 |     </div>
      |      ^^^^^
  257 |   )
  258 | }
  259 |

Parsing ecmascript source code failed

Import traces:
  Client Component Browser:
    ./app/(app)/gradebook/page.tsx [Client Component Browser]
    ./app/(app)/gradebook/page.tsx [Server Component]

  Client Component SSR:
    ./app/(app)/gradebook/page.tsx [Client Component SSR]
    ./app/(app)/gradebook/page.tsx [Server Component] @ http://localhost:3000/_next/static/chunks/node_modules_next_dist_0u_w_5s._.js:1945
[   76843ms] [ERROR] ./app/(app)/gradebook/page.tsx:256:6
Unterminated regexp literal
  254 |       </div>
  255 |
> 256 |     </div>
      |      ^^^^^
  257 |   )
  258 | }
  259 |

Parsing ecmascript source code failed

Import traces:
  Client Component Browser:
    ./app/(app)/gradebook/page.tsx [Client Component Browser]
    ./app/(app)/gradebook/page.tsx [Server Component]

  Client Component SSR:
    ./app/(app)/gradebook/page.tsx [Client Component SSR]
    ./app/(app)/gradebook/page.tsx [Server Component] @ http://localhost:3000/_next/static/chunks/node_modules_next_dist_0u_w_5s._.js:1945
[   76893ms] [ERROR] ./app/(app)/gradebook/page.tsx:256:6
Unterminated regexp literal
  254 |       </div>
  255 |
> 256 |     </div>
      |      ^^^^^
  257 |   )
  258 | }
  259 |

Parsing ecmascript source code failed

Import traces:
  Client Component Browser:
    ./app/(app)/gradebook/page.tsx [Client Component Browser]
    ./app/(app)/gradebook/page.tsx [Server Component]

  Client Component SSR:
    ./app/(app)/gradebook/page.tsx [Client Component SSR]
    ./app/(app)/gradebook/page.tsx [Server Component] @ http://localhost:3000/_next/static/chunks/node_modules_next_dist_0u_w_5s._.js:1945
[   76951ms] [ERROR] ./app/(app)/gradebook/page.tsx:256:6
Unterminated regexp literal
  254 |       </div>
  255 |
> 256 |     </div>
      |      ^^^^^
  257 |   )
  258 | }
  259 |

Parsing ecmascript source code failed

Import traces:
  Client Component Browser:
    ./app/(app)/gradebook/page.tsx [Client Component Browser]
    ./app/(app)/gradebook/page.tsx [Server Component]

  Client Component SSR:
    ./app/(app)/gradebook/page.tsx [Client Component SSR]
    ./app/(app)/gradebook/page.tsx [Server Component] @ http://localhost:3000/_next/static/chunks/node_modules_next_dist_0u_w_5s._.js:1945
[   77010ms] [ERROR] ./app/(app)/gradebook/page.tsx:256:6
Unterminated regexp literal
  254 |       </div>
  255 |
> 256 |     </div>
      |      ^^^^^
  257 |   )
  258 | }
  259 |

Parsing ecmascript source code failed

Import traces:
  Client Component Browser:
    ./app/(app)/gradebook/page.tsx [Client Component Browser]
    ./app/(app)/gradebook/page.tsx [Server Component]

  Client Component SSR:
    ./app/(app)/gradebook/page.tsx [Client Component SSR]
    ./app/(app)/gradebook/page.tsx [Server Component] @ http://localhost:3000/_next/static/chunks/node_modules_next_dist_0u_w_5s._.js:1945
[   77058ms] [ERROR] ./app/(app)/gradebook/page.tsx:256:6
Unterminated regexp literal
  254 |       </div>
  255 |
> 256 |     </div>
      |      ^^^^^
  257 |   )
  258 | }
  259 |

Parsing ecmascript source code failed

Import traces:
  Client Component Browser:
    ./app/(app)/gradebook/page.tsx [Client Component Browser]
    ./app/(app)/gradebook/page.tsx [Server Component]

  Client Component SSR:
    ./app/(app)/gradebook/page.tsx [Client Component SSR]
    ./app/(app)/gradebook/page.tsx [Server Component] @ http://localhost:3000/_next/static/chunks/node_modules_next_dist_0u_w_5s._.js:1945
[   77115ms] [ERROR] ./app/(app)/gradebook/page.tsx:256:6
Unterminated regexp literal
  254 |       </div>
  255 |
> 256 |     </div>
      |      ^^^^^
  257 |   )
  258 | }
  259 |

Parsing ecmascript source code failed

Import traces:
  Client Component Browser:
    ./app/(app)/gradebook/page.tsx [Client Component Browser]
    ./app/(app)/gradebook/page.tsx [Server Component]

  Client Component SSR:
    ./app/(app)/gradebook/page.tsx [Client Component SSR]
    ./app/(app)/gradebook/page.tsx [Server Component] @ http://localhost:3000/_next/static/chunks/node_modules_next_dist_0u_w_5s._.js:1945
[   77173ms] [ERROR] ./app/(app)/gradebook/page.tsx:256:6
Unterminated regexp literal
  254 |       </div>
  255 |
> 256 |     </div>
      |      ^^^^^
  257 |   )
  258 | }
  259 |

Parsing ecmascript source code failed

Import traces:
  Client Component Browser:
    ./app/(app)/gradebook/page.tsx [Client Component Browser]
    ./app/(app)/gradebook/page.tsx [Server Component]

  Client Component SSR:
    ./app/(app)/gradebook/page.tsx [Client Component SSR]
    ./app/(app)/gradebook/page.tsx [Server Component] @ http://localhost:3000/_next/static/chunks/node_modules_next_dist_0u_w_5s._.js:1945
[   77229ms] [ERROR] ./app/(app)/gradebook/page.tsx:256:6
Unterminated regexp literal
  254 |       </div>
  255 |
> 256 |     </div>
      |      ^^^^^
  257 |   )
  258 | }
  259 |

Parsing ecmascript source code failed

Import traces:
  Client Component Browser:
    ./app/(app)/gradebook/page.tsx [Client Component Browser]
    ./app/(app)/gradebook/page.tsx [Server Component]

  Client Component SSR:
    ./app/(app)/gradebook/page.tsx [Client Component SSR]
    ./app/(app)/gradebook/page.tsx [Server Component] @ http://localhost:3000/_next/static/chunks/node_modules_next_dist_0u_w_5s._.js:1945
[   77286ms] [ERROR] ./app/(app)/gradebook/page.tsx:256:6
Unterminated regexp literal
  254 |       </div>
  255 |
> 256 |     </div>
      |      ^^^^^
  257 |   )
  258 | }
  259 |

Parsing ecmascript source code failed

Import traces:
  Client Component Browser:
    ./app/(app)/gradebook/page.tsx [Client Component Browser]
    ./app/(app)/gradebook/page.tsx [Server Component]

  Client Component SSR:
    ./app/(app)/gradebook/page.tsx [Client Component SSR]
    ./app/(app)/gradebook/page.tsx [Server Component] @ http://localhost:3000/_next/static/chunks/node_modules_next_dist_0u_w_5s._.js:1945
[   77342ms] [ERROR] ./app/(app)/gradebook/page.tsx:256:6
Unterminated regexp literal
  254 |       </div>
  255 |
> 256 |     </div>
      |      ^^^^^
  257 |   )
  258 | }
  259 |

Parsing ecmascript source code failed

Import traces:
  Client Component Browser:
    ./app/(app)/gradebook/page.tsx [Client Component Browser]
    ./app/(app)/gradebook/page.tsx [Server Component]

  Client Component SSR:
    ./app/(app)/gradebook/page.tsx [Client Component SSR]
    ./app/(app)/gradebook/page.tsx [Server Component] @ http://localhost:3000/_next/static/chunks/node_modules_next_dist_0u_w_5s._.js:1945
[   77406ms] [ERROR] ./app/(app)/gradebook/page.tsx:256:6
Unterminated regexp literal
  254 |       </div>
  255 |
> 256 |     </div>
      |      ^^^^^
  257 |   )
  258 | }
  259 |

Parsing ecmascript source code failed

Import traces:
  Client Component Browser:
    ./app/(app)/gradebook/page.tsx [Client Component Browser]
    ./app/(app)/gradebook/page.tsx [Server Component]

  Client Component SSR:
    ./app/(app)/gradebook/page.tsx [Client Component SSR]
    ./app/(app)/gradebook/page.tsx [Server Component] @ http://localhost:3000/_next/static/chunks/node_modules_next_dist_0u_w_5s._.js:1945
[   77457ms] [ERROR] ./app/(app)/gradebook/page.tsx:256:6
Unterminated regexp literal
  254 |       </div>
  255 |
> 256 |     </div>
      |      ^^^^^
  257 |   )
  258 | }
  259 |

Parsing ecmascript source code failed

Import traces:
  Client Component Browser:
    ./app/(app)/gradebook/page.tsx [Client Component Browser]
    ./app/(app)/gradebook/page.tsx [Server Component]

  Client Component SSR:
    ./app/(app)/gradebook/page.tsx [Client Component SSR]
    ./app/(app)/gradebook/page.tsx [Server Component] @ http://localhost:3000/_next/static/chunks/node_modules_next_dist_0u_w_5s._.js:1945
[   77520ms] [ERROR] ./app/(app)/gradebook/page.tsx:256:6
Unterminated regexp literal
  254 |       </div>
  255 |
> 256 |     </div>
      |      ^^^^^
  257 |   )
  258 | }
  259 |

Parsing ecmascript source code failed

Import traces:
  Client Component Browser:
    ./app/(app)/gradebook/page.tsx [Client Component Browser]
    ./app/(app)/gradebook/page.tsx [Server Component]

  Client Component SSR:
    ./app/(app)/gradebook/page.tsx [Client Component SSR]
    ./app/(app)/gradebook/page.tsx [Server Component] @ http://localhost:3000/_next/static/chunks/node_modules_next_dist_0u_w_5s._.js:1945
[   77587ms] [ERROR] ./app/(app)/gradebook/page.tsx:256:6
Unterminated regexp literal
  254 |       </div>
  255 |
> 256 |     </div>
      |      ^^^^^
  257 |   )
  258 | }
  259 |

Parsing ecmascript source code failed

Import traces:
  Client Component Browser:
    ./app/(app)/gradebook/page.tsx [Client Component Browser]
    ./app/(app)/gradebook/page.tsx [Server Component]

  Client Component SSR:
    ./app/(app)/gradebook/page.tsx [Client Component SSR]
    ./app/(app)/gradebook/page.tsx [Server Component] @ http://localhost:3000/_next/static/chunks/node_modules_next_dist_0u_w_5s._.js:1945
[   77644ms] [ERROR] ./app/(app)/gradebook/page.tsx:256:6
Unterminated regexp literal
  254 |       </div>
  255 |
> 256 |     </div>
      |      ^^^^^
  257 |   )
  258 | }
  259 |

Parsing ecmascript source code failed

Import traces:
  Client Component Browser:
    ./app/(app)/gradebook/page.tsx [Client Component Browser]
    ./app/(app)/gradebook/page.tsx [Server Component]

  Client Component SSR:
    ./app/(app)/gradebook/page.tsx [Client Component SSR]
    ./app/(app)/gradebook/page.tsx [Server Component] @ http://localhost:3000/_next/static/chunks/node_modules_next_dist_0u_w_5s._.js:1945
[   77696ms] [ERROR] ./app/(app)/gradebook/page.tsx:256:6
Unterminated regexp literal
  254 |       </div>
  255 |
> 256 |     </div>
      |      ^^^^^
  257 |   )
  258 | }
  259 |

Parsing ecmascript source code failed

Import traces:
  Client Component Browser:
    ./app/(app)/gradebook/page.tsx [Client Component Browser]
    ./app/(app)/gradebook/page.tsx [Server Component]

  Client Component SSR:
    ./app/(app)/gradebook/page.tsx [Client Component SSR]
    ./app/(app)/gradebook/page.tsx [Server Component] @ http://localhost:3000/_next/static/chunks/node_modules_next_dist_0u_w_5s._.js:1945
[   77761ms] [ERROR] ./app/(app)/gradebook/page.tsx:256:6
Unterminated regexp literal
  254 |       </div>
  255 |
> 256 |     </div>
      |      ^^^^^
  257 |   )
  258 | }
  259 |

Parsing ecmascript source code failed

Import traces:
  Client Component Browser:
    ./app/(app)/gradebook/page.tsx [Client Component Browser]
    ./app/(app)/gradebook/page.tsx [Server Component]

  Client Component SSR:
    ./app/(app)/gradebook/page.tsx [Client Component SSR]
    ./app/(app)/gradebook/page.tsx [Server Component] @ http://localhost:3000/_next/static/chunks/node_modules_next_dist_0u_w_5s._.js:1945
[   77819ms] [ERROR] ./app/(app)/gradebook/page.tsx:256:6
Unterminated regexp literal
  254 |       </div>
  255 |
> 256 |     </div>
      |      ^^^^^
  257 |   )
  258 | }
  259 |

Parsing ecmascript source code failed

Import traces:
  Client Component Browser:
    ./app/(app)/gradebook/page.tsx [Client Component Browser]
    ./app/(app)/gradebook/page.tsx [Server Component]

  Client Component SSR:
    ./app/(app)/gradebook/page.tsx [Client Component SSR]
    ./app/(app)/gradebook/page.tsx [Server Component] @ http://localhost:3000/_next/static/chunks/node_modules_next_dist_0u_w_5s._.js:1945
[   77869ms] [ERROR] ./app/(app)/gradebook/page.tsx:256:6
Unterminated regexp literal
  254 |       </div>
  255 |
> 256 |     </div>
      |      ^^^^^
  257 |   )
  258 | }
  259 |

Parsing ecmascript source code failed

Import traces:
  Client Component Browser:
    ./app/(app)/gradebook/page.tsx [Client Component Browser]
    ./app/(app)/gradebook/page.tsx [Server Component]

  Client Component SSR:
    ./app/(app)/gradebook/page.tsx [Client Component SSR]
    ./app/(app)/gradebook/page.tsx [Server Component] @ http://localhost:3000/_next/static/chunks/node_modules_next_dist_0u_w_5s._.js:1945
[   77926ms] [ERROR] ./app/(app)/gradebook/page.tsx:256:6
Unterminated regexp literal
  254 |       </div>
  255 |
> 256 |     </div>
      |      ^^^^^
  257 |   )
  258 | }
  259 |

Parsing ecmascript source code failed

Import traces:
  Client Component Browser:
    ./app/(app)/gradebook/page.tsx [Client Component Browser]
    ./app/(app)/gradebook/page.tsx [Server Component]

  Client Component SSR:
    ./app/(app)/gradebook/page.tsx [Client Component SSR]
    ./app/(app)/gradebook/page.tsx [Server Component] @ http://localhost:3000/_next/static/chunks/node_modules_next_dist_0u_w_5s._.js:1945
[   77987ms] [ERROR] ./app/(app)/gradebook/page.tsx:256:6
Unterminated regexp literal
  254 |       </div>
  255 |
> 256 |     </div>
      |      ^^^^^
  257 |   )
  258 | }
  259 |

Parsing ecmascript source code failed

Import traces:
  Client Component Browser:
    ./app/(app)/gradebook/page.tsx [Client Component Browser]
    ./app/(app)/gradebook/page.tsx [Server Component]

  Client Component SSR:
    ./app/(app)/gradebook/page.tsx [Client Component SSR]
    ./app/(app)/gradebook/page.tsx [Server Component] @ http://localhost:3000/_next/static/chunks/node_modules_next_dist_0u_w_5s._.js:1945
[   78037ms] [ERROR] ./app/(app)/gradebook/page.tsx:256:6
Unterminated regexp literal
  254 |       </div>
  255 |
> 256 |     </div>
      |      ^^^^^
  257 |   )
  258 | }
  259 |

Parsing ecmascript source code failed

Import traces:
  Client Component Browser:
    ./app/(app)/gradebook/page.tsx [Client Component Browser]
    ./app/(app)/gradebook/page.tsx [Server Component]

  Client Component SSR:
    ./app/(app)/gradebook/page.tsx [Client Component SSR]
    ./app/(app)/gradebook/page.tsx [Server Component] @ http://localhost:3000/_next/static/chunks/node_modules_next_dist_0u_w_5s._.js:1945
[   78103ms] [ERROR] ./app/(app)/gradebook/page.tsx:256:6
Unterminated regexp literal
  254 |       </div>
  255 |
> 256 |     </div>
      |      ^^^^^
  257 |   )
  258 | }
  259 |

Parsing ecmascript source code failed

Import traces:
  Client Component Browser:
    ./app/(app)/gradebook/page.tsx [Client Component Browser]
    ./app/(app)/gradebook/page.tsx [Server Component]

  Client Component SSR:
    ./app/(app)/gradebook/page.tsx [Client Component SSR]
    ./app/(app)/gradebook/page.tsx [Server Component] @ http://localhost:3000/_next/static/chunks/node_modules_next_dist_0u_w_5s._.js:1945
[   78160ms] [ERROR] ./app/(app)/gradebook/page.tsx:256:6
Unterminated regexp literal
  254 |       </div>
  255 |
> 256 |     </div>
      |      ^^^^^
  257 |   )
  258 | }
  259 |

Parsing ecmascript source code failed

Import traces:
  Client Component Browser:
    ./app/(app)/gradebook/page.tsx [Client Component Browser]
    ./app/(app)/gradebook/page.tsx [Server Component]

  Client Component SSR:
    ./app/(app)/gradebook/page.tsx [Client Component SSR]
    ./app/(app)/gradebook/page.tsx [Server Component] @ http://localhost:3000/_next/static/chunks/node_modules_next_dist_0u_w_5s._.js:1945
[   78210ms] [ERROR] ./app/(app)/gradebook/page.tsx:256:6
Unterminated regexp literal
  254 |       </div>
  255 |
> 256 |     </div>
      |      ^^^^^
  257 |   )
  258 | }
  259 |

Parsing ecmascript source code failed

Import traces:
  Client Component Browser:
    ./app/(app)/gradebook/page.tsx [Client Component Browser]
    ./app/(app)/gradebook/page.tsx [Server Component]

  Client Component SSR:
    ./app/(app)/gradebook/page.tsx [Client Component SSR]
    ./app/(app)/gradebook/page.tsx [Server Component] @ http://localhost:3000/_next/static/chunks/node_modules_next_dist_0u_w_5s._.js:1945
[   78260ms] [ERROR] ./app/(app)/gradebook/page.tsx:256:6
Unterminated regexp literal
  254 |       </div>
  255 |
> 256 |     </div>
      |      ^^^^^
  257 |   )
  258 | }
  259 |

Parsing ecmascript source code failed

Import traces:
  Client Component Browser:
    ./app/(app)/gradebook/page.tsx [Client Component Browser]
    ./app/(app)/gradebook/page.tsx [Server Component]

  Client Component SSR:
    ./app/(app)/gradebook/page.tsx [Client Component SSR]
    ./app/(app)/gradebook/page.tsx [Server Component] @ http://localhost:3000/_next/static/chunks/node_modules_next_dist_0u_w_5s._.js:1945
[   78311ms] [ERROR] ./app/(app)/gradebook/page.tsx:256:6
Unterminated regexp literal
  254 |       </div>
  255 |
> 256 |     </div>
      |      ^^^^^
  257 |   )
  258 | }
  259 |

Parsing ecmascript source code failed

Import traces:
  Client Component Browser:
    ./app/(app)/gradebook/page.tsx [Client Component Browser]
    ./app/(app)/gradebook/page.tsx [Server Component]

  Client Component SSR:
    ./app/(app)/gradebook/page.tsx [Client Component SSR]
    ./app/(app)/gradebook/page.tsx [Server Component] @ http://localhost:3000/_next/static/chunks/node_modules_next_dist_0u_w_5s._.js:1945
[   78370ms] [ERROR] ./app/(app)/gradebook/page.tsx:256:6
Unterminated regexp literal
  254 |       </div>
  255 |
> 256 |     </div>
      |      ^^^^^
  257 |   )
  258 | }
  259 |

Parsing ecmascript source code failed

Import traces:
  Client Component Browser:
    ./app/(app)/gradebook/page.tsx [Client Component Browser]
    ./app/(app)/gradebook/page.tsx [Server Component]

  Client Component SSR:
    ./app/(app)/gradebook/page.tsx [Client Component SSR]
    ./app/(app)/gradebook/page.tsx [Server Component] @ http://localhost:3000/_next/static/chunks/node_modules_next_dist_0u_w_5s._.js:1945
[   78423ms] [ERROR] ./app/(app)/gradebook/page.tsx:256:6
Unterminated regexp literal
  254 |       </div>
  255 |
> 256 |     </div>
      |      ^^^^^
  257 |   )
  258 | }
  259 |

Parsing ecmascript source code failed

Import traces:
  Client Component Browser:
    ./app/(app)/gradebook/page.tsx [Client Component Browser]
    ./app/(app)/gradebook/page.tsx [Server Component]

  Client Component SSR:
    ./app/(app)/gradebook/page.tsx [Client Component SSR]
    ./app/(app)/gradebook/page.tsx [Server Component] @ http://localhost:3000/_next/static/chunks/node_modules_next_dist_0u_w_5s._.js:1945
[   78492ms] [ERROR] ./app/(app)/gradebook/page.tsx:256:6
Unterminated regexp literal
  254 |       </div>
  255 |
> 256 |     </div>
      |      ^^^^^
  257 |   )
  258 | }
  259 |

Parsing ecmascript source code failed

Import traces:
  Client Component Browser:
    ./app/(app)/gradebook/page.tsx [Client Component Browser]
    ./app/(app)/gradebook/page.tsx [Server Component]

  Client Component SSR:
    ./app/(app)/gradebook/page.tsx [Client Component SSR]
    ./app/(app)/gradebook/page.tsx [Server Component] @ http://localhost:3000/_next/static/chunks/node_modules_next_dist_0u_w_5s._.js:1945
[   78543ms] [ERROR] ./app/(app)/gradebook/page.tsx:256:6
Unterminated regexp literal
  254 |       </div>
  255 |
> 256 |     </div>
      |      ^^^^^
  257 |   )
  258 | }
  259 |

Parsing ecmascript source code failed

Import traces:
  Client Component Browser:
    ./app/(app)/gradebook/page.tsx [Client Component Browser]
    ./app/(app)/gradebook/page.tsx [Server Component]

  Client Component SSR:
    ./app/(app)/gradebook/page.tsx [Client Component SSR]
    ./app/(app)/gradebook/page.tsx [Server Component] @ http://localhost:3000/_next/static/chunks/node_modules_next_dist_0u_w_5s._.js:1945
[   78601ms] [ERROR] ./app/(app)/gradebook/page.tsx:256:6
Unterminated regexp literal
  254 |       </div>
  255 |
> 256 |     </div>
      |      ^^^^^
  257 |   )
  258 | }
  259 |

Parsing ecmascript source code failed

Import traces:
  Client Component Browser:
    ./app/(app)/gradebook/page.tsx [Client Component Browser]
    ./app/(app)/gradebook/page.tsx [Server Component]

  Client Component SSR:
    ./app/(app)/gradebook/page.tsx [Client Component SSR]
    ./app/(app)/gradebook/page.tsx [Server Component] @ http://localhost:3000/_next/static/chunks/node_modules_next_dist_0u_w_5s._.js:1945
[   78657ms] [ERROR] ./app/(app)/gradebook/page.tsx:256:6
Unterminated regexp literal
  254 |       </div>
  255 |
> 256 |     </div>
      |      ^^^^^
  257 |   )
  258 | }
  259 |

Parsing ecmascript source code failed

Import traces:
  Client Component Browser:
    ./app/(app)/gradebook/page.tsx [Client Component Browser]
    ./app/(app)/gradebook/page.tsx [Server Component]

  Client Component SSR:
    ./app/(app)/gradebook/page.tsx [Client Component SSR]
    ./app/(app)/gradebook/page.tsx [Server Component] @ http://localhost:3000/_next/static/chunks/node_modules_next_dist_0u_w_5s._.js:1945
[   78726ms] [ERROR] ./app/(app)/gradebook/page.tsx:256:6
Unterminated regexp literal
  254 |       </div>
  255 |
> 256 |     </div>
      |      ^^^^^
  257 |   )
  258 | }
  259 |

Parsing ecmascript source code failed

Import traces:
  Client Component Browser:
    ./app/(app)/gradebook/page.tsx [Client Component Browser]
    ./app/(app)/gradebook/page.tsx [Server Component]

  Client Component SSR:
    ./app/(app)/gradebook/page.tsx [Client Component SSR]
    ./app/(app)/gradebook/page.tsx [Server Component] @ http://localhost:3000/_next/static/chunks/node_modules_next_dist_0u_w_5s._.js:1945
[   78791ms] [ERROR] ./app/(app)/gradebook/page.tsx:256:6
Unterminated regexp literal
  254 |       </div>
  255 |
> 256 |     </div>
      |      ^^^^^
  257 |   )
  258 | }
  259 |

Parsing ecmascript source code failed

Import traces:
  Client Component Browser:
    ./app/(app)/gradebook/page.tsx [Client Component Browser]
    ./app/(app)/gradebook/page.tsx [Server Component]

  Client Component SSR:
    ./app/(app)/gradebook/page.tsx [Client Component SSR]
    ./app/(app)/gradebook/page.tsx [Server Component] @ http://localhost:3000/_next/static/chunks/node_modules_next_dist_0u_w_5s._.js:1945
[   78853ms] [ERROR] ./app/(app)/gradebook/page.tsx:256:6
Unterminated regexp literal
  254 |       </div>
  255 |
> 256 |     </div>
      |      ^^^^^
  257 |   )
  258 | }
  259 |

Parsing ecmascript source code failed

Import traces:
  Client Component Browser:
    ./app/(app)/gradebook/page.tsx [Client Component Browser]
    ./app/(app)/gradebook/page.tsx [Server Component]

  Client Component SSR:
    ./app/(app)/gradebook/page.tsx [Client Component SSR]
    ./app/(app)/gradebook/page.tsx [Server Component] @ http://localhost:3000/_next/static/chunks/node_modules_next_dist_0u_w_5s._.js:1945
[   78903ms] [ERROR] ./app/(app)/gradebook/page.tsx:256:6
Unterminated regexp literal
  254 |       </div>
  255 |
> 256 |     </div>
      |      ^^^^^
  257 |   )
  258 | }
  259 |

Parsing ecmascript source code failed

Import traces:
  Client Component Browser:
    ./app/(app)/gradebook/page.tsx [Client Component Browser]
    ./app/(app)/gradebook/page.tsx [Server Component]

  Client Component SSR:
    ./app/(app)/gradebook/page.tsx [Client Component SSR]
    ./app/(app)/gradebook/page.tsx [Server Component] @ http://localhost:3000/_next/static/chunks/node_modules_next_dist_0u_w_5s._.js:1945
[   78960ms] [ERROR] ./app/(app)/gradebook/page.tsx:256:6
Unterminated regexp literal
  254 |       </div>
  255 |
> 256 |     </div>
      |      ^^^^^
  257 |   )
  258 | }
  259 |

Parsing ecmascript source code failed

Import traces:
  Client Component Browser:
    ./app/(app)/gradebook/page.tsx [Client Component Browser]
    ./app/(app)/gradebook/page.tsx [Server Component]

  Client Component SSR:
    ./app/(app)/gradebook/page.tsx [Client Component SSR]
    ./app/(app)/gradebook/page.tsx [Server Component] @ http://localhost:3000/_next/static/chunks/node_modules_next_dist_0u_w_5s._.js:1945
[   79015ms] [ERROR] ./app/(app)/gradebook/page.tsx:256:6
Unterminated regexp literal
  254 |       </div>
  255 |
> 256 |     </div>
      |      ^^^^^
  257 |   )
  258 | }
  259 |

Parsing ecmascript source code failed

Import traces:
  Client Component Browser:
    ./app/(app)/gradebook/page.tsx [Client Component Browser]
    ./app/(app)/gradebook/page.tsx [Server Component]

  Client Component SSR:
    ./app/(app)/gradebook/page.tsx [Client Component SSR]
    ./app/(app)/gradebook/page.tsx [Server Component] @ http://localhost:3000/_next/static/chunks/node_modules_next_dist_0u_w_5s._.js:1945
[   79077ms] [ERROR] ./app/(app)/gradebook/page.tsx:256:6
Unterminated regexp literal
  254 |       </div>
  255 |
> 256 |     </div>
      |      ^^^^^
  257 |   )
  258 | }
  259 |

Parsing ecmascript source code failed

Import traces:
  Client Component Browser:
    ./app/(app)/gradebook/page.tsx [Client Component Browser]
    ./app/(app)/gradebook/page.tsx [Server Component]

  Client Component SSR:
    ./app/(app)/gradebook/page.tsx [Client Component SSR]
    ./app/(app)/gradebook/page.tsx [Server Component] @ http://localhost:3000/_next/static/chunks/node_modules_next_dist_0u_w_5s._.js:1945
[   79141ms] [ERROR] ./app/(app)/gradebook/page.tsx:256:6
Unterminated regexp literal
  254 |       </div>
  255 |
> 256 |     </div>
      |      ^^^^^
  257 |   )
  258 | }
  259 |

Parsing ecmascript source code failed

Import traces:
  Client Component Browser:
    ./app/(app)/gradebook/page.tsx [Client Component Browser]
    ./app/(app)/gradebook/page.tsx [Server Component]

  Client Component SSR:
    ./app/(app)/gradebook/page.tsx [Client Component SSR]
    ./app/(app)/gradebook/page.tsx [Server Component] @ http://localhost:3000/_next/static/chunks/node_modules_next_dist_0u_w_5s._.js:1945
[   79190ms] [ERROR] ./app/(app)/gradebook/page.tsx:256:6
Unterminated regexp literal
  254 |       </div>
  255 |
> 256 |     </div>
      |      ^^^^^
  257 |   )
  258 | }
  259 |

Parsing ecmascript source code failed

Import traces:
  Client Component Browser:
    ./app/(app)/gradebook/page.tsx [Client Component Browser]
    ./app/(app)/gradebook/page.tsx [Server Component]

  Client Component SSR:
    ./app/(app)/gradebook/page.tsx [Client Component SSR]
    ./app/(app)/gradebook/page.tsx [Server Component] @ http://localhost:3000/_next/static/chunks/node_modules_next_dist_0u_w_5s._.js:1945
[   79256ms] [ERROR] ./app/(app)/gradebook/page.tsx:256:6
Unterminated regexp literal
  254 |       </div>
  255 |
> 256 |     </div>
      |      ^^^^^
  257 |   )
  258 | }
  259 |

Parsing ecmascript source code failed

Import traces:
  Client Component Browser:
    ./app/(app)/gradebook/page.tsx [Client Component Browser]
    ./app/(app)/gradebook/page.tsx [Server Component]

  Client Component SSR:
    ./app/(app)/gradebook/page.tsx [Client Component SSR]
    ./app/(app)/gradebook/page.tsx [Server Component] @ http://localhost:3000/_next/static/chunks/node_modules_next_dist_0u_w_5s._.js:1945
[   79312ms] [ERROR] ./app/(app)/gradebook/page.tsx:256:6
Unterminated regexp literal
  254 |       </div>
  255 |
> 256 |     </div>
      |      ^^^^^
  257 |   )
  258 | }
  259 |

Parsing ecmascript source code failed

Import traces:
  Client Component Browser:
    ./app/(app)/gradebook/page.tsx [Client Component Browser]
    ./app/(app)/gradebook/page.tsx [Server Component]

  Client Component SSR:
    ./app/(app)/gradebook/page.tsx [Client Component SSR]
    ./app/(app)/gradebook/page.tsx [Server Component] @ http://localhost:3000/_next/static/chunks/node_modules_next_dist_0u_w_5s._.js:1945
[   79372ms] [ERROR] ./app/(app)/gradebook/page.tsx:256:6
Unterminated regexp literal
  254 |       </div>
  255 |
> 256 |     </div>
      |      ^^^^^
  257 |   )
  258 | }
  259 |

Parsing ecmascript source code failed

Import traces:
  Client Component Browser:
    ./app/(app)/gradebook/page.tsx [Client Component Browser]
    ./app/(app)/gradebook/page.tsx [Server Component]

  Client Component SSR:
    ./app/(app)/gradebook/page.tsx [Client Component SSR]
    ./app/(app)/gradebook/page.tsx [Server Component] @ http://localhost:3000/_next/static/chunks/node_modules_next_dist_0u_w_5s._.js:1945
[   79426ms] [ERROR] ./app/(app)/gradebook/page.tsx:256:6
Unterminated regexp literal
  254 |       </div>
  255 |
> 256 |     </div>
      |      ^^^^^
  257 |   )
  258 | }
  259 |

Parsing ecmascript source code failed

Import traces:
  Client Component Browser:
    ./app/(app)/gradebook/page.tsx [Client Component Browser]
    ./app/(app)/gradebook/page.tsx [Server Component]

  Client Component SSR:
    ./app/(app)/gradebook/page.tsx [Client Component SSR]
    ./app/(app)/gradebook/page.tsx [Server Component] @ http://localhost:3000/_next/static/chunks/node_modules_next_dist_0u_w_5s._.js:1945
[   79499ms] [ERROR] ./app/(app)/gradebook/page.tsx:256:6
Unterminated regexp literal
  254 |       </div>
  255 |
> 256 |     </div>
      |      ^^^^^
  257 |   )
  258 | }
  259 |

Parsing ecmascript source code failed

Import traces:
  Client Component Browser:
    ./app/(app)/gradebook/page.tsx [Client Component Browser]
    ./app/(app)/gradebook/page.tsx [Server Component]

  Client Component SSR:
    ./app/(app)/gradebook/page.tsx [Client Component SSR]
    ./app/(app)/gradebook/page.tsx [Server Component] @ http://localhost:3000/_next/static/chunks/node_modules_next_dist_0u_w_5s._.js:1945
[   79561ms] [ERROR] ./app/(app)/gradebook/page.tsx:256:6
Unterminated regexp literal
  254 |       </div>
  255 |
> 256 |     </div>
      |      ^^^^^
  257 |   )
  258 | }
  259 |

Parsing ecmascript source code failed

Import traces:
  Client Component Browser:
    ./app/(app)/gradebook/page.tsx [Client Component Browser]
    ./app/(app)/gradebook/page.tsx [Server Component]

  Client Component SSR:
    ./app/(app)/gradebook/page.tsx [Client Component SSR]
    ./app/(app)/gradebook/page.tsx [Server Component] @ http://localhost:3000/_next/static/chunks/node_modules_next_dist_0u_w_5s._.js:1945
[   79626ms] [ERROR] ./app/(app)/gradebook/page.tsx:256:6
Unterminated regexp literal
  254 |       </div>
  255 |
> 256 |     </div>
      |      ^^^^^
  257 |   )
  258 | }
  259 |

Parsing ecmascript source code failed

Import traces:
  Client Component Browser:
    ./app/(app)/gradebook/page.tsx [Client Component Browser]
    ./app/(app)/gradebook/page.tsx [Server Component]

  Client Component SSR:
    ./app/(app)/gradebook/page.tsx [Client Component SSR]
    ./app/(app)/gradebook/page.tsx [Server Component] @ http://localhost:3000/_next/static/chunks/node_modules_next_dist_0u_w_5s._.js:1945
[   79685ms] [ERROR] ./app/(app)/gradebook/page.tsx:256:6
Unterminated regexp literal
  254 |       </div>
  255 |
> 256 |     </div>
      |      ^^^^^
  257 |   )
  258 | }
  259 |

Parsing ecmascript source code failed

Import traces:
  Client Component Browser:
    ./app/(app)/gradebook/page.tsx [Client Component Browser]
    ./app/(app)/gradebook/page.tsx [Server Component]

  Client Component SSR:
    ./app/(app)/gradebook/page.tsx [Client Component SSR]
    ./app/(app)/gradebook/page.tsx [Server Component] @ http://localhost:3000/_next/static/chunks/node_modules_next_dist_0u_w_5s._.js:1945
[   79738ms] [ERROR] ./app/(app)/gradebook/page.tsx:256:6
Unterminated regexp literal
  254 |       </div>
  255 |
> 256 |     </div>
      |      ^^^^^
  257 |   )
  258 | }
  259 |

Parsing ecmascript source code failed

Import traces:
  Client Component Browser:
    ./app/(app)/gradebook/page.tsx [Client Component Browser]
    ./app/(app)/gradebook/page.tsx [Server Component]

  Client Component SSR:
    ./app/(app)/gradebook/page.tsx [Client Component SSR]
    ./app/(app)/gradebook/page.tsx [Server Component] @ http://localhost:3000/_next/static/chunks/node_modules_next_dist_0u_w_5s._.js:1945
[   79797ms] [ERROR] ./app/(app)/gradebook/page.tsx:256:6
Unterminated regexp literal
  254 |       </div>
  255 |
> 256 |     </div>
      |      ^^^^^
  257 |   )
  258 | }
  259 |

Parsing ecmascript source code failed

Import traces:
  Client Component Browser:
    ./app/(app)/gradebook/page.tsx [Client Component Browser]
    ./app/(app)/gradebook/page.tsx [Server Component]

  Client Component SSR:
    ./app/(app)/gradebook/page.tsx [Client Component SSR]
    ./app/(app)/gradebook/page.tsx [Server Component] @ http://localhost:3000/_next/static/chunks/node_modules_next_dist_0u_w_5s._.js:1945
[   79854ms] [ERROR] ./app/(app)/gradebook/page.tsx:256:6
Unterminated regexp literal
  254 |       </div>
  255 |
> 256 |     </div>
      |      ^^^^^
  257 |   )
  258 | }
  259 |

Parsing ecmascript source code failed

Import traces:
  Client Component Browser:
    ./app/(app)/gradebook/page.tsx [Client Component Browser]
    ./app/(app)/gradebook/page.tsx [Server Component]

  Client Component SSR:
    ./app/(app)/gradebook/page.tsx [Client Component SSR]
    ./app/(app)/gradebook/page.tsx [Server Component] @ http://localhost:3000/_next/static/chunks/node_modules_next_dist_0u_w_5s._.js:1945
[   79910ms] [ERROR] ./app/(app)/gradebook/page.tsx:256:6
Unterminated regexp literal
  254 |       </div>
  255 |
> 256 |     </div>
      |      ^^^^^
  257 |   )
  258 | }
  259 |

Parsing ecmascript source code failed

Import traces:
  Client Component Browser:
    ./app/(app)/gradebook/page.tsx [Client Component Browser]
    ./app/(app)/gradebook/page.tsx [Server Component]

  Client Component SSR:
    ./app/(app)/gradebook/page.tsx [Client Component SSR]
    ./app/(app)/gradebook/page.tsx [Server Component] @ http://localhost:3000/_next/static/chunks/node_modules_next_dist_0u_w_5s._.js:1945
[   79973ms] [ERROR] ./app/(app)/gradebook/page.tsx:256:6
Unterminated regexp literal
  254 |       </div>
  255 |
> 256 |     </div>
      |      ^^^^^
  257 |   )
  258 | }
  259 |

Parsing ecmascript source code failed

Import traces:
  Client Component Browser:
    ./app/(app)/gradebook/page.tsx [Client Component Browser]
    ./app/(app)/gradebook/page.tsx [Server Component]

  Client Component SSR:
    ./app/(app)/gradebook/page.tsx [Client Component SSR]
    ./app/(app)/gradebook/page.tsx [Server Component] @ http://localhost:3000/_next/static/chunks/node_modules_next_dist_0u_w_5s._.js:1945
[   80028ms] [ERROR] ./app/(app)/gradebook/page.tsx:256:6
Unterminated regexp literal
  254 |       </div>
  255 |
> 256 |     </div>
      |      ^^^^^
  257 |   )
  258 | }
  259 |

Parsing ecmascript source code failed

Import traces:
  Client Component Browser:
    ./app/(app)/gradebook/page.tsx [Client Component Browser]
    ./app/(app)/gradebook/page.tsx [Server Component]

  Client Component SSR:
    ./app/(app)/gradebook/page.tsx [Client Component SSR]
    ./app/(app)/gradebook/page.tsx [Server Component] @ http://localhost:3000/_next/static/chunks/node_modules_next_dist_0u_w_5s._.js:1945
[   80078ms] [ERROR] ./app/(app)/gradebook/page.tsx:256:6
Unterminated regexp literal
  254 |       </div>
  255 |
> 256 |     </div>
      |      ^^^^^
  257 |   )
  258 | }
  259 |

Parsing ecmascript source code failed

Import traces:
  Client Component Browser:
    ./app/(app)/gradebook/page.tsx [Client Component Browser]
    ./app/(app)/gradebook/page.tsx [Server Component]

  Client Component SSR:
    ./app/(app)/gradebook/page.tsx [Client Component SSR]
    ./app/(app)/gradebook/page.tsx [Server Component] @ http://localhost:3000/_next/static/chunks/node_modules_next_dist_0u_w_5s._.js:1945
[   80140ms] [ERROR] ./app/(app)/gradebook/page.tsx:256:6
Unterminated regexp literal
  254 |       </div>
  255 |
> 256 |     </div>
      |      ^^^^^
  257 |   )
  258 | }
  259 |

Parsing ecmascript source code failed

Import traces:
  Client Component Browser:
    ./app/(app)/gradebook/page.tsx [Client Component Browser]
    ./app/(app)/gradebook/page.tsx [Server Component]

  Client Component SSR:
    ./app/(app)/gradebook/page.tsx [Client Component SSR]
    ./app/(app)/gradebook/page.tsx [Server Component] @ http://localhost:3000/_next/static/chunks/node_modules_next_dist_0u_w_5s._.js:1945
[   80194ms] [ERROR] ./app/(app)/gradebook/page.tsx:256:6
Unterminated regexp literal
  254 |       </div>
  255 |
> 256 |     </div>
      |      ^^^^^
  257 |   )
  258 | }
  259 |

Parsing ecmascript source code failed

Import traces:
  Client Component Browser:
    ./app/(app)/gradebook/page.tsx [Client Component Browser]
    ./app/(app)/gradebook/page.tsx [Server Component]

  Client Component SSR:
    ./app/(app)/gradebook/page.tsx [Client Component SSR]
    ./app/(app)/gradebook/page.tsx [Server Component] @ http://localhost:3000/_next/static/chunks/node_modules_next_dist_0u_w_5s._.js:1945
[   80252ms] [ERROR] ./app/(app)/gradebook/page.tsx:256:6
Unterminated regexp literal
  254 |       </div>
  255 |
> 256 |     </div>
      |      ^^^^^
  257 |   )
  258 | }
  259 |

Parsing ecmascript source code failed

Import traces:
  Client Component Browser:
    ./app/(app)/gradebook/page.tsx [Client Component Browser]
    ./app/(app)/gradebook/page.tsx [Server Component]

  Client Component SSR:
    ./app/(app)/gradebook/page.tsx [Client Component SSR]
    ./app/(app)/gradebook/page.tsx [Server Component] @ http://localhost:3000/_next/static/chunks/node_modules_next_dist_0u_w_5s._.js:1945
[   80308ms] [ERROR] ./app/(app)/gradebook/page.tsx:256:6
Unterminated regexp literal
  254 |       </div>
  255 |
> 256 |     </div>
      |      ^^^^^
  257 |   )
  258 | }
  259 |

Parsing ecmascript source code failed

Import traces:
  Client Component Browser:
    ./app/(app)/gradebook/page.tsx [Client Component Browser]
    ./app/(app)/gradebook/page.tsx [Server Component]

  Client Component SSR:
    ./app/(app)/gradebook/page.tsx [Client Component SSR]
    ./app/(app)/gradebook/page.tsx [Server Component] @ http://localhost:3000/_next/static/chunks/node_modules_next_dist_0u_w_5s._.js:1945
[   80365ms] [ERROR] ./app/(app)/gradebook/page.tsx:256:6
Unterminated regexp literal
  254 |       </div>
  255 |
> 256 |     </div>
      |      ^^^^^
  257 |   )
  258 | }
  259 |

Parsing ecmascript source code failed

Import traces:
  Client Component Browser:
    ./app/(app)/gradebook/page.tsx [Client Component Browser]
    ./app/(app)/gradebook/page.tsx [Server Component]

  Client Component SSR:
    ./app/(app)/gradebook/page.tsx [Client Component SSR]
    ./app/(app)/gradebook/page.tsx [Server Component] @ http://localhost:3000/_next/static/chunks/node_modules_next_dist_0u_w_5s._.js:1945
[   80420ms] [ERROR] ./app/(app)/gradebook/page.tsx:256:6
Unterminated regexp literal
  254 |       </div>
  255 |
> 256 |     </div>
      |      ^^^^^
  257 |   )
  258 | }
  259 |

Parsing ecmascript source code failed

Import traces:
  Client Component Browser:
    ./app/(app)/gradebook/page.tsx [Client Component Browser]
    ./app/(app)/gradebook/page.tsx [Server Component]

  Client Component SSR:
    ./app/(app)/gradebook/page.tsx [Client Component SSR]
    ./app/(app)/gradebook/page.tsx [Server Component] @ http://localhost:3000/_next/static/chunks/node_modules_next_dist_0u_w_5s._.js:1945
[   80476ms] [ERROR] ./app/(app)/gradebook/page.tsx:256:6
Unterminated regexp literal
  254 |       </div>
  255 |
> 256 |     </div>
      |      ^^^^^
  257 |   )
  258 | }
  259 |

Parsing ecmascript source code failed

Import traces:
  Client Component Browser:
    ./app/(app)/gradebook/page.tsx [Client Component Browser]
    ./app/(app)/gradebook/page.tsx [Server Component]

  Client Component SSR:
    ./app/(app)/gradebook/page.tsx [Client Component SSR]
    ./app/(app)/gradebook/page.tsx [Server Component] @ http://localhost:3000/_next/static/chunks/node_modules_next_dist_0u_w_5s._.js:1945
[   80528ms] [ERROR] ./app/(app)/gradebook/page.tsx:256:6
Unterminated regexp literal
  254 |       </div>
  255 |
> 256 |     </div>
      |      ^^^^^
  257 |   )
  258 | }
  259 |

Parsing ecmascript source code failed

Import traces:
  Client Component Browser:
    ./app/(app)/gradebook/page.tsx [Client Component Browser]
    ./app/(app)/gradebook/page.tsx [Server Component]

  Client Component SSR:
    ./app/(app)/gradebook/page.tsx [Client Component SSR]
    ./app/(app)/gradebook/page.tsx [Server Component] @ http://localhost:3000/_next/static/chunks/node_modules_next_dist_0u_w_5s._.js:1945
[   80581ms] [ERROR] ./app/(app)/gradebook/page.tsx:256:6
Unterminated regexp literal
  254 |       </div>
  255 |
> 256 |     </div>
      |      ^^^^^
  257 |   )
  258 | }
  259 |

Parsing ecmascript source code failed

Import traces:
  Client Component Browser:
    ./app/(app)/gradebook/page.tsx [Client Component Browser]
    ./app/(app)/gradebook/page.tsx [Server Component]

  Client Component SSR:
    ./app/(app)/gradebook/page.tsx [Client Component SSR]
    ./app/(app)/gradebook/page.tsx [Server Component] @ http://localhost:3000/_next/static/chunks/node_modules_next_dist_0u_w_5s._.js:1945
[   80631ms] [ERROR] ./app/(app)/gradebook/page.tsx:256:6
Unterminated regexp literal
  254 |       </div>
  255 |
> 256 |     </div>
      |      ^^^^^
  257 |   )
  258 | }
  259 |

Parsing ecmascript source code failed

Import traces:
  Client Component Browser:
    ./app/(app)/gradebook/page.tsx [Client Component Browser]
    ./app/(app)/gradebook/page.tsx [Server Component]

  Client Component SSR:
    ./app/(app)/gradebook/page.tsx [Client Component SSR]
    ./app/(app)/gradebook/page.tsx [Server Component] @ http://localhost:3000/_next/static/chunks/node_modules_next_dist_0u_w_5s._.js:1945
[   80689ms] [ERROR] ./app/(app)/gradebook/page.tsx:256:6
Unterminated regexp literal
  254 |       </div>
  255 |
> 256 |     </div>
      |      ^^^^^
  257 |   )
  258 | }
  259 |

Parsing ecmascript source code failed

Import traces:
  Client Component Browser:
    ./app/(app)/gradebook/page.tsx [Client Component Browser]
    ./app/(app)/gradebook/page.tsx [Server Component]

  Client Component SSR:
    ./app/(app)/gradebook/page.tsx [Client Component SSR]
    ./app/(app)/gradebook/page.tsx [Server Component] @ http://localhost:3000/_next/static/chunks/node_modules_next_dist_0u_w_5s._.js:1945
[   80742ms] [ERROR] ./app/(app)/gradebook/page.tsx:256:6
Unterminated regexp literal
  254 |       </div>
  255 |
> 256 |     </div>
      |      ^^^^^
  257 |   )
  258 | }
  259 |

Parsing ecmascript source code failed

Import traces:
  Client Component Browser:
    ./app/(app)/gradebook/page.tsx [Client Component Browser]
    ./app/(app)/gradebook/page.tsx [Server Component]

  Client Component SSR:
    ./app/(app)/gradebook/page.tsx [Client Component SSR]
    ./app/(app)/gradebook/page.tsx [Server Component] @ http://localhost:3000/_next/static/chunks/node_modules_next_dist_0u_w_5s._.js:1945
[   80820ms] [ERROR] ./app/(app)/gradebook/page.tsx:256:6
Unterminated regexp literal
  254 |       </div>
  255 |
> 256 |     </div>
      |      ^^^^^
  257 |   )
  258 | }
  259 |

Parsing ecmascript source code failed

Import traces:
  Client Component Browser:
    ./app/(app)/gradebook/page.tsx [Client Component Browser]
    ./app/(app)/gradebook/page.tsx [Server Component]

  Client Component SSR:
    ./app/(app)/gradebook/page.tsx [Client Component SSR]
    ./app/(app)/gradebook/page.tsx [Server Component] @ http://localhost:3000/_next/static/chunks/node_modules_next_dist_0u_w_5s._.js:1945
[   80869ms] [ERROR] ./app/(app)/gradebook/page.tsx:256:6
Unterminated regexp literal
  254 |       </div>
  255 |
> 256 |     </div>
      |      ^^^^^
  257 |   )
  258 | }
  259 |

Parsing ecmascript source code failed

Import traces:
  Client Component Browser:
    ./app/(app)/gradebook/page.tsx [Client Component Browser]
    ./app/(app)/gradebook/page.tsx [Server Component]

  Client Component SSR:
    ./app/(app)/gradebook/page.tsx [Client Component SSR]
    ./app/(app)/gradebook/page.tsx [Server Component] @ http://localhost:3000/_next/static/chunks/node_modules_next_dist_0u_w_5s._.js:1945
[   80915ms] [ERROR] ./app/(app)/gradebook/page.tsx:256:6
Unterminated regexp literal
  254 |       </div>
  255 |
> 256 |     </div>
      |      ^^^^^
  257 |   )
  258 | }
  259 |

Parsing ecmascript source code failed

Import traces:
  Client Component Browser:
    ./app/(app)/gradebook/page.tsx [Client Component Browser]
    ./app/(app)/gradebook/page.tsx [Server Component]

  Client Component SSR:
    ./app/(app)/gradebook/page.tsx [Client Component SSR]
    ./app/(app)/gradebook/page.tsx [Server Component] @ http://localhost:3000/_next/static/chunks/node_modules_next_dist_0u_w_5s._.js:1945
[   80966ms] [ERROR] ./app/(app)/gradebook/page.tsx:256:6
Unterminated regexp literal
  254 |       </div>
  255 |
> 256 |     </div>
      |      ^^^^^
  257 |   )
  258 | }
  259 |

Parsing ecmascript source code failed

Import traces:
  Client Component Browser:
    ./app/(app)/gradebook/page.tsx [Client Component Browser]
    ./app/(app)/gradebook/page.tsx [Server Component]

  Client Component SSR:
    ./app/(app)/gradebook/page.tsx [Client Component SSR]
    ./app/(app)/gradebook/page.tsx [Server Component] @ http://localhost:3000/_next/static/chunks/node_modules_next_dist_0u_w_5s._.js:1945
[   81020ms] [ERROR] ./app/(app)/gradebook/page.tsx:256:6
Unterminated regexp literal
  254 |       </div>
  255 |
> 256 |     </div>
      |      ^^^^^
  257 |   )
  258 | }
  259 |

Parsing ecmascript source code failed

Import traces:
  Client Component Browser:
    ./app/(app)/gradebook/page.tsx [Client Component Browser]
    ./app/(app)/gradebook/page.tsx [Server Component]

  Client Component SSR:
    ./app/(app)/gradebook/page.tsx [Client Component SSR]
    ./app/(app)/gradebook/page.tsx [Server Component] @ http://localhost:3000/_next/static/chunks/node_modules_next_dist_0u_w_5s._.js:1945
[   81070ms] [ERROR] ./app/(app)/gradebook/page.tsx:256:6
Unterminated regexp literal
  254 |       </div>
  255 |
> 256 |     </div>
      |      ^^^^^
  257 |   )
  258 | }
  259 |

Parsing ecmascript source code failed

Import traces:
  Client Component Browser:
    ./app/(app)/gradebook/page.tsx [Client Component Browser]
    ./app/(app)/gradebook/page.tsx [Server Component]

  Client Component SSR:
    ./app/(app)/gradebook/page.tsx [Client Component SSR]
    ./app/(app)/gradebook/page.tsx [Server Component] @ http://localhost:3000/_next/static/chunks/node_modules_next_dist_0u_w_5s._.js:1945
[   81128ms] [ERROR] ./app/(app)/gradebook/page.tsx:256:6
Unterminated regexp literal
  254 |       </div>
  255 |
> 256 |     </div>
      |      ^^^^^
  257 |   )
  258 | }
  259 |

Parsing ecmascript source code failed

Import traces:
  Client Component Browser:
    ./app/(app)/gradebook/page.tsx [Client Component Browser]
    ./app/(app)/gradebook/page.tsx [Server Component]

  Client Component SSR:
    ./app/(app)/gradebook/page.tsx [Client Component SSR]
    ./app/(app)/gradebook/page.tsx [Server Component] @ http://localhost:3000/_next/static/chunks/node_modules_next_dist_0u_w_5s._.js:1945
[   81183ms] [ERROR] ./app/(app)/gradebook/page.tsx:256:6
Unterminated regexp literal
  254 |       </div>
  255 |
> 256 |     </div>
      |      ^^^^^
  257 |   )
  258 | }
  259 |

Parsing ecmascript source code failed

Import traces:
  Client Component Browser:
    ./app/(app)/gradebook/page.tsx [Client Component Browser]
    ./app/(app)/gradebook/page.tsx [Server Component]

  Client Component SSR:
    ./app/(app)/gradebook/page.tsx [Client Component SSR]
    ./app/(app)/gradebook/page.tsx [Server Component] @ http://localhost:3000/_next/static/chunks/node_modules_next_dist_0u_w_5s._.js:1945
[   81252ms] [ERROR] ./app/(app)/gradebook/page.tsx:256:6
Unterminated regexp literal
  254 |       </div>
  255 |
> 256 |     </div>
      |      ^^^^^
  257 |   )
  258 | }
  259 |

Parsing ecmascript source code failed

Import traces:
  Client Component Browser:
    ./app/(app)/gradebook/page.tsx [Client Component Browser]
    ./app/(app)/gradebook/page.tsx [Server Component]

  Client Component SSR:
    ./app/(app)/gradebook/page.tsx [Client Component SSR]
    ./app/(app)/gradebook/page.tsx [Server Component] @ http://localhost:3000/_next/static/chunks/node_modules_next_dist_0u_w_5s._.js:1945
[   81304ms] [ERROR] ./app/(app)/gradebook/page.tsx:256:6
Unterminated regexp literal
  254 |       </div>
  255 |
> 256 |     </div>
      |      ^^^^^
  257 |   )
  258 | }
  259 |

Parsing ecmascript source code failed

Import traces:
  Client Component Browser:
    ./app/(app)/gradebook/page.tsx [Client Component Browser]
    ./app/(app)/gradebook/page.tsx [Server Component]

  Client Component SSR:
    ./app/(app)/gradebook/page.tsx [Client Component SSR]
    ./app/(app)/gradebook/page.tsx [Server Component] @ http://localhost:3000/_next/static/chunks/node_modules_next_dist_0u_w_5s._.js:1945
[   81361ms] [ERROR] ./app/(app)/gradebook/page.tsx:256:6
Unterminated regexp literal
  254 |       </div>
  255 |
> 256 |     </div>
      |      ^^^^^
  257 |   )
  258 | }
  259 |

Parsing ecmascript source code failed

Import traces:
  Client Component Browser:
    ./app/(app)/gradebook/page.tsx [Client Component Browser]
    ./app/(app)/gradebook/page.tsx [Server Component]

  Client Component SSR:
    ./app/(app)/gradebook/page.tsx [Client Component SSR]
    ./app/(app)/gradebook/page.tsx [Server Component] @ http://localhost:3000/_next/static/chunks/node_modules_next_dist_0u_w_5s._.js:1945
[   81426ms] [ERROR] ./app/(app)/gradebook/page.tsx:256:6
Unterminated regexp literal
  254 |       </div>
  255 |
> 256 |     </div>
      |      ^^^^^
  257 |   )
  258 | }
  259 |

Parsing ecmascript source code failed

Import traces:
  Client Component Browser:
    ./app/(app)/gradebook/page.tsx [Client Component Browser]
    ./app/(app)/gradebook/page.tsx [Server Component]

  Client Component SSR:
    ./app/(app)/gradebook/page.tsx [Client Component SSR]
    ./app/(app)/gradebook/page.tsx [Server Component] @ http://localhost:3000/_next/static/chunks/node_modules_next_dist_0u_w_5s._.js:1945
[   81479ms] [ERROR] ./app/(app)/gradebook/page.tsx:256:6
Unterminated regexp literal
  254 |       </div>
  255 |
> 256 |     </div>
      |      ^^^^^
  257 |   )
  258 | }
  259 |

Parsing ecmascript source code failed

Import traces:
  Client Component Browser:
    ./app/(app)/gradebook/page.tsx [Client Component Browser]
    ./app/(app)/gradebook/page.tsx [Server Component]

  Client Component SSR:
    ./app/(app)/gradebook/page.tsx [Client Component SSR]
    ./app/(app)/gradebook/page.tsx [Server Component] @ http://localhost:3000/_next/static/chunks/node_modules_next_dist_0u_w_5s._.js:1945
[   81529ms] [ERROR] ./app/(app)/gradebook/page.tsx:256:6
Unterminated regexp literal
  254 |       </div>
  255 |
> 256 |     </div>
      |      ^^^^^
  257 |   )
  258 | }
  259 |

Parsing ecmascript source code failed

Import traces:
  Client Component Browser:
    ./app/(app)/gradebook/page.tsx [Client Component Browser]
    ./app/(app)/gradebook/page.tsx [Server Component]

  Client Component SSR:
    ./app/(app)/gradebook/page.tsx [Client Component SSR]
    ./app/(app)/gradebook/page.tsx [Server Component] @ http://localhost:3000/_next/static/chunks/node_modules_next_dist_0u_w_5s._.js:1945
[   81577ms] [ERROR] ./app/(app)/gradebook/page.tsx:256:6
Unterminated regexp literal
  254 |       </div>
  255 |
> 256 |     </div>
      |      ^^^^^
  257 |   )
  258 | }
  259 |

Parsing ecmascript source code failed

Import traces:
  Client Component Browser:
    ./app/(app)/gradebook/page.tsx [Client Component Browser]
    ./app/(app)/gradebook/page.tsx [Server Component]

  Client Component SSR:
    ./app/(app)/gradebook/page.tsx [Client Component SSR]
    ./app/(app)/gradebook/page.tsx [Server Component] @ http://localhost:3000/_next/static/chunks/node_modules_next_dist_0u_w_5s._.js:1945
[   81640ms] [ERROR] ./app/(app)/gradebook/page.tsx:256:6
Unterminated regexp literal
  254 |       </div>
  255 |
> 256 |     </div>
      |      ^^^^^
  257 |   )
  258 | }
  259 |

Parsing ecmascript source code failed

Import traces:
  Client Component Browser:
    ./app/(app)/gradebook/page.tsx [Client Component Browser]
    ./app/(app)/gradebook/page.tsx [Server Component]

  Client Component SSR:
    ./app/(app)/gradebook/page.tsx [Client Component SSR]
    ./app/(app)/gradebook/page.tsx [Server Component] @ http://localhost:3000/_next/static/chunks/node_modules_next_dist_0u_w_5s._.js:1945
[   81696ms] [ERROR] ./app/(app)/gradebook/page.tsx:256:6
Unterminated regexp literal
  254 |       </div>
  255 |
> 256 |     </div>
      |      ^^^^^
  257 |   )
  258 | }
  259 |

Parsing ecmascript source code failed

Import traces:
  Client Component Browser:
    ./app/(app)/gradebook/page.tsx [Client Component Browser]
    ./app/(app)/gradebook/page.tsx [Server Component]

  Client Component SSR:
    ./app/(app)/gradebook/page.tsx [Client Component SSR]
    ./app/(app)/gradebook/page.tsx [Server Component] @ http://localhost:3000/_next/static/chunks/node_modules_next_dist_0u_w_5s._.js:1945
[   81758ms] [ERROR] ./app/(app)/gradebook/page.tsx:256:6
Unterminated regexp literal
  254 |       </div>
  255 |
> 256 |     </div>
      |      ^^^^^
  257 |   )
  258 | }
  259 |

Parsing ecmascript source code failed

Import traces:
  Client Component Browser:
    ./app/(app)/gradebook/page.tsx [Client Component Browser]
    ./app/(app)/gradebook/page.tsx [Server Component]

  Client Component SSR:
    ./app/(app)/gradebook/page.tsx [Client Component SSR]
    ./app/(app)/gradebook/page.tsx [Server Component] @ http://localhost:3000/_next/static/chunks/node_modules_next_dist_0u_w_5s._.js:1945
[   81806ms] [ERROR] ./app/(app)/gradebook/page.tsx:256:6
Unterminated regexp literal
  254 |       </div>
  255 |
> 256 |     </div>
      |      ^^^^^
  257 |   )
  258 | }
  259 |

Parsing ecmascript source code failed

Import traces:
  Client Component Browser:
    ./app/(app)/gradebook/page.tsx [Client Component Browser]
    ./app/(app)/gradebook/page.tsx [Server Component]

  Client Component SSR:
    ./app/(app)/gradebook/page.tsx [Client Component SSR]
    ./app/(app)/gradebook/page.tsx [Server Component] @ http://localhost:3000/_next/static/chunks/node_modules_next_dist_0u_w_5s._.js:1945
[   81862ms] [ERROR] ./app/(app)/gradebook/page.tsx:256:6
Unterminated regexp literal
  254 |       </div>
  255 |
> 256 |     </div>
      |      ^^^^^
  257 |   )
  258 | }
  259 |

Parsing ecmascript source code failed

Import traces:
  Client Component Browser:
    ./app/(app)/gradebook/page.tsx [Client Component Browser]
    ./app/(app)/gradebook/page.tsx [Server Component]

  Client Component SSR:
    ./app/(app)/gradebook/page.tsx [Client Component SSR]
    ./app/(app)/gradebook/page.tsx [Server Component] @ http://localhost:3000/_next/static/chunks/node_modules_next_dist_0u_w_5s._.js:1945
[   81920ms] [ERROR] ./app/(app)/gradebook/page.tsx:256:6
Unterminated regexp literal
  254 |       </div>
  255 |
> 256 |     </div>
      |      ^^^^^
  257 |   )
  258 | }
  259 |

Parsing ecmascript source code failed

Import traces:
  Client Component Browser:
    ./app/(app)/gradebook/page.tsx [Client Component Browser]
    ./app/(app)/gradebook/page.tsx [Server Component]

  Client Component SSR:
    ./app/(app)/gradebook/page.tsx [Client Component SSR]
    ./app/(app)/gradebook/page.tsx [Server Component] @ http://localhost:3000/_next/static/chunks/node_modules_next_dist_0u_w_5s._.js:1945
[   81978ms] [ERROR] ./app/(app)/gradebook/page.tsx:256:6
Unterminated regexp literal
  254 |       </div>
  255 |
> 256 |     </div>
      |      ^^^^^
  257 |   )
  258 | }
  259 |

Parsing ecmascript source code failed

Import traces:
  Client Component Browser:
    ./app/(app)/gradebook/page.tsx [Client Component Browser]
    ./app/(app)/gradebook/page.tsx [Server Component]

  Client Component SSR:
    ./app/(app)/gradebook/page.tsx [Client Component SSR]
    ./app/(app)/gradebook/page.tsx [Server Component] @ http://localhost:3000/_next/static/chunks/node_modules_next_dist_0u_w_5s._.js:1945
[   82027ms] [ERROR] ./app/(app)/gradebook/page.tsx:256:6
Unterminated regexp literal
  254 |       </div>
  255 |
> 256 |     </div>
      |      ^^^^^
  257 |   )
  258 | }
  259 |

Parsing ecmascript source code failed

Import traces:
  Client Component Browser:
    ./app/(app)/gradebook/page.tsx [Client Component Browser]
    ./app/(app)/gradebook/page.tsx [Server Component]

  Client Component SSR:
    ./app/(app)/gradebook/page.tsx [Client Component SSR]
    ./app/(app)/gradebook/page.tsx [Server Component] @ http://localhost:3000/_next/static/chunks/node_modules_next_dist_0u_w_5s._.js:1945
[   82079ms] [ERROR] ./app/(app)/gradebook/page.tsx:256:6
Unterminated regexp literal
  254 |       </div>
  255 |
> 256 |     </div>
      |      ^^^^^
  257 |   )
  258 | }
  259 |

Parsing ecmascript source code failed

Import traces:
  Client Component Browser:
    ./app/(app)/gradebook/page.tsx [Client Component Browser]
    ./app/(app)/gradebook/page.tsx [Server Component]

  Client Component SSR:
    ./app/(app)/gradebook/page.tsx [Client Component SSR]
    ./app/(app)/gradebook/page.tsx [Server Component] @ http://localhost:3000/_next/static/chunks/node_modules_next_dist_0u_w_5s._.js:1945
[   82126ms] [ERROR] ./app/(app)/gradebook/page.tsx:256:6
Unterminated regexp literal
  254 |       </div>
  255 |
> 256 |     </div>
      |      ^^^^^
  257 |   )
  258 | }
  259 |

Parsing ecmascript source code failed

Import traces:
  Client Component Browser:
    ./app/(app)/gradebook/page.tsx [Client Component Browser]
    ./app/(app)/gradebook/page.tsx [Server Component]

  Client Component SSR:
    ./app/(app)/gradebook/page.tsx [Client Component SSR]
    ./app/(app)/gradebook/page.tsx [Server Component] @ http://localhost:3000/_next/static/chunks/node_modules_next_dist_0u_w_5s._.js:1945
[   82178ms] [ERROR] ./app/(app)/gradebook/page.tsx:256:6
Unterminated regexp literal
  254 |       </div>
  255 |
> 256 |     </div>
      |      ^^^^^
  257 |   )
  258 | }
  259 |

Parsing ecmascript source code failed

Import traces:
  Client Component Browser:
    ./app/(app)/gradebook/page.tsx [Client Component Browser]
    ./app/(app)/gradebook/page.tsx [Server Component]

  Client Component SSR:
    ./app/(app)/gradebook/page.tsx [Client Component SSR]
    ./app/(app)/gradebook/page.tsx [Server Component] @ http://localhost:3000/_next/static/chunks/node_modules_next_dist_0u_w_5s._.js:1945
[   82246ms] [ERROR] ./app/(app)/gradebook/page.tsx:256:6
Unterminated regexp literal
  254 |       </div>
  255 |
> 256 |     </div>
      |      ^^^^^
  257 |   )
  258 | }
  259 |

Parsing ecmascript source code failed

Import traces:
  Client Component Browser:
    ./app/(app)/gradebook/page.tsx [Client Component Browser]
    ./app/(app)/gradebook/page.tsx [Server Component]

  Client Component SSR:
    ./app/(app)/gradebook/page.tsx [Client Component SSR]
    ./app/(app)/gradebook/page.tsx [Server Component] @ http://localhost:3000/_next/static/chunks/node_modules_next_dist_0u_w_5s._.js:1945
[   82311ms] [ERROR] ./app/(app)/gradebook/page.tsx:256:6
Unterminated regexp literal
  254 |       </div>
  255 |
> 256 |     </div>
      |      ^^^^^
  257 |   )
  258 | }
  259 |

Parsing ecmascript source code failed

Import traces:
  Client Component Browser:
    ./app/(app)/gradebook/page.tsx [Client Component Browser]
    ./app/(app)/gradebook/page.tsx [Server Component]

  Client Component SSR:
    ./app/(app)/gradebook/page.tsx [Client Component SSR]
    ./app/(app)/gradebook/page.tsx [Server Component] @ http://localhost:3000/_next/static/chunks/node_modules_next_dist_0u_w_5s._.js:1945
[   82375ms] [ERROR] ./app/(app)/gradebook/page.tsx:256:6
Unterminated regexp literal
  254 |       </div>
  255 |
> 256 |     </div>
      |      ^^^^^
  257 |   )
  258 | }
  259 |

Parsing ecmascript source code failed

Import traces:
  Client Component Browser:
    ./app/(app)/gradebook/page.tsx [Client Component Browser]
    ./app/(app)/gradebook/page.tsx [Server Component]

  Client Component SSR:
    ./app/(app)/gradebook/page.tsx [Client Component SSR]
    ./app/(app)/gradebook/page.tsx [Server Component] @ http://localhost:3000/_next/static/chunks/node_modules_next_dist_0u_w_5s._.js:1945
[   82429ms] [ERROR] ./app/(app)/gradebook/page.tsx:256:6
Unterminated regexp literal
  254 |       </div>
  255 |
> 256 |     </div>
      |      ^^^^^
  257 |   )
  258 | }
  259 |

Parsing ecmascript source code failed

Import traces:
  Client Component Browser:
    ./app/(app)/gradebook/page.tsx [Client Component Browser]
    ./app/(app)/gradebook/page.tsx [Server Component]

  Client Component SSR:
    ./app/(app)/gradebook/page.tsx [Client Component SSR]
    ./app/(app)/gradebook/page.tsx [Server Component] @ http://localhost:3000/_next/static/chunks/node_modules_next_dist_0u_w_5s._.js:1945
[   82487ms] [ERROR] ./app/(app)/gradebook/page.tsx:256:6
Unterminated regexp literal
  254 |       </div>
  255 |
> 256 |     </div>
      |      ^^^^^
  257 |   )
  258 | }
  259 |

Parsing ecmascript source code failed

Import traces:
  Client Component Browser:
    ./app/(app)/gradebook/page.tsx [Client Component Browser]
    ./app/(app)/gradebook/page.tsx [Server Component]

  Client Component SSR:
    ./app/(app)/gradebook/page.tsx [Client Component SSR]
    ./app/(app)/gradebook/page.tsx [Server Component] @ http://localhost:3000/_next/static/chunks/node_modules_next_dist_0u_w_5s._.js:1945
[   82553ms] [ERROR] ./app/(app)/gradebook/page.tsx:256:6
Unterminated regexp literal
  254 |       </div>
  255 |
> 256 |     </div>
      |      ^^^^^
  257 |   )
  258 | }
  259 |

Parsing ecmascript source code failed

Import traces:
  Client Component Browser:
    ./app/(app)/gradebook/page.tsx [Client Component Browser]
    ./app/(app)/gradebook/page.tsx [Server Component]

  Client Component SSR:
    ./app/(app)/gradebook/page.tsx [Client Component SSR]
    ./app/(app)/gradebook/page.tsx [Server Component] @ http://localhost:3000/_next/static/chunks/node_modules_next_dist_0u_w_5s._.js:1945
[   82612ms] [ERROR] ./app/(app)/gradebook/page.tsx:256:6
Unterminated regexp literal
  254 |       </div>
  255 |
> 256 |     </div>
      |      ^^^^^
  257 |   )
  258 | }
  259 |

Parsing ecmascript source code failed

Import traces:
  Client Component Browser:
    ./app/(app)/gradebook/page.tsx [Client Component Browser]
    ./app/(app)/gradebook/page.tsx [Server Component]

  Client Component SSR:
    ./app/(app)/gradebook/page.tsx [Client Component SSR]
    ./app/(app)/gradebook/page.tsx [Server Component] @ http://localhost:3000/_next/static/chunks/node_modules_next_dist_0u_w_5s._.js:1945
[   82674ms] [ERROR] ./app/(app)/gradebook/page.tsx:256:6
Unterminated regexp literal
  254 |       </div>
  255 |
> 256 |     </div>
      |      ^^^^^
  257 |   )
  258 | }
  259 |

Parsing ecmascript source code failed

Import traces:
  Client Component Browser:
    ./app/(app)/gradebook/page.tsx [Client Component Browser]
    ./app/(app)/gradebook/page.tsx [Server Component]

  Client Component SSR:
    ./app/(app)/gradebook/page.tsx [Client Component SSR]
    ./app/(app)/gradebook/page.tsx [Server Component] @ http://localhost:3000/_next/static/chunks/node_modules_next_dist_0u_w_5s._.js:1945
[   82729ms] [ERROR] ./app/(app)/gradebook/page.tsx:256:6
Unterminated regexp literal
  254 |       </div>
  255 |
> 256 |     </div>
      |      ^^^^^
  257 |   )
  258 | }
  259 |

Parsing ecmascript source code failed

Import traces:
  Client Component Browser:
    ./app/(app)/gradebook/page.tsx [Client Component Browser]
    ./app/(app)/gradebook/page.tsx [Server Component]

  Client Component SSR:
    ./app/(app)/gradebook/page.tsx [Client Component SSR]
    ./app/(app)/gradebook/page.tsx [Server Component] @ http://localhost:3000/_next/static/chunks/node_modules_next_dist_0u_w_5s._.js:1945
[   82779ms] [ERROR] ./app/(app)/gradebook/page.tsx:256:6
Unterminated regexp literal
  254 |       </div>
  255 |
> 256 |     </div>
      |      ^^^^^
  257 |   )
  258 | }
  259 |

Parsing ecmascript source code failed

Import traces:
  Client Component Browser:
    ./app/(app)/gradebook/page.tsx [Client Component Browser]
    ./app/(app)/gradebook/page.tsx [Server Component]

  Client Component SSR:
    ./app/(app)/gradebook/page.tsx [Client Component SSR]
    ./app/(app)/gradebook/page.tsx [Server Component] @ http://localhost:3000/_next/static/chunks/node_modules_next_dist_0u_w_5s._.js:1945
[   82829ms] [ERROR] ./app/(app)/gradebook/page.tsx:256:6
Unterminated regexp literal
  254 |       </div>
  255 |
> 256 |     </div>
      |      ^^^^^
  257 |   )
  258 | }
  259 |

Parsing ecmascript source code failed

Import traces:
  Client Component Browser:
    ./app/(app)/gradebook/page.tsx [Client Component Browser]
    ./app/(app)/gradebook/page.tsx [Server Component]

  Client Component SSR:
    ./app/(app)/gradebook/page.tsx [Client Component SSR]
    ./app/(app)/gradebook/page.tsx [Server Component] @ http://localhost:3000/_next/static/chunks/node_modules_next_dist_0u_w_5s._.js:1945
[   82889ms] [ERROR] ./app/(app)/gradebook/page.tsx:256:6
Unterminated regexp literal
  254 |       </div>
  255 |
> 256 |     </div>
      |      ^^^^^
  257 |   )
  258 | }
  259 |

Parsing ecmascript source code failed

Import traces:
  Client Component Browser:
    ./app/(app)/gradebook/page.tsx [Client Component Browser]
    ./app/(app)/gradebook/page.tsx [Server Component]

  Client Component SSR:
    ./app/(app)/gradebook/page.tsx [Client Component SSR]
    ./app/(app)/gradebook/page.tsx [Server Component] @ http://localhost:3000/_next/static/chunks/node_modules_next_dist_0u_w_5s._.js:1945
[   82945ms] [ERROR] ./app/(app)/gradebook/page.tsx:256:6
Unterminated regexp literal
  254 |       </div>
  255 |
> 256 |     </div>
      |      ^^^^^
  257 |   )
  258 | }
  259 |

Parsing ecmascript source code failed

Import traces:
  Client Component Browser:
    ./app/(app)/gradebook/page.tsx [Client Component Browser]
    ./app/(app)/gradebook/page.tsx [Server Component]

  Client Component SSR:
    ./app/(app)/gradebook/page.tsx [Client Component SSR]
    ./app/(app)/gradebook/page.tsx [Server Component] @ http://localhost:3000/_next/static/chunks/node_modules_next_dist_0u_w_5s._.js:1945
[   83004ms] [ERROR] ./app/(app)/gradebook/page.tsx:256:6
Unterminated regexp literal
  254 |       </div>
  255 |
> 256 |     </div>
      |      ^^^^^
  257 |   )
  258 | }
  259 |

Parsing ecmascript source code failed

Import traces:
  Client Component Browser:
    ./app/(app)/gradebook/page.tsx [Client Component Browser]
    ./app/(app)/gradebook/page.tsx [Server Component]

  Client Component SSR:
    ./app/(app)/gradebook/page.tsx [Client Component SSR]
    ./app/(app)/gradebook/page.tsx [Server Component] @ http://localhost:3000/_next/static/chunks/node_modules_next_dist_0u_w_5s._.js:1945
[   83062ms] [ERROR] ./app/(app)/gradebook/page.tsx:256:6
Unterminated regexp literal
  254 |       </div>
  255 |
> 256 |     </div>
      |      ^^^^^
  257 |   )
  258 | }
  259 |

Parsing ecmascript source code failed

Import traces:
  Client Component Browser:
    ./app/(app)/gradebook/page.tsx [Client Component Browser]
    ./app/(app)/gradebook/page.tsx [Server Component]

  Client Component SSR:
    ./app/(app)/gradebook/page.tsx [Client Component SSR]
    ./app/(app)/gradebook/page.tsx [Server Component] @ http://localhost:3000/_next/static/chunks/node_modules_next_dist_0u_w_5s._.js:1945
[   83106ms] [ERROR] ./app/(app)/gradebook/page.tsx:256:6
Unterminated regexp literal
  254 |       </div>
  255 |
> 256 |     </div>
      |      ^^^^^
  257 |   )
  258 | }
  259 |

Parsing ecmascript source code failed

Import traces:
  Client Component Browser:
    ./app/(app)/gradebook/page.tsx [Client Component Browser]
    ./app/(app)/gradebook/page.tsx [Server Component]

  Client Component SSR:
    ./app/(app)/gradebook/page.tsx [Client Component SSR]
    ./app/(app)/gradebook/page.tsx [Server Component] @ http://localhost:3000/_next/static/chunks/node_modules_next_dist_0u_w_5s._.js:1945
[   83157ms] [ERROR] ./app/(app)/gradebook/page.tsx:256:6
Unterminated regexp literal
  254 |       </div>
  255 |
> 256 |     </div>
      |      ^^^^^
  257 |   )
  258 | }
  259 |

Parsing ecmascript source code failed

Import traces:
  Client Component Browser:
    ./app/(app)/gradebook/page.tsx [Client Component Browser]
    ./app/(app)/gradebook/page.tsx [Server Component]

  Client Component SSR:
    ./app/(app)/gradebook/page.tsx [Client Component SSR]
    ./app/(app)/gradebook/page.tsx [Server Component] @ http://localhost:3000/_next/static/chunks/node_modules_next_dist_0u_w_5s._.js:1945
[   83206ms] [ERROR] ./app/(app)/gradebook/page.tsx:256:6
Unterminated regexp literal
  254 |       </div>
  255 |
> 256 |     </div>
      |      ^^^^^
  257 |   )
  258 | }
  259 |

Parsing ecmascript source code failed

Import traces:
  Client Component Browser:
    ./app/(app)/gradebook/page.tsx [Client Component Browser]
    ./app/(app)/gradebook/page.tsx [Server Component]

  Client Component SSR:
    ./app/(app)/gradebook/page.tsx [Client Component SSR]
    ./app/(app)/gradebook/page.tsx [Server Component] @ http://localhost:3000/_next/static/chunks/node_modules_next_dist_0u_w_5s._.js:1945
[   83254ms] [ERROR] ./app/(app)/gradebook/page.tsx:256:6
Unterminated regexp literal
  254 |       </div>
  255 |
> 256 |     </div>
      |      ^^^^^
  257 |   )
  258 | }
  259 |

Parsing ecmascript source code failed

Import traces:
  Client Component Browser:
    ./app/(app)/gradebook/page.tsx [Client Component Browser]
    ./app/(app)/gradebook/page.tsx [Server Component]

  Client Component SSR:
    ./app/(app)/gradebook/page.tsx [Client Component SSR]
    ./app/(app)/gradebook/page.tsx [Server Component] @ http://localhost:3000/_next/static/chunks/node_modules_next_dist_0u_w_5s._.js:1945
[   83312ms] [ERROR] ./app/(app)/gradebook/page.tsx:256:6
Unterminated regexp literal
  254 |       </div>
  255 |
> 256 |     </div>
      |      ^^^^^
  257 |   )
  258 | }
  259 |

Parsing ecmascript source code failed

Import traces:
  Client Component Browser:
    ./app/(app)/gradebook/page.tsx [Client Component Browser]
    ./app/(app)/gradebook/page.tsx [Server Component]

  Client Component SSR:
    ./app/(app)/gradebook/page.tsx [Client Component SSR]
    ./app/(app)/gradebook/page.tsx [Server Component] @ http://localhost:3000/_next/static/chunks/node_modules_next_dist_0u_w_5s._.js:1945
[   83368ms] [ERROR] ./app/(app)/gradebook/page.tsx:256:6
Unterminated regexp literal
  254 |       </div>
  255 |
> 256 |     </div>
      |      ^^^^^
  257 |   )
  258 | }
  259 |

Parsing ecmascript source code failed

Import traces:
  Client Component Browser:
    ./app/(app)/gradebook/page.tsx [Client Component Browser]
    ./app/(app)/gradebook/page.tsx [Server Component]

  Client Component SSR:
    ./app/(app)/gradebook/page.tsx [Client Component SSR]
    ./app/(app)/gradebook/page.tsx [Server Component] @ http://localhost:3000/_next/static/chunks/node_modules_next_dist_0u_w_5s._.js:1945
[   83429ms] [ERROR] ./app/(app)/gradebook/page.tsx:256:6
Unterminated regexp literal
  254 |       </div>
  255 |
> 256 |     </div>
      |      ^^^^^
  257 |   )
  258 | }
  259 |

Parsing ecmascript source code failed

Import traces:
  Client Component Browser:
    ./app/(app)/gradebook/page.tsx [Client Component Browser]
    ./app/(app)/gradebook/page.tsx [Server Component]

  Client Component SSR:
    ./app/(app)/gradebook/page.tsx [Client Component SSR]
    ./app/(app)/gradebook/page.tsx [Server Component] @ http://localhost:3000/_next/static/chunks/node_modules_next_dist_0u_w_5s._.js:1945
[   83487ms] [ERROR] ./app/(app)/gradebook/page.tsx:256:6
Unterminated regexp literal
  254 |       </div>
  255 |
> 256 |     </div>
      |      ^^^^^
  257 |   )
  258 | }
  259 |

Parsing ecmascript source code failed

Import traces:
  Client Component Browser:
    ./app/(app)/gradebook/page.tsx [Client Component Browser]
    ./app/(app)/gradebook/page.tsx [Server Component]

  Client Component SSR:
    ./app/(app)/gradebook/page.tsx [Client Component SSR]
    ./app/(app)/gradebook/page.tsx [Server Component] @ http://localhost:3000/_next/static/chunks/node_modules_next_dist_0u_w_5s._.js:1945
[   83550ms] [ERROR] ./app/(app)/gradebook/page.tsx:256:6
Unterminated regexp literal
  254 |       </div>
  255 |
> 256 |     </div>
      |      ^^^^^
  257 |   )
  258 | }
  259 |

Parsing ecmascript source code failed

Import traces:
  Client Component Browser:
    ./app/(app)/gradebook/page.tsx [Client Component Browser]
    ./app/(app)/gradebook/page.tsx [Server Component]

  Client Component SSR:
    ./app/(app)/gradebook/page.tsx [Client Component SSR]
    ./app/(app)/gradebook/page.tsx [Server Component] @ http://localhost:3000/_next/static/chunks/node_modules_next_dist_0u_w_5s._.js:1945
[   83628ms] [ERROR] ./app/(app)/gradebook/page.tsx:256:6
Unterminated regexp literal
  254 |       </div>
  255 |
> 256 |     </div>
      |      ^^^^^
  257 |   )
  258 | }
  259 |

Parsing ecmascript source code failed

Import traces:
  Client Component Browser:
    ./app/(app)/gradebook/page.tsx [Client Component Browser]
    ./app/(app)/gradebook/page.tsx [Server Component]

  Client Component SSR:
    ./app/(app)/gradebook/page.tsx [Client Component SSR]
    ./app/(app)/gradebook/page.tsx [Server Component] @ http://localhost:3000/_next/static/chunks/node_modules_next_dist_0u_w_5s._.js:1945
[   83687ms] [ERROR] ./app/(app)/gradebook/page.tsx:256:6
Unterminated regexp literal
  254 |       </div>
  255 |
> 256 |     </div>
      |      ^^^^^
  257 |   )
  258 | }
  259 |

Parsing ecmascript source code failed

Import traces:
  Client Component Browser:
    ./app/(app)/gradebook/page.tsx [Client Component Browser]
    ./app/(app)/gradebook/page.tsx [Server Component]

  Client Component SSR:
    ./app/(app)/gradebook/page.tsx [Client Component SSR]
    ./app/(app)/gradebook/page.tsx [Server Component] @ http://localhost:3000/_next/static/chunks/node_modules_next_dist_0u_w_5s._.js:1945
[   83746ms] [ERROR] ./app/(app)/gradebook/page.tsx:256:6
Unterminated regexp literal
  254 |       </div>
  255 |
> 256 |     </div>
      |      ^^^^^
  257 |   )
  258 | }
  259 |

Parsing ecmascript source code failed

Import traces:
  Client Component Browser:
    ./app/(app)/gradebook/page.tsx [Client Component Browser]
    ./app/(app)/gradebook/page.tsx [Server Component]

  Client Component SSR:
    ./app/(app)/gradebook/page.tsx [Client Component SSR]
    ./app/(app)/gradebook/page.tsx [Server Component] @ http://localhost:3000/_next/static/chunks/node_modules_next_dist_0u_w_5s._.js:1945
[   83804ms] [ERROR] ./app/(app)/gradebook/page.tsx:256:6
Unterminated regexp literal
  254 |       </div>
  255 |
> 256 |     </div>
      |      ^^^^^
  257 |   )
  258 | }
  259 |

Parsing ecmascript source code failed

Import traces:
  Client Component Browser:
    ./app/(app)/gradebook/page.tsx [Client Component Browser]
    ./app/(app)/gradebook/page.tsx [Server Component]

  Client Component SSR:
    ./app/(app)/gradebook/page.tsx [Client Component SSR]
    ./app/(app)/gradebook/page.tsx [Server Component] @ http://localhost:3000/_next/static/chunks/node_modules_next_dist_0u_w_5s._.js:1945
[   83854ms] [ERROR] ./app/(app)/gradebook/page.tsx:256:6
Unterminated regexp literal
  254 |       </div>
  255 |
> 256 |     </div>
      |      ^^^^^
  257 |   )
  258 | }
  259 |

Parsing ecmascript source code failed

Import traces:
  Client Component Browser:
    ./app/(app)/gradebook/page.tsx [Client Component Browser]
    ./app/(app)/gradebook/page.tsx [Server Component]

  Client Component SSR:
    ./app/(app)/gradebook/page.tsx [Client Component SSR]
    ./app/(app)/gradebook/page.tsx [Server Component] @ http://localhost:3000/_next/static/chunks/node_modules_next_dist_0u_w_5s._.js:1945
[   83913ms] [ERROR] ./app/(app)/gradebook/page.tsx:256:6
Unterminated regexp literal
  254 |       </div>
  255 |
> 256 |     </div>
      |      ^^^^^
  257 |   )
  258 | }
  259 |

Parsing ecmascript source code failed

Import traces:
  Client Component Browser:
    ./app/(app)/gradebook/page.tsx [Client Component Browser]
    ./app/(app)/gradebook/page.tsx [Server Component]

  Client Component SSR:
    ./app/(app)/gradebook/page.tsx [Client Component SSR]
    ./app/(app)/gradebook/page.tsx [Server Component] @ http://localhost:3000/_next/static/chunks/node_modules_next_dist_0u_w_5s._.js:1945
[   83969ms] [ERROR] ./app/(app)/gradebook/page.tsx:256:6
Unterminated regexp literal
  254 |       </div>
  255 |
> 256 |     </div>
      |      ^^^^^
  257 |   )
  258 | }
  259 |

Parsing ecmascript source code failed

Import traces:
  Client Component Browser:
    ./app/(app)/gradebook/page.tsx [Client Component Browser]
    ./app/(app)/gradebook/page.tsx [Server Component]

  Client Component SSR:
    ./app/(app)/gradebook/page.tsx [Client Component SSR]
    ./app/(app)/gradebook/page.tsx [Server Component] @ http://localhost:3000/_next/static/chunks/node_modules_next_dist_0u_w_5s._.js:1945
[   84029ms] [ERROR] ./app/(app)/gradebook/page.tsx:256:6
Unterminated regexp literal
  254 |       </div>
  255 |
> 256 |     </div>
      |      ^^^^^
  257 |   )
  258 | }
  259 |

Parsing ecmascript source code failed

Import traces:
  Client Component Browser:
    ./app/(app)/gradebook/page.tsx [Client Component Browser]
    ./app/(app)/gradebook/page.tsx [Server Component]

  Client Component SSR:
    ./app/(app)/gradebook/page.tsx [Client Component SSR]
    ./app/(app)/gradebook/page.tsx [Server Component] @ http://localhost:3000/_next/static/chunks/node_modules_next_dist_0u_w_5s._.js:1945
[   84079ms] [ERROR] ./app/(app)/gradebook/page.tsx:256:6
Unterminated regexp literal
  254 |       </div>
  255 |
> 256 |     </div>
      |      ^^^^^
  257 |   )
  258 | }
  259 |

Parsing ecmascript source code failed

Import traces:
  Client Component Browser:
    ./app/(app)/gradebook/page.tsx [Client Component Browser]
    ./app/(app)/gradebook/page.tsx [Server Component]

  Client Component SSR:
    ./app/(app)/gradebook/page.tsx [Client Component SSR]
    ./app/(app)/gradebook/page.tsx [Server Component] @ http://localhost:3000/_next/static/chunks/node_modules_next_dist_0u_w_5s._.js:1945
[   84142ms] [ERROR] ./app/(app)/gradebook/page.tsx:256:6
Unterminated regexp literal
  254 |       </div>
  255 |
> 256 |     </div>
      |      ^^^^^
  257 |   )
  258 | }
  259 |

Parsing ecmascript source code failed

Import traces:
  Client Component Browser:
    ./app/(app)/gradebook/page.tsx [Client Component Browser]
    ./app/(app)/gradebook/page.tsx [Server Component]

  Client Component SSR:
    ./app/(app)/gradebook/page.tsx [Client Component SSR]
    ./app/(app)/gradebook/page.tsx [Server Component] @ http://localhost:3000/_next/static/chunks/node_modules_next_dist_0u_w_5s._.js:1945
[   84190ms] [ERROR] ./app/(app)/gradebook/page.tsx:256:6
Unterminated regexp literal
  254 |       </div>
  255 |
> 256 |     </div>
      |      ^^^^^
  257 |   )
  258 | }
  259 |

Parsing ecmascript source code failed

Import traces:
  Client Component Browser:
    ./app/(app)/gradebook/page.tsx [Client Component Browser]
    ./app/(app)/gradebook/page.tsx [Server Component]

  Client Component SSR:
    ./app/(app)/gradebook/page.tsx [Client Component SSR]
    ./app/(app)/gradebook/page.tsx [Server Component] @ http://localhost:3000/_next/static/chunks/node_modules_next_dist_0u_w_5s._.js:1945
[   84240ms] [ERROR] ./app/(app)/gradebook/page.tsx:256:6
Unterminated regexp literal
  254 |       </div>
  255 |
> 256 |     </div>
      |      ^^^^^
  257 |   )
  258 | }
  259 |

Parsing ecmascript source code failed

Import traces:
  Client Component Browser:
    ./app/(app)/gradebook/page.tsx [Client Component Browser]
    ./app/(app)/gradebook/page.tsx [Server Component]

  Client Component SSR:
    ./app/(app)/gradebook/page.tsx [Client Component SSR]
    ./app/(app)/gradebook/page.tsx [Server Component] @ http://localhost:3000/_next/static/chunks/node_modules_next_dist_0u_w_5s._.js:1945
[   84297ms] [ERROR] ./app/(app)/gradebook/page.tsx:256:6
Unterminated regexp literal
  254 |       </div>
  255 |
> 256 |     </div>
      |      ^^^^^
  257 |   )
  258 | }
  259 |

Parsing ecmascript source code failed

Import traces:
  Client Component Browser:
    ./app/(app)/gradebook/page.tsx [Client Component Browser]
    ./app/(app)/gradebook/page.tsx [Server Component]

  Client Component SSR:
    ./app/(app)/gradebook/page.tsx [Client Component SSR]
    ./app/(app)/gradebook/page.tsx [Server Component] @ http://localhost:3000/_next/static/chunks/node_modules_next_dist_0u_w_5s._.js:1945
[   84353ms] [ERROR] ./app/(app)/gradebook/page.tsx:256:6
Unterminated regexp literal
  254 |       </div>
  255 |
> 256 |     </div>
      |      ^^^^^
  257 |   )
  258 | }
  259 |

Parsing ecmascript source code failed

Import traces:
  Client Component Browser:
    ./app/(app)/gradebook/page.tsx [Client Component Browser]
    ./app/(app)/gradebook/page.tsx [Server Component]

  Client Component SSR:
    ./app/(app)/gradebook/page.tsx [Client Component SSR]
    ./app/(app)/gradebook/page.tsx [Server Component] @ http://localhost:3000/_next/static/chunks/node_modules_next_dist_0u_w_5s._.js:1945
[   84404ms] [ERROR] ./app/(app)/gradebook/page.tsx:256:6
Unterminated regexp literal
  254 |       </div>
  255 |
> 256 |     </div>
      |      ^^^^^
  257 |   )
  258 | }
  259 |

Parsing ecmascript source code failed

Import traces:
  Client Component Browser:
    ./app/(app)/gradebook/page.tsx [Client Component Browser]
    ./app/(app)/gradebook/page.tsx [Server Component]

  Client Component SSR:
    ./app/(app)/gradebook/page.tsx [Client Component SSR]
    ./app/(app)/gradebook/page.tsx [Server Component] @ http://localhost:3000/_next/static/chunks/node_modules_next_dist_0u_w_5s._.js:1945
[   84460ms] [ERROR] ./app/(app)/gradebook/page.tsx:256:6
Unterminated regexp literal
  254 |       </div>
  255 |
> 256 |     </div>
      |      ^^^^^
  257 |   )
  258 | }
  259 |

Parsing ecmascript source code failed

Import traces:
  Client Component Browser:
    ./app/(app)/gradebook/page.tsx [Client Component Browser]
    ./app/(app)/gradebook/page.tsx [Server Component]

  Client Component SSR:
    ./app/(app)/gradebook/page.tsx [Client Component SSR]
    ./app/(app)/gradebook/page.tsx [Server Component] @ http://localhost:3000/_next/static/chunks/node_modules_next_dist_0u_w_5s._.js:1945
[   84524ms] [ERROR] ./app/(app)/gradebook/page.tsx:256:6
Unterminated regexp literal
  254 |       </div>
  255 |
> 256 |     </div>
      |      ^^^^^
  257 |   )
  258 | }
  259 |

Parsing ecmascript source code failed

Import traces:
  Client Component Browser:
    ./app/(app)/gradebook/page.tsx [Client Component Browser]
    ./app/(app)/gradebook/page.tsx [Server Component]

  Client Component SSR:
    ./app/(app)/gradebook/page.tsx [Client Component SSR]
    ./app/(app)/gradebook/page.tsx [Server Component] @ http://localhost:3000/_next/static/chunks/node_modules_next_dist_0u_w_5s._.js:1945
[   84580ms] [ERROR] ./app/(app)/gradebook/page.tsx:256:6
Unterminated regexp literal
  254 |       </div>
  255 |
> 256 |     </div>
      |      ^^^^^
  257 |   )
  258 | }
  259 |

Parsing ecmascript source code failed

Import traces:
  Client Component Browser:
    ./app/(app)/gradebook/page.tsx [Client Component Browser]
    ./app/(app)/gradebook/page.tsx [Server Component]

  Client Component SSR:
    ./app/(app)/gradebook/page.tsx [Client Component SSR]
    ./app/(app)/gradebook/page.tsx [Server Component] @ http://localhost:3000/_next/static/chunks/node_modules_next_dist_0u_w_5s._.js:1945
[   84639ms] [ERROR] ./app/(app)/gradebook/page.tsx:256:6
Unterminated regexp literal
  254 |       </div>
  255 |
> 256 |     </div>
      |      ^^^^^
  257 |   )
  258 | }
  259 |

Parsing ecmascript source code failed

Import traces:
  Client Component Browser:
    ./app/(app)/gradebook/page.tsx [Client Component Browser]
    ./app/(app)/gradebook/page.tsx [Server Component]

  Client Component SSR:
    ./app/(app)/gradebook/page.tsx [Client Component SSR]
    ./app/(app)/gradebook/page.tsx [Server Component] @ http://localhost:3000/_next/static/chunks/node_modules_next_dist_0u_w_5s._.js:1945
[   84698ms] [ERROR] ./app/(app)/gradebook/page.tsx:256:6
Unterminated regexp literal
  254 |       </div>
  255 |
> 256 |     </div>
      |      ^^^^^
  257 |   )
  258 | }
  259 |

Parsing ecmascript source code failed

Import traces:
  Client Component Browser:
    ./app/(app)/gradebook/page.tsx [Client Component Browser]
    ./app/(app)/gradebook/page.tsx [Server Component]

  Client Component SSR:
    ./app/(app)/gradebook/page.tsx [Client Component SSR]
    ./app/(app)/gradebook/page.tsx [Server Component] @ http://localhost:3000/_next/static/chunks/node_modules_next_dist_0u_w_5s._.js:1945
[   84753ms] [ERROR] ./app/(app)/gradebook/page.tsx:256:6
Unterminated regexp literal
  254 |       </div>
  255 |
> 256 |     </div>
      |      ^^^^^
  257 |   )
  258 | }
  259 |

Parsing ecmascript source code failed

Import traces:
  Client Component Browser:
    ./app/(app)/gradebook/page.tsx [Client Component Browser]
    ./app/(app)/gradebook/page.tsx [Server Component]

  Client Component SSR:
    ./app/(app)/gradebook/page.tsx [Client Component SSR]
    ./app/(app)/gradebook/page.tsx [Server Component] @ http://localhost:3000/_next/static/chunks/node_modules_next_dist_0u_w_5s._.js:1945
[   84811ms] [ERROR] ./app/(app)/gradebook/page.tsx:256:6
Unterminated regexp literal
  254 |       </div>
  255 |
> 256 |     </div>
      |      ^^^^^
  257 |   )
  258 | }
  259 |

Parsing ecmascript source code failed

Import traces:
  Client Component Browser:
    ./app/(app)/gradebook/page.tsx [Client Component Browser]
    ./app/(app)/gradebook/page.tsx [Server Component]

  Client Component SSR:
    ./app/(app)/gradebook/page.tsx [Client Component SSR]
    ./app/(app)/gradebook/page.tsx [Server Component] @ http://localhost:3000/_next/static/chunks/node_modules_next_dist_0u_w_5s._.js:1945
[   84868ms] [ERROR] ./app/(app)/gradebook/page.tsx:256:6
Unterminated regexp literal
  254 |       </div>
  255 |
> 256 |     </div>
      |      ^^^^^
  257 |   )
  258 | }
  259 |

Parsing ecmascript source code failed

Import traces:
  Client Component Browser:
    ./app/(app)/gradebook/page.tsx [Client Component Browser]
    ./app/(app)/gradebook/page.tsx [Server Component]

  Client Component SSR:
    ./app/(app)/gradebook/page.tsx [Client Component SSR]
    ./app/(app)/gradebook/page.tsx [Server Component] @ http://localhost:3000/_next/static/chunks/node_modules_next_dist_0u_w_5s._.js:1945
[   84931ms] [ERROR] ./app/(app)/gradebook/page.tsx:256:6
Unterminated regexp literal
  254 |       </div>
  255 |
> 256 |     </div>
      |      ^^^^^
  257 |   )
  258 | }
  259 |

Parsing ecmascript source code failed

Import traces:
  Client Component Browser:
    ./app/(app)/gradebook/page.tsx [Client Component Browser]
    ./app/(app)/gradebook/page.tsx [Server Component]

  Client Component SSR:
    ./app/(app)/gradebook/page.tsx [Client Component SSR]
    ./app/(app)/gradebook/page.tsx [Server Component] @ http://localhost:3000/_next/static/chunks/node_modules_next_dist_0u_w_5s._.js:1945
[   84979ms] [ERROR] ./app/(app)/gradebook/page.tsx:256:6
Unterminated regexp literal
  254 |       </div>
  255 |
> 256 |     </div>
      |      ^^^^^
  257 |   )
  258 | }
  259 |

Parsing ecmascript source code failed

Import traces:
  Client Component Browser:
    ./app/(app)/gradebook/page.tsx [Client Component Browser]
    ./app/(app)/gradebook/page.tsx [Server Component]

  Client Component SSR:
    ./app/(app)/gradebook/page.tsx [Client Component SSR]
    ./app/(app)/gradebook/page.tsx [Server Component] @ http://localhost:3000/_next/static/chunks/node_modules_next_dist_0u_w_5s._.js:1945
[   85029ms] [ERROR] ./app/(app)/gradebook/page.tsx:256:6
Unterminated regexp literal
  254 |       </div>
  255 |
> 256 |     </div>
      |      ^^^^^
  257 |   )
  258 | }
  259 |

Parsing ecmascript source code failed

Import traces:
  Client Component Browser:
    ./app/(app)/gradebook/page.tsx [Client Component Browser]
    ./app/(app)/gradebook/page.tsx [Server Component]

  Client Component SSR:
    ./app/(app)/gradebook/page.tsx [Client Component SSR]
    ./app/(app)/gradebook/page.tsx [Server Component] @ http://localhost:3000/_next/static/chunks/node_modules_next_dist_0u_w_5s._.js:1945
[   85108ms] [ERROR] ./app/(app)/gradebook/page.tsx:256:6
Unterminated regexp literal
  254 |       </div>
  255 |
> 256 |     </div>
      |      ^^^^^
  257 |   )
  258 | }
  259 |

Parsing ecmascript source code failed

Import traces:
  Client Component Browser:
    ./app/(app)/gradebook/page.tsx [Client Component Browser]
    ./app/(app)/gradebook/page.tsx [Server Component]

  Client Component SSR:
    ./app/(app)/gradebook/page.tsx [Client Component SSR]
    ./app/(app)/gradebook/page.tsx [Server Component] @ http://localhost:3000/_next/static/chunks/node_modules_next_dist_0u_w_5s._.js:1945
[   85163ms] [ERROR] ./app/(app)/gradebook/page.tsx:256:6
Unterminated regexp literal
  254 |       </div>
  255 |
> 256 |     </div>
      |      ^^^^^
  257 |   )
  258 | }
  259 |

Parsing ecmascript source code failed

Import traces:
  Client Component Browser:
    ./app/(app)/gradebook/page.tsx [Client Component Browser]
    ./app/(app)/gradebook/page.tsx [Server Component]

  Client Component SSR:
    ./app/(app)/gradebook/page.tsx [Client Component SSR]
    ./app/(app)/gradebook/page.tsx [Server Component] @ http://localhost:3000/_next/static/chunks/node_modules_next_dist_0u_w_5s._.js:1945
[   85226ms] [ERROR] ./app/(app)/gradebook/page.tsx:256:6
Unterminated regexp literal
  254 |       </div>
  255 |
> 256 |     </div>
      |      ^^^^^
  257 |   )
  258 | }
  259 |

Parsing ecmascript source code failed

Import traces:
  Client Component Browser:
    ./app/(app)/gradebook/page.tsx [Client Component Browser]
    ./app/(app)/gradebook/page.tsx [Server Component]

  Client Component SSR:
    ./app/(app)/gradebook/page.tsx [Client Component SSR]
    ./app/(app)/gradebook/page.tsx [Server Component] @ http://localhost:3000/_next/static/chunks/node_modules_next_dist_0u_w_5s._.js:1945
[   85283ms] [ERROR] ./app/(app)/gradebook/page.tsx:256:6
Unterminated regexp literal
  254 |       </div>
  255 |
> 256 |     </div>
      |      ^^^^^
  257 |   )
  258 | }
  259 |

Parsing ecmascript source code failed

Import traces:
  Client Component Browser:
    ./app/(app)/gradebook/page.tsx [Client Component Browser]
    ./app/(app)/gradebook/page.tsx [Server Component]

  Client Component SSR:
    ./app/(app)/gradebook/page.tsx [Client Component SSR]
    ./app/(app)/gradebook/page.tsx [Server Component] @ http://localhost:3000/_next/static/chunks/node_modules_next_dist_0u_w_5s._.js:1945
[   85330ms] [ERROR] ./app/(app)/gradebook/page.tsx:256:6
Unterminated regexp literal
  254 |       </div>
  255 |
> 256 |     </div>
      |      ^^^^^
  257 |   )
  258 | }
  259 |

Parsing ecmascript source code failed

Import traces:
  Client Component Browser:
    ./app/(app)/gradebook/page.tsx [Client Component Browser]
    ./app/(app)/gradebook/page.tsx [Server Component]

  Client Component SSR:
    ./app/(app)/gradebook/page.tsx [Client Component SSR]
    ./app/(app)/gradebook/page.tsx [Server Component] @ http://localhost:3000/_next/static/chunks/node_modules_next_dist_0u_w_5s._.js:1945
[   85379ms] [ERROR] ./app/(app)/gradebook/page.tsx:256:6
Unterminated regexp literal
  254 |       </div>
  255 |
> 256 |     </div>
      |      ^^^^^
  257 |   )
  258 | }
  259 |

Parsing ecmascript source code failed

Import traces:
  Client Component Browser:
    ./app/(app)/gradebook/page.tsx [Client Component Browser]
    ./app/(app)/gradebook/page.tsx [Server Component]

  Client Component SSR:
    ./app/(app)/gradebook/page.tsx [Client Component SSR]
    ./app/(app)/gradebook/page.tsx [Server Component] @ http://localhost:3000/_next/static/chunks/node_modules_next_dist_0u_w_5s._.js:1945
[   85427ms] [ERROR] ./app/(app)/gradebook/page.tsx:256:6
Unterminated regexp literal
  254 |       </div>
  255 |
> 256 |     </div>
      |      ^^^^^
  257 |   )
  258 | }
  259 |

Parsing ecmascript source code failed

Import traces:
  Client Component Browser:
    ./app/(app)/gradebook/page.tsx [Client Component Browser]
    ./app/(app)/gradebook/page.tsx [Server Component]

  Client Component SSR:
    ./app/(app)/gradebook/page.tsx [Client Component SSR]
    ./app/(app)/gradebook/page.tsx [Server Component] @ http://localhost:3000/_next/static/chunks/node_modules_next_dist_0u_w_5s._.js:1945
[   85482ms] [ERROR] ./app/(app)/gradebook/page.tsx:256:6
Unterminated regexp literal
  254 |       </div>
  255 |
> 256 |     </div>
      |      ^^^^^
  257 |   )
  258 | }
  259 |

Parsing ecmascript source code failed

Import traces:
  Client Component Browser:
    ./app/(app)/gradebook/page.tsx [Client Component Browser]
    ./app/(app)/gradebook/page.tsx [Server Component]

  Client Component SSR:
    ./app/(app)/gradebook/page.tsx [Client Component SSR]
    ./app/(app)/gradebook/page.tsx [Server Component] @ http://localhost:3000/_next/static/chunks/node_modules_next_dist_0u_w_5s._.js:1945
[   85530ms] [ERROR] ./app/(app)/gradebook/page.tsx:256:6
Unterminated regexp literal
  254 |       </div>
  255 |
> 256 |     </div>
      |      ^^^^^
  257 |   )
  258 | }
  259 |

Parsing ecmascript source code failed

Import traces:
  Client Component Browser:
    ./app/(app)/gradebook/page.tsx [Client Component Browser]
    ./app/(app)/gradebook/page.tsx [Server Component]

  Client Component SSR:
    ./app/(app)/gradebook/page.tsx [Client Component SSR]
    ./app/(app)/gradebook/page.tsx [Server Component] @ http://localhost:3000/_next/static/chunks/node_modules_next_dist_0u_w_5s._.js:1945
[   85604ms] [ERROR] ./app/(app)/gradebook/page.tsx:256:6
Unterminated regexp literal
  254 |       </div>
  255 |
> 256 |     </div>
      |      ^^^^^
  257 |   )
  258 | }
  259 |

Parsing ecmascript source code failed

Import traces:
  Client Component Browser:
    ./app/(app)/gradebook/page.tsx [Client Component Browser]
    ./app/(app)/gradebook/page.tsx [Server Component]

  Client Component SSR:
    ./app/(app)/gradebook/page.tsx [Client Component SSR]
    ./app/(app)/gradebook/page.tsx [Server Component] @ http://localhost:3000/_next/static/chunks/node_modules_next_dist_0u_w_5s._.js:1945
[   85746ms] [ERROR] ./app/(app)/gradebook/page.tsx:256:6
Unterminated regexp literal
  254 |       </div>
  255 |
> 256 |     </div>
      |      ^^^^^
  257 |   )
  258 | }
  259 |

Parsing ecmascript source code failed

Import traces:
  Client Component Browser:
    ./app/(app)/gradebook/page.tsx [Client Component Browser]
    ./app/(app)/gradebook/page.tsx [Server Component]

  Client Component SSR:
    ./app/(app)/gradebook/page.tsx [Client Component SSR]
    ./app/(app)/gradebook/page.tsx [Server Component] @ http://localhost:3000/_next/static/chunks/node_modules_next_dist_0u_w_5s._.js:1945
[   85746ms] [LOG] [Fast Refresh] rebuilding @ http://localhost:3000/_next/static/chunks/node_modules_next_dist_0u_w_5s._.js:1226
[   85793ms] [ERROR] ./app/(app)/gradebook/page.tsx:256:6
Unterminated regexp literal
  254 |       </div>
  255 |
> 256 |     </div>
      |      ^^^^^
  257 |   )
  258 | }
  259 |

Parsing ecmascript source code failed

Import traces:
  Client Component Browser:
    ./app/(app)/gradebook/page.tsx [Client Component Browser]
    ./app/(app)/gradebook/page.tsx [Server Component]

  Client Component SSR:
    ./app/(app)/gradebook/page.tsx [Client Component SSR]
    ./app/(app)/gradebook/page.tsx [Server Component] @ http://localhost:3000/_next/static/chunks/node_modules_next_dist_0u_w_5s._.js:1945
[   85847ms] [ERROR] ./app/(app)/gradebook/page.tsx:256:6
Unterminated regexp literal
  254 |       </div>
  255 |
> 256 |     </div>
      |      ^^^^^
  257 |   )
  258 | }
  259 |

Parsing ecmascript source code failed

Import traces:
  Client Component Browser:
    ./app/(app)/gradebook/page.tsx [Client Component Browser]
    ./app/(app)/gradebook/page.tsx [Server Component]

  Client Component SSR:
    ./app/(app)/gradebook/page.tsx [Client Component SSR]
    ./app/(app)/gradebook/page.tsx [Server Component] @ http://localhost:3000/_next/static/chunks/node_modules_next_dist_0u_w_5s._.js:1945
[   85906ms] [ERROR] ./app/(app)/gradebook/page.tsx:256:6
Unterminated regexp literal
  254 |       </div>
  255 |
> 256 |     </div>
      |      ^^^^^
  257 |   )
  258 | }
  259 |

Parsing ecmascript source code failed

Import traces:
  Client Component Browser:
    ./app/(app)/gradebook/page.tsx [Client Component Browser]
    ./app/(app)/gradebook/page.tsx [Server Component]

  Client Component SSR:
    ./app/(app)/gradebook/page.tsx [Client Component SSR]
    ./app/(app)/gradebook/page.tsx [Server Component] @ http://localhost:3000/_next/static/chunks/node_modules_next_dist_0u_w_5s._.js:1945
[   85964ms] [ERROR] ./app/(app)/gradebook/page.tsx:256:6
Unterminated regexp literal
  254 |       </div>
  255 |
> 256 |     </div>
      |      ^^^^^
  257 |   )
  258 | }
  259 |

Parsing ecmascript source code failed

Import traces:
  Client Component Browser:
    ./app/(app)/gradebook/page.tsx [Client Component Browser]
    ./app/(app)/gradebook/page.tsx [Server Component]

  Client Component SSR:
    ./app/(app)/gradebook/page.tsx [Client Component SSR]
    ./app/(app)/gradebook/page.tsx [Server Component] @ http://localhost:3000/_next/static/chunks/node_modules_next_dist_0u_w_5s._.js:1945
[   86020ms] [ERROR] ./app/(app)/gradebook/page.tsx:256:6
Unterminated regexp literal
  254 |       </div>
  255 |
> 256 |     </div>
      |      ^^^^^
  257 |   )
  258 | }
  259 |

Parsing ecmascript source code failed

Import traces:
  Client Component Browser:
    ./app/(app)/gradebook/page.tsx [Client Component Browser]
    ./app/(app)/gradebook/page.tsx [Server Component]

  Client Component SSR:
    ./app/(app)/gradebook/page.tsx [Client Component SSR]
    ./app/(app)/gradebook/page.tsx [Server Component] @ http://localhost:3000/_next/static/chunks/node_modules_next_dist_0u_w_5s._.js:1945
[   86081ms] [ERROR] ./app/(app)/gradebook/page.tsx:256:6
Unterminated regexp literal
  254 |       </div>
  255 |
> 256 |     </div>
      |      ^^^^^
  257 |   )
  258 | }
  259 |

Parsing ecmascript source code failed

Import traces:
  Client Component Browser:
    ./app/(app)/gradebook/page.tsx [Client Component Browser]
    ./app/(app)/gradebook/page.tsx [Server Component]

  Client Component SSR:
    ./app/(app)/gradebook/page.tsx [Client Component SSR]
    ./app/(app)/gradebook/page.tsx [Server Component] @ http://localhost:3000/_next/static/chunks/node_modules_next_dist_0u_w_5s._.js:1945
[   86145ms] [ERROR] ./app/(app)/gradebook/page.tsx:256:6
Unterminated regexp literal
  254 |       </div>
  255 |
> 256 |     </div>
      |      ^^^^^
  257 |   )
  258 | }
  259 |

Parsing ecmascript source code failed

Import traces:
  Client Component Browser:
    ./app/(app)/gradebook/page.tsx [Client Component Browser]
    ./app/(app)/gradebook/page.tsx [Server Component]

  Client Component SSR:
    ./app/(app)/gradebook/page.tsx [Client Component SSR]
    ./app/(app)/gradebook/page.tsx [Server Component] @ http://localhost:3000/_next/static/chunks/node_modules_next_dist_0u_w_5s._.js:1945
[   86206ms] [ERROR] ./app/(app)/gradebook/page.tsx:256:6
Unterminated regexp literal
  254 |       </div>
  255 |
> 256 |     </div>
      |      ^^^^^
  257 |   )
  258 | }
  259 |

Parsing ecmascript source code failed

Import traces:
  Client Component Browser:
    ./app/(app)/gradebook/page.tsx [Client Component Browser]
    ./app/(app)/gradebook/page.tsx [Server Component]

  Client Component SSR:
    ./app/(app)/gradebook/page.tsx [Client Component SSR]
    ./app/(app)/gradebook/page.tsx [Server Component] @ http://localhost:3000/_next/static/chunks/node_modules_next_dist_0u_w_5s._.js:1945
[   86263ms] [ERROR] ./app/(app)/gradebook/page.tsx:256:6
Unterminated regexp literal
  254 |       </div>
  255 |
> 256 |     </div>
      |      ^^^^^
  257 |   )
  258 | }
  259 |

Parsing ecmascript source code failed

Import traces:
  Client Component Browser:
    ./app/(app)/gradebook/page.tsx [Client Component Browser]
    ./app/(app)/gradebook/page.tsx [Server Component]

  Client Component SSR:
    ./app/(app)/gradebook/page.tsx [Client Component SSR]
    ./app/(app)/gradebook/page.tsx [Server Component] @ http://localhost:3000/_next/static/chunks/node_modules_next_dist_0u_w_5s._.js:1945
[   86348ms] [ERROR] ./app/(app)/gradebook/page.tsx:256:6
Unterminated regexp literal
  254 |       </div>
  255 |
> 256 |     </div>
      |      ^^^^^
  257 |   )
  258 | }
  259 |

Parsing ecmascript source code failed

Import traces:
  Client Component Browser:
    ./app/(app)/gradebook/page.tsx [Client Component Browser]
    ./app/(app)/gradebook/page.tsx [Server Component]

  Client Component SSR:
    ./app/(app)/gradebook/page.tsx [Client Component SSR]
    ./app/(app)/gradebook/page.tsx [Server Component] @ http://localhost:3000/_next/static/chunks/node_modules_next_dist_0u_w_5s._.js:1945
[   86401ms] [ERROR] ./app/(app)/gradebook/page.tsx:256:6
Unterminated regexp literal
  254 |       </div>
  255 |
> 256 |     </div>
      |      ^^^^^
  257 |   )
  258 | }
  259 |

Parsing ecmascript source code failed

Import traces:
  Client Component Browser:
    ./app/(app)/gradebook/page.tsx [Client Component Browser]
    ./app/(app)/gradebook/page.tsx [Server Component]

  Client Component SSR:
    ./app/(app)/gradebook/page.tsx [Client Component SSR]
    ./app/(app)/gradebook/page.tsx [Server Component] @ http://localhost:3000/_next/static/chunks/node_modules_next_dist_0u_w_5s._.js:1945
[   86455ms] [ERROR] ./app/(app)/gradebook/page.tsx:256:6
Unterminated regexp literal
  254 |       </div>
  255 |
> 256 |     </div>
      |      ^^^^^
  257 |   )
  258 | }
  259 |

Parsing ecmascript source code failed

Import traces:
  Client Component Browser:
    ./app/(app)/gradebook/page.tsx [Client Component Browser]
    ./app/(app)/gradebook/page.tsx [Server Component]

  Client Component SSR:
    ./app/(app)/gradebook/page.tsx [Client Component SSR]
    ./app/(app)/gradebook/page.tsx [Server Component] @ http://localhost:3000/_next/static/chunks/node_modules_next_dist_0u_w_5s._.js:1945
[   86514ms] [ERROR] ./app/(app)/gradebook/page.tsx:256:6
Unterminated regexp literal
  254 |       </div>
  255 |
> 256 |     </div>
      |      ^^^^^
  257 |   )
  258 | }
  259 |

Parsing ecmascript source code failed

Import traces:
  Client Component Browser:
    ./app/(app)/gradebook/page.tsx [Client Component Browser]
    ./app/(app)/gradebook/page.tsx [Server Component]

  Client Component SSR:
    ./app/(app)/gradebook/page.tsx [Client Component SSR]
    ./app/(app)/gradebook/page.tsx [Server Component] @ http://localhost:3000/_next/static/chunks/node_modules_next_dist_0u_w_5s._.js:1945
[   86564ms] [ERROR] ./app/(app)/gradebook/page.tsx:256:6
Unterminated regexp literal
  254 |       </div>
  255 |
> 256 |     </div>
      |      ^^^^^
  257 |   )
  258 | }
  259 |

Parsing ecmascript source code failed

Import traces:
  Client Component Browser:
    ./app/(app)/gradebook/page.tsx [Client Component Browser]
    ./app/(app)/gradebook/page.tsx [Server Component]

  Client Component SSR:
    ./app/(app)/gradebook/page.tsx [Client Component SSR]
    ./app/(app)/gradebook/page.tsx [Server Component] @ http://localhost:3000/_next/static/chunks/node_modules_next_dist_0u_w_5s._.js:1945
[   86613ms] [ERROR] ./app/(app)/gradebook/page.tsx:256:6
Unterminated regexp literal
  254 |       </div>
  255 |
> 256 |     </div>
      |      ^^^^^
  257 |   )
  258 | }
  259 |

Parsing ecmascript source code failed

Import traces:
  Client Component Browser:
    ./app/(app)/gradebook/page.tsx [Client Component Browser]
    ./app/(app)/gradebook/page.tsx [Server Component]

  Client Component SSR:
    ./app/(app)/gradebook/page.tsx [Client Component SSR]
    ./app/(app)/gradebook/page.tsx [Server Component] @ http://localhost:3000/_next/static/chunks/node_modules_next_dist_0u_w_5s._.js:1945
[   86666ms] [ERROR] ./app/(app)/gradebook/page.tsx:256:6
Unterminated regexp literal
  254 |       </div>
  255 |
> 256 |     </div>
      |      ^^^^^
  257 |   )
  258 | }
  259 |

Parsing ecmascript source code failed

Import traces:
  Client Component Browser:
    ./app/(app)/gradebook/page.tsx [Client Component Browser]
    ./app/(app)/gradebook/page.tsx [Server Component]

  Client Component SSR:
    ./app/(app)/gradebook/page.tsx [Client Component SSR]
    ./app/(app)/gradebook/page.tsx [Server Component] @ http://localhost:3000/_next/static/chunks/node_modules_next_dist_0u_w_5s._.js:1945
[   86730ms] [ERROR] ./app/(app)/gradebook/page.tsx:256:6
Unterminated regexp literal
  254 |       </div>
  255 |
> 256 |     </div>
      |      ^^^^^
  257 |   )
  258 | }
  259 |

Parsing ecmascript source code failed

Import traces:
  Client Component Browser:
    ./app/(app)/gradebook/page.tsx [Client Component Browser]
    ./app/(app)/gradebook/page.tsx [Server Component]

  Client Component SSR:
    ./app/(app)/gradebook/page.tsx [Client Component SSR]
    ./app/(app)/gradebook/page.tsx [Server Component] @ http://localhost:3000/_next/static/chunks/node_modules_next_dist_0u_w_5s._.js:1945
[   86786ms] [ERROR] ./app/(app)/gradebook/page.tsx:256:6
Unterminated regexp literal
  254 |       </div>
  255 |
> 256 |     </div>
      |      ^^^^^
  257 |   )
  258 | }
  259 |

Parsing ecmascript source code failed

Import traces:
  Client Component Browser:
    ./app/(app)/gradebook/page.tsx [Client Component Browser]
    ./app/(app)/gradebook/page.tsx [Server Component]

  Client Component SSR:
    ./app/(app)/gradebook/page.tsx [Client Component SSR]
    ./app/(app)/gradebook/page.tsx [Server Component] @ http://localhost:3000/_next/static/chunks/node_modules_next_dist_0u_w_5s._.js:1945
[   86836ms] [ERROR] ./app/(app)/gradebook/page.tsx:256:6
Unterminated regexp literal
  254 |       </div>
  255 |
> 256 |     </div>
      |      ^^^^^
  257 |   )
  258 | }
  259 |

Parsing ecmascript source code failed

Import traces:
  Client Component Browser:
    ./app/(app)/gradebook/page.tsx [Client Component Browser]
    ./app/(app)/gradebook/page.tsx [Server Component]

  Client Component SSR:
    ./app/(app)/gradebook/page.tsx [Client Component SSR]
    ./app/(app)/gradebook/page.tsx [Server Component] @ http://localhost:3000/_next/static/chunks/node_modules_next_dist_0u_w_5s._.js:1945
[   86890ms] [ERROR] ./app/(app)/gradebook/page.tsx:256:6
Unterminated regexp literal
  254 |       </div>
  255 |
> 256 |     </div>
      |      ^^^^^
  257 |   )
  258 | }
  259 |

Parsing ecmascript source code failed

Import traces:
  Client Component Browser:
    ./app/(app)/gradebook/page.tsx [Client Component Browser]
    ./app/(app)/gradebook/page.tsx [Server Component]

  Client Component SSR:
    ./app/(app)/gradebook/page.tsx [Client Component SSR]
    ./app/(app)/gradebook/page.tsx [Server Component] @ http://localhost:3000/_next/static/chunks/node_modules_next_dist_0u_w_5s._.js:1945
[   86945ms] [ERROR] ./app/(app)/gradebook/page.tsx:256:6
Unterminated regexp literal
  254 |       </div>
  255 |
> 256 |     </div>
      |      ^^^^^
  257 |   )
  258 | }
  259 |

Parsing ecmascript source code failed

Import traces:
  Client Component Browser:
    ./app/(app)/gradebook/page.tsx [Client Component Browser]
    ./app/(app)/gradebook/page.tsx [Server Component]

  Client Component SSR:
    ./app/(app)/gradebook/page.tsx [Client Component SSR]
    ./app/(app)/gradebook/page.tsx [Server Component] @ http://localhost:3000/_next/static/chunks/node_modules_next_dist_0u_w_5s._.js:1945
[   87004ms] [ERROR] ./app/(app)/gradebook/page.tsx:256:6
Unterminated regexp literal
  254 |       </div>
  255 |
> 256 |     </div>
      |      ^^^^^
  257 |   )
  258 | }
  259 |

Parsing ecmascript source code failed

Import traces:
  Client Component Browser:
    ./app/(app)/gradebook/page.tsx [Client Component Browser]
    ./app/(app)/gradebook/page.tsx [Server Component]

  Client Component SSR:
    ./app/(app)/gradebook/page.tsx [Client Component SSR]
    ./app/(app)/gradebook/page.tsx [Server Component] @ http://localhost:3000/_next/static/chunks/node_modules_next_dist_0u_w_5s._.js:1945
[   87055ms] [ERROR] ./app/(app)/gradebook/page.tsx:256:6
Unterminated regexp literal
  254 |       </div>
  255 |
> 256 |     </div>
      |      ^^^^^
  257 |   )
  258 | }
  259 |

Parsing ecmascript source code failed

Import traces:
  Client Component Browser:
    ./app/(app)/gradebook/page.tsx [Client Component Browser]
    ./app/(app)/gradebook/page.tsx [Server Component]

  Client Component SSR:
    ./app/(app)/gradebook/page.tsx [Client Component SSR]
    ./app/(app)/gradebook/page.tsx [Server Component] @ http://localhost:3000/_next/static/chunks/node_modules_next_dist_0u_w_5s._.js:1945
[   87113ms] [ERROR] ./app/(app)/gradebook/page.tsx:256:6
Unterminated regexp literal
  254 |       </div>
  255 |
> 256 |     </div>
      |      ^^^^^
  257 |   )
  258 | }
  259 |

Parsing ecmascript source code failed

Import traces:
  Client Component Browser:
    ./app/(app)/gradebook/page.tsx [Client Component Browser]
    ./app/(app)/gradebook/page.tsx [Server Component]

  Client Component SSR:
    ./app/(app)/gradebook/page.tsx [Client Component SSR]
    ./app/(app)/gradebook/page.tsx [Server Component] @ http://localhost:3000/_next/static/chunks/node_modules_next_dist_0u_w_5s._.js:1945
[   87163ms] [ERROR] ./app/(app)/gradebook/page.tsx:256:6
Unterminated regexp literal
  254 |       </div>
  255 |
> 256 |     </div>
      |      ^^^^^
  257 |   )
  258 | }
  259 |

Parsing ecmascript source code failed

Import traces:
  Client Component Browser:
    ./app/(app)/gradebook/page.tsx [Client Component Browser]
    ./app/(app)/gradebook/page.tsx [Server Component]

  Client Component SSR:
    ./app/(app)/gradebook/page.tsx [Client Component SSR]
    ./app/(app)/gradebook/page.tsx [Server Component] @ http://localhost:3000/_next/static/chunks/node_modules_next_dist_0u_w_5s._.js:1945
[   87214ms] [ERROR] ./app/(app)/gradebook/page.tsx:256:6
Unterminated regexp literal
  254 |       </div>
  255 |
> 256 |     </div>
      |      ^^^^^
  257 |   )
  258 | }
  259 |

Parsing ecmascript source code failed

Import traces:
  Client Component Browser:
    ./app/(app)/gradebook/page.tsx [Client Component Browser]
    ./app/(app)/gradebook/page.tsx [Server Component]

  Client Component SSR:
    ./app/(app)/gradebook/page.tsx [Client Component SSR]
    ./app/(app)/gradebook/page.tsx [Server Component] @ http://localhost:3000/_next/static/chunks/node_modules_next_dist_0u_w_5s._.js:1945
[   87265ms] [ERROR] ./app/(app)/gradebook/page.tsx:256:6
Unterminated regexp literal
  254 |       </div>
  255 |
> 256 |     </div>
      |      ^^^^^
  257 |   )
  258 | }
  259 |

Parsing ecmascript source code failed

Import traces:
  Client Component Browser:
    ./app/(app)/gradebook/page.tsx [Client Component Browser]
    ./app/(app)/gradebook/page.tsx [Server Component]

  Client Component SSR:
    ./app/(app)/gradebook/page.tsx [Client Component SSR]
    ./app/(app)/gradebook/page.tsx [Server Component] @ http://localhost:3000/_next/static/chunks/node_modules_next_dist_0u_w_5s._.js:1945
[   87323ms] [ERROR] ./app/(app)/gradebook/page.tsx:256:6
Unterminated regexp literal
  254 |       </div>
  255 |
> 256 |     </div>
      |      ^^^^^
  257 |   )
  258 | }
  259 |

Parsing ecmascript source code failed

Import traces:
  Client Component Browser:
    ./app/(app)/gradebook/page.tsx [Client Component Browser]
    ./app/(app)/gradebook/page.tsx [Server Component]

  Client Component SSR:
    ./app/(app)/gradebook/page.tsx [Client Component SSR]
    ./app/(app)/gradebook/page.tsx [Server Component] @ http://localhost:3000/_next/static/chunks/node_modules_next_dist_0u_w_5s._.js:1945
[   87381ms] [ERROR] ./app/(app)/gradebook/page.tsx:256:6
Unterminated regexp literal
  254 |       </div>
  255 |
> 256 |     </div>
      |      ^^^^^
  257 |   )
  258 | }
  259 |

Parsing ecmascript source code failed

Import traces:
  Client Component Browser:
    ./app/(app)/gradebook/page.tsx [Client Component Browser]
    ./app/(app)/gradebook/page.tsx [Server Component]

  Client Component SSR:
    ./app/(app)/gradebook/page.tsx [Client Component SSR]
    ./app/(app)/gradebook/page.tsx [Server Component] @ http://localhost:3000/_next/static/chunks/node_modules_next_dist_0u_w_5s._.js:1945
[   87429ms] [ERROR] ./app/(app)/gradebook/page.tsx:256:6
Unterminated regexp literal
  254 |       </div>
  255 |
> 256 |     </div>
      |      ^^^^^
  257 |   )
  258 | }
  259 |

Parsing ecmascript source code failed

Import traces:
  Client Component Browser:
    ./app/(app)/gradebook/page.tsx [Client Component Browser]
    ./app/(app)/gradebook/page.tsx [Server Component]

  Client Component SSR:
    ./app/(app)/gradebook/page.tsx [Client Component SSR]
    ./app/(app)/gradebook/page.tsx [Server Component] @ http://localhost:3000/_next/static/chunks/node_modules_next_dist_0u_w_5s._.js:1945
[   87481ms] [ERROR] ./app/(app)/gradebook/page.tsx:256:6
Unterminated regexp literal
  254 |       </div>
  255 |
> 256 |     </div>
      |      ^^^^^
  257 |   )
  258 | }
  259 |

Parsing ecmascript source code failed

Import traces:
  Client Component Browser:
    ./app/(app)/gradebook/page.tsx [Client Component Browser]
    ./app/(app)/gradebook/page.tsx [Server Component]

  Client Component SSR:
    ./app/(app)/gradebook/page.tsx [Client Component SSR]
    ./app/(app)/gradebook/page.tsx [Server Component] @ http://localhost:3000/_next/static/chunks/node_modules_next_dist_0u_w_5s._.js:1945
[   87539ms] [ERROR] ./app/(app)/gradebook/page.tsx:256:6
Unterminated regexp literal
  254 |       </div>
  255 |
> 256 |     </div>
      |      ^^^^^
  257 |   )
  258 | }
  259 |

Parsing ecmascript source code failed

Import traces:
  Client Component Browser:
    ./app/(app)/gradebook/page.tsx [Client Component Browser]
    ./app/(app)/gradebook/page.tsx [Server Component]

  Client Component SSR:
    ./app/(app)/gradebook/page.tsx [Client Component SSR]
    ./app/(app)/gradebook/page.tsx [Server Component] @ http://localhost:3000/_next/static/chunks/node_modules_next_dist_0u_w_5s._.js:1945
[   87598ms] [ERROR] ./app/(app)/gradebook/page.tsx:256:6
Unterminated regexp literal
  254 |       </div>
  255 |
> 256 |     </div>
      |      ^^^^^
  257 |   )
  258 | }
  259 |

Parsing ecmascript source code failed

Import traces:
  Client Component Browser:
    ./app/(app)/gradebook/page.tsx [Client Component Browser]
    ./app/(app)/gradebook/page.tsx [Server Component]

  Client Component SSR:
    ./app/(app)/gradebook/page.tsx [Client Component SSR]
    ./app/(app)/gradebook/page.tsx [Server Component] @ http://localhost:3000/_next/static/chunks/node_modules_next_dist_0u_w_5s._.js:1945
[   87646ms] [ERROR] ./app/(app)/gradebook/page.tsx:256:6
Unterminated regexp literal
  254 |       </div>
  255 |
> 256 |     </div>
      |      ^^^^^
  257 |   )
  258 | }
  259 |

Parsing ecmascript source code failed

Import traces:
  Client Component Browser:
    ./app/(app)/gradebook/page.tsx [Client Component Browser]
    ./app/(app)/gradebook/page.tsx [Server Component]

  Client Component SSR:
    ./app/(app)/gradebook/page.tsx [Client Component SSR]
    ./app/(app)/gradebook/page.tsx [Server Component] @ http://localhost:3000/_next/static/chunks/node_modules_next_dist_0u_w_5s._.js:1945
[   87702ms] [ERROR] ./app/(app)/gradebook/page.tsx:256:6
Unterminated regexp literal
  254 |       </div>
  255 |
> 256 |     </div>
      |      ^^^^^
  257 |   )
  258 | }
  259 |

Parsing ecmascript source code failed

Import traces:
  Client Component Browser:
    ./app/(app)/gradebook/page.tsx [Client Component Browser]
    ./app/(app)/gradebook/page.tsx [Server Component]

  Client Component SSR:
    ./app/(app)/gradebook/page.tsx [Client Component SSR]
    ./app/(app)/gradebook/page.tsx [Server Component] @ http://localhost:3000/_next/static/chunks/node_modules_next_dist_0u_w_5s._.js:1945
[   87756ms] [ERROR] ./app/(app)/gradebook/page.tsx:256:6
Unterminated regexp literal
  254 |       </div>
  255 |
> 256 |     </div>
      |      ^^^^^
  257 |   )
  258 | }
  259 |

Parsing ecmascript source code failed

Import traces:
  Client Component Browser:
    ./app/(app)/gradebook/page.tsx [Client Component Browser]
    ./app/(app)/gradebook/page.tsx [Server Component]

  Client Component SSR:
    ./app/(app)/gradebook/page.tsx [Client Component SSR]
    ./app/(app)/gradebook/page.tsx [Server Component] @ http://localhost:3000/_next/static/chunks/node_modules_next_dist_0u_w_5s._.js:1945
[   87815ms] [ERROR] ./app/(app)/gradebook/page.tsx:256:6
Unterminated regexp literal
  254 |       </div>
  255 |
> 256 |     </div>
      |      ^^^^^
  257 |   )
  258 | }
  259 |

Parsing ecmascript source code failed

Import traces:
  Client Component Browser:
    ./app/(app)/gradebook/page.tsx [Client Component Browser]
    ./app/(app)/gradebook/page.tsx [Server Component]

  Client Component SSR:
    ./app/(app)/gradebook/page.tsx [Client Component SSR]
    ./app/(app)/gradebook/page.tsx [Server Component] @ http://localhost:3000/_next/static/chunks/node_modules_next_dist_0u_w_5s._.js:1945
[   87865ms] [ERROR] ./app/(app)/gradebook/page.tsx:256:6
Unterminated regexp literal
  254 |       </div>
  255 |
> 256 |     </div>
      |      ^^^^^
  257 |   )
  258 | }
  259 |

Parsing ecmascript source code failed

Import traces:
  Client Component Browser:
    ./app/(app)/gradebook/page.tsx [Client Component Browser]
    ./app/(app)/gradebook/page.tsx [Server Component]

  Client Component SSR:
    ./app/(app)/gradebook/page.tsx [Client Component SSR]
    ./app/(app)/gradebook/page.tsx [Server Component] @ http://localhost:3000/_next/static/chunks/node_modules_next_dist_0u_w_5s._.js:1945
[   87929ms] [ERROR] ./app/(app)/gradebook/page.tsx:256:6
Unterminated regexp literal
  254 |       </div>
  255 |
> 256 |     </div>
      |      ^^^^^
  257 |   )
  258 | }
  259 |

Parsing ecmascript source code failed

Import traces:
  Client Component Browser:
    ./app/(app)/gradebook/page.tsx [Client Component Browser]
    ./app/(app)/gradebook/page.tsx [Server Component]

  Client Component SSR:
    ./app/(app)/gradebook/page.tsx [Client Component SSR]
    ./app/(app)/gradebook/page.tsx [Server Component] @ http://localhost:3000/_next/static/chunks/node_modules_next_dist_0u_w_5s._.js:1945
[   87982ms] [ERROR] ./app/(app)/gradebook/page.tsx:256:6
Unterminated regexp literal
  254 |       </div>
  255 |
> 256 |     </div>
      |      ^^^^^
  257 |   )
  258 | }
  259 |

Parsing ecmascript source code failed

Import traces:
  Client Component Browser:
    ./app/(app)/gradebook/page.tsx [Client Component Browser]
    ./app/(app)/gradebook/page.tsx [Server Component]

  Client Component SSR:
    ./app/(app)/gradebook/page.tsx [Client Component SSR]
    ./app/(app)/gradebook/page.tsx [Server Component] @ http://localhost:3000/_next/static/chunks/node_modules_next_dist_0u_w_5s._.js:1945
[   88047ms] [ERROR] ./app/(app)/gradebook/page.tsx:256:6
Unterminated regexp literal
  254 |       </div>
  255 |
> 256 |     </div>
      |      ^^^^^
  257 |   )
  258 | }
  259 |

Parsing ecmascript source code failed

Import traces:
  Client Component Browser:
    ./app/(app)/gradebook/page.tsx [Client Component Browser]
    ./app/(app)/gradebook/page.tsx [Server Component]

  Client Component SSR:
    ./app/(app)/gradebook/page.tsx [Client Component SSR]
    ./app/(app)/gradebook/page.tsx [Server Component] @ http://localhost:3000/_next/static/chunks/node_modules_next_dist_0u_w_5s._.js:1945
[   88095ms] [ERROR] ./app/(app)/gradebook/page.tsx:256:6
Unterminated regexp literal
  254 |       </div>
  255 |
> 256 |     </div>
      |      ^^^^^
  257 |   )
  258 | }
  259 |

Parsing ecmascript source code failed

Import traces:
  Client Component Browser:
    ./app/(app)/gradebook/page.tsx [Client Component Browser]
    ./app/(app)/gradebook/page.tsx [Server Component]

  Client Component SSR:
    ./app/(app)/gradebook/page.tsx [Client Component SSR]
    ./app/(app)/gradebook/page.tsx [Server Component] @ http://localhost:3000/_next/static/chunks/node_modules_next_dist_0u_w_5s._.js:1945
[   88152ms] [ERROR] ./app/(app)/gradebook/page.tsx:256:6
Unterminated regexp literal
  254 |       </div>
  255 |
> 256 |     </div>
      |      ^^^^^
  257 |   )
  258 | }
  259 |

Parsing ecmascript source code failed

Import traces:
  Client Component Browser:
    ./app/(app)/gradebook/page.tsx [Client Component Browser]
    ./app/(app)/gradebook/page.tsx [Server Component]

  Client Component SSR:
    ./app/(app)/gradebook/page.tsx [Client Component SSR]
    ./app/(app)/gradebook/page.tsx [Server Component] @ http://localhost:3000/_next/static/chunks/node_modules_next_dist_0u_w_5s._.js:1945
[   88207ms] [ERROR] ./app/(app)/gradebook/page.tsx:256:6
Unterminated regexp literal
  254 |       </div>
  255 |
> 256 |     </div>
      |      ^^^^^
  257 |   )
  258 | }
  259 |

Parsing ecmascript source code failed

Import traces:
  Client Component Browser:
    ./app/(app)/gradebook/page.tsx [Client Component Browser]
    ./app/(app)/gradebook/page.tsx [Server Component]

  Client Component SSR:
    ./app/(app)/gradebook/page.tsx [Client Component SSR]
    ./app/(app)/gradebook/page.tsx [Server Component] @ http://localhost:3000/_next/static/chunks/node_modules_next_dist_0u_w_5s._.js:1945
[   88265ms] [ERROR] ./app/(app)/gradebook/page.tsx:256:6
Unterminated regexp literal
  254 |       </div>
  255 |
> 256 |     </div>
      |      ^^^^^
  257 |   )
  258 | }
  259 |

Parsing ecmascript source code failed

Import traces:
  Client Component Browser:
    ./app/(app)/gradebook/page.tsx [Client Component Browser]
    ./app/(app)/gradebook/page.tsx [Server Component]

  Client Component SSR:
    ./app/(app)/gradebook/page.tsx [Client Component SSR]
    ./app/(app)/gradebook/page.tsx [Server Component] @ http://localhost:3000/_next/static/chunks/node_modules_next_dist_0u_w_5s._.js:1945
[   88319ms] [ERROR] ./app/(app)/gradebook/page.tsx:256:6
Unterminated regexp literal
  254 |       </div>
  255 |
> 256 |     </div>
      |      ^^^^^
  257 |   )
  258 | }
  259 |

Parsing ecmascript source code failed

Import traces:
  Client Component Browser:
    ./app/(app)/gradebook/page.tsx [Client Component Browser]
    ./app/(app)/gradebook/page.tsx [Server Component]

  Client Component SSR:
    ./app/(app)/gradebook/page.tsx [Client Component SSR]
    ./app/(app)/gradebook/page.tsx [Server Component] @ http://localhost:3000/_next/static/chunks/node_modules_next_dist_0u_w_5s._.js:1945
[   88382ms] [ERROR] ./app/(app)/gradebook/page.tsx:256:6
Unterminated regexp literal
  254 |       </div>
  255 |
> 256 |     </div>
      |      ^^^^^
  257 |   )
  258 | }
  259 |

Parsing ecmascript source code failed

Import traces:
  Client Component Browser:
    ./app/(app)/gradebook/page.tsx [Client Component Browser]
    ./app/(app)/gradebook/page.tsx [Server Component]

  Client Component SSR:
    ./app/(app)/gradebook/page.tsx [Client Component SSR]
    ./app/(app)/gradebook/page.tsx [Server Component] @ http://localhost:3000/_next/static/chunks/node_modules_next_dist_0u_w_5s._.js:1945
[   88446ms] [ERROR] ./app/(app)/gradebook/page.tsx:256:6
Unterminated regexp literal
  254 |       </div>
  255 |
> 256 |     </div>
      |      ^^^^^
  257 |   )
  258 | }
  259 |

Parsing ecmascript source code failed

Import traces:
  Client Component Browser:
    ./app/(app)/gradebook/page.tsx [Client Component Browser]
    ./app/(app)/gradebook/page.tsx [Server Component]

  Client Component SSR:
    ./app/(app)/gradebook/page.tsx [Client Component SSR]
    ./app/(app)/gradebook/page.tsx [Server Component] @ http://localhost:3000/_next/static/chunks/node_modules_next_dist_0u_w_5s._.js:1945
[   88508ms] [ERROR] ./app/(app)/gradebook/page.tsx:256:6
Unterminated regexp literal
  254 |       </div>
  255 |
> 256 |     </div>
      |      ^^^^^
  257 |   )
  258 | }
  259 |

Parsing ecmascript source code failed

Import traces:
  Client Component Browser:
    ./app/(app)/gradebook/page.tsx [Client Component Browser]
    ./app/(app)/gradebook/page.tsx [Server Component]

  Client Component SSR:
    ./app/(app)/gradebook/page.tsx [Client Component SSR]
    ./app/(app)/gradebook/page.tsx [Server Component] @ http://localhost:3000/_next/static/chunks/node_modules_next_dist_0u_w_5s._.js:1945
[   88565ms] [ERROR] ./app/(app)/gradebook/page.tsx:256:6
Unterminated regexp literal
  254 |       </div>
  255 |
> 256 |     </div>
      |      ^^^^^
  257 |   )
  258 | }
  259 |

Parsing ecmascript source code failed

Import traces:
  Client Component Browser:
    ./app/(app)/gradebook/page.tsx [Client Component Browser]
    ./app/(app)/gradebook/page.tsx [Server Component]

  Client Component SSR:
    ./app/(app)/gradebook/page.tsx [Client Component SSR]
    ./app/(app)/gradebook/page.tsx [Server Component] @ http://localhost:3000/_next/static/chunks/node_modules_next_dist_0u_w_5s._.js:1945
[   88629ms] [ERROR] ./app/(app)/gradebook/page.tsx:256:6
Unterminated regexp literal
  254 |       </div>
  255 |
> 256 |     </div>
      |      ^^^^^
  257 |   )
  258 | }
  259 |

Parsing ecmascript source code failed

Import traces:
  Client Component Browser:
    ./app/(app)/gradebook/page.tsx [Client Component Browser]
    ./app/(app)/gradebook/page.tsx [Server Component]

  Client Component SSR:
    ./app/(app)/gradebook/page.tsx [Client Component SSR]
    ./app/(app)/gradebook/page.tsx [Server Component] @ http://localhost:3000/_next/static/chunks/node_modules_next_dist_0u_w_5s._.js:1945
[   88684ms] [ERROR] ./app/(app)/gradebook/page.tsx:256:6
Unterminated regexp literal
  254 |       </div>
  255 |
> 256 |     </div>
      |      ^^^^^
  257 |   )
  258 | }
  259 |

Parsing ecmascript source code failed

Import traces:
  Client Component Browser:
    ./app/(app)/gradebook/page.tsx [Client Component Browser]
    ./app/(app)/gradebook/page.tsx [Server Component]

  Client Component SSR:
    ./app/(app)/gradebook/page.tsx [Client Component SSR]
    ./app/(app)/gradebook/page.tsx [Server Component] @ http://localhost:3000/_next/static/chunks/node_modules_next_dist_0u_w_5s._.js:1945
[   88747ms] [ERROR] ./app/(app)/gradebook/page.tsx:256:6
Unterminated regexp literal
  254 |       </div>
  255 |
> 256 |     </div>
      |      ^^^^^
  257 |   )
  258 | }
  259 |

Parsing ecmascript source code failed

Import traces:
  Client Component Browser:
    ./app/(app)/gradebook/page.tsx [Client Component Browser]
    ./app/(app)/gradebook/page.tsx [Server Component]

  Client Component SSR:
    ./app/(app)/gradebook/page.tsx [Client Component SSR]
    ./app/(app)/gradebook/page.tsx [Server Component] @ http://localhost:3000/_next/static/chunks/node_modules_next_dist_0u_w_5s._.js:1945
[   88811ms] [ERROR] ./app/(app)/gradebook/page.tsx:256:6
Unterminated regexp literal
  254 |       </div>
  255 |
> 256 |     </div>
      |      ^^^^^
  257 |   )
  258 | }
  259 |

Parsing ecmascript source code failed

Import traces:
  Client Component Browser:
    ./app/(app)/gradebook/page.tsx [Client Component Browser]
    ./app/(app)/gradebook/page.tsx [Server Component]

  Client Component SSR:
    ./app/(app)/gradebook/page.tsx [Client Component SSR]
    ./app/(app)/gradebook/page.tsx [Server Component] @ http://localhost:3000/_next/static/chunks/node_modules_next_dist_0u_w_5s._.js:1945
[   88862ms] [ERROR] ./app/(app)/gradebook/page.tsx:256:6
Unterminated regexp literal
  254 |       </div>
  255 |
> 256 |     </div>
      |      ^^^^^
  257 |   )
  258 | }
  259 |

Parsing ecmascript source code failed

Import traces:
  Client Component Browser:
    ./app/(app)/gradebook/page.tsx [Client Component Browser]
    ./app/(app)/gradebook/page.tsx [Server Component]

  Client Component SSR:
    ./app/(app)/gradebook/page.tsx [Client Component SSR]
    ./app/(app)/gradebook/page.tsx [Server Component] @ http://localhost:3000/_next/static/chunks/node_modules_next_dist_0u_w_5s._.js:1945
[   88919ms] [ERROR] ./app/(app)/gradebook/page.tsx:256:6
Unterminated regexp literal
  254 |       </div>
  255 |
> 256 |     </div>
      |      ^^^^^
  257 |   )
  258 | }
  259 |

Parsing ecmascript source code failed

Import traces:
  Client Component Browser:
    ./app/(app)/gradebook/page.tsx [Client Component Browser]
    ./app/(app)/gradebook/page.tsx [Server Component]

  Client Component SSR:
    ./app/(app)/gradebook/page.tsx [Client Component SSR]
    ./app/(app)/gradebook/page.tsx [Server Component] @ http://localhost:3000/_next/static/chunks/node_modules_next_dist_0u_w_5s._.js:1945
[   88975ms] [ERROR] ./app/(app)/gradebook/page.tsx:256:6
Unterminated regexp literal
  254 |       </div>
  255 |
> 256 |     </div>
      |      ^^^^^
  257 |   )
  258 | }
  259 |

Parsing ecmascript source code failed

Import traces:
  Client Component Browser:
    ./app/(app)/gradebook/page.tsx [Client Component Browser]
    ./app/(app)/gradebook/page.tsx [Server Component]

  Client Component SSR:
    ./app/(app)/gradebook/page.tsx [Client Component SSR]
    ./app/(app)/gradebook/page.tsx [Server Component] @ http://localhost:3000/_next/static/chunks/node_modules_next_dist_0u_w_5s._.js:1945
[   89065ms] [ERROR] ./app/(app)/gradebook/page.tsx:256:6
Unterminated regexp literal
  254 |       </div>
  255 |
> 256 |     </div>
      |      ^^^^^
  257 |   )
  258 | }
  259 |

Parsing ecmascript source code failed

Import traces:
  Client Component Browser:
    ./app/(app)/gradebook/page.tsx [Client Component Browser]
    ./app/(app)/gradebook/page.tsx [Server Component]

  Client Component SSR:
    ./app/(app)/gradebook/page.tsx [Client Component SSR]
    ./app/(app)/gradebook/page.tsx [Server Component] @ http://localhost:3000/_next/static/chunks/node_modules_next_dist_0u_w_5s._.js:1945
[   89131ms] [ERROR] ./app/(app)/gradebook/page.tsx:256:6
Unterminated regexp literal
  254 |       </div>
  255 |
> 256 |     </div>
      |      ^^^^^
  257 |   )
  258 | }
  259 |

Parsing ecmascript source code failed

Import traces:
  Client Component Browser:
    ./app/(app)/gradebook/page.tsx [Client Component Browser]
    ./app/(app)/gradebook/page.tsx [Server Component]

  Client Component SSR:
    ./app/(app)/gradebook/page.tsx [Client Component SSR]
    ./app/(app)/gradebook/page.tsx [Server Component] @ http://localhost:3000/_next/static/chunks/node_modules_next_dist_0u_w_5s._.js:1945
[   89192ms] [ERROR] ./app/(app)/gradebook/page.tsx:256:6
Unterminated regexp literal
  254 |       </div>
  255 |
> 256 |     </div>
      |      ^^^^^
  257 |   )
  258 | }
  259 |

Parsing ecmascript source code failed

Import traces:
  Client Component Browser:
    ./app/(app)/gradebook/page.tsx [Client Component Browser]
    ./app/(app)/gradebook/page.tsx [Server Component]

  Client Component SSR:
    ./app/(app)/gradebook/page.tsx [Client Component SSR]
    ./app/(app)/gradebook/page.tsx [Server Component] @ http://localhost:3000/_next/static/chunks/node_modules_next_dist_0u_w_5s._.js:1945
[   89249ms] [ERROR] ./app/(app)/gradebook/page.tsx:256:6
Unterminated regexp literal
  254 |       </div>
  255 |
> 256 |     </div>
      |      ^^^^^
  257 |   )
  258 | }
  259 |

Parsing ecmascript source code failed

Import traces:
  Client Component Browser:
    ./app/(app)/gradebook/page.tsx [Client Component Browser]
    ./app/(app)/gradebook/page.tsx [Server Component]

  Client Component SSR:
    ./app/(app)/gradebook/page.tsx [Client Component SSR]
    ./app/(app)/gradebook/page.tsx [Server Component] @ http://localhost:3000/_next/static/chunks/node_modules_next_dist_0u_w_5s._.js:1945
[   89313ms] [ERROR] ./app/(app)/gradebook/page.tsx:256:6
Unterminated regexp literal
  254 |       </div>
  255 |
> 256 |     </div>
      |      ^^^^^
  257 |   )
  258 | }
  259 |

Parsing ecmascript source code failed

Import traces:
  Client Component Browser:
    ./app/(app)/gradebook/page.tsx [Client Component Browser]
    ./app/(app)/gradebook/page.tsx [Server Component]

  Client Component SSR:
    ./app/(app)/gradebook/page.tsx [Client Component SSR]
    ./app/(app)/gradebook/page.tsx [Server Component] @ http://localhost:3000/_next/static/chunks/node_modules_next_dist_0u_w_5s._.js:1945
[   89376ms] [ERROR] ./app/(app)/gradebook/page.tsx:256:6
Unterminated regexp literal
  254 |       </div>
  255 |
> 256 |     </div>
      |      ^^^^^
  257 |   )
  258 | }
  259 |

Parsing ecmascript source code failed

Import traces:
  Client Component Browser:
    ./app/(app)/gradebook/page.tsx [Client Component Browser]
    ./app/(app)/gradebook/page.tsx [Server Component]

  Client Component SSR:
    ./app/(app)/gradebook/page.tsx [Client Component SSR]
    ./app/(app)/gradebook/page.tsx [Server Component] @ http://localhost:3000/_next/static/chunks/node_modules_next_dist_0u_w_5s._.js:1945
[   89433ms] [ERROR] ./app/(app)/gradebook/page.tsx:256:6
Unterminated regexp literal
  254 |       </div>
  255 |
> 256 |     </div>
      |      ^^^^^
  257 |   )
  258 | }
  259 |

Parsing ecmascript source code failed

Import traces:
  Client Component Browser:
    ./app/(app)/gradebook/page.tsx [Client Component Browser]
    ./app/(app)/gradebook/page.tsx [Server Component]

  Client Component SSR:
    ./app/(app)/gradebook/page.tsx [Client Component SSR]
    ./app/(app)/gradebook/page.tsx [Server Component] @ http://localhost:3000/_next/static/chunks/node_modules_next_dist_0u_w_5s._.js:1945
[   89489ms] [ERROR] ./app/(app)/gradebook/page.tsx:256:6
Unterminated regexp literal
  254 |       </div>
  255 |
> 256 |     </div>
      |      ^^^^^
  257 |   )
  258 | }
  259 |

Parsing ecmascript source code failed

Import traces:
  Client Component Browser:
    ./app/(app)/gradebook/page.tsx [Client Component Browser]
    ./app/(app)/gradebook/page.tsx [Server Component]

  Client Component SSR:
    ./app/(app)/gradebook/page.tsx [Client Component SSR]
    ./app/(app)/gradebook/page.tsx [Server Component] @ http://localhost:3000/_next/static/chunks/node_modules_next_dist_0u_w_5s._.js:1945
[   89549ms] [ERROR] ./app/(app)/gradebook/page.tsx:256:6
Unterminated regexp literal
  254 |       </div>
  255 |
> 256 |     </div>
      |      ^^^^^
  257 |   )
  258 | }
  259 |

Parsing ecmascript source code failed

Import traces:
  Client Component Browser:
    ./app/(app)/gradebook/page.tsx [Client Component Browser]
    ./app/(app)/gradebook/page.tsx [Server Component]

  Client Component SSR:
    ./app/(app)/gradebook/page.tsx [Client Component SSR]
    ./app/(app)/gradebook/page.tsx [Server Component] @ http://localhost:3000/_next/static/chunks/node_modules_next_dist_0u_w_5s._.js:1945
[   89596ms] [ERROR] ./app/(app)/gradebook/page.tsx:256:6
Unterminated regexp literal
  254 |       </div>
  255 |
> 256 |     </div>
      |      ^^^^^
  257 |   )
  258 | }
  259 |

Parsing ecmascript source code failed

Import traces:
  Client Component Browser:
    ./app/(app)/gradebook/page.tsx [Client Component Browser]
    ./app/(app)/gradebook/page.tsx [Server Component]

  Client Component SSR:
    ./app/(app)/gradebook/page.tsx [Client Component SSR]
    ./app/(app)/gradebook/page.tsx [Server Component] @ http://localhost:3000/_next/static/chunks/node_modules_next_dist_0u_w_5s._.js:1945
[   89649ms] [ERROR] ./app/(app)/gradebook/page.tsx:256:6
Unterminated regexp literal
  254 |       </div>
  255 |
> 256 |     </div>
      |      ^^^^^
  257 |   )
  258 | }
  259 |

Parsing ecmascript source code failed

Import traces:
  Client Component Browser:
    ./app/(app)/gradebook/page.tsx [Client Component Browser]
    ./app/(app)/gradebook/page.tsx [Server Component]

  Client Component SSR:
    ./app/(app)/gradebook/page.tsx [Client Component SSR]
    ./app/(app)/gradebook/page.tsx [Server Component] @ http://localhost:3000/_next/static/chunks/node_modules_next_dist_0u_w_5s._.js:1945
[   89714ms] [ERROR] ./app/(app)/gradebook/page.tsx:256:6
Unterminated regexp literal
  254 |       </div>
  255 |
> 256 |     </div>
      |      ^^^^^
  257 |   )
  258 | }
  259 |

Parsing ecmascript source code failed

Import traces:
  Client Component Browser:
    ./app/(app)/gradebook/page.tsx [Client Component Browser]
    ./app/(app)/gradebook/page.tsx [Server Component]

  Client Component SSR:
    ./app/(app)/gradebook/page.tsx [Client Component SSR]
    ./app/(app)/gradebook/page.tsx [Server Component] @ http://localhost:3000/_next/static/chunks/node_modules_next_dist_0u_w_5s._.js:1945
[   89770ms] [ERROR] ./app/(app)/gradebook/page.tsx:256:6
Unterminated regexp literal
  254 |       </div>
  255 |
> 256 |     </div>
      |      ^^^^^
  257 |   )
  258 | }
  259 |

Parsing ecmascript source code failed

Import traces:
  Client Component Browser:
    ./app/(app)/gradebook/page.tsx [Client Component Browser]
    ./app/(app)/gradebook/page.tsx [Server Component]

  Client Component SSR:
    ./app/(app)/gradebook/page.tsx [Client Component SSR]
    ./app/(app)/gradebook/page.tsx [Server Component] @ http://localhost:3000/_next/static/chunks/node_modules_next_dist_0u_w_5s._.js:1945
[   89841ms] [ERROR] ./app/(app)/gradebook/page.tsx:256:6
Unterminated regexp literal
  254 |       </div>
  255 |
> 256 |     </div>
      |      ^^^^^
  257 |   )
  258 | }
  259 |

Parsing ecmascript source code failed

Import traces:
  Client Component Browser:
    ./app/(app)/gradebook/page.tsx [Client Component Browser]
    ./app/(app)/gradebook/page.tsx [Server Component]

  Client Component SSR:
    ./app/(app)/gradebook/page.tsx [Client Component SSR]
    ./app/(app)/gradebook/page.tsx [Server Component] @ http://localhost:3000/_next/static/chunks/node_modules_next_dist_0u_w_5s._.js:1945
[   89900ms] [ERROR] ./app/(app)/gradebook/page.tsx:256:6
Unterminated regexp literal
  254 |       </div>
  255 |
> 256 |     </div>
      |      ^^^^^
  257 |   )
  258 | }
  259 |

Parsing ecmascript source code failed

Import traces:
  Client Component Browser:
    ./app/(app)/gradebook/page.tsx [Client Component Browser]
    ./app/(app)/gradebook/page.tsx [Server Component]

  Client Component SSR:
    ./app/(app)/gradebook/page.tsx [Client Component SSR]
    ./app/(app)/gradebook/page.tsx [Server Component] @ http://localhost:3000/_next/static/chunks/node_modules_next_dist_0u_w_5s._.js:1945
[   89949ms] [ERROR] ./app/(app)/gradebook/page.tsx:256:6
Unterminated regexp literal
  254 |       </div>
  255 |
> 256 |     </div>
      |      ^^^^^
  257 |   )
  258 | }
  259 |

Parsing ecmascript source code failed

Import traces:
  Client Component Browser:
    ./app/(app)/gradebook/page.tsx [Client Component Browser]
    ./app/(app)/gradebook/page.tsx [Server Component]

  Client Component SSR:
    ./app/(app)/gradebook/page.tsx [Client Component SSR]
    ./app/(app)/gradebook/page.tsx [Server Component] @ http://localhost:3000/_next/static/chunks/node_modules_next_dist_0u_w_5s._.js:1945
[   90013ms] [ERROR] ./app/(app)/gradebook/page.tsx:256:6
Unterminated regexp literal
  254 |       </div>
  255 |
> 256 |     </div>
      |      ^^^^^
  257 |   )
  258 | }
  259 |

Parsing ecmascript source code failed

Import traces:
  Client Component Browser:
    ./app/(app)/gradebook/page.tsx [Client Component Browser]
    ./app/(app)/gradebook/page.tsx [Server Component]

  Client Component SSR:
    ./app/(app)/gradebook/page.tsx [Client Component SSR]
    ./app/(app)/gradebook/page.tsx [Server Component] @ http://localhost:3000/_next/static/chunks/node_modules_next_dist_0u_w_5s._.js:1945
[   90076ms] [ERROR] ./app/(app)/gradebook/page.tsx:256:6
Unterminated regexp literal
  254 |       </div>
  255 |
> 256 |     </div>
      |      ^^^^^
  257 |   )
  258 | }
  259 |

Parsing ecmascript source code failed

Import traces:
  Client Component Browser:
    ./app/(app)/gradebook/page.tsx [Client Component Browser]
    ./app/(app)/gradebook/page.tsx [Server Component]

  Client Component SSR:
    ./app/(app)/gradebook/page.tsx [Client Component SSR]
    ./app/(app)/gradebook/page.tsx [Server Component] @ http://localhost:3000/_next/static/chunks/node_modules_next_dist_0u_w_5s._.js:1945
[   90132ms] [ERROR] ./app/(app)/gradebook/page.tsx:256:6
Unterminated regexp literal
  254 |       </div>
  255 |
> 256 |     </div>
      |      ^^^^^
  257 |   )
  258 | }
  259 |

Parsing ecmascript source code failed

Import traces:
  Client Component Browser:
    ./app/(app)/gradebook/page.tsx [Client Component Browser]
    ./app/(app)/gradebook/page.tsx [Server Component]

  Client Component SSR:
    ./app/(app)/gradebook/page.tsx [Client Component SSR]
    ./app/(app)/gradebook/page.tsx [Server Component] @ http://localhost:3000/_next/static/chunks/node_modules_next_dist_0u_w_5s._.js:1945
[   90186ms] [ERROR] ./app/(app)/gradebook/page.tsx:256:6
Unterminated regexp literal
  254 |       </div>
  255 |
> 256 |     </div>
      |      ^^^^^
  257 |   )
  258 | }
  259 |

Parsing ecmascript source code failed

Import traces:
  Client Component Browser:
    ./app/(app)/gradebook/page.tsx [Client Component Browser]
    ./app/(app)/gradebook/page.tsx [Server Component]

  Client Component SSR:
    ./app/(app)/gradebook/page.tsx [Client Component SSR]
    ./app/(app)/gradebook/page.tsx [Server Component] @ http://localhost:3000/_next/static/chunks/node_modules_next_dist_0u_w_5s._.js:1945
[   90249ms] [ERROR] ./app/(app)/gradebook/page.tsx:256:6
Unterminated regexp literal
  254 |       </div>
  255 |
> 256 |     </div>
      |      ^^^^^
  257 |   )
  258 | }
  259 |

Parsing ecmascript source code failed

Import traces:
  Client Component Browser:
    ./app/(app)/gradebook/page.tsx [Client Component Browser]
    ./app/(app)/gradebook/page.tsx [Server Component]

  Client Component SSR:
    ./app/(app)/gradebook/page.tsx [Client Component SSR]
    ./app/(app)/gradebook/page.tsx [Server Component] @ http://localhost:3000/_next/static/chunks/node_modules_next_dist_0u_w_5s._.js:1945
[   90299ms] [ERROR] ./app/(app)/gradebook/page.tsx:256:6
Unterminated regexp literal
  254 |       </div>
  255 |
> 256 |     </div>
      |      ^^^^^
  257 |   )
  258 | }
  259 |

Parsing ecmascript source code failed

Import traces:
  Client Component Browser:
    ./app/(app)/gradebook/page.tsx [Client Component Browser]
    ./app/(app)/gradebook/page.tsx [Server Component]

  Client Component SSR:
    ./app/(app)/gradebook/page.tsx [Client Component SSR]
    ./app/(app)/gradebook/page.tsx [Server Component] @ http://localhost:3000/_next/static/chunks/node_modules_next_dist_0u_w_5s._.js:1945
[   90353ms] [ERROR] ./app/(app)/gradebook/page.tsx:256:6
Unterminated regexp literal
  254 |       </div>
  255 |
> 256 |     </div>
      |      ^^^^^
  257 |   )
  258 | }
  259 |

Parsing ecmascript source code failed

Import traces:
  Client Component Browser:
    ./app/(app)/gradebook/page.tsx [Client Component Browser]
    ./app/(app)/gradebook/page.tsx [Server Component]

  Client Component SSR:
    ./app/(app)/gradebook/page.tsx [Client Component SSR]
    ./app/(app)/gradebook/page.tsx [Server Component] @ http://localhost:3000/_next/static/chunks/node_modules_next_dist_0u_w_5s._.js:1945
[   90420ms] [ERROR] ./app/(app)/gradebook/page.tsx:256:6
Unterminated regexp literal
  254 |       </div>
  255 |
> 256 |     </div>
      |      ^^^^^
  257 |   )
  258 | }
  259 |

Parsing ecmascript source code failed

Import traces:
  Client Component Browser:
    ./app/(app)/gradebook/page.tsx [Client Component Browser]
    ./app/(app)/gradebook/page.tsx [Server Component]

  Client Component SSR:
    ./app/(app)/gradebook/page.tsx [Client Component SSR]
    ./app/(app)/gradebook/page.tsx [Server Component] @ http://localhost:3000/_next/static/chunks/node_modules_next_dist_0u_w_5s._.js:1945
[   90483ms] [ERROR] ./app/(app)/gradebook/page.tsx:256:6
Unterminated regexp literal
  254 |       </div>
  255 |
> 256 |     </div>
      |      ^^^^^
  257 |   )
  258 | }
  259 |

Parsing ecmascript source code failed

Import traces:
  Client Component Browser:
    ./app/(app)/gradebook/page.tsx [Client Component Browser]
    ./app/(app)/gradebook/page.tsx [Server Component]

  Client Component SSR:
    ./app/(app)/gradebook/page.tsx [Client Component SSR]
    ./app/(app)/gradebook/page.tsx [Server Component] @ http://localhost:3000/_next/static/chunks/node_modules_next_dist_0u_w_5s._.js:1945
[   90550ms] [ERROR] ./app/(app)/gradebook/page.tsx:256:6
Unterminated regexp literal
  254 |       </div>
  255 |
> 256 |     </div>
      |      ^^^^^
  257 |   )
  258 | }
  259 |

Parsing ecmascript source code failed

Import traces:
  Client Component Browser:
    ./app/(app)/gradebook/page.tsx [Client Component Browser]
    ./app/(app)/gradebook/page.tsx [Server Component]

  Client Component SSR:
    ./app/(app)/gradebook/page.tsx [Client Component SSR]
    ./app/(app)/gradebook/page.tsx [Server Component] @ http://localhost:3000/_next/static/chunks/node_modules_next_dist_0u_w_5s._.js:1945
[   90603ms] [ERROR] ./app/(app)/gradebook/page.tsx:256:6
Unterminated regexp literal
  254 |       </div>
  255 |
> 256 |     </div>
      |      ^^^^^
  257 |   )
  258 | }
  259 |

Parsing ecmascript source code failed

Import traces:
  Client Component Browser:
    ./app/(app)/gradebook/page.tsx [Client Component Browser]
    ./app/(app)/gradebook/page.tsx [Server Component]

  Client Component SSR:
    ./app/(app)/gradebook/page.tsx [Client Component SSR]
    ./app/(app)/gradebook/page.tsx [Server Component] @ http://localhost:3000/_next/static/chunks/node_modules_next_dist_0u_w_5s._.js:1945
[   90667ms] [ERROR] ./app/(app)/gradebook/page.tsx:256:6
Unterminated regexp literal
  254 |       </div>
  255 |
> 256 |     </div>
      |      ^^^^^
  257 |   )
  258 | }
  259 |

Parsing ecmascript source code failed

Import traces:
  Client Component Browser:
    ./app/(app)/gradebook/page.tsx [Client Component Browser]
    ./app/(app)/gradebook/page.tsx [Server Component]

  Client Component SSR:
    ./app/(app)/gradebook/page.tsx [Client Component SSR]
    ./app/(app)/gradebook/page.tsx [Server Component] @ http://localhost:3000/_next/static/chunks/node_modules_next_dist_0u_w_5s._.js:1945
[   90731ms] [ERROR] ./app/(app)/gradebook/page.tsx:256:6
Unterminated regexp literal
  254 |       </div>
  255 |
> 256 |     </div>
      |      ^^^^^
  257 |   )
  258 | }
  259 |

Parsing ecmascript source code failed

Import traces:
  Client Component Browser:
    ./app/(app)/gradebook/page.tsx [Client Component Browser]
    ./app/(app)/gradebook/page.tsx [Server Component]

  Client Component SSR:
    ./app/(app)/gradebook/page.tsx [Client Component SSR]
    ./app/(app)/gradebook/page.tsx [Server Component] @ http://localhost:3000/_next/static/chunks/node_modules_next_dist_0u_w_5s._.js:1945
[   90799ms] [ERROR] ./app/(app)/gradebook/page.tsx:256:6
Unterminated regexp literal
  254 |       </div>
  255 |
> 256 |     </div>
      |      ^^^^^
  257 |   )
  258 | }
  259 |

Parsing ecmascript source code failed

Import traces:
  Client Component Browser:
    ./app/(app)/gradebook/page.tsx [Client Component Browser]
    ./app/(app)/gradebook/page.tsx [Server Component]

  Client Component SSR:
    ./app/(app)/gradebook/page.tsx [Client Component SSR]
    ./app/(app)/gradebook/page.tsx [Server Component] @ http://localhost:3000/_next/static/chunks/node_modules_next_dist_0u_w_5s._.js:1945
[   90862ms] [ERROR] ./app/(app)/gradebook/page.tsx:256:6
Unterminated regexp literal
  254 |       </div>
  255 |
> 256 |     </div>
      |      ^^^^^
  257 |   )
  258 | }
  259 |

Parsing ecmascript source code failed

Import traces:
  Client Component Browser:
    ./app/(app)/gradebook/page.tsx [Client Component Browser]
    ./app/(app)/gradebook/page.tsx [Server Component]

  Client Component SSR:
    ./app/(app)/gradebook/page.tsx [Client Component SSR]
    ./app/(app)/gradebook/page.tsx [Server Component] @ http://localhost:3000/_next/static/chunks/node_modules_next_dist_0u_w_5s._.js:1945
[   90921ms] [ERROR] ./app/(app)/gradebook/page.tsx:256:6
Unterminated regexp literal
  254 |       </div>
  255 |
> 256 |     </div>
      |      ^^^^^
  257 |   )
  258 | }
  259 |

Parsing ecmascript source code failed

Import traces:
  Client Component Browser:
    ./app/(app)/gradebook/page.tsx [Client Component Browser]
    ./app/(app)/gradebook/page.tsx [Server Component]

  Client Component SSR:
    ./app/(app)/gradebook/page.tsx [Client Component SSR]
    ./app/(app)/gradebook/page.tsx [Server Component] @ http://localhost:3000/_next/static/chunks/node_modules_next_dist_0u_w_5s._.js:1945
[   90983ms] [ERROR] ./app/(app)/gradebook/page.tsx:256:6
Unterminated regexp literal
  254 |       </div>
  255 |
> 256 |     </div>
      |      ^^^^^
  257 |   )
  258 | }
  259 |

Parsing ecmascript source code failed

Import traces:
  Client Component Browser:
    ./app/(app)/gradebook/page.tsx [Client Component Browser]
    ./app/(app)/gradebook/page.tsx [Server Component]

  Client Component SSR:
    ./app/(app)/gradebook/page.tsx [Client Component SSR]
    ./app/(app)/gradebook/page.tsx [Server Component] @ http://localhost:3000/_next/static/chunks/node_modules_next_dist_0u_w_5s._.js:1945
[   91039ms] [ERROR] ./app/(app)/gradebook/page.tsx:256:6
Unterminated regexp literal
  254 |       </div>
  255 |
> 256 |     </div>
      |      ^^^^^
  257 |   )
  258 | }
  259 |

Parsing ecmascript source code failed

Import traces:
  Client Component Browser:
    ./app/(app)/gradebook/page.tsx [Client Component Browser]
    ./app/(app)/gradebook/page.tsx [Server Component]

  Client Component SSR:
    ./app/(app)/gradebook/page.tsx [Client Component SSR]
    ./app/(app)/gradebook/page.tsx [Server Component] @ http://localhost:3000/_next/static/chunks/node_modules_next_dist_0u_w_5s._.js:1945
[   91100ms] [ERROR] ./app/(app)/gradebook/page.tsx:256:6
Unterminated regexp literal
  254 |       </div>
  255 |
> 256 |     </div>
      |      ^^^^^
  257 |   )
  258 | }
  259 |

Parsing ecmascript source code failed

Import traces:
  Client Component Browser:
    ./app/(app)/gradebook/page.tsx [Client Component Browser]
    ./app/(app)/gradebook/page.tsx [Server Component]

  Client Component SSR:
    ./app/(app)/gradebook/page.tsx [Client Component SSR]
    ./app/(app)/gradebook/page.tsx [Server Component] @ http://localhost:3000/_next/static/chunks/node_modules_next_dist_0u_w_5s._.js:1945
[   91165ms] [ERROR] ./app/(app)/gradebook/page.tsx:256:6
Unterminated regexp literal
  254 |       </div>
  255 |
> 256 |     </div>
      |      ^^^^^
  257 |   )
  258 | }
  259 |

Parsing ecmascript source code failed

Import traces:
  Client Component Browser:
    ./app/(app)/gradebook/page.tsx [Client Component Browser]
    ./app/(app)/gradebook/page.tsx [Server Component]

  Client Component SSR:
    ./app/(app)/gradebook/page.tsx [Client Component SSR]
    ./app/(app)/gradebook/page.tsx [Server Component] @ http://localhost:3000/_next/static/chunks/node_modules_next_dist_0u_w_5s._.js:1945
[   91216ms] [ERROR] ./app/(app)/gradebook/page.tsx:256:6
Unterminated regexp literal
  254 |       </div>
  255 |
> 256 |     </div>
      |      ^^^^^
  257 |   )
  258 | }
  259 |

Parsing ecmascript source code failed

Import traces:
  Client Component Browser:
    ./app/(app)/gradebook/page.tsx [Client Component Browser]
    ./app/(app)/gradebook/page.tsx [Server Component]

  Client Component SSR:
    ./app/(app)/gradebook/page.tsx [Client Component SSR]
    ./app/(app)/gradebook/page.tsx [Server Component] @ http://localhost:3000/_next/static/chunks/node_modules_next_dist_0u_w_5s._.js:1945
[   91274ms] [ERROR] ./app/(app)/gradebook/page.tsx:256:6
Unterminated regexp literal
  254 |       </div>
  255 |
> 256 |     </div>
      |      ^^^^^
  257 |   )
  258 | }
  259 |

Parsing ecmascript source code failed

Import traces:
  Client Component Browser:
    ./app/(app)/gradebook/page.tsx [Client Component Browser]
    ./app/(app)/gradebook/page.tsx [Server Component]

  Client Component SSR:
    ./app/(app)/gradebook/page.tsx [Client Component SSR]
    ./app/(app)/gradebook/page.tsx [Server Component] @ http://localhost:3000/_next/static/chunks/node_modules_next_dist_0u_w_5s._.js:1945
[   91333ms] [ERROR] ./app/(app)/gradebook/page.tsx:256:6
Unterminated regexp literal
  254 |       </div>
  255 |
> 256 |     </div>
      |      ^^^^^
  257 |   )
  258 | }
  259 |

Parsing ecmascript source code failed

Import traces:
  Client Component Browser:
    ./app/(app)/gradebook/page.tsx [Client Component Browser]
    ./app/(app)/gradebook/page.tsx [Server Component]

  Client Component SSR:
    ./app/(app)/gradebook/page.tsx [Client Component SSR]
    ./app/(app)/gradebook/page.tsx [Server Component] @ http://localhost:3000/_next/static/chunks/node_modules_next_dist_0u_w_5s._.js:1945
[   91391ms] [ERROR] ./app/(app)/gradebook/page.tsx:256:6
Unterminated regexp literal
  254 |       </div>
  255 |
> 256 |     </div>
      |      ^^^^^
  257 |   )
  258 | }
  259 |

Parsing ecmascript source code failed

Import traces:
  Client Component Browser:
    ./app/(app)/gradebook/page.tsx [Client Component Browser]
    ./app/(app)/gradebook/page.tsx [Server Component]

  Client Component SSR:
    ./app/(app)/gradebook/page.tsx [Client Component SSR]
    ./app/(app)/gradebook/page.tsx [Server Component] @ http://localhost:3000/_next/static/chunks/node_modules_next_dist_0u_w_5s._.js:1945
[   91453ms] [ERROR] ./app/(app)/gradebook/page.tsx:256:6
Unterminated regexp literal
  254 |       </div>
  255 |
> 256 |     </div>
      |      ^^^^^
  257 |   )
  258 | }
  259 |

Parsing ecmascript source code failed

Import traces:
  Client Component Browser:
    ./app/(app)/gradebook/page.tsx [Client Component Browser]
    ./app/(app)/gradebook/page.tsx [Server Component]

  Client Component SSR:
    ./app/(app)/gradebook/page.tsx [Client Component SSR]
    ./app/(app)/gradebook/page.tsx [Server Component] @ http://localhost:3000/_next/static/chunks/node_modules_next_dist_0u_w_5s._.js:1945
[   91516ms] [ERROR] ./app/(app)/gradebook/page.tsx:256:6
Unterminated regexp literal
  254 |       </div>
  255 |
> 256 |     </div>
      |      ^^^^^
  257 |   )
  258 | }
  259 |

Parsing ecmascript source code failed

Import traces:
  Client Component Browser:
    ./app/(app)/gradebook/page.tsx [Client Component Browser]
    ./app/(app)/gradebook/page.tsx [Server Component]

  Client Component SSR:
    ./app/(app)/gradebook/page.tsx [Client Component SSR]
    ./app/(app)/gradebook/page.tsx [Server Component] @ http://localhost:3000/_next/static/chunks/node_modules_next_dist_0u_w_5s._.js:1945
[   91579ms] [ERROR] ./app/(app)/gradebook/page.tsx:256:6
Unterminated regexp literal
  254 |       </div>
  255 |
> 256 |     </div>
      |      ^^^^^
  257 |   )
  258 | }
  259 |

Parsing ecmascript source code failed

Import traces:
  Client Component Browser:
    ./app/(app)/gradebook/page.tsx [Client Component Browser]
    ./app/(app)/gradebook/page.tsx [Server Component]

  Client Component SSR:
    ./app/(app)/gradebook/page.tsx [Client Component SSR]
    ./app/(app)/gradebook/page.tsx [Server Component] @ http://localhost:3000/_next/static/chunks/node_modules_next_dist_0u_w_5s._.js:1945
[   91626ms] [ERROR] ./app/(app)/gradebook/page.tsx:256:6
Unterminated regexp literal
  254 |       </div>
  255 |
> 256 |     </div>
      |      ^^^^^
  257 |   )
  258 | }
  259 |

Parsing ecmascript source code failed

Import traces:
  Client Component Browser:
    ./app/(app)/gradebook/page.tsx [Client Component Browser]
    ./app/(app)/gradebook/page.tsx [Server Component]

  Client Component SSR:
    ./app/(app)/gradebook/page.tsx [Client Component SSR]
    ./app/(app)/gradebook/page.tsx [Server Component] @ http://localhost:3000/_next/static/chunks/node_modules_next_dist_0u_w_5s._.js:1945
[   91677ms] [ERROR] ./app/(app)/gradebook/page.tsx:256:6
Unterminated regexp literal
  254 |       </div>
  255 |
> 256 |     </div>
      |      ^^^^^
  257 |   )
  258 | }
  259 |

Parsing ecmascript source code failed

Import traces:
  Client Component Browser:
    ./app/(app)/gradebook/page.tsx [Client Component Browser]
    ./app/(app)/gradebook/page.tsx [Server Component]

  Client Component SSR:
    ./app/(app)/gradebook/page.tsx [Client Component SSR]
    ./app/(app)/gradebook/page.tsx [Server Component] @ http://localhost:3000/_next/static/chunks/node_modules_next_dist_0u_w_5s._.js:1945
[   91724ms] [ERROR] ./app/(app)/gradebook/page.tsx:256:6
Unterminated regexp literal
  254 |       </div>
  255 |
> 256 |     </div>
      |      ^^^^^
  257 |   )
  258 | }
  259 |

Parsing ecmascript source code failed

Import traces:
  Client Component Browser:
    ./app/(app)/gradebook/page.tsx [Client Component Browser]
    ./app/(app)/gradebook/page.tsx [Server Component]

  Client Component SSR:
    ./app/(app)/gradebook/page.tsx [Client Component SSR]
    ./app/(app)/gradebook/page.tsx [Server Component] @ http://localhost:3000/_next/static/chunks/node_modules_next_dist_0u_w_5s._.js:1945
[   91779ms] [ERROR] ./app/(app)/gradebook/page.tsx:256:6
Unterminated regexp literal
  254 |       </div>
  255 |
> 256 |     </div>
      |      ^^^^^
  257 |   )
  258 | }
  259 |

Parsing ecmascript source code failed

Import traces:
  Client Component Browser:
    ./app/(app)/gradebook/page.tsx [Client Component Browser]
    ./app/(app)/gradebook/page.tsx [Server Component]

  Client Component SSR:
    ./app/(app)/gradebook/page.tsx [Client Component SSR]
    ./app/(app)/gradebook/page.tsx [Server Component] @ http://localhost:3000/_next/static/chunks/node_modules_next_dist_0u_w_5s._.js:1945
[   91840ms] [ERROR] ./app/(app)/gradebook/page.tsx:256:6
Unterminated regexp literal
  254 |       </div>
  255 |
> 256 |     </div>
      |      ^^^^^
  257 |   )
  258 | }
  259 |

Parsing ecmascript source code failed

Import traces:
  Client Component Browser:
    ./app/(app)/gradebook/page.tsx [Client Component Browser]
    ./app/(app)/gradebook/page.tsx [Server Component]

  Client Component SSR:
    ./app/(app)/gradebook/page.tsx [Client Component SSR]
    ./app/(app)/gradebook/page.tsx [Server Component] @ http://localhost:3000/_next/static/chunks/node_modules_next_dist_0u_w_5s._.js:1945
[   91899ms] [ERROR] ./app/(app)/gradebook/page.tsx:256:6
Unterminated regexp literal
  254 |       </div>
  255 |
> 256 |     </div>
      |      ^^^^^
  257 |   )
  258 | }
  259 |

Parsing ecmascript source code failed

Import traces:
  Client Component Browser:
    ./app/(app)/gradebook/page.tsx [Client Component Browser]
    ./app/(app)/gradebook/page.tsx [Server Component]

  Client Component SSR:
    ./app/(app)/gradebook/page.tsx [Client Component SSR]
    ./app/(app)/gradebook/page.tsx [Server Component] @ http://localhost:3000/_next/static/chunks/node_modules_next_dist_0u_w_5s._.js:1945
[   91958ms] [ERROR] ./app/(app)/gradebook/page.tsx:256:6
Unterminated regexp literal
  254 |       </div>
  255 |
> 256 |     </div>
      |      ^^^^^
  257 |   )
  258 | }
  259 |

Parsing ecmascript source code failed

Import traces:
  Client Component Browser:
    ./app/(app)/gradebook/page.tsx [Client Component Browser]
    ./app/(app)/gradebook/page.tsx [Server Component]

  Client Component SSR:
    ./app/(app)/gradebook/page.tsx [Client Component SSR]
    ./app/(app)/gradebook/page.tsx [Server Component] @ http://localhost:3000/_next/static/chunks/node_modules_next_dist_0u_w_5s._.js:1945
[   92020ms] [ERROR] ./app/(app)/gradebook/page.tsx:256:6
Unterminated regexp literal
  254 |       </div>
  255 |
> 256 |     </div>
      |      ^^^^^
  257 |   )
  258 | }
  259 |

Parsing ecmascript source code failed

Import traces:
  Client Component Browser:
    ./app/(app)/gradebook/page.tsx [Client Component Browser]
    ./app/(app)/gradebook/page.tsx [Server Component]

  Client Component SSR:
    ./app/(app)/gradebook/page.tsx [Client Component SSR]
    ./app/(app)/gradebook/page.tsx [Server Component] @ http://localhost:3000/_next/static/chunks/node_modules_next_dist_0u_w_5s._.js:1945
[   92081ms] [ERROR] ./app/(app)/gradebook/page.tsx:256:6
Unterminated regexp literal
  254 |       </div>
  255 |
> 256 |     </div>
      |      ^^^^^
  257 |   )
  258 | }
  259 |

Parsing ecmascript source code failed

Import traces:
  Client Component Browser:
    ./app/(app)/gradebook/page.tsx [Client Component Browser]
    ./app/(app)/gradebook/page.tsx [Server Component]

  Client Component SSR:
    ./app/(app)/gradebook/page.tsx [Client Component SSR]
    ./app/(app)/gradebook/page.tsx [Server Component] @ http://localhost:3000/_next/static/chunks/node_modules_next_dist_0u_w_5s._.js:1945
[   92133ms] [ERROR] ./app/(app)/gradebook/page.tsx:256:6
Unterminated regexp literal
  254 |       </div>
  255 |
> 256 |     </div>
      |      ^^^^^
  257 |   )
  258 | }
  259 |

Parsing ecmascript source code failed

Import traces:
  Client Component Browser:
    ./app/(app)/gradebook/page.tsx [Client Component Browser]
    ./app/(app)/gradebook/page.tsx [Server Component]

  Client Component SSR:
    ./app/(app)/gradebook/page.tsx [Client Component SSR]
    ./app/(app)/gradebook/page.tsx [Server Component] @ http://localhost:3000/_next/static/chunks/node_modules_next_dist_0u_w_5s._.js:1945
[   92194ms] [ERROR] ./app/(app)/gradebook/page.tsx:256:6
Unterminated regexp literal
  254 |       </div>
  255 |
> 256 |     </div>
      |      ^^^^^
  257 |   )
  258 | }
  259 |

Parsing ecmascript source code failed

Import traces:
  Client Component Browser:
    ./app/(app)/gradebook/page.tsx [Client Component Browser]
    ./app/(app)/gradebook/page.tsx [Server Component]

  Client Component SSR:
    ./app/(app)/gradebook/page.tsx [Client Component SSR]
    ./app/(app)/gradebook/page.tsx [Server Component] @ http://localhost:3000/_next/static/chunks/node_modules_next_dist_0u_w_5s._.js:1945
[   92246ms] [ERROR] ./app/(app)/gradebook/page.tsx:256:6
Unterminated regexp literal
  254 |       </div>
  255 |
> 256 |     </div>
      |      ^^^^^
  257 |   )
  258 | }
  259 |

Parsing ecmascript source code failed

Import traces:
  Client Component Browser:
    ./app/(app)/gradebook/page.tsx [Client Component Browser]
    ./app/(app)/gradebook/page.tsx [Server Component]

  Client Component SSR:
    ./app/(app)/gradebook/page.tsx [Client Component SSR]
    ./app/(app)/gradebook/page.tsx [Server Component] @ http://localhost:3000/_next/static/chunks/node_modules_next_dist_0u_w_5s._.js:1945
[   92307ms] [ERROR] ./app/(app)/gradebook/page.tsx:256:6
Unterminated regexp literal
  254 |       </div>
  255 |
> 256 |     </div>
      |      ^^^^^
  257 |   )
  258 | }
  259 |

Parsing ecmascript source code failed

Import traces:
  Client Component Browser:
    ./app/(app)/gradebook/page.tsx [Client Component Browser]
    ./app/(app)/gradebook/page.tsx [Server Component]

  Client Component SSR:
    ./app/(app)/gradebook/page.tsx [Client Component SSR]
    ./app/(app)/gradebook/page.tsx [Server Component] @ http://localhost:3000/_next/static/chunks/node_modules_next_dist_0u_w_5s._.js:1945
[   92357ms] [ERROR] ./app/(app)/gradebook/page.tsx:256:6
Unterminated regexp literal
  254 |       </div>
  255 |
> 256 |     </div>
      |      ^^^^^
  257 |   )
  258 | }
  259 |

Parsing ecmascript source code failed

Import traces:
  Client Component Browser:
    ./app/(app)/gradebook/page.tsx [Client Component Browser]
    ./app/(app)/gradebook/page.tsx [Server Component]

  Client Component SSR:
    ./app/(app)/gradebook/page.tsx [Client Component SSR]
    ./app/(app)/gradebook/page.tsx [Server Component] @ http://localhost:3000/_next/static/chunks/node_modules_next_dist_0u_w_5s._.js:1945
[   92414ms] [ERROR] ./app/(app)/gradebook/page.tsx:256:6
Unterminated regexp literal
  254 |       </div>
  255 |
> 256 |     </div>
      |      ^^^^^
  257 |   )
  258 | }
  259 |

Parsing ecmascript source code failed

Import traces:
  Client Component Browser:
    ./app/(app)/gradebook/page.tsx [Client Component Browser]
    ./app/(app)/gradebook/page.tsx [Server Component]

  Client Component SSR:
    ./app/(app)/gradebook/page.tsx [Client Component SSR]
    ./app/(app)/gradebook/page.tsx [Server Component] @ http://localhost:3000/_next/static/chunks/node_modules_next_dist_0u_w_5s._.js:1945
[   92475ms] [ERROR] ./app/(app)/gradebook/page.tsx:256:6
Unterminated regexp literal
  254 |       </div>
  255 |
> 256 |     </div>
      |      ^^^^^
  257 |   )
  258 | }
  259 |

Parsing ecmascript source code failed

Import traces:
  Client Component Browser:
    ./app/(app)/gradebook/page.tsx [Client Component Browser]
    ./app/(app)/gradebook/page.tsx [Server Component]

  Client Component SSR:
    ./app/(app)/gradebook/page.tsx [Client Component SSR]
    ./app/(app)/gradebook/page.tsx [Server Component] @ http://localhost:3000/_next/static/chunks/node_modules_next_dist_0u_w_5s._.js:1945
[   92533ms] [ERROR] ./app/(app)/gradebook/page.tsx:256:6
Unterminated regexp literal
  254 |       </div>
  255 |
> 256 |     </div>
      |      ^^^^^
  257 |   )
  258 | }
  259 |

Parsing ecmascript source code failed

Import traces:
  Client Component Browser:
    ./app/(app)/gradebook/page.tsx [Client Component Browser]
    ./app/(app)/gradebook/page.tsx [Server Component]

  Client Component SSR:
    ./app/(app)/gradebook/page.tsx [Client Component SSR]
    ./app/(app)/gradebook/page.tsx [Server Component] @ http://localhost:3000/_next/static/chunks/node_modules_next_dist_0u_w_5s._.js:1945
[   92582ms] [ERROR] ./app/(app)/gradebook/page.tsx:256:6
Unterminated regexp literal
  254 |       </div>
  255 |
> 256 |     </div>
      |      ^^^^^
  257 |   )
  258 | }
  259 |

Parsing ecmascript source code failed

Import traces:
  Client Component Browser:
    ./app/(app)/gradebook/page.tsx [Client Component Browser]
    ./app/(app)/gradebook/page.tsx [Server Component]

  Client Component SSR:
    ./app/(app)/gradebook/page.tsx [Client Component SSR]
    ./app/(app)/gradebook/page.tsx [Server Component] @ http://localhost:3000/_next/static/chunks/node_modules_next_dist_0u_w_5s._.js:1945
[   92632ms] [ERROR] ./app/(app)/gradebook/page.tsx:256:6
Unterminated regexp literal
  254 |       </div>
  255 |
> 256 |     </div>
      |      ^^^^^
  257 |   )
  258 | }
  259 |

Parsing ecmascript source code failed

Import traces:
  Client Component Browser:
    ./app/(app)/gradebook/page.tsx [Client Component Browser]
    ./app/(app)/gradebook/page.tsx [Server Component]

  Client Component SSR:
    ./app/(app)/gradebook/page.tsx [Client Component SSR]
    ./app/(app)/gradebook/page.tsx [Server Component] @ http://localhost:3000/_next/static/chunks/node_modules_next_dist_0u_w_5s._.js:1945
[   92690ms] [ERROR] ./app/(app)/gradebook/page.tsx:256:6
Unterminated regexp literal
  254 |       </div>
  255 |
> 256 |     </div>
      |      ^^^^^
  257 |   )
  258 | }
  259 |

Parsing ecmascript source code failed

Import traces:
  Client Component Browser:
    ./app/(app)/gradebook/page.tsx [Client Component Browser]
    ./app/(app)/gradebook/page.tsx [Server Component]

  Client Component SSR:
    ./app/(app)/gradebook/page.tsx [Client Component SSR]
    ./app/(app)/gradebook/page.tsx [Server Component] @ http://localhost:3000/_next/static/chunks/node_modules_next_dist_0u_w_5s._.js:1945
[   92741ms] [ERROR] ./app/(app)/gradebook/page.tsx:256:6
Unterminated regexp literal
  254 |       </div>
  255 |
> 256 |     </div>
      |      ^^^^^
  257 |   )
  258 | }
  259 |

Parsing ecmascript source code failed

Import traces:
  Client Component Browser:
    ./app/(app)/gradebook/page.tsx [Client Component Browser]
    ./app/(app)/gradebook/page.tsx [Server Component]

  Client Component SSR:
    ./app/(app)/gradebook/page.tsx [Client Component SSR]
    ./app/(app)/gradebook/page.tsx [Server Component] @ http://localhost:3000/_next/static/chunks/node_modules_next_dist_0u_w_5s._.js:1945
[   92796ms] [ERROR] ./app/(app)/gradebook/page.tsx:256:6
Unterminated regexp literal
  254 |       </div>
  255 |
> 256 |     </div>
      |      ^^^^^
  257 |   )
  258 | }
  259 |

Parsing ecmascript source code failed

Import traces:
  Client Component Browser:
    ./app/(app)/gradebook/page.tsx [Client Component Browser]
    ./app/(app)/gradebook/page.tsx [Server Component]

  Client Component SSR:
    ./app/(app)/gradebook/page.tsx [Client Component SSR]
    ./app/(app)/gradebook/page.tsx [Server Component] @ http://localhost:3000/_next/static/chunks/node_modules_next_dist_0u_w_5s._.js:1945
[   92856ms] [ERROR] ./app/(app)/gradebook/page.tsx:256:6
Unterminated regexp literal
  254 |       </div>
  255 |
> 256 |     </div>
      |      ^^^^^
  257 |   )
  258 | }
  259 |

Parsing ecmascript source code failed

Import traces:
  Client Component Browser:
    ./app/(app)/gradebook/page.tsx [Client Component Browser]
    ./app/(app)/gradebook/page.tsx [Server Component]

  Client Component SSR:
    ./app/(app)/gradebook/page.tsx [Client Component SSR]
    ./app/(app)/gradebook/page.tsx [Server Component] @ http://localhost:3000/_next/static/chunks/node_modules_next_dist_0u_w_5s._.js:1945
[   92906ms] [ERROR] ./app/(app)/gradebook/page.tsx:256:6
Unterminated regexp literal
  254 |       </div>
  255 |
> 256 |     </div>
      |      ^^^^^
  257 |   )
  258 | }
  259 |

Parsing ecmascript source code failed

Import traces:
  Client Component Browser:
    ./app/(app)/gradebook/page.tsx [Client Component Browser]
    ./app/(app)/gradebook/page.tsx [Server Component]

  Client Component SSR:
    ./app/(app)/gradebook/page.tsx [Client Component SSR]
    ./app/(app)/gradebook/page.tsx [Server Component] @ http://localhost:3000/_next/static/chunks/node_modules_next_dist_0u_w_5s._.js:1945
[   92970ms] [ERROR] ./app/(app)/gradebook/page.tsx:256:6
Unterminated regexp literal
  254 |       </div>
  255 |
> 256 |     </div>
      |      ^^^^^
  257 |   )
  258 | }
  259 |

Parsing ecmascript source code failed

Import traces:
  Client Component Browser:
    ./app/(app)/gradebook/page.tsx [Client Component Browser]
    ./app/(app)/gradebook/page.tsx [Server Component]

  Client Component SSR:
    ./app/(app)/gradebook/page.tsx [Client Component SSR]
    ./app/(app)/gradebook/page.tsx [Server Component] @ http://localhost:3000/_next/static/chunks/node_modules_next_dist_0u_w_5s._.js:1945
[   93029ms] [ERROR] ./app/(app)/gradebook/page.tsx:256:6
Unterminated regexp literal
  254 |       </div>
  255 |
> 256 |     </div>
      |      ^^^^^
  257 |   )
  258 | }
  259 |

Parsing ecmascript source code failed

Import traces:
  Client Component Browser:
    ./app/(app)/gradebook/page.tsx [Client Component Browser]
    ./app/(app)/gradebook/page.tsx [Server Component]

  Client Component SSR:
    ./app/(app)/gradebook/page.tsx [Client Component SSR]
    ./app/(app)/gradebook/page.tsx [Server Component] @ http://localhost:3000/_next/static/chunks/node_modules_next_dist_0u_w_5s._.js:1945
[   93083ms] [ERROR] ./app/(app)/gradebook/page.tsx:256:6
Unterminated regexp literal
  254 |       </div>
  255 |
> 256 |     </div>
      |      ^^^^^
  257 |   )
  258 | }
  259 |

Parsing ecmascript source code failed

Import traces:
  Client Component Browser:
    ./app/(app)/gradebook/page.tsx [Client Component Browser]
    ./app/(app)/gradebook/page.tsx [Server Component]

  Client Component SSR:
    ./app/(app)/gradebook/page.tsx [Client Component SSR]
    ./app/(app)/gradebook/page.tsx [Server Component] @ http://localhost:3000/_next/static/chunks/node_modules_next_dist_0u_w_5s._.js:1945
[   93156ms] [ERROR] ./app/(app)/gradebook/page.tsx:256:6
Unterminated regexp literal
  254 |       </div>
  255 |
> 256 |     </div>
      |      ^^^^^
  257 |   )
  258 | }
  259 |

Parsing ecmascript source code failed

Import traces:
  Client Component Browser:
    ./app/(app)/gradebook/page.tsx [Client Component Browser]
    ./app/(app)/gradebook/page.tsx [Server Component]

  Client Component SSR:
    ./app/(app)/gradebook/page.tsx [Client Component SSR]
    ./app/(app)/gradebook/page.tsx [Server Component] @ http://localhost:3000/_next/static/chunks/node_modules_next_dist_0u_w_5s._.js:1945
[   93218ms] [ERROR] ./app/(app)/gradebook/page.tsx:256:6
Unterminated regexp literal
  254 |       </div>
  255 |
> 256 |     </div>
      |      ^^^^^
  257 |   )
  258 | }
  259 |

Parsing ecmascript source code failed

Import traces:
  Client Component Browser:
    ./app/(app)/gradebook/page.tsx [Client Component Browser]
    ./app/(app)/gradebook/page.tsx [Server Component]

  Client Component SSR:
    ./app/(app)/gradebook/page.tsx [Client Component SSR]
    ./app/(app)/gradebook/page.tsx [Server Component] @ http://localhost:3000/_next/static/chunks/node_modules_next_dist_0u_w_5s._.js:1945
[   93266ms] [ERROR] ./app/(app)/gradebook/page.tsx:256:6
Unterminated regexp literal
  254 |       </div>
  255 |
> 256 |     </div>
      |      ^^^^^
  257 |   )
  258 | }
  259 |

Parsing ecmascript source code failed

Import traces:
  Client Component Browser:
    ./app/(app)/gradebook/page.tsx [Client Component Browser]
    ./app/(app)/gradebook/page.tsx [Server Component]

  Client Component SSR:
    ./app/(app)/gradebook/page.tsx [Client Component SSR]
    ./app/(app)/gradebook/page.tsx [Server Component] @ http://localhost:3000/_next/static/chunks/node_modules_next_dist_0u_w_5s._.js:1945
[   93325ms] [ERROR] ./app/(app)/gradebook/page.tsx:256:6
Unterminated regexp literal
  254 |       </div>
  255 |
> 256 |     </div>
      |      ^^^^^
  257 |   )
  258 | }
  259 |

Parsing ecmascript source code failed

Import traces:
  Client Component Browser:
    ./app/(app)/gradebook/page.tsx [Client Component Browser]
    ./app/(app)/gradebook/page.tsx [Server Component]

  Client Component SSR:
    ./app/(app)/gradebook/page.tsx [Client Component SSR]
    ./app/(app)/gradebook/page.tsx [Server Component] @ http://localhost:3000/_next/static/chunks/node_modules_next_dist_0u_w_5s._.js:1945
[   93384ms] [ERROR] ./app/(app)/gradebook/page.tsx:256:6
Unterminated regexp literal
  254 |       </div>
  255 |
> 256 |     </div>
      |      ^^^^^
  257 |   )
  258 | }
  259 |

Parsing ecmascript source code failed

Import traces:
  Client Component Browser:
    ./app/(app)/gradebook/page.tsx [Client Component Browser]
    ./app/(app)/gradebook/page.tsx [Server Component]

  Client Component SSR:
    ./app/(app)/gradebook/page.tsx [Client Component SSR]
    ./app/(app)/gradebook/page.tsx [Server Component] @ http://localhost:3000/_next/static/chunks/node_modules_next_dist_0u_w_5s._.js:1945
[   93434ms] [ERROR] ./app/(app)/gradebook/page.tsx:256:6
Unterminated regexp literal
  254 |       </div>
  255 |
> 256 |     </div>
      |      ^^^^^
  257 |   )
  258 | }
  259 |

Parsing ecmascript source code failed

Import traces:
  Client Component Browser:
    ./app/(app)/gradebook/page.tsx [Client Component Browser]
    ./app/(app)/gradebook/page.tsx [Server Component]

  Client Component SSR:
    ./app/(app)/gradebook/page.tsx [Client Component SSR]
    ./app/(app)/gradebook/page.tsx [Server Component] @ http://localhost:3000/_next/static/chunks/node_modules_next_dist_0u_w_5s._.js:1945
[   93497ms] [ERROR] ./app/(app)/gradebook/page.tsx:256:6
Unterminated regexp literal
  254 |       </div>
  255 |
> 256 |     </div>
      |      ^^^^^
  257 |   )
  258 | }
  259 |

Parsing ecmascript source code failed

Import traces:
  Client Component Browser:
    ./app/(app)/gradebook/page.tsx [Client Component Browser]
    ./app/(app)/gradebook/page.tsx [Server Component]

  Client Component SSR:
    ./app/(app)/gradebook/page.tsx [Client Component SSR]
    ./app/(app)/gradebook/page.tsx [Server Component] @ http://localhost:3000/_next/static/chunks/node_modules_next_dist_0u_w_5s._.js:1945
[   93558ms] [ERROR] ./app/(app)/gradebook/page.tsx:256:6
Unterminated regexp literal
  254 |       </div>
  255 |
> 256 |     </div>
      |      ^^^^^
  257 |   )
  258 | }
  259 |

Parsing ecmascript source code failed

Import traces:
  Client Component Browser:
    ./app/(app)/gradebook/page.tsx [Client Component Browser]
    ./app/(app)/gradebook/page.tsx [Server Component]

  Client Component SSR:
    ./app/(app)/gradebook/page.tsx [Client Component SSR]
    ./app/(app)/gradebook/page.tsx [Server Component] @ http://localhost:3000/_next/static/chunks/node_modules_next_dist_0u_w_5s._.js:1945
[   93621ms] [ERROR] ./app/(app)/gradebook/page.tsx:256:6
Unterminated regexp literal
  254 |       </div>
  255 |
> 256 |     </div>
      |      ^^^^^
  257 |   )
  258 | }
  259 |

Parsing ecmascript source code failed

Import traces:
  Client Component Browser:
    ./app/(app)/gradebook/page.tsx [Client Component Browser]
    ./app/(app)/gradebook/page.tsx [Server Component]

  Client Component SSR:
    ./app/(app)/gradebook/page.tsx [Client Component SSR]
    ./app/(app)/gradebook/page.tsx [Server Component] @ http://localhost:3000/_next/static/chunks/node_modules_next_dist_0u_w_5s._.js:1945
[   93685ms] [ERROR] ./app/(app)/gradebook/page.tsx:256:6
Unterminated regexp literal
  254 |       </div>
  255 |
> 256 |     </div>
      |      ^^^^^
  257 |   )
  258 | }
  259 |

Parsing ecmascript source code failed

Import traces:
  Client Component Browser:
    ./app/(app)/gradebook/page.tsx [Client Component Browser]
    ./app/(app)/gradebook/page.tsx [Server Component]

  Client Component SSR:
    ./app/(app)/gradebook/page.tsx [Client Component SSR]
    ./app/(app)/gradebook/page.tsx [Server Component] @ http://localhost:3000/_next/static/chunks/node_modules_next_dist_0u_w_5s._.js:1945
[   93749ms] [ERROR] ./app/(app)/gradebook/page.tsx:256:6
Unterminated regexp literal
  254 |       </div>
  255 |
> 256 |     </div>
      |      ^^^^^
  257 |   )
  258 | }
  259 |

Parsing ecmascript source code failed

Import traces:
  Client Component Browser:
    ./app/(app)/gradebook/page.tsx [Client Component Browser]
    ./app/(app)/gradebook/page.tsx [Server Component]

  Client Component SSR:
    ./app/(app)/gradebook/page.tsx [Client Component SSR]
    ./app/(app)/gradebook/page.tsx [Server Component] @ http://localhost:3000/_next/static/chunks/node_modules_next_dist_0u_w_5s._.js:1945
[   93801ms] [ERROR] ./app/(app)/gradebook/page.tsx:256:6
Unterminated regexp literal
  254 |       </div>
  255 |
> 256 |     </div>
      |      ^^^^^
  257 |   )
  258 | }
  259 |

Parsing ecmascript source code failed

Import traces:
  Client Component Browser:
    ./app/(app)/gradebook/page.tsx [Client Component Browser]
    ./app/(app)/gradebook/page.tsx [Server Component]

  Client Component SSR:
    ./app/(app)/gradebook/page.tsx [Client Component SSR]
    ./app/(app)/gradebook/page.tsx [Server Component] @ http://localhost:3000/_next/static/chunks/node_modules_next_dist_0u_w_5s._.js:1945
[   93860ms] [ERROR] ./app/(app)/gradebook/page.tsx:256:6
Unterminated regexp literal
  254 |       </div>
  255 |
> 256 |     </div>
      |      ^^^^^
  257 |   )
  258 | }
  259 |

Parsing ecmascript source code failed

Import traces:
  Client Component Browser:
    ./app/(app)/gradebook/page.tsx [Client Component Browser]
    ./app/(app)/gradebook/page.tsx [Server Component]

  Client Component SSR:
    ./app/(app)/gradebook/page.tsx [Client Component SSR]
    ./app/(app)/gradebook/page.tsx [Server Component] @ http://localhost:3000/_next/static/chunks/node_modules_next_dist_0u_w_5s._.js:1945
[   93917ms] [ERROR] ./app/(app)/gradebook/page.tsx:256:6
Unterminated regexp literal
  254 |       </div>
  255 |
> 256 |     </div>
      |      ^^^^^
  257 |   )
  258 | }
  259 |

Parsing ecmascript source code failed

Import traces:
  Client Component Browser:
    ./app/(app)/gradebook/page.tsx [Client Component Browser]
    ./app/(app)/gradebook/page.tsx [Server Component]

  Client Component SSR:
    ./app/(app)/gradebook/page.tsx [Client Component SSR]
    ./app/(app)/gradebook/page.tsx [Server Component] @ http://localhost:3000/_next/static/chunks/node_modules_next_dist_0u_w_5s._.js:1945
[   93968ms] [ERROR] ./app/(app)/gradebook/page.tsx:256:6
Unterminated regexp literal
  254 |       </div>
  255 |
> 256 |     </div>
      |      ^^^^^
  257 |   )
  258 | }
  259 |

Parsing ecmascript source code failed

Import traces:
  Client Component Browser:
    ./app/(app)/gradebook/page.tsx [Client Component Browser]
    ./app/(app)/gradebook/page.tsx [Server Component]

  Client Component SSR:
    ./app/(app)/gradebook/page.tsx [Client Component SSR]
    ./app/(app)/gradebook/page.tsx [Server Component] @ http://localhost:3000/_next/static/chunks/node_modules_next_dist_0u_w_5s._.js:1945
[   94036ms] [ERROR] ./app/(app)/gradebook/page.tsx:256:6
Unterminated regexp literal
  254 |       </div>
  255 |
> 256 |     </div>
      |      ^^^^^
  257 |   )
  258 | }
  259 |

Parsing ecmascript source code failed

Import traces:
  Client Component Browser:
    ./app/(app)/gradebook/page.tsx [Client Component Browser]
    ./app/(app)/gradebook/page.tsx [Server Component]

  Client Component SSR:
    ./app/(app)/gradebook/page.tsx [Client Component SSR]
    ./app/(app)/gradebook/page.tsx [Server Component] @ http://localhost:3000/_next/static/chunks/node_modules_next_dist_0u_w_5s._.js:1945
[   94099ms] [ERROR] ./app/(app)/gradebook/page.tsx:256:6
Unterminated regexp literal
  254 |       </div>
  255 |
> 256 |     </div>
      |      ^^^^^
  257 |   )
  258 | }
  259 |

Parsing ecmascript source code failed

Import traces:
  Client Component Browser:
    ./app/(app)/gradebook/page.tsx [Client Component Browser]
    ./app/(app)/gradebook/page.tsx [Server Component]

  Client Component SSR:
    ./app/(app)/gradebook/page.tsx [Client Component SSR]
    ./app/(app)/gradebook/page.tsx [Server Component] @ http://localhost:3000/_next/static/chunks/node_modules_next_dist_0u_w_5s._.js:1945
[   94153ms] [ERROR] ./app/(app)/gradebook/page.tsx:256:6
Unterminated regexp literal
  254 |       </div>
  255 |
> 256 |     </div>
      |      ^^^^^
  257 |   )
  258 | }
  259 |

Parsing ecmascript source code failed

Import traces:
  Client Component Browser:
    ./app/(app)/gradebook/page.tsx [Client Component Browser]
    ./app/(app)/gradebook/page.tsx [Server Component]

  Client Component SSR:
    ./app/(app)/gradebook/page.tsx [Client Component SSR]
    ./app/(app)/gradebook/page.tsx [Server Component] @ http://localhost:3000/_next/static/chunks/node_modules_next_dist_0u_w_5s._.js:1945
[   94218ms] [ERROR] ./app/(app)/gradebook/page.tsx:256:6
Unterminated regexp literal
  254 |       </div>
  255 |
> 256 |     </div>
      |      ^^^^^
  257 |   )
  258 | }
  259 |

Parsing ecmascript source code failed

Import traces:
  Client Component Browser:
    ./app/(app)/gradebook/page.tsx [Client Component Browser]
    ./app/(app)/gradebook/page.tsx [Server Component]

  Client Component SSR:
    ./app/(app)/gradebook/page.tsx [Client Component SSR]
    ./app/(app)/gradebook/page.tsx [Server Component] @ http://localhost:3000/_next/static/chunks/node_modules_next_dist_0u_w_5s._.js:1945
[   94275ms] [ERROR] ./app/(app)/gradebook/page.tsx:256:6
Unterminated regexp literal
  254 |       </div>
  255 |
> 256 |     </div>
      |      ^^^^^
  257 |   )
  258 | }
  259 |

Parsing ecmascript source code failed

Import traces:
  Client Component Browser:
    ./app/(app)/gradebook/page.tsx [Client Component Browser]
    ./app/(app)/gradebook/page.tsx [Server Component]

  Client Component SSR:
    ./app/(app)/gradebook/page.tsx [Client Component SSR]
    ./app/(app)/gradebook/page.tsx [Server Component] @ http://localhost:3000/_next/static/chunks/node_modules_next_dist_0u_w_5s._.js:1945
[   94336ms] [ERROR] ./app/(app)/gradebook/page.tsx:256:6
Unterminated regexp literal
  254 |       </div>
  255 |
> 256 |     </div>
      |      ^^^^^
  257 |   )
  258 | }
  259 |

Parsing ecmascript source code failed

Import traces:
  Client Component Browser:
    ./app/(app)/gradebook/page.tsx [Client Component Browser]
    ./app/(app)/gradebook/page.tsx [Server Component]

  Client Component SSR:
    ./app/(app)/gradebook/page.tsx [Client Component SSR]
    ./app/(app)/gradebook/page.tsx [Server Component] @ http://localhost:3000/_next/static/chunks/node_modules_next_dist_0u_w_5s._.js:1945
[   94396ms] [ERROR] ./app/(app)/gradebook/page.tsx:256:6
Unterminated regexp literal
  254 |       </div>
  255 |
> 256 |     </div>
      |      ^^^^^
  257 |   )
  258 | }
  259 |

Parsing ecmascript source code failed

Import traces:
  Client Component Browser:
    ./app/(app)/gradebook/page.tsx [Client Component Browser]
    ./app/(app)/gradebook/page.tsx [Server Component]

  Client Component SSR:
    ./app/(app)/gradebook/page.tsx [Client Component SSR]
    ./app/(app)/gradebook/page.tsx [Server Component] @ http://localhost:3000/_next/static/chunks/node_modules_next_dist_0u_w_5s._.js:1945
[   94451ms] [ERROR] ./app/(app)/gradebook/page.tsx:256:6
Unterminated regexp literal
  254 |       </div>
  255 |
> 256 |     </div>
      |      ^^^^^
  257 |   )
  258 | }
  259 |

Parsing ecmascript source code failed

Import traces:
  Client Component Browser:
    ./app/(app)/gradebook/page.tsx [Client Component Browser]
    ./app/(app)/gradebook/page.tsx [Server Component]

  Client Component SSR:
    ./app/(app)/gradebook/page.tsx [Client Component SSR]
    ./app/(app)/gradebook/page.tsx [Server Component] @ http://localhost:3000/_next/static/chunks/node_modules_next_dist_0u_w_5s._.js:1945
[   94507ms] [ERROR] ./app/(app)/gradebook/page.tsx:256:6
Unterminated regexp literal
  254 |       </div>
  255 |
> 256 |     </div>
      |      ^^^^^
  257 |   )
  258 | }
  259 |

Parsing ecmascript source code failed

Import traces:
  Client Component Browser:
    ./app/(app)/gradebook/page.tsx [Client Component Browser]
    ./app/(app)/gradebook/page.tsx [Server Component]

  Client Component SSR:
    ./app/(app)/gradebook/page.tsx [Client Component SSR]
    ./app/(app)/gradebook/page.tsx [Server Component] @ http://localhost:3000/_next/static/chunks/node_modules_next_dist_0u_w_5s._.js:1945
[   94568ms] [ERROR] ./app/(app)/gradebook/page.tsx:256:6
Unterminated regexp literal
  254 |       </div>
  255 |
> 256 |     </div>
      |      ^^^^^
  257 |   )
  258 | }
  259 |

Parsing ecmascript source code failed

Import traces:
  Client Component Browser:
    ./app/(app)/gradebook/page.tsx [Client Component Browser]
    ./app/(app)/gradebook/page.tsx [Server Component]

  Client Component SSR:
    ./app/(app)/gradebook/page.tsx [Client Component SSR]
    ./app/(app)/gradebook/page.tsx [Server Component] @ http://localhost:3000/_next/static/chunks/node_modules_next_dist_0u_w_5s._.js:1945
[   94636ms] [ERROR] ./app/(app)/gradebook/page.tsx:256:6
Unterminated regexp literal
  254 |       </div>
  255 |
> 256 |     </div>
      |      ^^^^^
  257 |   )
  258 | }
  259 |

Parsing ecmascript source code failed

Import traces:
  Client Component Browser:
    ./app/(app)/gradebook/page.tsx [Client Component Browser]
    ./app/(app)/gradebook/page.tsx [Server Component]

  Client Component SSR:
    ./app/(app)/gradebook/page.tsx [Client Component SSR]
    ./app/(app)/gradebook/page.tsx [Server Component] @ http://localhost:3000/_next/static/chunks/node_modules_next_dist_0u_w_5s._.js:1945
[   94696ms] [ERROR] ./app/(app)/gradebook/page.tsx:256:6
Unterminated regexp literal
  254 |       </div>
  255 |
> 256 |     </div>
      |      ^^^^^
  257 |   )
  258 | }
  259 |

Parsing ecmascript source code failed

Import traces:
  Client Component Browser:
    ./app/(app)/gradebook/page.tsx [Client Component Browser]
    ./app/(app)/gradebook/page.tsx [Server Component]

  Client Component SSR:
    ./app/(app)/gradebook/page.tsx [Client Component SSR]
    ./app/(app)/gradebook/page.tsx [Server Component] @ http://localhost:3000/_next/static/chunks/node_modules_next_dist_0u_w_5s._.js:1945
[   94751ms] [ERROR] ./app/(app)/gradebook/page.tsx:256:6
Unterminated regexp literal
  254 |       </div>
  255 |
> 256 |     </div>
      |      ^^^^^
  257 |   )
  258 | }
  259 |

Parsing ecmascript source code failed

Import traces:
  Client Component Browser:
    ./app/(app)/gradebook/page.tsx [Client Component Browser]
    ./app/(app)/gradebook/page.tsx [Server Component]

  Client Component SSR:
    ./app/(app)/gradebook/page.tsx [Client Component SSR]
    ./app/(app)/gradebook/page.tsx [Server Component] @ http://localhost:3000/_next/static/chunks/node_modules_next_dist_0u_w_5s._.js:1945
[   94817ms] [ERROR] ./app/(app)/gradebook/page.tsx:256:6
Unterminated regexp literal
  254 |       </div>
  255 |
> 256 |     </div>
      |      ^^^^^
  257 |   )
  258 | }
  259 |

Parsing ecmascript source code failed

Import traces:
  Client Component Browser:
    ./app/(app)/gradebook/page.tsx [Client Component Browser]
    ./app/(app)/gradebook/page.tsx [Server Component]

  Client Component SSR:
    ./app/(app)/gradebook/page.tsx [Client Component SSR]
    ./app/(app)/gradebook/page.tsx [Server Component] @ http://localhost:3000/_next/static/chunks/node_modules_next_dist_0u_w_5s._.js:1945
[   94864ms] [ERROR] ./app/(app)/gradebook/page.tsx:256:6
Unterminated regexp literal
  254 |       </div>
  255 |
> 256 |     </div>
      |      ^^^^^
  257 |   )
  258 | }
  259 |

Parsing ecmascript source code failed

Import traces:
  Client Component Browser:
    ./app/(app)/gradebook/page.tsx [Client Component Browser]
    ./app/(app)/gradebook/page.tsx [Server Component]

  Client Component SSR:
    ./app/(app)/gradebook/page.tsx [Client Component SSR]
    ./app/(app)/gradebook/page.tsx [Server Component] @ http://localhost:3000/_next/static/chunks/node_modules_next_dist_0u_w_5s._.js:1945
[   94910ms] [ERROR] ./app/(app)/gradebook/page.tsx:256:6
Unterminated regexp literal
  254 |       </div>
  255 |
> 256 |     </div>
      |      ^^^^^
  257 |   )
  258 | }
  259 |

Parsing ecmascript source code failed

Import traces:
  Client Component Browser:
    ./app/(app)/gradebook/page.tsx [Client Component Browser]
    ./app/(app)/gradebook/page.tsx [Server Component]

  Client Component SSR:
    ./app/(app)/gradebook/page.tsx [Client Component SSR]
    ./app/(app)/gradebook/page.tsx [Server Component] @ http://localhost:3000/_next/static/chunks/node_modules_next_dist_0u_w_5s._.js:1945
[   94960ms] [ERROR] ./app/(app)/gradebook/page.tsx:256:6
Unterminated regexp literal
  254 |       </div>
  255 |
> 256 |     </div>
      |      ^^^^^
  257 |   )
  258 | }
  259 |

Parsing ecmascript source code failed

Import traces:
  Client Component Browser:
    ./app/(app)/gradebook/page.tsx [Client Component Browser]
    ./app/(app)/gradebook/page.tsx [Server Component]

  Client Component SSR:
    ./app/(app)/gradebook/page.tsx [Client Component SSR]
    ./app/(app)/gradebook/page.tsx [Server Component] @ http://localhost:3000/_next/static/chunks/node_modules_next_dist_0u_w_5s._.js:1945
[   95023ms] [ERROR] ./app/(app)/gradebook/page.tsx:256:6
Unterminated regexp literal
  254 |       </div>
  255 |
> 256 |     </div>
      |      ^^^^^
  257 |   )
  258 | }
  259 |

Parsing ecmascript source code failed

Import traces:
  Client Component Browser:
    ./app/(app)/gradebook/page.tsx [Client Component Browser]
    ./app/(app)/gradebook/page.tsx [Server Component]

  Client Component SSR:
    ./app/(app)/gradebook/page.tsx [Client Component SSR]
    ./app/(app)/gradebook/page.tsx [Server Component] @ http://localhost:3000/_next/static/chunks/node_modules_next_dist_0u_w_5s._.js:1945
[   95088ms] [ERROR] ./app/(app)/gradebook/page.tsx:256:6
Unterminated regexp literal
  254 |       </div>
  255 |
> 256 |     </div>
      |      ^^^^^
  257 |   )
  258 | }
  259 |

Parsing ecmascript source code failed

Import traces:
  Client Component Browser:
    ./app/(app)/gradebook/page.tsx [Client Component Browser]
    ./app/(app)/gradebook/page.tsx [Server Component]

  Client Component SSR:
    ./app/(app)/gradebook/page.tsx [Client Component SSR]
    ./app/(app)/gradebook/page.tsx [Server Component] @ http://localhost:3000/_next/static/chunks/node_modules_next_dist_0u_w_5s._.js:1945
[   95156ms] [ERROR] ./app/(app)/gradebook/page.tsx:256:6
Unterminated regexp literal
  254 |       </div>
  255 |
> 256 |     </div>
      |      ^^^^^
  257 |   )
  258 | }
  259 |

Parsing ecmascript source code failed

Import traces:
  Client Component Browser:
    ./app/(app)/gradebook/page.tsx [Client Component Browser]
    ./app/(app)/gradebook/page.tsx [Server Component]

  Client Component SSR:
    ./app/(app)/gradebook/page.tsx [Client Component SSR]
    ./app/(app)/gradebook/page.tsx [Server Component] @ http://localhost:3000/_next/static/chunks/node_modules_next_dist_0u_w_5s._.js:1945
[   95216ms] [ERROR] ./app/(app)/gradebook/page.tsx:256:6
Unterminated regexp literal
  254 |       </div>
  255 |
> 256 |     </div>
      |      ^^^^^
  257 |   )
  258 | }
  259 |

Parsing ecmascript source code failed

Import traces:
  Client Component Browser:
    ./app/(app)/gradebook/page.tsx [Client Component Browser]
    ./app/(app)/gradebook/page.tsx [Server Component]

  Client Component SSR:
    ./app/(app)/gradebook/page.tsx [Client Component SSR]
    ./app/(app)/gradebook/page.tsx [Server Component] @ http://localhost:3000/_next/static/chunks/node_modules_next_dist_0u_w_5s._.js:1945
[   95276ms] [ERROR] ./app/(app)/gradebook/page.tsx:256:6
Unterminated regexp literal
  254 |       </div>
  255 |
> 256 |     </div>
      |      ^^^^^
  257 |   )
  258 | }
  259 |

Parsing ecmascript source code failed

Import traces:
  Client Component Browser:
    ./app/(app)/gradebook/page.tsx [Client Component Browser]
    ./app/(app)/gradebook/page.tsx [Server Component]

  Client Component SSR:
    ./app/(app)/gradebook/page.tsx [Client Component SSR]
    ./app/(app)/gradebook/page.tsx [Server Component] @ http://localhost:3000/_next/static/chunks/node_modules_next_dist_0u_w_5s._.js:1945
[   95338ms] [ERROR] ./app/(app)/gradebook/page.tsx:256:6
Unterminated regexp literal
  254 |       </div>
  255 |
> 256 |     </div>
      |      ^^^^^
  257 |   )
  258 | }
  259 |

Parsing ecmascript source code failed

Import traces:
  Client Component Browser:
    ./app/(app)/gradebook/page.tsx [Client Component Browser]
    ./app/(app)/gradebook/page.tsx [Server Component]

  Client Component SSR:
    ./app/(app)/gradebook/page.tsx [Client Component SSR]
    ./app/(app)/gradebook/page.tsx [Server Component] @ http://localhost:3000/_next/static/chunks/node_modules_next_dist_0u_w_5s._.js:1945
[   95390ms] [ERROR] ./app/(app)/gradebook/page.tsx:256:6
Unterminated regexp literal
  254 |       </div>
  255 |
> 256 |     </div>
      |      ^^^^^
  257 |   )
  258 | }
  259 |

Parsing ecmascript source code failed

Import traces:
  Client Component Browser:
    ./app/(app)/gradebook/page.tsx [Client Component Browser]
    ./app/(app)/gradebook/page.tsx [Server Component]

  Client Component SSR:
    ./app/(app)/gradebook/page.tsx [Client Component SSR]
    ./app/(app)/gradebook/page.tsx [Server Component] @ http://localhost:3000/_next/static/chunks/node_modules_next_dist_0u_w_5s._.js:1945
[   95447ms] [ERROR] ./app/(app)/gradebook/page.tsx:256:6
Unterminated regexp literal
  254 |       </div>
  255 |
> 256 |     </div>
      |      ^^^^^
  257 |   )
  258 | }
  259 |

Parsing ecmascript source code failed

Import traces:
  Client Component Browser:
    ./app/(app)/gradebook/page.tsx [Client Component Browser]
    ./app/(app)/gradebook/page.tsx [Server Component]

  Client Component SSR:
    ./app/(app)/gradebook/page.tsx [Client Component SSR]
    ./app/(app)/gradebook/page.tsx [Server Component] @ http://localhost:3000/_next/static/chunks/node_modules_next_dist_0u_w_5s._.js:1945
[   95503ms] [ERROR] ./app/(app)/gradebook/page.tsx:256:6
Unterminated regexp literal
  254 |       </div>
  255 |
> 256 |     </div>
      |      ^^^^^
  257 |   )
  258 | }
  259 |

Parsing ecmascript source code failed

Import traces:
  Client Component Browser:
    ./app/(app)/gradebook/page.tsx [Client Component Browser]
    ./app/(app)/gradebook/page.tsx [Server Component]

  Client Component SSR:
    ./app/(app)/gradebook/page.tsx [Client Component SSR]
    ./app/(app)/gradebook/page.tsx [Server Component] @ http://localhost:3000/_next/static/chunks/node_modules_next_dist_0u_w_5s._.js:1945
[   95558ms] [ERROR] ./app/(app)/gradebook/page.tsx:256:6
Unterminated regexp literal
  254 |       </div>
  255 |
> 256 |     </div>
      |      ^^^^^
  257 |   )
  258 | }
  259 |

Parsing ecmascript source code failed

Import traces:
  Client Component Browser:
    ./app/(app)/gradebook/page.tsx [Client Component Browser]
    ./app/(app)/gradebook/page.tsx [Server Component]

  Client Component SSR:
    ./app/(app)/gradebook/page.tsx [Client Component SSR]
    ./app/(app)/gradebook/page.tsx [Server Component] @ http://localhost:3000/_next/static/chunks/node_modules_next_dist_0u_w_5s._.js:1945
[   95621ms] [ERROR] ./app/(app)/gradebook/page.tsx:256:6
Unterminated regexp literal
  254 |       </div>
  255 |
> 256 |     </div>
      |      ^^^^^
  257 |   )
  258 | }
  259 |

Parsing ecmascript source code failed

Import traces:
  Client Component Browser:
    ./app/(app)/gradebook/page.tsx [Client Component Browser]
    ./app/(app)/gradebook/page.tsx [Server Component]

  Client Component SSR:
    ./app/(app)/gradebook/page.tsx [Client Component SSR]
    ./app/(app)/gradebook/page.tsx [Server Component] @ http://localhost:3000/_next/static/chunks/node_modules_next_dist_0u_w_5s._.js:1945
[   95677ms] [ERROR] ./app/(app)/gradebook/page.tsx:256:6
Unterminated regexp literal
  254 |       </div>
  255 |
> 256 |     </div>
      |      ^^^^^
  257 |   )
  258 | }
  259 |

Parsing ecmascript source code failed

Import traces:
  Client Component Browser:
    ./app/(app)/gradebook/page.tsx [Client Component Browser]
    ./app/(app)/gradebook/page.tsx [Server Component]

  Client Component SSR:
    ./app/(app)/gradebook/page.tsx [Client Component SSR]
    ./app/(app)/gradebook/page.tsx [Server Component] @ http://localhost:3000/_next/static/chunks/node_modules_next_dist_0u_w_5s._.js:1945
[   95735ms] [ERROR] ./app/(app)/gradebook/page.tsx:256:6
Unterminated regexp literal
  254 |       </div>
  255 |
> 256 |     </div>
      |      ^^^^^
  257 |   )
  258 | }
  259 |

Parsing ecmascript source code failed

Import traces:
  Client Component Browser:
    ./app/(app)/gradebook/page.tsx [Client Component Browser]
    ./app/(app)/gradebook/page.tsx [Server Component]

  Client Component SSR:
    ./app/(app)/gradebook/page.tsx [Client Component SSR]
    ./app/(app)/gradebook/page.tsx [Server Component] @ http://localhost:3000/_next/static/chunks/node_modules_next_dist_0u_w_5s._.js:1945
[   95801ms] [ERROR] ./app/(app)/gradebook/page.tsx:256:6
Unterminated regexp literal
  254 |       </div>
  255 |
> 256 |     </div>
      |      ^^^^^
  257 |   )
  258 | }
  259 |

Parsing ecmascript source code failed

Import traces:
  Client Component Browser:
    ./app/(app)/gradebook/page.tsx [Client Component Browser]
    ./app/(app)/gradebook/page.tsx [Server Component]

  Client Component SSR:
    ./app/(app)/gradebook/page.tsx [Client Component SSR]
    ./app/(app)/gradebook/page.tsx [Server Component] @ http://localhost:3000/_next/static/chunks/node_modules_next_dist_0u_w_5s._.js:1945
[   95889ms] [ERROR] ./app/(app)/gradebook/page.tsx:256:6
Unterminated regexp literal
  254 |       </div>
  255 |
> 256 |     </div>
      |      ^^^^^
  257 |   )
  258 | }
  259 |

Parsing ecmascript source code failed

Import traces:
  Client Component Browser:
    ./app/(app)/gradebook/page.tsx [Client Component Browser]
    ./app/(app)/gradebook/page.tsx [Server Component]

  Client Component SSR:
    ./app/(app)/gradebook/page.tsx [Client Component SSR]
    ./app/(app)/gradebook/page.tsx [Server Component] @ http://localhost:3000/_next/static/chunks/node_modules_next_dist_0u_w_5s._.js:1945
[   95943ms] [ERROR] ./app/(app)/gradebook/page.tsx:256:6
Unterminated regexp literal
  254 |       </div>
  255 |
> 256 |     </div>
      |      ^^^^^
  257 |   )
  258 | }
  259 |

Parsing ecmascript source code failed

Import traces:
  Client Component Browser:
    ./app/(app)/gradebook/page.tsx [Client Component Browser]
    ./app/(app)/gradebook/page.tsx [Server Component]

  Client Component SSR:
    ./app/(app)/gradebook/page.tsx [Client Component SSR]
    ./app/(app)/gradebook/page.tsx [Server Component] @ http://localhost:3000/_next/static/chunks/node_modules_next_dist_0u_w_5s._.js:1945
[   96001ms] [ERROR] ./app/(app)/gradebook/page.tsx:256:6
Unterminated regexp literal
  254 |       </div>
  255 |
> 256 |     </div>
      |      ^^^^^
  257 |   )
  258 | }
  259 |

Parsing ecmascript source code failed

Import traces:
  Client Component Browser:
    ./app/(app)/gradebook/page.tsx [Client Component Browser]
    ./app/(app)/gradebook/page.tsx [Server Component]

  Client Component SSR:
    ./app/(app)/gradebook/page.tsx [Client Component SSR]
    ./app/(app)/gradebook/page.tsx [Server Component] @ http://localhost:3000/_next/static/chunks/node_modules_next_dist_0u_w_5s._.js:1945
[   96047ms] [ERROR] ./app/(app)/gradebook/page.tsx:256:6
Unterminated regexp literal
  254 |       </div>
  255 |
> 256 |     </div>
      |      ^^^^^
  257 |   )
  258 | }
  259 |

Parsing ecmascript source code failed

Import traces:
  Client Component Browser:
    ./app/(app)/gradebook/page.tsx [Client Component Browser]
    ./app/(app)/gradebook/page.tsx [Server Component]

  Client Component SSR:
    ./app/(app)/gradebook/page.tsx [Client Component SSR]
    ./app/(app)/gradebook/page.tsx [Server Component] @ http://localhost:3000/_next/static/chunks/node_modules_next_dist_0u_w_5s._.js:1945
[   96108ms] [ERROR] ./app/(app)/gradebook/page.tsx:256:6
Unterminated regexp literal
  254 |       </div>
  255 |
> 256 |     </div>
      |      ^^^^^
  257 |   )
  258 | }
  259 |

Parsing ecmascript source code failed

Import traces:
  Client Component Browser:
    ./app/(app)/gradebook/page.tsx [Client Component Browser]
    ./app/(app)/gradebook/page.tsx [Server Component]

  Client Component SSR:
    ./app/(app)/gradebook/page.tsx [Client Component SSR]
    ./app/(app)/gradebook/page.tsx [Server Component] @ http://localhost:3000/_next/static/chunks/node_modules_next_dist_0u_w_5s._.js:1945
[   96170ms] [ERROR] ./app/(app)/gradebook/page.tsx:256:6
Unterminated regexp literal
  254 |       </div>
  255 |
> 256 |     </div>
      |      ^^^^^
  257 |   )
  258 | }
  259 |

Parsing ecmascript source code failed

Import traces:
  Client Component Browser:
    ./app/(app)/gradebook/page.tsx [Client Component Browser]
    ./app/(app)/gradebook/page.tsx [Server Component]

  Client Component SSR:
    ./app/(app)/gradebook/page.tsx [Client Component SSR]
    ./app/(app)/gradebook/page.tsx [Server Component] @ http://localhost:3000/_next/static/chunks/node_modules_next_dist_0u_w_5s._.js:1945
[   96226ms] [ERROR] ./app/(app)/gradebook/page.tsx:256:6
Unterminated regexp literal
  254 |       </div>
  255 |
> 256 |     </div>
      |      ^^^^^
  257 |   )
  258 | }
  259 |

Parsing ecmascript source code failed

Import traces:
  Client Component Browser:
    ./app/(app)/gradebook/page.tsx [Client Component Browser]
    ./app/(app)/gradebook/page.tsx [Server Component]

  Client Component SSR:
    ./app/(app)/gradebook/page.tsx [Client Component SSR]
    ./app/(app)/gradebook/page.tsx [Server Component] @ http://localhost:3000/_next/static/chunks/node_modules_next_dist_0u_w_5s._.js:1945
[   96283ms] [ERROR] ./app/(app)/gradebook/page.tsx:256:6
Unterminated regexp literal
  254 |       </div>
  255 |
> 256 |     </div>
      |      ^^^^^
  257 |   )
  258 | }
  259 |

Parsing ecmascript source code failed

Import traces:
  Client Component Browser:
    ./app/(app)/gradebook/page.tsx [Client Component Browser]
    ./app/(app)/gradebook/page.tsx [Server Component]

  Client Component SSR:
    ./app/(app)/gradebook/page.tsx [Client Component SSR]
    ./app/(app)/gradebook/page.tsx [Server Component] @ http://localhost:3000/_next/static/chunks/node_modules_next_dist_0u_w_5s._.js:1945
[   96340ms] [ERROR] ./app/(app)/gradebook/page.tsx:256:6
Unterminated regexp literal
  254 |       </div>
  255 |
> 256 |     </div>
      |      ^^^^^
  257 |   )
  258 | }
  259 |

Parsing ecmascript source code failed

Import traces:
  Client Component Browser:
    ./app/(app)/gradebook/page.tsx [Client Component Browser]
    ./app/(app)/gradebook/page.tsx [Server Component]

  Client Component SSR:
    ./app/(app)/gradebook/page.tsx [Client Component SSR]
    ./app/(app)/gradebook/page.tsx [Server Component] @ http://localhost:3000/_next/static/chunks/node_modules_next_dist_0u_w_5s._.js:1945
[   96397ms] [ERROR] ./app/(app)/gradebook/page.tsx:256:6
Unterminated regexp literal
  254 |       </div>
  255 |
> 256 |     </div>
      |      ^^^^^
  257 |   )
  258 | }
  259 |

Parsing ecmascript source code failed

Import traces:
  Client Component Browser:
    ./app/(app)/gradebook/page.tsx [Client Component Browser]
    ./app/(app)/gradebook/page.tsx [Server Component]

  Client Component SSR:
    ./app/(app)/gradebook/page.tsx [Client Component SSR]
    ./app/(app)/gradebook/page.tsx [Server Component] @ http://localhost:3000/_next/static/chunks/node_modules_next_dist_0u_w_5s._.js:1945
[   96453ms] [ERROR] ./app/(app)/gradebook/page.tsx:256:6
Unterminated regexp literal
  254 |       </div>
  255 |
> 256 |     </div>
      |      ^^^^^
  257 |   )
  258 | }
  259 |

Parsing ecmascript source code failed

Import traces:
  Client Component Browser:
    ./app/(app)/gradebook/page.tsx [Client Component Browser]
    ./app/(app)/gradebook/page.tsx [Server Component]

  Client Component SSR:
    ./app/(app)/gradebook/page.tsx [Client Component SSR]
    ./app/(app)/gradebook/page.tsx [Server Component] @ http://localhost:3000/_next/static/chunks/node_modules_next_dist_0u_w_5s._.js:1945
[   96512ms] [ERROR] ./app/(app)/gradebook/page.tsx:256:6
Unterminated regexp literal
  254 |       </div>
  255 |
> 256 |     </div>
      |      ^^^^^
  257 |   )
  258 | }
  259 |

Parsing ecmascript source code failed

Import traces:
  Client Component Browser:
    ./app/(app)/gradebook/page.tsx [Client Component Browser]
    ./app/(app)/gradebook/page.tsx [Server Component]

  Client Component SSR:
    ./app/(app)/gradebook/page.tsx [Client Component SSR]
    ./app/(app)/gradebook/page.tsx [Server Component] @ http://localhost:3000/_next/static/chunks/node_modules_next_dist_0u_w_5s._.js:1945
[   96566ms] [ERROR] ./app/(app)/gradebook/page.tsx:256:6
Unterminated regexp literal
  254 |       </div>
  255 |
> 256 |     </div>
      |      ^^^^^
  257 |   )
  258 | }
  259 |

Parsing ecmascript source code failed

Import traces:
  Client Component Browser:
    ./app/(app)/gradebook/page.tsx [Client Component Browser]
    ./app/(app)/gradebook/page.tsx [Server Component]

  Client Component SSR:
    ./app/(app)/gradebook/page.tsx [Client Component SSR]
    ./app/(app)/gradebook/page.tsx [Server Component] @ http://localhost:3000/_next/static/chunks/node_modules_next_dist_0u_w_5s._.js:1945
[   96623ms] [ERROR] ./app/(app)/gradebook/page.tsx:256:6
Unterminated regexp literal
  254 |       </div>
  255 |
> 256 |     </div>
      |      ^^^^^
  257 |   )
  258 | }
  259 |

Parsing ecmascript source code failed

Import traces:
  Client Component Browser:
    ./app/(app)/gradebook/page.tsx [Client Component Browser]
    ./app/(app)/gradebook/page.tsx [Server Component]

  Client Component SSR:
    ./app/(app)/gradebook/page.tsx [Client Component SSR]
    ./app/(app)/gradebook/page.tsx [Server Component] @ http://localhost:3000/_next/static/chunks/node_modules_next_dist_0u_w_5s._.js:1945
[   96682ms] [ERROR] ./app/(app)/gradebook/page.tsx:256:6
Unterminated regexp literal
  254 |       </div>
  255 |
> 256 |     </div>
      |      ^^^^^
  257 |   )
  258 | }
  259 |

Parsing ecmascript source code failed

Import traces:
  Client Component Browser:
    ./app/(app)/gradebook/page.tsx [Client Component Browser]
    ./app/(app)/gradebook/page.tsx [Server Component]

  Client Component SSR:
    ./app/(app)/gradebook/page.tsx [Client Component SSR]
    ./app/(app)/gradebook/page.tsx [Server Component] @ http://localhost:3000/_next/static/chunks/node_modules_next_dist_0u_w_5s._.js:1945
[   96736ms] [ERROR] ./app/(app)/gradebook/page.tsx:256:6
Unterminated regexp literal
  254 |       </div>
  255 |
> 256 |     </div>
      |      ^^^^^
  257 |   )
  258 | }
  259 |

Parsing ecmascript source code failed

Import traces:
  Client Component Browser:
    ./app/(app)/gradebook/page.tsx [Client Component Browser]
    ./app/(app)/gradebook/page.tsx [Server Component]

  Client Component SSR:
    ./app/(app)/gradebook/page.tsx [Client Component SSR]
    ./app/(app)/gradebook/page.tsx [Server Component] @ http://localhost:3000/_next/static/chunks/node_modules_next_dist_0u_w_5s._.js:1945
[   96800ms] [ERROR] ./app/(app)/gradebook/page.tsx:256:6
Unterminated regexp literal
  254 |       </div>
  255 |
> 256 |     </div>
      |      ^^^^^
  257 |   )
  258 | }
  259 |

Parsing ecmascript source code failed

Import traces:
  Client Component Browser:
    ./app/(app)/gradebook/page.tsx [Client Component Browser]
    ./app/(app)/gradebook/page.tsx [Server Component]

  Client Component SSR:
    ./app/(app)/gradebook/page.tsx [Client Component SSR]
    ./app/(app)/gradebook/page.tsx [Server Component] @ http://localhost:3000/_next/static/chunks/node_modules_next_dist_0u_w_5s._.js:1945
[   96858ms] [ERROR] ./app/(app)/gradebook/page.tsx:256:6
Unterminated regexp literal
  254 |       </div>
  255 |
> 256 |     </div>
      |      ^^^^^
  257 |   )
  258 | }
  259 |

Parsing ecmascript source code failed

Import traces:
  Client Component Browser:
    ./app/(app)/gradebook/page.tsx [Client Component Browser]
    ./app/(app)/gradebook/page.tsx [Server Component]

  Client Component SSR:
    ./app/(app)/gradebook/page.tsx [Client Component SSR]
    ./app/(app)/gradebook/page.tsx [Server Component] @ http://localhost:3000/_next/static/chunks/node_modules_next_dist_0u_w_5s._.js:1945
[   96912ms] [ERROR] ./app/(app)/gradebook/page.tsx:256:6
Unterminated regexp literal
  254 |       </div>
  255 |
> 256 |     </div>
      |      ^^^^^
  257 |   )
  258 | }
  259 |

Parsing ecmascript source code failed

Import traces:
  Client Component Browser:
    ./app/(app)/gradebook/page.tsx [Client Component Browser]
    ./app/(app)/gradebook/page.tsx [Server Component]

  Client Component SSR:
    ./app/(app)/gradebook/page.tsx [Client Component SSR]
    ./app/(app)/gradebook/page.tsx [Server Component] @ http://localhost:3000/_next/static/chunks/node_modules_next_dist_0u_w_5s._.js:1945
[   96970ms] [ERROR] ./app/(app)/gradebook/page.tsx:256:6
Unterminated regexp literal
  254 |       </div>
  255 |
> 256 |     </div>
      |      ^^^^^
  257 |   )
  258 | }
  259 |

Parsing ecmascript source code failed

Import traces:
  Client Component Browser:
    ./app/(app)/gradebook/page.tsx [Client Component Browser]
    ./app/(app)/gradebook/page.tsx [Server Component]

  Client Component SSR:
    ./app/(app)/gradebook/page.tsx [Client Component SSR]
    ./app/(app)/gradebook/page.tsx [Server Component] @ http://localhost:3000/_next/static/chunks/node_modules_next_dist_0u_w_5s._.js:1945
[   97035ms] [ERROR] ./app/(app)/gradebook/page.tsx:256:6
Unterminated regexp literal
  254 |       </div>
  255 |
> 256 |     </div>
      |      ^^^^^
  257 |   )
  258 | }
  259 |

Parsing ecmascript source code failed

Import traces:
  Client Component Browser:
    ./app/(app)/gradebook/page.tsx [Client Component Browser]
    ./app/(app)/gradebook/page.tsx [Server Component]

  Client Component SSR:
    ./app/(app)/gradebook/page.tsx [Client Component SSR]
    ./app/(app)/gradebook/page.tsx [Server Component] @ http://localhost:3000/_next/static/chunks/node_modules_next_dist_0u_w_5s._.js:1945
[   97086ms] [ERROR] ./app/(app)/gradebook/page.tsx:256:6
Unterminated regexp literal
  254 |       </div>
  255 |
> 256 |     </div>
      |      ^^^^^
  257 |   )
  258 | }
  259 |

Parsing ecmascript source code failed

Import traces:
  Client Component Browser:
    ./app/(app)/gradebook/page.tsx [Client Component Browser]
    ./app/(app)/gradebook/page.tsx [Server Component]

  Client Component SSR:
    ./app/(app)/gradebook/page.tsx [Client Component SSR]
    ./app/(app)/gradebook/page.tsx [Server Component] @ http://localhost:3000/_next/static/chunks/node_modules_next_dist_0u_w_5s._.js:1945
[   97146ms] [ERROR] ./app/(app)/gradebook/page.tsx:256:6
Unterminated regexp literal
  254 |       </div>
  255 |
> 256 |     </div>
      |      ^^^^^
  257 |   )
  258 | }
  259 |

Parsing ecmascript source code failed

Import traces:
  Client Component Browser:
    ./app/(app)/gradebook/page.tsx [Client Component Browser]
    ./app/(app)/gradebook/page.tsx [Server Component]

  Client Component SSR:
    ./app/(app)/gradebook/page.tsx [Client Component SSR]
    ./app/(app)/gradebook/page.tsx [Server Component] @ http://localhost:3000/_next/static/chunks/node_modules_next_dist_0u_w_5s._.js:1945
[   97197ms] [ERROR] ./app/(app)/gradebook/page.tsx:256:6
Unterminated regexp literal
  254 |       </div>
  255 |
> 256 |     </div>
      |      ^^^^^
  257 |   )
  258 | }
  259 |

Parsing ecmascript source code failed

Import traces:
  Client Component Browser:
    ./app/(app)/gradebook/page.tsx [Client Component Browser]
    ./app/(app)/gradebook/page.tsx [Server Component]

  Client Component SSR:
    ./app/(app)/gradebook/page.tsx [Client Component SSR]
    ./app/(app)/gradebook/page.tsx [Server Component] @ http://localhost:3000/_next/static/chunks/node_modules_next_dist_0u_w_5s._.js:1945
[   97254ms] [ERROR] ./app/(app)/gradebook/page.tsx:256:6
Unterminated regexp literal
  254 |       </div>
  255 |
> 256 |     </div>
      |      ^^^^^
  257 |   )
  258 | }
  259 |

Parsing ecmascript source code failed

Import traces:
  Client Component Browser:
    ./app/(app)/gradebook/page.tsx [Client Component Browser]
    ./app/(app)/gradebook/page.tsx [Server Component]

  Client Component SSR:
    ./app/(app)/gradebook/page.tsx [Client Component SSR]
    ./app/(app)/gradebook/page.tsx [Server Component] @ http://localhost:3000/_next/static/chunks/node_modules_next_dist_0u_w_5s._.js:1945
[   97314ms] [ERROR] ./app/(app)/gradebook/page.tsx:256:6
Unterminated regexp literal
  254 |       </div>
  255 |
> 256 |     </div>
      |      ^^^^^
  257 |   )
  258 | }
  259 |

Parsing ecmascript source code failed

Import traces:
  Client Component Browser:
    ./app/(app)/gradebook/page.tsx [Client Component Browser]
    ./app/(app)/gradebook/page.tsx [Server Component]

  Client Component SSR:
    ./app/(app)/gradebook/page.tsx [Client Component SSR]
    ./app/(app)/gradebook/page.tsx [Server Component] @ http://localhost:3000/_next/static/chunks/node_modules_next_dist_0u_w_5s._.js:1945
[   97376ms] [ERROR] ./app/(app)/gradebook/page.tsx:256:6
Unterminated regexp literal
  254 |       </div>
  255 |
> 256 |     </div>
      |      ^^^^^
  257 |   )
  258 | }
  259 |

Parsing ecmascript source code failed

Import traces:
  Client Component Browser:
    ./app/(app)/gradebook/page.tsx [Client Component Browser]
    ./app/(app)/gradebook/page.tsx [Server Component]

  Client Component SSR:
    ./app/(app)/gradebook/page.tsx [Client Component SSR]
    ./app/(app)/gradebook/page.tsx [Server Component] @ http://localhost:3000/_next/static/chunks/node_modules_next_dist_0u_w_5s._.js:1945
[   97421ms] [ERROR] ./app/(app)/gradebook/page.tsx:256:6
Unterminated regexp literal
  254 |       </div>
  255 |
> 256 |     </div>
      |      ^^^^^
  257 |   )
  258 | }
  259 |

Parsing ecmascript source code failed

Import traces:
  Client Component Browser:
    ./app/(app)/gradebook/page.tsx [Client Component Browser]
    ./app/(app)/gradebook/page.tsx [Server Component]

  Client Component SSR:
    ./app/(app)/gradebook/page.tsx [Client Component SSR]
    ./app/(app)/gradebook/page.tsx [Server Component] @ http://localhost:3000/_next/static/chunks/node_modules_next_dist_0u_w_5s._.js:1945
[   97486ms] [ERROR] ./app/(app)/gradebook/page.tsx:256:6
Unterminated regexp literal
  254 |       </div>
  255 |
> 256 |     </div>
      |      ^^^^^
  257 |   )
  258 | }
  259 |

Parsing ecmascript source code failed

Import traces:
  Client Component Browser:
    ./app/(app)/gradebook/page.tsx [Client Component Browser]
    ./app/(app)/gradebook/page.tsx [Server Component]

  Client Component SSR:
    ./app/(app)/gradebook/page.tsx [Client Component SSR]
    ./app/(app)/gradebook/page.tsx [Server Component] @ http://localhost:3000/_next/static/chunks/node_modules_next_dist_0u_w_5s._.js:1945
[   97537ms] [ERROR] ./app/(app)/gradebook/page.tsx:256:6
Unterminated regexp literal
  254 |       </div>
  255 |
> 256 |     </div>
      |      ^^^^^
  257 |   )
  258 | }
  259 |

Parsing ecmascript source code failed

Import traces:
  Client Component Browser:
    ./app/(app)/gradebook/page.tsx [Client Component Browser]
    ./app/(app)/gradebook/page.tsx [Server Component]

  Client Component SSR:
    ./app/(app)/gradebook/page.tsx [Client Component SSR]
    ./app/(app)/gradebook/page.tsx [Server Component] @ http://localhost:3000/_next/static/chunks/node_modules_next_dist_0u_w_5s._.js:1945
[   97592ms] [ERROR] ./app/(app)/gradebook/page.tsx:256:6
Unterminated regexp literal
  254 |       </div>
  255 |
> 256 |     </div>
      |      ^^^^^
  257 |   )
  258 | }
  259 |

Parsing ecmascript source code failed

Import traces:
  Client Component Browser:
    ./app/(app)/gradebook/page.tsx [Client Component Browser]
    ./app/(app)/gradebook/page.tsx [Server Component]

  Client Component SSR:
    ./app/(app)/gradebook/page.tsx [Client Component SSR]
    ./app/(app)/gradebook/page.tsx [Server Component] @ http://localhost:3000/_next/static/chunks/node_modules_next_dist_0u_w_5s._.js:1945
[   97647ms] [ERROR] ./app/(app)/gradebook/page.tsx:256:6
Unterminated regexp literal
  254 |       </div>
  255 |
> 256 |     </div>
      |      ^^^^^
  257 |   )
  258 | }
  259 |

Parsing ecmascript source code failed

Import traces:
  Client Component Browser:
    ./app/(app)/gradebook/page.tsx [Client Component Browser]
    ./app/(app)/gradebook/page.tsx [Server Component]

  Client Component SSR:
    ./app/(app)/gradebook/page.tsx [Client Component SSR]
    ./app/(app)/gradebook/page.tsx [Server Component] @ http://localhost:3000/_next/static/chunks/node_modules_next_dist_0u_w_5s._.js:1945
[   97702ms] [ERROR] ./app/(app)/gradebook/page.tsx:256:6
Unterminated regexp literal
  254 |       </div>
  255 |
> 256 |     </div>
      |      ^^^^^
  257 |   )
  258 | }
  259 |

Parsing ecmascript source code failed

Import traces:
  Client Component Browser:
    ./app/(app)/gradebook/page.tsx [Client Component Browser]
    ./app/(app)/gradebook/page.tsx [Server Component]

  Client Component SSR:
    ./app/(app)/gradebook/page.tsx [Client Component SSR]
    ./app/(app)/gradebook/page.tsx [Server Component] @ http://localhost:3000/_next/static/chunks/node_modules_next_dist_0u_w_5s._.js:1945
[   97758ms] [ERROR] ./app/(app)/gradebook/page.tsx:256:6
Unterminated regexp literal
  254 |       </div>
  255 |
> 256 |     </div>
      |      ^^^^^
  257 |   )
  258 | }
  259 |

Parsing ecmascript source code failed

Import traces:
  Client Component Browser:
    ./app/(app)/gradebook/page.tsx [Client Component Browser]
    ./app/(app)/gradebook/page.tsx [Server Component]

  Client Component SSR:
    ./app/(app)/gradebook/page.tsx [Client Component SSR]
    ./app/(app)/gradebook/page.tsx [Server Component] @ http://localhost:3000/_next/static/chunks/node_modules_next_dist_0u_w_5s._.js:1945
[   97806ms] [ERROR] ./app/(app)/gradebook/page.tsx:256:6
Unterminated regexp literal
  254 |       </div>
  255 |
> 256 |     </div>
      |      ^^^^^
  257 |   )
  258 | }
  259 |

Parsing ecmascript source code failed

Import traces:
  Client Component Browser:
    ./app/(app)/gradebook/page.tsx [Client Component Browser]
    ./app/(app)/gradebook/page.tsx [Server Component]

  Client Component SSR:
    ./app/(app)/gradebook/page.tsx [Client Component SSR]
    ./app/(app)/gradebook/page.tsx [Server Component] @ http://localhost:3000/_next/static/chunks/node_modules_next_dist_0u_w_5s._.js:1945
[   97861ms] [ERROR] ./app/(app)/gradebook/page.tsx:256:6
Unterminated regexp literal
  254 |       </div>
  255 |
> 256 |     </div>
      |      ^^^^^
  257 |   )
  258 | }
  259 |

Parsing ecmascript source code failed

Import traces:
  Client Component Browser:
    ./app/(app)/gradebook/page.tsx [Client Component Browser]
    ./app/(app)/gradebook/page.tsx [Server Component]

  Client Component SSR:
    ./app/(app)/gradebook/page.tsx [Client Component SSR]
    ./app/(app)/gradebook/page.tsx [Server Component] @ http://localhost:3000/_next/static/chunks/node_modules_next_dist_0u_w_5s._.js:1945
[   97919ms] [ERROR] ./app/(app)/gradebook/page.tsx:256:6
Unterminated regexp literal
  254 |       </div>
  255 |
> 256 |     </div>
      |      ^^^^^
  257 |   )
  258 | }
  259 |

Parsing ecmascript source code failed

Import traces:
  Client Component Browser:
    ./app/(app)/gradebook/page.tsx [Client Component Browser]
    ./app/(app)/gradebook/page.tsx [Server Component]

  Client Component SSR:
    ./app/(app)/gradebook/page.tsx [Client Component SSR]
    ./app/(app)/gradebook/page.tsx [Server Component] @ http://localhost:3000/_next/static/chunks/node_modules_next_dist_0u_w_5s._.js:1945
[   97976ms] [ERROR] ./app/(app)/gradebook/page.tsx:256:6
Unterminated regexp literal
  254 |       </div>
  255 |
> 256 |     </div>
      |      ^^^^^
  257 |   )
  258 | }
  259 |

Parsing ecmascript source code failed

Import traces:
  Client Component Browser:
    ./app/(app)/gradebook/page.tsx [Client Component Browser]
    ./app/(app)/gradebook/page.tsx [Server Component]

  Client Component SSR:
    ./app/(app)/gradebook/page.tsx [Client Component SSR]
    ./app/(app)/gradebook/page.tsx [Server Component] @ http://localhost:3000/_next/static/chunks/node_modules_next_dist_0u_w_5s._.js:1945
[   98024ms] [ERROR] ./app/(app)/gradebook/page.tsx:256:6
Unterminated regexp literal
  254 |       </div>
  255 |
> 256 |     </div>
      |      ^^^^^
  257 |   )
  258 | }
  259 |

Parsing ecmascript source code failed

Import traces:
  Client Component Browser:
    ./app/(app)/gradebook/page.tsx [Client Component Browser]
    ./app/(app)/gradebook/page.tsx [Server Component]

  Client Component SSR:
    ./app/(app)/gradebook/page.tsx [Client Component SSR]
    ./app/(app)/gradebook/page.tsx [Server Component] @ http://localhost:3000/_next/static/chunks/node_modules_next_dist_0u_w_5s._.js:1945
[   98085ms] [ERROR] ./app/(app)/gradebook/page.tsx:256:6
Unterminated regexp literal
  254 |       </div>
  255 |
> 256 |     </div>
      |      ^^^^^
  257 |   )
  258 | }
  259 |

Parsing ecmascript source code failed

Import traces:
  Client Component Browser:
    ./app/(app)/gradebook/page.tsx [Client Component Browser]
    ./app/(app)/gradebook/page.tsx [Server Component]

  Client Component SSR:
    ./app/(app)/gradebook/page.tsx [Client Component SSR]
    ./app/(app)/gradebook/page.tsx [Server Component] @ http://localhost:3000/_next/static/chunks/node_modules_next_dist_0u_w_5s._.js:1945
[   98141ms] [ERROR] ./app/(app)/gradebook/page.tsx:256:6
Unterminated regexp literal
  254 |       </div>
  255 |
> 256 |     </div>
      |      ^^^^^
  257 |   )
  258 | }
  259 |

Parsing ecmascript source code failed

Import traces:
  Client Component Browser:
    ./app/(app)/gradebook/page.tsx [Client Component Browser]
    ./app/(app)/gradebook/page.tsx [Server Component]

  Client Component SSR:
    ./app/(app)/gradebook/page.tsx [Client Component SSR]
    ./app/(app)/gradebook/page.tsx [Server Component] @ http://localhost:3000/_next/static/chunks/node_modules_next_dist_0u_w_5s._.js:1945
[   98198ms] [ERROR] ./app/(app)/gradebook/page.tsx:256:6
Unterminated regexp literal
  254 |       </div>
  255 |
> 256 |     </div>
      |      ^^^^^
  257 |   )
  258 | }
  259 |

Parsing ecmascript source code failed

Import traces:
  Client Component Browser:
    ./app/(app)/gradebook/page.tsx [Client Component Browser]
    ./app/(app)/gradebook/page.tsx [Server Component]

  Client Component SSR:
    ./app/(app)/gradebook/page.tsx [Client Component SSR]
    ./app/(app)/gradebook/page.tsx [Server Component] @ http://localhost:3000/_next/static/chunks/node_modules_next_dist_0u_w_5s._.js:1945
[   98245ms] [ERROR] ./app/(app)/gradebook/page.tsx:256:6
Unterminated regexp literal
  254 |       </div>
  255 |
> 256 |     </div>
      |      ^^^^^
  257 |   )
  258 | }
  259 |

Parsing ecmascript source code failed

Import traces:
  Client Component Browser:
    ./app/(app)/gradebook/page.tsx [Client Component Browser]
    ./app/(app)/gradebook/page.tsx [Server Component]

  Client Component SSR:
    ./app/(app)/gradebook/page.tsx [Client Component SSR]
    ./app/(app)/gradebook/page.tsx [Server Component] @ http://localhost:3000/_next/static/chunks/node_modules_next_dist_0u_w_5s._.js:1945
[   98296ms] [ERROR] ./app/(app)/gradebook/page.tsx:256:6
Unterminated regexp literal
  254 |       </div>
  255 |
> 256 |     </div>
      |      ^^^^^
  257 |   )
  258 | }
  259 |

Parsing ecmascript source code failed

Import traces:
  Client Component Browser:
    ./app/(app)/gradebook/page.tsx [Client Component Browser]
    ./app/(app)/gradebook/page.tsx [Server Component]

  Client Component SSR:
    ./app/(app)/gradebook/page.tsx [Client Component SSR]
    ./app/(app)/gradebook/page.tsx [Server Component] @ http://localhost:3000/_next/static/chunks/node_modules_next_dist_0u_w_5s._.js:1945
[   98354ms] [ERROR] ./app/(app)/gradebook/page.tsx:256:6
Unterminated regexp literal
  254 |       </div>
  255 |
> 256 |     </div>
      |      ^^^^^
  257 |   )
  258 | }
  259 |

Parsing ecmascript source code failed

Import traces:
  Client Component Browser:
    ./app/(app)/gradebook/page.tsx [Client Component Browser]
    ./app/(app)/gradebook/page.tsx [Server Component]

  Client Component SSR:
    ./app/(app)/gradebook/page.tsx [Client Component SSR]
    ./app/(app)/gradebook/page.tsx [Server Component] @ http://localhost:3000/_next/static/chunks/node_modules_next_dist_0u_w_5s._.js:1945
[   98416ms] [ERROR] ./app/(app)/gradebook/page.tsx:256:6
Unterminated regexp literal
  254 |       </div>
  255 |
> 256 |     </div>
      |      ^^^^^
  257 |   )
  258 | }
  259 |

Parsing ecmascript source code failed

Import traces:
  Client Component Browser:
    ./app/(app)/gradebook/page.tsx [Client Component Browser]
    ./app/(app)/gradebook/page.tsx [Server Component]

  Client Component SSR:
    ./app/(app)/gradebook/page.tsx [Client Component SSR]
    ./app/(app)/gradebook/page.tsx [Server Component] @ http://localhost:3000/_next/static/chunks/node_modules_next_dist_0u_w_5s._.js:1945
[   98486ms] [ERROR] ./app/(app)/gradebook/page.tsx:256:6
Unterminated regexp literal
  254 |       </div>
  255 |
> 256 |     </div>
      |      ^^^^^
  257 |   )
  258 | }
  259 |

Parsing ecmascript source code failed

Import traces:
  Client Component Browser:
    ./app/(app)/gradebook/page.tsx [Client Component Browser]
    ./app/(app)/gradebook/page.tsx [Server Component]

  Client Component SSR:
    ./app/(app)/gradebook/page.tsx [Client Component SSR]
    ./app/(app)/gradebook/page.tsx [Server Component] @ http://localhost:3000/_next/static/chunks/node_modules_next_dist_0u_w_5s._.js:1945
[   98550ms] [ERROR] ./app/(app)/gradebook/page.tsx:256:6
Unterminated regexp literal
  254 |       </div>
  255 |
> 256 |     </div>
      |      ^^^^^
  257 |   )
  258 | }
  259 |

Parsing ecmascript source code failed

Import traces:
  Client Component Browser:
    ./app/(app)/gradebook/page.tsx [Client Component Browser]
    ./app/(app)/gradebook/page.tsx [Server Component]

  Client Component SSR:
    ./app/(app)/gradebook/page.tsx [Client Component SSR]
    ./app/(app)/gradebook/page.tsx [Server Component] @ http://localhost:3000/_next/static/chunks/node_modules_next_dist_0u_w_5s._.js:1945
[   98602ms] [ERROR] ./app/(app)/gradebook/page.tsx:256:6
Unterminated regexp literal
  254 |       </div>
  255 |
> 256 |     </div>
      |      ^^^^^
  257 |   )
  258 | }
  259 |

Parsing ecmascript source code failed

Import traces:
  Client Component Browser:
    ./app/(app)/gradebook/page.tsx [Client Component Browser]
    ./app/(app)/gradebook/page.tsx [Server Component]

  Client Component SSR:
    ./app/(app)/gradebook/page.tsx [Client Component SSR]
    ./app/(app)/gradebook/page.tsx [Server Component] @ http://localhost:3000/_next/static/chunks/node_modules_next_dist_0u_w_5s._.js:1945
[   98665ms] [ERROR] ./app/(app)/gradebook/page.tsx:256:6
Unterminated regexp literal
  254 |       </div>
  255 |
> 256 |     </div>
      |      ^^^^^
  257 |   )
  258 | }
  259 |

Parsing ecmascript source code failed

Import traces:
  Client Component Browser:
    ./app/(app)/gradebook/page.tsx [Client Component Browser]
    ./app/(app)/gradebook/page.tsx [Server Component]

  Client Component SSR:
    ./app/(app)/gradebook/page.tsx [Client Component SSR]
    ./app/(app)/gradebook/page.tsx [Server Component] @ http://localhost:3000/_next/static/chunks/node_modules_next_dist_0u_w_5s._.js:1945
[   98718ms] [ERROR] ./app/(app)/gradebook/page.tsx:256:6
Unterminated regexp literal
  254 |       </div>
  255 |
> 256 |     </div>
      |      ^^^^^
  257 |   )
  258 | }
  259 |

Parsing ecmascript source code failed

Import traces:
  Client Component Browser:
    ./app/(app)/gradebook/page.tsx [Client Component Browser]
    ./app/(app)/gradebook/page.tsx [Server Component]

  Client Component SSR:
    ./app/(app)/gradebook/page.tsx [Client Component SSR]
    ./app/(app)/gradebook/page.tsx [Server Component] @ http://localhost:3000/_next/static/chunks/node_modules_next_dist_0u_w_5s._.js:1945
[   98783ms] [ERROR] ./app/(app)/gradebook/page.tsx:256:6
Unterminated regexp literal
  254 |       </div>
  255 |
> 256 |     </div>
      |      ^^^^^
  257 |   )
  258 | }
  259 |

Parsing ecmascript source code failed

Import traces:
  Client Component Browser:
    ./app/(app)/gradebook/page.tsx [Client Component Browser]
    ./app/(app)/gradebook/page.tsx [Server Component]

  Client Component SSR:
    ./app/(app)/gradebook/page.tsx [Client Component SSR]
    ./app/(app)/gradebook/page.tsx [Server Component] @ http://localhost:3000/_next/static/chunks/node_modules_next_dist_0u_w_5s._.js:1945
[   98847ms] [ERROR] ./app/(app)/gradebook/page.tsx:256:6
Unterminated regexp literal
  254 |       </div>
  255 |
> 256 |     </div>
      |      ^^^^^
  257 |   )
  258 | }
  259 |

Parsing ecmascript source code failed

Import traces:
  Client Component Browser:
    ./app/(app)/gradebook/page.tsx [Client Component Browser]
    ./app/(app)/gradebook/page.tsx [Server Component]

  Client Component SSR:
    ./app/(app)/gradebook/page.tsx [Client Component SSR]
    ./app/(app)/gradebook/page.tsx [Server Component] @ http://localhost:3000/_next/static/chunks/node_modules_next_dist_0u_w_5s._.js:1945
[   98905ms] [ERROR] ./app/(app)/gradebook/page.tsx:256:6
Unterminated regexp literal
  254 |       </div>
  255 |
> 256 |     </div>
      |      ^^^^^
  257 |   )
  258 | }
  259 |

Parsing ecmascript source code failed

Import traces:
  Client Component Browser:
    ./app/(app)/gradebook/page.tsx [Client Component Browser]
    ./app/(app)/gradebook/page.tsx [Server Component]

  Client Component SSR:
    ./app/(app)/gradebook/page.tsx [Client Component SSR]
    ./app/(app)/gradebook/page.tsx [Server Component] @ http://localhost:3000/_next/static/chunks/node_modules_next_dist_0u_w_5s._.js:1945
[   98955ms] [ERROR] ./app/(app)/gradebook/page.tsx:256:6
Unterminated regexp literal
  254 |       </div>
  255 |
> 256 |     </div>
      |      ^^^^^
  257 |   )
  258 | }
  259 |

Parsing ecmascript source code failed

Import traces:
  Client Component Browser:
    ./app/(app)/gradebook/page.tsx [Client Component Browser]
    ./app/(app)/gradebook/page.tsx [Server Component]

  Client Component SSR:
    ./app/(app)/gradebook/page.tsx [Client Component SSR]
    ./app/(app)/gradebook/page.tsx [Server Component] @ http://localhost:3000/_next/static/chunks/node_modules_next_dist_0u_w_5s._.js:1945
[   99021ms] [ERROR] ./app/(app)/gradebook/page.tsx:256:6
Unterminated regexp literal
  254 |       </div>
  255 |
> 256 |     </div>
      |      ^^^^^
  257 |   )
  258 | }
  259 |

Parsing ecmascript source code failed

Import traces:
  Client Component Browser:
    ./app/(app)/gradebook/page.tsx [Client Component Browser]
    ./app/(app)/gradebook/page.tsx [Server Component]

  Client Component SSR:
    ./app/(app)/gradebook/page.tsx [Client Component SSR]
    ./app/(app)/gradebook/page.tsx [Server Component] @ http://localhost:3000/_next/static/chunks/node_modules_next_dist_0u_w_5s._.js:1945
[   99076ms] [ERROR] ./app/(app)/gradebook/page.tsx:256:6
Unterminated regexp literal
  254 |       </div>
  255 |
> 256 |     </div>
      |      ^^^^^
  257 |   )
  258 | }
  259 |

Parsing ecmascript source code failed

Import traces:
  Client Component Browser:
    ./app/(app)/gradebook/page.tsx [Client Component Browser]
    ./app/(app)/gradebook/page.tsx [Server Component]

  Client Component SSR:
    ./app/(app)/gradebook/page.tsx [Client Component SSR]
    ./app/(app)/gradebook/page.tsx [Server Component] @ http://localhost:3000/_next/static/chunks/node_modules_next_dist_0u_w_5s._.js:1945
[   99137ms] [ERROR] ./app/(app)/gradebook/page.tsx:256:6
Unterminated regexp literal
  254 |       </div>
  255 |
> 256 |     </div>
      |      ^^^^^
  257 |   )
  258 | }
  259 |

Parsing ecmascript source code failed

Import traces:
  Client Component Browser:
    ./app/(app)/gradebook/page.tsx [Client Component Browser]
    ./app/(app)/gradebook/page.tsx [Server Component]

  Client Component SSR:
    ./app/(app)/gradebook/page.tsx [Client Component SSR]
    ./app/(app)/gradebook/page.tsx [Server Component] @ http://localhost:3000/_next/static/chunks/node_modules_next_dist_0u_w_5s._.js:1945
[   99195ms] [ERROR] ./app/(app)/gradebook/page.tsx:256:6
Unterminated regexp literal
  254 |       </div>
  255 |
> 256 |     </div>
      |      ^^^^^
  257 |   )
  258 | }
  259 |

Parsing ecmascript source code failed

Import traces:
  Client Component Browser:
    ./app/(app)/gradebook/page.tsx [Client Component Browser]
    ./app/(app)/gradebook/page.tsx [Server Component]

  Client Component SSR:
    ./app/(app)/gradebook/page.tsx [Client Component SSR]
    ./app/(app)/gradebook/page.tsx [Server Component] @ http://localhost:3000/_next/static/chunks/node_modules_next_dist_0u_w_5s._.js:1945
[   99253ms] [ERROR] ./app/(app)/gradebook/page.tsx:256:6
Unterminated regexp literal
  254 |       </div>
  255 |
> 256 |     </div>
      |      ^^^^^
  257 |   )
  258 | }
  259 |

Parsing ecmascript source code failed

Import traces:
  Client Component Browser:
    ./app/(app)/gradebook/page.tsx [Client Component Browser]
    ./app/(app)/gradebook/page.tsx [Server Component]

  Client Component SSR:
    ./app/(app)/gradebook/page.tsx [Client Component SSR]
    ./app/(app)/gradebook/page.tsx [Server Component] @ http://localhost:3000/_next/static/chunks/node_modules_next_dist_0u_w_5s._.js:1945
[   99303ms] [ERROR] ./app/(app)/gradebook/page.tsx:256:6
Unterminated regexp literal
  254 |       </div>
  255 |
> 256 |     </div>
      |      ^^^^^
  257 |   )
  258 | }
  259 |

Parsing ecmascript source code failed

Import traces:
  Client Component Browser:
    ./app/(app)/gradebook/page.tsx [Client Component Browser]
    ./app/(app)/gradebook/page.tsx [Server Component]

  Client Component SSR:
    ./app/(app)/gradebook/page.tsx [Client Component SSR]
    ./app/(app)/gradebook/page.tsx [Server Component] @ http://localhost:3000/_next/static/chunks/node_modules_next_dist_0u_w_5s._.js:1945
[   99366ms] [ERROR] ./app/(app)/gradebook/page.tsx:256:6
Unterminated regexp literal
  254 |       </div>
  255 |
> 256 |     </div>
      |      ^^^^^
  257 |   )
  258 | }
  259 |

Parsing ecmascript source code failed

Import traces:
  Client Component Browser:
    ./app/(app)/gradebook/page.tsx [Client Component Browser]
    ./app/(app)/gradebook/page.tsx [Server Component]

  Client Component SSR:
    ./app/(app)/gradebook/page.tsx [Client Component SSR]
    ./app/(app)/gradebook/page.tsx [Server Component] @ http://localhost:3000/_next/static/chunks/node_modules_next_dist_0u_w_5s._.js:1945
[   99428ms] [ERROR] ./app/(app)/gradebook/page.tsx:256:6
Unterminated regexp literal
  254 |       </div>
  255 |
> 256 |     </div>
      |      ^^^^^
  257 |   )
  258 | }
  259 |

Parsing ecmascript source code failed

Import traces:
  Client Component Browser:
    ./app/(app)/gradebook/page.tsx [Client Component Browser]
    ./app/(app)/gradebook/page.tsx [Server Component]

  Client Component SSR:
    ./app/(app)/gradebook/page.tsx [Client Component SSR]
    ./app/(app)/gradebook/page.tsx [Server Component] @ http://localhost:3000/_next/static/chunks/node_modules_next_dist_0u_w_5s._.js:1945
[   99488ms] [ERROR] ./app/(app)/gradebook/page.tsx:256:6
Unterminated regexp literal
  254 |       </div>
  255 |
> 256 |     </div>
      |      ^^^^^
  257 |   )
  258 | }
  259 |

Parsing ecmascript source code failed

Import traces:
  Client Component Browser:
    ./app/(app)/gradebook/page.tsx [Client Component Browser]
    ./app/(app)/gradebook/page.tsx [Server Component]

  Client Component SSR:
    ./app/(app)/gradebook/page.tsx [Client Component SSR]
    ./app/(app)/gradebook/page.tsx [Server Component] @ http://localhost:3000/_next/static/chunks/node_modules_next_dist_0u_w_5s._.js:1945
[   99544ms] [ERROR] ./app/(app)/gradebook/page.tsx:256:6
Unterminated regexp literal
  254 |       </div>
  255 |
> 256 |     </div>
      |      ^^^^^
  257 |   )
  258 | }
  259 |

Parsing ecmascript source code failed

Import traces:
  Client Component Browser:
    ./app/(app)/gradebook/page.tsx [Client Component Browser]
    ./app/(app)/gradebook/page.tsx [Server Component]

  Client Component SSR:
    ./app/(app)/gradebook/page.tsx [Client Component SSR]
    ./app/(app)/gradebook/page.tsx [Server Component] @ http://localhost:3000/_next/static/chunks/node_modules_next_dist_0u_w_5s._.js:1945
[   99606ms] [ERROR] ./app/(app)/gradebook/page.tsx:256:6
Unterminated regexp literal
  254 |       </div>
  255 |
> 256 |     </div>
      |      ^^^^^
  257 |   )
  258 | }
  259 |

Parsing ecmascript source code failed

Import traces:
  Client Component Browser:
    ./app/(app)/gradebook/page.tsx [Client Component Browser]
    ./app/(app)/gradebook/page.tsx [Server Component]

  Client Component SSR:
    ./app/(app)/gradebook/page.tsx [Client Component SSR]
    ./app/(app)/gradebook/page.tsx [Server Component] @ http://localhost:3000/_next/static/chunks/node_modules_next_dist_0u_w_5s._.js:1945
[   99667ms] [ERROR] ./app/(app)/gradebook/page.tsx:256:6
Unterminated regexp literal
  254 |       </div>
  255 |
> 256 |     </div>
      |      ^^^^^
  257 |   )
  258 | }
  259 |

Parsing ecmascript source code failed

Import traces:
  Client Component Browser:
    ./app/(app)/gradebook/page.tsx [Client Component Browser]
    ./app/(app)/gradebook/page.tsx [Server Component]

  Client Component SSR:
    ./app/(app)/gradebook/page.tsx [Client Component SSR]
    ./app/(app)/gradebook/page.tsx [Server Component] @ http://localhost:3000/_next/static/chunks/node_modules_next_dist_0u_w_5s._.js:1945
[   99720ms] [ERROR] ./app/(app)/gradebook/page.tsx:256:6
Unterminated regexp literal
  254 |       </div>
  255 |
> 256 |     </div>
      |      ^^^^^
  257 |   )
  258 | }
  259 |

Parsing ecmascript source code failed

Import traces:
  Client Component Browser:
    ./app/(app)/gradebook/page.tsx [Client Component Browser]
    ./app/(app)/gradebook/page.tsx [Server Component]

  Client Component SSR:
    ./app/(app)/gradebook/page.tsx [Client Component SSR]
    ./app/(app)/gradebook/page.tsx [Server Component] @ http://localhost:3000/_next/static/chunks/node_modules_next_dist_0u_w_5s._.js:1945
[   99785ms] [ERROR] ./app/(app)/gradebook/page.tsx:256:6
Unterminated regexp literal
  254 |       </div>
  255 |
> 256 |     </div>
      |      ^^^^^
  257 |   )
  258 | }
  259 |

Parsing ecmascript source code failed

Import traces:
  Client Component Browser:
    ./app/(app)/gradebook/page.tsx [Client Component Browser]
    ./app/(app)/gradebook/page.tsx [Server Component]

  Client Component SSR:
    ./app/(app)/gradebook/page.tsx [Client Component SSR]
    ./app/(app)/gradebook/page.tsx [Server Component] @ http://localhost:3000/_next/static/chunks/node_modules_next_dist_0u_w_5s._.js:1945
[   99847ms] [ERROR] ./app/(app)/gradebook/page.tsx:256:6
Unterminated regexp literal
  254 |       </div>
  255 |
> 256 |     </div>
      |      ^^^^^
  257 |   )
  258 | }
  259 |

Parsing ecmascript source code failed

Import traces:
  Client Component Browser:
    ./app/(app)/gradebook/page.tsx [Client Component Browser]
    ./app/(app)/gradebook/page.tsx [Server Component]

  Client Component SSR:
    ./app/(app)/gradebook/page.tsx [Client Component SSR]
    ./app/(app)/gradebook/page.tsx [Server Component] @ http://localhost:3000/_next/static/chunks/node_modules_next_dist_0u_w_5s._.js:1945
[   99903ms] [ERROR] ./app/(app)/gradebook/page.tsx:256:6
Unterminated regexp literal
  254 |       </div>
  255 |
> 256 |     </div>
      |      ^^^^^
  257 |   )
  258 | }
  259 |

Parsing ecmascript source code failed

Import traces:
  Client Component Browser:
    ./app/(app)/gradebook/page.tsx [Client Component Browser]
    ./app/(app)/gradebook/page.tsx [Server Component]

  Client Component SSR:
    ./app/(app)/gradebook/page.tsx [Client Component SSR]
    ./app/(app)/gradebook/page.tsx [Server Component] @ http://localhost:3000/_next/static/chunks/node_modules_next_dist_0u_w_5s._.js:1945
[   99971ms] [ERROR] ./app/(app)/gradebook/page.tsx:256:6
Unterminated regexp literal
  254 |       </div>
  255 |
> 256 |     </div>
      |      ^^^^^
  257 |   )
  258 | }
  259 |

Parsing ecmascript source code failed

Import traces:
  Client Component Browser:
    ./app/(app)/gradebook/page.tsx [Client Component Browser]
    ./app/(app)/gradebook/page.tsx [Server Component]

  Client Component SSR:
    ./app/(app)/gradebook/page.tsx [Client Component SSR]
    ./app/(app)/gradebook/page.tsx [Server Component] @ http://localhost:3000/_next/static/chunks/node_modules_next_dist_0u_w_5s._.js:1945
[  100027ms] [ERROR] ./app/(app)/gradebook/page.tsx:256:6
Unterminated regexp literal
  254 |       </div>
  255 |
> 256 |     </div>
      |      ^^^^^
  257 |   )
  258 | }
  259 |

Parsing ecmascript source code failed

Import traces:
  Client Component Browser:
    ./app/(app)/gradebook/page.tsx [Client Component Browser]
    ./app/(app)/gradebook/page.tsx [Server Component]

  Client Component SSR:
    ./app/(app)/gradebook/page.tsx [Client Component SSR]
    ./app/(app)/gradebook/page.tsx [Server Component] @ http://localhost:3000/_next/static/chunks/node_modules_next_dist_0u_w_5s._.js:1945
[  100091ms] [ERROR] ./app/(app)/gradebook/page.tsx:256:6
Unterminated regexp literal
  254 |       </div>
  255 |
> 256 |     </div>
      |      ^^^^^
  257 |   )
  258 | }
  259 |

Parsing ecmascript source code failed

Import traces:
  Client Component Browser:
    ./app/(app)/gradebook/page.tsx [Client Component Browser]
    ./app/(app)/gradebook/page.tsx [Server Component]

  Client Component SSR:
    ./app/(app)/gradebook/page.tsx [Client Component SSR]
    ./app/(app)/gradebook/page.tsx [Server Component] @ http://localhost:3000/_next/static/chunks/node_modules_next_dist_0u_w_5s._.js:1945
[  100153ms] [ERROR] ./app/(app)/gradebook/page.tsx:256:6
Unterminated regexp literal
  254 |       </div>
  255 |
> 256 |     </div>
      |      ^^^^^
  257 |   )
  258 | }
  259 |

Parsing ecmascript source code failed

Import traces:
  Client Component Browser:
    ./app/(app)/gradebook/page.tsx [Client Component Browser]
    ./app/(app)/gradebook/page.tsx [Server Component]

  Client Component SSR:
    ./app/(app)/gradebook/page.tsx [Client Component SSR]
    ./app/(app)/gradebook/page.tsx [Server Component] @ http://localhost:3000/_next/static/chunks/node_modules_next_dist_0u_w_5s._.js:1945
[  100219ms] [ERROR] ./app/(app)/gradebook/page.tsx:256:6
Unterminated regexp literal
  254 |       </div>
  255 |
> 256 |     </div>
      |      ^^^^^
  257 |   )
  258 | }
  259 |

Parsing ecmascript source code failed

Import traces:
  Client Component Browser:
    ./app/(app)/gradebook/page.tsx [Client Component Browser]
    ./app/(app)/gradebook/page.tsx [Server Component]

  Client Component SSR:
    ./app/(app)/gradebook/page.tsx [Client Component SSR]
    ./app/(app)/gradebook/page.tsx [Server Component] @ http://localhost:3000/_next/static/chunks/node_modules_next_dist_0u_w_5s._.js:1945
[  100278ms] [ERROR] ./app/(app)/gradebook/page.tsx:256:6
Unterminated regexp literal
  254 |       </div>
  255 |
> 256 |     </div>
      |      ^^^^^
  257 |   )
  258 | }
  259 |

Parsing ecmascript source code failed

Import traces:
  Client Component Browser:
    ./app/(app)/gradebook/page.tsx [Client Component Browser]
    ./app/(app)/gradebook/page.tsx [Server Component]

  Client Component SSR:
    ./app/(app)/gradebook/page.tsx [Client Component SSR]
    ./app/(app)/gradebook/page.tsx [Server Component] @ http://localhost:3000/_next/static/chunks/node_modules_next_dist_0u_w_5s._.js:1945
[  100339ms] [ERROR] ./app/(app)/gradebook/page.tsx:256:6
Unterminated regexp literal
  254 |       </div>
  255 |
> 256 |     </div>
      |      ^^^^^
  257 |   )
  258 | }
  259 |

Parsing ecmascript source code failed

Import traces:
  Client Component Browser:
    ./app/(app)/gradebook/page.tsx [Client Component Browser]
    ./app/(app)/gradebook/page.tsx [Server Component]

  Client Component SSR:
    ./app/(app)/gradebook/page.tsx [Client Component SSR]
    ./app/(app)/gradebook/page.tsx [Server Component] @ http://localhost:3000/_next/static/chunks/node_modules_next_dist_0u_w_5s._.js:1945
[  100393ms] [ERROR] ./app/(app)/gradebook/page.tsx:256:6
Unterminated regexp literal
  254 |       </div>
  255 |
> 256 |     </div>
      |      ^^^^^
  257 |   )
  258 | }
  259 |

Parsing ecmascript source code failed

Import traces:
  Client Component Browser:
    ./app/(app)/gradebook/page.tsx [Client Component Browser]
    ./app/(app)/gradebook/page.tsx [Server Component]

  Client Component SSR:
    ./app/(app)/gradebook/page.tsx [Client Component SSR]
    ./app/(app)/gradebook/page.tsx [Server Component] @ http://localhost:3000/_next/static/chunks/node_modules_next_dist_0u_w_5s._.js:1945
[  100454ms] [ERROR] ./app/(app)/gradebook/page.tsx:256:6
Unterminated regexp literal
  254 |       </div>
  255 |
> 256 |     </div>
      |      ^^^^^
  257 |   )
  258 | }
  259 |

Parsing ecmascript source code failed

Import traces:
  Client Component Browser:
    ./app/(app)/gradebook/page.tsx [Client Component Browser]
    ./app/(app)/gradebook/page.tsx [Server Component]

  Client Component SSR:
    ./app/(app)/gradebook/page.tsx [Client Component SSR]
    ./app/(app)/gradebook/page.tsx [Server Component] @ http://localhost:3000/_next/static/chunks/node_modules_next_dist_0u_w_5s._.js:1945
[  100504ms] [ERROR] ./app/(app)/gradebook/page.tsx:256:6
Unterminated regexp literal
  254 |       </div>
  255 |
> 256 |     </div>
      |      ^^^^^
  257 |   )
  258 | }
  259 |

Parsing ecmascript source code failed

Import traces:
  Client Component Browser:
    ./app/(app)/gradebook/page.tsx [Client Component Browser]
    ./app/(app)/gradebook/page.tsx [Server Component]

  Client Component SSR:
    ./app/(app)/gradebook/page.tsx [Client Component SSR]
    ./app/(app)/gradebook/page.tsx [Server Component] @ http://localhost:3000/_next/static/chunks/node_modules_next_dist_0u_w_5s._.js:1945
[  100561ms] [ERROR] ./app/(app)/gradebook/page.tsx:256:6
Unterminated regexp literal
  254 |       </div>
  255 |
> 256 |     </div>
      |      ^^^^^
  257 |   )
  258 | }
  259 |

Parsing ecmascript source code failed

Import traces:
  Client Component Browser:
    ./app/(app)/gradebook/page.tsx [Client Component Browser]
    ./app/(app)/gradebook/page.tsx [Server Component]

  Client Component SSR:
    ./app/(app)/gradebook/page.tsx [Client Component SSR]
    ./app/(app)/gradebook/page.tsx [Server Component] @ http://localhost:3000/_next/static/chunks/node_modules_next_dist_0u_w_5s._.js:1945
[  100612ms] [ERROR] ./app/(app)/gradebook/page.tsx:256:6
Unterminated regexp literal
  254 |       </div>
  255 |
> 256 |     </div>
      |      ^^^^^
  257 |   )
  258 | }
  259 |

Parsing ecmascript source code failed

Import traces:
  Client Component Browser:
    ./app/(app)/gradebook/page.tsx [Client Component Browser]
    ./app/(app)/gradebook/page.tsx [Server Component]

  Client Component SSR:
    ./app/(app)/gradebook/page.tsx [Client Component SSR]
    ./app/(app)/gradebook/page.tsx [Server Component] @ http://localhost:3000/_next/static/chunks/node_modules_next_dist_0u_w_5s._.js:1945
[  100672ms] [ERROR] ./app/(app)/gradebook/page.tsx:256:6
Unterminated regexp literal
  254 |       </div>
  255 |
> 256 |     </div>
      |      ^^^^^
  257 |   )
  258 | }
  259 |

Parsing ecmascript source code failed

Import traces:
  Client Component Browser:
    ./app/(app)/gradebook/page.tsx [Client Component Browser]
    ./app/(app)/gradebook/page.tsx [Server Component]

  Client Component SSR:
    ./app/(app)/gradebook/page.tsx [Client Component SSR]
    ./app/(app)/gradebook/page.tsx [Server Component] @ http://localhost:3000/_next/static/chunks/node_modules_next_dist_0u_w_5s._.js:1945
[  100721ms] [ERROR] ./app/(app)/gradebook/page.tsx:256:6
Unterminated regexp literal
  254 |       </div>
  255 |
> 256 |     </div>
      |      ^^^^^
  257 |   )
  258 | }
  259 |

Parsing ecmascript source code failed

Import traces:
  Client Component Browser:
    ./app/(app)/gradebook/page.tsx [Client Component Browser]
    ./app/(app)/gradebook/page.tsx [Server Component]

  Client Component SSR:
    ./app/(app)/gradebook/page.tsx [Client Component SSR]
    ./app/(app)/gradebook/page.tsx [Server Component] @ http://localhost:3000/_next/static/chunks/node_modules_next_dist_0u_w_5s._.js:1945
[  100780ms] [ERROR] ./app/(app)/gradebook/page.tsx:256:6
Unterminated regexp literal
  254 |       </div>
  255 |
> 256 |     </div>
      |      ^^^^^
  257 |   )
  258 | }
  259 |

Parsing ecmascript source code failed

Import traces:
  Client Component Browser:
    ./app/(app)/gradebook/page.tsx [Client Component Browser]
    ./app/(app)/gradebook/page.tsx [Server Component]

  Client Component SSR:
    ./app/(app)/gradebook/page.tsx [Client Component SSR]
    ./app/(app)/gradebook/page.tsx [Server Component] @ http://localhost:3000/_next/static/chunks/node_modules_next_dist_0u_w_5s._.js:1945
[  100836ms] [ERROR] ./app/(app)/gradebook/page.tsx:256:6
Unterminated regexp literal
  254 |       </div>
  255 |
> 256 |     </div>
      |      ^^^^^
  257 |   )
  258 | }
  259 |

Parsing ecmascript source code failed

Import traces:
  Client Component Browser:
    ./app/(app)/gradebook/page.tsx [Client Component Browser]
    ./app/(app)/gradebook/page.tsx [Server Component]

  Client Component SSR:
    ./app/(app)/gradebook/page.tsx [Client Component SSR]
    ./app/(app)/gradebook/page.tsx [Server Component] @ http://localhost:3000/_next/static/chunks/node_modules_next_dist_0u_w_5s._.js:1945
[  100899ms] [ERROR] ./app/(app)/gradebook/page.tsx:256:6
Unterminated regexp literal
  254 |       </div>
  255 |
> 256 |     </div>
      |      ^^^^^
  257 |   )
  258 | }
  259 |

Parsing ecmascript source code failed

Import traces:
  Client Component Browser:
    ./app/(app)/gradebook/page.tsx [Client Component Browser]
    ./app/(app)/gradebook/page.tsx [Server Component]

  Client Component SSR:
    ./app/(app)/gradebook/page.tsx [Client Component SSR]
    ./app/(app)/gradebook/page.tsx [Server Component] @ http://localhost:3000/_next/static/chunks/node_modules_next_dist_0u_w_5s._.js:1945
[  100963ms] [ERROR] ./app/(app)/gradebook/page.tsx:256:6
Unterminated regexp literal
  254 |       </div>
  255 |
> 256 |     </div>
      |      ^^^^^
  257 |   )
  258 | }
  259 |

Parsing ecmascript source code failed

Import traces:
  Client Component Browser:
    ./app/(app)/gradebook/page.tsx [Client Component Browser]
    ./app/(app)/gradebook/page.tsx [Server Component]

  Client Component SSR:
    ./app/(app)/gradebook/page.tsx [Client Component SSR]
    ./app/(app)/gradebook/page.tsx [Server Component] @ http://localhost:3000/_next/static/chunks/node_modules_next_dist_0u_w_5s._.js:1945
[  101026ms] [ERROR] ./app/(app)/gradebook/page.tsx:256:6
Unterminated regexp literal
  254 |       </div>
  255 |
> 256 |     </div>
      |      ^^^^^
  257 |   )
  258 | }
  259 |

Parsing ecmascript source code failed

Import traces:
  Client Component Browser:
    ./app/(app)/gradebook/page.tsx [Client Component Browser]
    ./app/(app)/gradebook/page.tsx [Server Component]

  Client Component SSR:
    ./app/(app)/gradebook/page.tsx [Client Component SSR]
    ./app/(app)/gradebook/page.tsx [Server Component] @ http://localhost:3000/_next/static/chunks/node_modules_next_dist_0u_w_5s._.js:1945
[  101085ms] [ERROR] ./app/(app)/gradebook/page.tsx:256:6
Unterminated regexp literal
  254 |       </div>
  255 |
> 256 |     </div>
      |      ^^^^^
  257 |   )
  258 | }
  259 |

Parsing ecmascript source code failed

Import traces:
  Client Component Browser:
    ./app/(app)/gradebook/page.tsx [Client Component Browser]
    ./app/(app)/gradebook/page.tsx [Server Component]

  Client Component SSR:
    ./app/(app)/gradebook/page.tsx [Client Component SSR]
    ./app/(app)/gradebook/page.tsx [Server Component] @ http://localhost:3000/_next/static/chunks/node_modules_next_dist_0u_w_5s._.js:1945
[  101141ms] [ERROR] ./app/(app)/gradebook/page.tsx:256:6
Unterminated regexp literal
  254 |       </div>
  255 |
> 256 |     </div>
      |      ^^^^^
  257 |   )
  258 | }
  259 |

Parsing ecmascript source code failed

Import traces:
  Client Component Browser:
    ./app/(app)/gradebook/page.tsx [Client Component Browser]
    ./app/(app)/gradebook/page.tsx [Server Component]

  Client Component SSR:
    ./app/(app)/gradebook/page.tsx [Client Component SSR]
    ./app/(app)/gradebook/page.tsx [Server Component] @ http://localhost:3000/_next/static/chunks/node_modules_next_dist_0u_w_5s._.js:1945
[  101207ms] [ERROR] ./app/(app)/gradebook/page.tsx:256:6
Unterminated regexp literal
  254 |       </div>
  255 |
> 256 |     </div>
      |      ^^^^^
  257 |   )
  258 | }
  259 |

Parsing ecmascript source code failed

Import traces:
  Client Component Browser:
    ./app/(app)/gradebook/page.tsx [Client Component Browser]
    ./app/(app)/gradebook/page.tsx [Server Component]

  Client Component SSR:
    ./app/(app)/gradebook/page.tsx [Client Component SSR]
    ./app/(app)/gradebook/page.tsx [Server Component] @ http://localhost:3000/_next/static/chunks/node_modules_next_dist_0u_w_5s._.js:1945
[  101254ms] [ERROR] ./app/(app)/gradebook/page.tsx:256:6
Unterminated regexp literal
  254 |       </div>
  255 |
> 256 |     </div>
      |      ^^^^^
  257 |   )
  258 | }
  259 |

Parsing ecmascript source code failed

Import traces:
  Client Component Browser:
    ./app/(app)/gradebook/page.tsx [Client Component Browser]
    ./app/(app)/gradebook/page.tsx [Server Component]

  Client Component SSR:
    ./app/(app)/gradebook/page.tsx [Client Component SSR]
    ./app/(app)/gradebook/page.tsx [Server Component] @ http://localhost:3000/_next/static/chunks/node_modules_next_dist_0u_w_5s._.js:1945
[  101326ms] [ERROR] ./app/(app)/gradebook/page.tsx:256:6
Unterminated regexp literal
  254 |       </div>
  255 |
> 256 |     </div>
      |      ^^^^^
  257 |   )
  258 | }
  259 |

Parsing ecmascript source code failed

Import traces:
  Client Component Browser:
    ./app/(app)/gradebook/page.tsx [Client Component Browser]
    ./app/(app)/gradebook/page.tsx [Server Component]

  Client Component SSR:
    ./app/(app)/gradebook/page.tsx [Client Component SSR]
    ./app/(app)/gradebook/page.tsx [Server Component] @ http://localhost:3000/_next/static/chunks/node_modules_next_dist_0u_w_5s._.js:1945
[  101375ms] [ERROR] ./app/(app)/gradebook/page.tsx:256:6
Unterminated regexp literal
  254 |       </div>
  255 |
> 256 |     </div>
      |      ^^^^^
  257 |   )
  258 | }
  259 |

Parsing ecmascript source code failed

Import traces:
  Client Component Browser:
    ./app/(app)/gradebook/page.tsx [Client Component Browser]
    ./app/(app)/gradebook/page.tsx [Server Component]

  Client Component SSR:
    ./app/(app)/gradebook/page.tsx [Client Component SSR]
    ./app/(app)/gradebook/page.tsx [Server Component] @ http://localhost:3000/_next/static/chunks/node_modules_next_dist_0u_w_5s._.js:1945
[  101431ms] [ERROR] ./app/(app)/gradebook/page.tsx:256:6
Unterminated regexp literal
  254 |       </div>
  255 |
> 256 |     </div>
      |      ^^^^^
  257 |   )
  258 | }
  259 |

Parsing ecmascript source code failed

Import traces:
  Client Component Browser:
    ./app/(app)/gradebook/page.tsx [Client Component Browser]
    ./app/(app)/gradebook/page.tsx [Server Component]

  Client Component SSR:
    ./app/(app)/gradebook/page.tsx [Client Component SSR]
    ./app/(app)/gradebook/page.tsx [Server Component] @ http://localhost:3000/_next/static/chunks/node_modules_next_dist_0u_w_5s._.js:1945
[  101486ms] [ERROR] ./app/(app)/gradebook/page.tsx:256:6
Unterminated regexp literal
  254 |       </div>
  255 |
> 256 |     </div>
      |      ^^^^^
  257 |   )
  258 | }
  259 |

Parsing ecmascript source code failed

Import traces:
  Client Component Browser:
    ./app/(app)/gradebook/page.tsx [Client Component Browser]
    ./app/(app)/gradebook/page.tsx [Server Component]

  Client Component SSR:
    ./app/(app)/gradebook/page.tsx [Client Component SSR]
    ./app/(app)/gradebook/page.tsx [Server Component] @ http://localhost:3000/_next/static/chunks/node_modules_next_dist_0u_w_5s._.js:1945
[  101549ms] [ERROR] ./app/(app)/gradebook/page.tsx:256:6
Unterminated regexp literal
  254 |       </div>
  255 |
> 256 |     </div>
      |      ^^^^^
  257 |   )
  258 | }
  259 |

Parsing ecmascript source code failed

Import traces:
  Client Component Browser:
    ./app/(app)/gradebook/page.tsx [Client Component Browser]
    ./app/(app)/gradebook/page.tsx [Server Component]

  Client Component SSR:
    ./app/(app)/gradebook/page.tsx [Client Component SSR]
    ./app/(app)/gradebook/page.tsx [Server Component] @ http://localhost:3000/_next/static/chunks/node_modules_next_dist_0u_w_5s._.js:1945
[  101612ms] [ERROR] ./app/(app)/gradebook/page.tsx:256:6
Unterminated regexp literal
  254 |       </div>
  255 |
> 256 |     </div>
      |      ^^^^^
  257 |   )
  258 | }
  259 |

Parsing ecmascript source code failed

Import traces:
  Client Component Browser:
    ./app/(app)/gradebook/page.tsx [Client Component Browser]
    ./app/(app)/gradebook/page.tsx [Server Component]

  Client Component SSR:
    ./app/(app)/gradebook/page.tsx [Client Component SSR]
    ./app/(app)/gradebook/page.tsx [Server Component] @ http://localhost:3000/_next/static/chunks/node_modules_next_dist_0u_w_5s._.js:1945
[  101748ms] [ERROR] ./app/(app)/gradebook/page.tsx:256:6
Unterminated regexp literal
  254 |       </div>
  255 |
> 256 |     </div>
      |      ^^^^^
  257 |   )
  258 | }
  259 |

Parsing ecmascript source code failed

Import traces:
  Client Component Browser:
    ./app/(app)/gradebook/page.tsx [Client Component Browser]
    ./app/(app)/gradebook/page.tsx [Server Component]

  Client Component SSR:
    ./app/(app)/gradebook/page.tsx [Client Component SSR]
    ./app/(app)/gradebook/page.tsx [Server Component] @ http://localhost:3000/_next/static/chunks/node_modules_next_dist_0u_w_5s._.js:1945
[  101748ms] [LOG] [Fast Refresh] rebuilding @ http://localhost:3000/_next/static/chunks/node_modules_next_dist_0u_w_5s._.js:1226
[  101815ms] [ERROR] ./app/(app)/gradebook/page.tsx:256:6
Unterminated regexp literal
  254 |       </div>
  255 |
> 256 |     </div>
      |      ^^^^^
  257 |   )
  258 | }
  259 |

Parsing ecmascript source code failed

Import traces:
  Client Component Browser:
    ./app/(app)/gradebook/page.tsx [Client Component Browser]
    ./app/(app)/gradebook/page.tsx [Server Component]

  Client Component SSR:
    ./app/(app)/gradebook/page.tsx [Client Component SSR]
    ./app/(app)/gradebook/page.tsx [Server Component] @ http://localhost:3000/_next/static/chunks/node_modules_next_dist_0u_w_5s._.js:1945
[  101865ms] [ERROR] ./app/(app)/gradebook/page.tsx:256:6
Unterminated regexp literal
  254 |       </div>
  255 |
> 256 |     </div>
      |      ^^^^^
  257 |   )
  258 | }
  259 |

Parsing ecmascript source code failed

Import traces:
  Client Component Browser:
    ./app/(app)/gradebook/page.tsx [Client Component Browser]
    ./app/(app)/gradebook/page.tsx [Server Component]

  Client Component SSR:
    ./app/(app)/gradebook/page.tsx [Client Component SSR]
    ./app/(app)/gradebook/page.tsx [Server Component] @ http://localhost:3000/_next/static/chunks/node_modules_next_dist_0u_w_5s._.js:1945
[  101912ms] [ERROR] ./app/(app)/gradebook/page.tsx:256:6
Unterminated regexp literal
  254 |       </div>
  255 |
> 256 |     </div>
      |      ^^^^^
  257 |   )
  258 | }
  259 |

Parsing ecmascript source code failed

Import traces:
  Client Component Browser:
    ./app/(app)/gradebook/page.tsx [Client Component Browser]
    ./app/(app)/gradebook/page.tsx [Server Component]

  Client Component SSR:
    ./app/(app)/gradebook/page.tsx [Client Component SSR]
    ./app/(app)/gradebook/page.tsx [Server Component] @ http://localhost:3000/_next/static/chunks/node_modules_next_dist_0u_w_5s._.js:1945
[  101978ms] [ERROR] ./app/(app)/gradebook/page.tsx:256:6
Unterminated regexp literal
  254 |       </div>
  255 |
> 256 |     </div>
      |      ^^^^^
  257 |   )
  258 | }
  259 |

Parsing ecmascript source code failed

Import traces:
  Client Component Browser:
    ./app/(app)/gradebook/page.tsx [Client Component Browser]
    ./app/(app)/gradebook/page.tsx [Server Component]

  Client Component SSR:
    ./app/(app)/gradebook/page.tsx [Client Component SSR]
    ./app/(app)/gradebook/page.tsx [Server Component] @ http://localhost:3000/_next/static/chunks/node_modules_next_dist_0u_w_5s._.js:1945
[  102035ms] [ERROR] ./app/(app)/gradebook/page.tsx:256:6
Unterminated regexp literal
  254 |       </div>
  255 |
> 256 |     </div>
      |      ^^^^^
  257 |   )
  258 | }
  259 |

Parsing ecmascript source code failed

Import traces:
  Client Component Browser:
    ./app/(app)/gradebook/page.tsx [Client Component Browser]
    ./app/(app)/gradebook/page.tsx [Server Component]

  Client Component SSR:
    ./app/(app)/gradebook/page.tsx [Client Component SSR]
    ./app/(app)/gradebook/page.tsx [Server Component] @ http://localhost:3000/_next/static/chunks/node_modules_next_dist_0u_w_5s._.js:1945
[  102088ms] [ERROR] ./app/(app)/gradebook/page.tsx:256:6
Unterminated regexp literal
  254 |       </div>
  255 |
> 256 |     </div>
      |      ^^^^^
  257 |   )
  258 | }
  259 |

Parsing ecmascript source code failed

Import traces:
  Client Component Browser:
    ./app/(app)/gradebook/page.tsx [Client Component Browser]
    ./app/(app)/gradebook/page.tsx [Server Component]

  Client Component SSR:
    ./app/(app)/gradebook/page.tsx [Client Component SSR]
    ./app/(app)/gradebook/page.tsx [Server Component] @ http://localhost:3000/_next/static/chunks/node_modules_next_dist_0u_w_5s._.js:1945
[  102138ms] [ERROR] ./app/(app)/gradebook/page.tsx:256:6
Unterminated regexp literal
  254 |       </div>
  255 |
> 256 |     </div>
      |      ^^^^^
  257 |   )
  258 | }
  259 |

Parsing ecmascript source code failed

Import traces:
  Client Component Browser:
    ./app/(app)/gradebook/page.tsx [Client Component Browser]
    ./app/(app)/gradebook/page.tsx [Server Component]

  Client Component SSR:
    ./app/(app)/gradebook/page.tsx [Client Component SSR]
    ./app/(app)/gradebook/page.tsx [Server Component] @ http://localhost:3000/_next/static/chunks/node_modules_next_dist_0u_w_5s._.js:1945
[  102186ms] [ERROR] ./app/(app)/gradebook/page.tsx:256:6
Unterminated regexp literal
  254 |       </div>
  255 |
> 256 |     </div>
      |      ^^^^^
  257 |   )
  258 | }
  259 |

Parsing ecmascript source code failed

Import traces:
  Client Component Browser:
    ./app/(app)/gradebook/page.tsx [Client Component Browser]
    ./app/(app)/gradebook/page.tsx [Server Component]

  Client Component SSR:
    ./app/(app)/gradebook/page.tsx [Client Component SSR]
    ./app/(app)/gradebook/page.tsx [Server Component] @ http://localhost:3000/_next/static/chunks/node_modules_next_dist_0u_w_5s._.js:1945
[  102239ms] [ERROR] ./app/(app)/gradebook/page.tsx:256:6
Unterminated regexp literal
  254 |       </div>
  255 |
> 256 |     </div>
      |      ^^^^^
  257 |   )
  258 | }
  259 |

Parsing ecmascript source code failed

Import traces:
  Client Component Browser:
    ./app/(app)/gradebook/page.tsx [Client Component Browser]
    ./app/(app)/gradebook/page.tsx [Server Component]

  Client Component SSR:
    ./app/(app)/gradebook/page.tsx [Client Component SSR]
    ./app/(app)/gradebook/page.tsx [Server Component] @ http://localhost:3000/_next/static/chunks/node_modules_next_dist_0u_w_5s._.js:1945
[  102305ms] [ERROR] ./app/(app)/gradebook/page.tsx:256:6
Unterminated regexp literal
  254 |       </div>
  255 |
> 256 |     </div>
      |      ^^^^^
  257 |   )
  258 | }
  259 |

Parsing ecmascript source code failed

Import traces:
  Client Component Browser:
    ./app/(app)/gradebook/page.tsx [Client Component Browser]
    ./app/(app)/gradebook/page.tsx [Server Component]

  Client Component SSR:
    ./app/(app)/gradebook/page.tsx [Client Component SSR]
    ./app/(app)/gradebook/page.tsx [Server Component] @ http://localhost:3000/_next/static/chunks/node_modules_next_dist_0u_w_5s._.js:1945
[  102370ms] [ERROR] ./app/(app)/gradebook/page.tsx:256:6
Unterminated regexp literal
  254 |       </div>
  255 |
> 256 |     </div>
      |      ^^^^^
  257 |   )
  258 | }
  259 |

Parsing ecmascript source code failed

Import traces:
  Client Component Browser:
    ./app/(app)/gradebook/page.tsx [Client Component Browser]
    ./app/(app)/gradebook/page.tsx [Server Component]

  Client Component SSR:
    ./app/(app)/gradebook/page.tsx [Client Component SSR]
    ./app/(app)/gradebook/page.tsx [Server Component] @ http://localhost:3000/_next/static/chunks/node_modules_next_dist_0u_w_5s._.js:1945
[  102425ms] [ERROR] ./app/(app)/gradebook/page.tsx:256:6
Unterminated regexp literal
  254 |       </div>
  255 |
> 256 |     </div>
      |      ^^^^^
  257 |   )
  258 | }
  259 |

Parsing ecmascript source code failed

Import traces:
  Client Component Browser:
    ./app/(app)/gradebook/page.tsx [Client Component Browser]
    ./app/(app)/gradebook/page.tsx [Server Component]

  Client Component SSR:
    ./app/(app)/gradebook/page.tsx [Client Component SSR]
    ./app/(app)/gradebook/page.tsx [Server Component] @ http://localhost:3000/_next/static/chunks/node_modules_next_dist_0u_w_5s._.js:1945
[  102480ms] [ERROR] ./app/(app)/gradebook/page.tsx:256:6
Unterminated regexp literal
  254 |       </div>
  255 |
> 256 |     </div>
      |      ^^^^^
  257 |   )
  258 | }
  259 |

Parsing ecmascript source code failed

Import traces:
  Client Component Browser:
    ./app/(app)/gradebook/page.tsx [Client Component Browser]
    ./app/(app)/gradebook/page.tsx [Server Component]

  Client Component SSR:
    ./app/(app)/gradebook/page.tsx [Client Component SSR]
    ./app/(app)/gradebook/page.tsx [Server Component] @ http://localhost:3000/_next/static/chunks/node_modules_next_dist_0u_w_5s._.js:1945
[  102529ms] [ERROR] ./app/(app)/gradebook/page.tsx:256:6
Unterminated regexp literal
  254 |       </div>
  255 |
> 256 |     </div>
      |      ^^^^^
  257 |   )
  258 | }
  259 |

Parsing ecmascript source code failed

Import traces:
  Client Component Browser:
    ./app/(app)/gradebook/page.tsx [Client Component Browser]
    ./app/(app)/gradebook/page.tsx [Server Component]

  Client Component SSR:
    ./app/(app)/gradebook/page.tsx [Client Component SSR]
    ./app/(app)/gradebook/page.tsx [Server Component] @ http://localhost:3000/_next/static/chunks/node_modules_next_dist_0u_w_5s._.js:1945
[  102577ms] [ERROR] ./app/(app)/gradebook/page.tsx:256:6
Unterminated regexp literal
  254 |       </div>
  255 |
> 256 |     </div>
      |      ^^^^^
  257 |   )
  258 | }
  259 |

Parsing ecmascript source code failed

Import traces:
  Client Component Browser:
    ./app/(app)/gradebook/page.tsx [Client Component Browser]
    ./app/(app)/gradebook/page.tsx [Server Component]

  Client Component SSR:
    ./app/(app)/gradebook/page.tsx [Client Component SSR]
    ./app/(app)/gradebook/page.tsx [Server Component] @ http://localhost:3000/_next/static/chunks/node_modules_next_dist_0u_w_5s._.js:1945
[  102622ms] [ERROR] ./app/(app)/gradebook/page.tsx:256:6
Unterminated regexp literal
  254 |       </div>
  255 |
> 256 |     </div>
      |      ^^^^^
  257 |   )
  258 | }
  259 |

Parsing ecmascript source code failed

Import traces:
  Client Component Browser:
    ./app/(app)/gradebook/page.tsx [Client Component Browser]
    ./app/(app)/gradebook/page.tsx [Server Component]

  Client Component SSR:
    ./app/(app)/gradebook/page.tsx [Client Component SSR]
    ./app/(app)/gradebook/page.tsx [Server Component] @ http://localhost:3000/_next/static/chunks/node_modules_next_dist_0u_w_5s._.js:1945
[  102690ms] [ERROR] ./app/(app)/gradebook/page.tsx:256:6
Unterminated regexp literal
  254 |       </div>
  255 |
> 256 |     </div>
      |      ^^^^^
  257 |   )
  258 | }
  259 |

Parsing ecmascript source code failed

Import traces:
  Client Component Browser:
    ./app/(app)/gradebook/page.tsx [Client Component Browser]
    ./app/(app)/gradebook/page.tsx [Server Component]

  Client Component SSR:
    ./app/(app)/gradebook/page.tsx [Client Component SSR]
    ./app/(app)/gradebook/page.tsx [Server Component] @ http://localhost:3000/_next/static/chunks/node_modules_next_dist_0u_w_5s._.js:1945
[  102756ms] [ERROR] ./app/(app)/gradebook/page.tsx:256:6
Unterminated regexp literal
  254 |       </div>
  255 |
> 256 |     </div>
      |      ^^^^^
  257 |   )
  258 | }
  259 |

Parsing ecmascript source code failed

Import traces:
  Client Component Browser:
    ./app/(app)/gradebook/page.tsx [Client Component Browser]
    ./app/(app)/gradebook/page.tsx [Server Component]

  Client Component SSR:
    ./app/(app)/gradebook/page.tsx [Client Component SSR]
    ./app/(app)/gradebook/page.tsx [Server Component] @ http://localhost:3000/_next/static/chunks/node_modules_next_dist_0u_w_5s._.js:1945
[  102803ms] [ERROR] ./app/(app)/gradebook/page.tsx:256:6
Unterminated regexp literal
  254 |       </div>
  255 |
> 256 |     </div>
      |      ^^^^^
  257 |   )
  258 | }
  259 |

Parsing ecmascript source code failed

Import traces:
  Client Component Browser:
    ./app/(app)/gradebook/page.tsx [Client Component Browser]
    ./app/(app)/gradebook/page.tsx [Server Component]

  Client Component SSR:
    ./app/(app)/gradebook/page.tsx [Client Component SSR]
    ./app/(app)/gradebook/page.tsx [Server Component] @ http://localhost:3000/_next/static/chunks/node_modules_next_dist_0u_w_5s._.js:1945
[  102856ms] [ERROR] ./app/(app)/gradebook/page.tsx:256:6
Unterminated regexp literal
  254 |       </div>
  255 |
> 256 |     </div>
      |      ^^^^^
  257 |   )
  258 | }
  259 |

Parsing ecmascript source code failed

Import traces:
  Client Component Browser:
    ./app/(app)/gradebook/page.tsx [Client Component Browser]
    ./app/(app)/gradebook/page.tsx [Server Component]

  Client Component SSR:
    ./app/(app)/gradebook/page.tsx [Client Component SSR]
    ./app/(app)/gradebook/page.tsx [Server Component] @ http://localhost:3000/_next/static/chunks/node_modules_next_dist_0u_w_5s._.js:1945
[  102913ms] [ERROR] ./app/(app)/gradebook/page.tsx:256:6
Unterminated regexp literal
  254 |       </div>
  255 |
> 256 |     </div>
      |      ^^^^^
  257 |   )
  258 | }
  259 |

Parsing ecmascript source code failed

Import traces:
  Client Component Browser:
    ./app/(app)/gradebook/page.tsx [Client Component Browser]
    ./app/(app)/gradebook/page.tsx [Server Component]

  Client Component SSR:
    ./app/(app)/gradebook/page.tsx [Client Component SSR]
    ./app/(app)/gradebook/page.tsx [Server Component] @ http://localhost:3000/_next/static/chunks/node_modules_next_dist_0u_w_5s._.js:1945
[  102979ms] [ERROR] ./app/(app)/gradebook/page.tsx:256:6
Unterminated regexp literal
  254 |       </div>
  255 |
> 256 |     </div>
      |      ^^^^^
  257 |   )
  258 | }
  259 |

Parsing ecmascript source code failed

Import traces:
  Client Component Browser:
    ./app/(app)/gradebook/page.tsx [Client Component Browser]
    ./app/(app)/gradebook/page.tsx [Server Component]

  Client Component SSR:
    ./app/(app)/gradebook/page.tsx [Client Component SSR]
    ./app/(app)/gradebook/page.tsx [Server Component] @ http://localhost:3000/_next/static/chunks/node_modules_next_dist_0u_w_5s._.js:1945
[  103036ms] [ERROR] ./app/(app)/gradebook/page.tsx:256:6
Unterminated regexp literal
  254 |       </div>
  255 |
> 256 |     </div>
      |      ^^^^^
  257 |   )
  258 | }
  259 |

Parsing ecmascript source code failed

Import traces:
  Client Component Browser:
    ./app/(app)/gradebook/page.tsx [Client Component Browser]
    ./app/(app)/gradebook/page.tsx [Server Component]

  Client Component SSR:
    ./app/(app)/gradebook/page.tsx [Client Component SSR]
    ./app/(app)/gradebook/page.tsx [Server Component] @ http://localhost:3000/_next/static/chunks/node_modules_next_dist_0u_w_5s._.js:1945
[  103089ms] [ERROR] ./app/(app)/gradebook/page.tsx:256:6
Unterminated regexp literal
  254 |       </div>
  255 |
> 256 |     </div>
      |      ^^^^^
  257 |   )
  258 | }
  259 |

Parsing ecmascript source code failed

Import traces:
  Client Component Browser:
    ./app/(app)/gradebook/page.tsx [Client Component Browser]
    ./app/(app)/gradebook/page.tsx [Server Component]

  Client Component SSR:
    ./app/(app)/gradebook/page.tsx [Client Component SSR]
    ./app/(app)/gradebook/page.tsx [Server Component] @ http://localhost:3000/_next/static/chunks/node_modules_next_dist_0u_w_5s._.js:1945
[  103145ms] [ERROR] ./app/(app)/gradebook/page.tsx:256:6
Unterminated regexp literal
  254 |       </div>
  255 |
> 256 |     </div>
      |      ^^^^^
  257 |   )
  258 | }
  259 |

Parsing ecmascript source code failed

Import traces:
  Client Component Browser:
    ./app/(app)/gradebook/page.tsx [Client Component Browser]
    ./app/(app)/gradebook/page.tsx [Server Component]

  Client Component SSR:
    ./app/(app)/gradebook/page.tsx [Client Component SSR]
    ./app/(app)/gradebook/page.tsx [Server Component] @ http://localhost:3000/_next/static/chunks/node_modules_next_dist_0u_w_5s._.js:1945
[  103211ms] [ERROR] ./app/(app)/gradebook/page.tsx:256:6
Unterminated regexp literal
  254 |       </div>
  255 |
> 256 |     </div>
      |      ^^^^^
  257 |   )
  258 | }
  259 |

Parsing ecmascript source code failed

Import traces:
  Client Component Browser:
    ./app/(app)/gradebook/page.tsx [Client Component Browser]
    ./app/(app)/gradebook/page.tsx [Server Component]

  Client Component SSR:
    ./app/(app)/gradebook/page.tsx [Client Component SSR]
    ./app/(app)/gradebook/page.tsx [Server Component] @ http://localhost:3000/_next/static/chunks/node_modules_next_dist_0u_w_5s._.js:1945
[  103266ms] [ERROR] ./app/(app)/gradebook/page.tsx:256:6
Unterminated regexp literal
  254 |       </div>
  255 |
> 256 |     </div>
      |      ^^^^^
  257 |   )
  258 | }
  259 |

Parsing ecmascript source code failed

Import traces:
  Client Component Browser:
    ./app/(app)/gradebook/page.tsx [Client Component Browser]
    ./app/(app)/gradebook/page.tsx [Server Component]

  Client Component SSR:
    ./app/(app)/gradebook/page.tsx [Client Component SSR]
    ./app/(app)/gradebook/page.tsx [Server Component] @ http://localhost:3000/_next/static/chunks/node_modules_next_dist_0u_w_5s._.js:1945
[  103322ms] [ERROR] ./app/(app)/gradebook/page.tsx:256:6
Unterminated regexp literal
  254 |       </div>
  255 |
> 256 |     </div>
      |      ^^^^^
  257 |   )
  258 | }
  259 |

Parsing ecmascript source code failed

Import traces:
  Client Component Browser:
    ./app/(app)/gradebook/page.tsx [Client Component Browser]
    ./app/(app)/gradebook/page.tsx [Server Component]

  Client Component SSR:
    ./app/(app)/gradebook/page.tsx [Client Component SSR]
    ./app/(app)/gradebook/page.tsx [Server Component] @ http://localhost:3000/_next/static/chunks/node_modules_next_dist_0u_w_5s._.js:1945
[  103385ms] [ERROR] ./app/(app)/gradebook/page.tsx:256:6
Unterminated regexp literal
  254 |       </div>
  255 |
> 256 |     </div>
      |      ^^^^^
  257 |   )
  258 | }
  259 |

Parsing ecmascript source code failed

Import traces:
  Client Component Browser:
    ./app/(app)/gradebook/page.tsx [Client Component Browser]
    ./app/(app)/gradebook/page.tsx [Server Component]

  Client Component SSR:
    ./app/(app)/gradebook/page.tsx [Client Component SSR]
    ./app/(app)/gradebook/page.tsx [Server Component] @ http://localhost:3000/_next/static/chunks/node_modules_next_dist_0u_w_5s._.js:1945
[  103441ms] [ERROR] ./app/(app)/gradebook/page.tsx:256:6
Unterminated regexp literal
  254 |       </div>
  255 |
> 256 |     </div>
      |      ^^^^^
  257 |   )
  258 | }
  259 |

Parsing ecmascript source code failed

Import traces:
  Client Component Browser:
    ./app/(app)/gradebook/page.tsx [Client Component Browser]
    ./app/(app)/gradebook/page.tsx [Server Component]

  Client Component SSR:
    ./app/(app)/gradebook/page.tsx [Client Component SSR]
    ./app/(app)/gradebook/page.tsx [Server Component] @ http://localhost:3000/_next/static/chunks/node_modules_next_dist_0u_w_5s._.js:1945
[  103505ms] [ERROR] ./app/(app)/gradebook/page.tsx:256:6
Unterminated regexp literal
  254 |       </div>
  255 |
> 256 |     </div>
      |      ^^^^^
  257 |   )
  258 | }
  259 |

Parsing ecmascript source code failed

Import traces:
  Client Component Browser:
    ./app/(app)/gradebook/page.tsx [Client Component Browser]
    ./app/(app)/gradebook/page.tsx [Server Component]

  Client Component SSR:
    ./app/(app)/gradebook/page.tsx [Client Component SSR]
    ./app/(app)/gradebook/page.tsx [Server Component] @ http://localhost:3000/_next/static/chunks/node_modules_next_dist_0u_w_5s._.js:1945
[  103569ms] [ERROR] ./app/(app)/gradebook/page.tsx:256:6
Unterminated regexp literal
  254 |       </div>
  255 |
> 256 |     </div>
      |      ^^^^^
  257 |   )
  258 | }
  259 |

Parsing ecmascript source code failed

Import traces:
  Client Component Browser:
    ./app/(app)/gradebook/page.tsx [Client Component Browser]
    ./app/(app)/gradebook/page.tsx [Server Component]

  Client Component SSR:
    ./app/(app)/gradebook/page.tsx [Client Component SSR]
    ./app/(app)/gradebook/page.tsx [Server Component] @ http://localhost:3000/_next/static/chunks/node_modules_next_dist_0u_w_5s._.js:1945
[  103634ms] [ERROR] ./app/(app)/gradebook/page.tsx:256:6
Unterminated regexp literal
  254 |       </div>
  255 |
> 256 |     </div>
      |      ^^^^^
  257 |   )
  258 | }
  259 |

Parsing ecmascript source code failed

Import traces:
  Client Component Browser:
    ./app/(app)/gradebook/page.tsx [Client Component Browser]
    ./app/(app)/gradebook/page.tsx [Server Component]

  Client Component SSR:
    ./app/(app)/gradebook/page.tsx [Client Component SSR]
    ./app/(app)/gradebook/page.tsx [Server Component] @ http://localhost:3000/_next/static/chunks/node_modules_next_dist_0u_w_5s._.js:1945
[  103690ms] [ERROR] ./app/(app)/gradebook/page.tsx:256:6
Unterminated regexp literal
  254 |       </div>
  255 |
> 256 |     </div>
      |      ^^^^^
  257 |   )
  258 | }
  259 |

Parsing ecmascript source code failed

Import traces:
  Client Component Browser:
    ./app/(app)/gradebook/page.tsx [Client Component Browser]
    ./app/(app)/gradebook/page.tsx [Server Component]

  Client Component SSR:
    ./app/(app)/gradebook/page.tsx [Client Component SSR]
    ./app/(app)/gradebook/page.tsx [Server Component] @ http://localhost:3000/_next/static/chunks/node_modules_next_dist_0u_w_5s._.js:1945
[  103754ms] [ERROR] ./app/(app)/gradebook/page.tsx:256:6
Unterminated regexp literal
  254 |       </div>
  255 |
> 256 |     </div>
      |      ^^^^^
  257 |   )
  258 | }
  259 |

Parsing ecmascript source code failed

Import traces:
  Client Component Browser:
    ./app/(app)/gradebook/page.tsx [Client Component Browser]
    ./app/(app)/gradebook/page.tsx [Server Component]

  Client Component SSR:
    ./app/(app)/gradebook/page.tsx [Client Component SSR]
    ./app/(app)/gradebook/page.tsx [Server Component] @ http://localhost:3000/_next/static/chunks/node_modules_next_dist_0u_w_5s._.js:1945
[  103804ms] [ERROR] ./app/(app)/gradebook/page.tsx:256:6
Unterminated regexp literal
  254 |       </div>
  255 |
> 256 |     </div>
      |      ^^^^^
  257 |   )
  258 | }
  259 |

Parsing ecmascript source code failed

Import traces:
  Client Component Browser:
    ./app/(app)/gradebook/page.tsx [Client Component Browser]
    ./app/(app)/gradebook/page.tsx [Server Component]

  Client Component SSR:
    ./app/(app)/gradebook/page.tsx [Client Component SSR]
    ./app/(app)/gradebook/page.tsx [Server Component] @ http://localhost:3000/_next/static/chunks/node_modules_next_dist_0u_w_5s._.js:1945
[  103863ms] [ERROR] ./app/(app)/gradebook/page.tsx:256:6
Unterminated regexp literal
  254 |       </div>
  255 |
> 256 |     </div>
      |      ^^^^^
  257 |   )
  258 | }
  259 |

Parsing ecmascript source code failed

Import traces:
  Client Component Browser:
    ./app/(app)/gradebook/page.tsx [Client Component Browser]
    ./app/(app)/gradebook/page.tsx [Server Component]

  Client Component SSR:
    ./app/(app)/gradebook/page.tsx [Client Component SSR]
    ./app/(app)/gradebook/page.tsx [Server Component] @ http://localhost:3000/_next/static/chunks/node_modules_next_dist_0u_w_5s._.js:1945
[  103916ms] [ERROR] ./app/(app)/gradebook/page.tsx:256:6
Unterminated regexp literal
  254 |       </div>
  255 |
> 256 |     </div>
      |      ^^^^^
  257 |   )
  258 | }
  259 |

Parsing ecmascript source code failed

Import traces:
  Client Component Browser:
    ./app/(app)/gradebook/page.tsx [Client Component Browser]
    ./app/(app)/gradebook/page.tsx [Server Component]

  Client Component SSR:
    ./app/(app)/gradebook/page.tsx [Client Component SSR]
    ./app/(app)/gradebook/page.tsx [Server Component] @ http://localhost:3000/_next/static/chunks/node_modules_next_dist_0u_w_5s._.js:1945
[  103964ms] [ERROR] ./app/(app)/gradebook/page.tsx:256:6
Unterminated regexp literal
  254 |       </div>
  255 |
> 256 |     </div>
      |      ^^^^^
  257 |   )
  258 | }
  259 |

Parsing ecmascript source code failed

Import traces:
  Client Component Browser:
    ./app/(app)/gradebook/page.tsx [Client Component Browser]
    ./app/(app)/gradebook/page.tsx [Server Component]

  Client Component SSR:
    ./app/(app)/gradebook/page.tsx [Client Component SSR]
    ./app/(app)/gradebook/page.tsx [Server Component] @ http://localhost:3000/_next/static/chunks/node_modules_next_dist_0u_w_5s._.js:1945
[  104029ms] [ERROR] ./app/(app)/gradebook/page.tsx:256:6
Unterminated regexp literal
  254 |       </div>
  255 |
> 256 |     </div>
      |      ^^^^^
  257 |   )
  258 | }
  259 |

Parsing ecmascript source code failed

Import traces:
  Client Component Browser:
    ./app/(app)/gradebook/page.tsx [Client Component Browser]
    ./app/(app)/gradebook/page.tsx [Server Component]

  Client Component SSR:
    ./app/(app)/gradebook/page.tsx [Client Component SSR]
    ./app/(app)/gradebook/page.tsx [Server Component] @ http://localhost:3000/_next/static/chunks/node_modules_next_dist_0u_w_5s._.js:1945
[  104087ms] [ERROR] ./app/(app)/gradebook/page.tsx:256:6
Unterminated regexp literal
  254 |       </div>
  255 |
> 256 |     </div>
      |      ^^^^^
  257 |   )
  258 | }
  259 |

Parsing ecmascript source code failed

Import traces:
  Client Component Browser:
    ./app/(app)/gradebook/page.tsx [Client Component Browser]
    ./app/(app)/gradebook/page.tsx [Server Component]

  Client Component SSR:
    ./app/(app)/gradebook/page.tsx [Client Component SSR]
    ./app/(app)/gradebook/page.tsx [Server Component] @ http://localhost:3000/_next/static/chunks/node_modules_next_dist_0u_w_5s._.js:1945
[  104144ms] [ERROR] ./app/(app)/gradebook/page.tsx:256:6
Unterminated regexp literal
  254 |       </div>
  255 |
> 256 |     </div>
      |      ^^^^^
  257 |   )
  258 | }
  259 |

Parsing ecmascript source code failed

Import traces:
  Client Component Browser:
    ./app/(app)/gradebook/page.tsx [Client Component Browser]
    ./app/(app)/gradebook/page.tsx [Server Component]

  Client Component SSR:
    ./app/(app)/gradebook/page.tsx [Client Component SSR]
    ./app/(app)/gradebook/page.tsx [Server Component] @ http://localhost:3000/_next/static/chunks/node_modules_next_dist_0u_w_5s._.js:1945
[  104206ms] [ERROR] ./app/(app)/gradebook/page.tsx:256:6
Unterminated regexp literal
  254 |       </div>
  255 |
> 256 |     </div>
      |      ^^^^^
  257 |   )
  258 | }
  259 |

Parsing ecmascript source code failed

Import traces:
  Client Component Browser:
    ./app/(app)/gradebook/page.tsx [Client Component Browser]
    ./app/(app)/gradebook/page.tsx [Server Component]

  Client Component SSR:
    ./app/(app)/gradebook/page.tsx [Client Component SSR]
    ./app/(app)/gradebook/page.tsx [Server Component] @ http://localhost:3000/_next/static/chunks/node_modules_next_dist_0u_w_5s._.js:1945
[  104265ms] [ERROR] ./app/(app)/gradebook/page.tsx:256:6
Unterminated regexp literal
  254 |       </div>
  255 |
> 256 |     </div>
      |      ^^^^^
  257 |   )
  258 | }
  259 |

Parsing ecmascript source code failed

Import traces:
  Client Component Browser:
    ./app/(app)/gradebook/page.tsx [Client Component Browser]
    ./app/(app)/gradebook/page.tsx [Server Component]

  Client Component SSR:
    ./app/(app)/gradebook/page.tsx [Client Component SSR]
    ./app/(app)/gradebook/page.tsx [Server Component] @ http://localhost:3000/_next/static/chunks/node_modules_next_dist_0u_w_5s._.js:1945
[  104329ms] [ERROR] ./app/(app)/gradebook/page.tsx:256:6
Unterminated regexp literal
  254 |       </div>
  255 |
> 256 |     </div>
      |      ^^^^^
  257 |   )
  258 | }
  259 |

Parsing ecmascript source code failed

Import traces:
  Client Component Browser:
    ./app/(app)/gradebook/page.tsx [Client Component Browser]
    ./app/(app)/gradebook/page.tsx [Server Component]

  Client Component SSR:
    ./app/(app)/gradebook/page.tsx [Client Component SSR]
    ./app/(app)/gradebook/page.tsx [Server Component] @ http://localhost:3000/_next/static/chunks/node_modules_next_dist_0u_w_5s._.js:1945
[  104386ms] [ERROR] ./app/(app)/gradebook/page.tsx:256:6
Unterminated regexp literal
  254 |       </div>
  255 |
> 256 |     </div>
      |      ^^^^^
  257 |   )
  258 | }
  259 |

Parsing ecmascript source code failed

Import traces:
  Client Component Browser:
    ./app/(app)/gradebook/page.tsx [Client Component Browser]
    ./app/(app)/gradebook/page.tsx [Server Component]

  Client Component SSR:
    ./app/(app)/gradebook/page.tsx [Client Component SSR]
    ./app/(app)/gradebook/page.tsx [Server Component] @ http://localhost:3000/_next/static/chunks/node_modules_next_dist_0u_w_5s._.js:1945
[  104446ms] [ERROR] ./app/(app)/gradebook/page.tsx:256:6
Unterminated regexp literal
  254 |       </div>
  255 |
> 256 |     </div>
      |      ^^^^^
  257 |   )
  258 | }
  259 |

Parsing ecmascript source code failed

Import traces:
  Client Component Browser:
    ./app/(app)/gradebook/page.tsx [Client Component Browser]
    ./app/(app)/gradebook/page.tsx [Server Component]

  Client Component SSR:
    ./app/(app)/gradebook/page.tsx [Client Component SSR]
    ./app/(app)/gradebook/page.tsx [Server Component] @ http://localhost:3000/_next/static/chunks/node_modules_next_dist_0u_w_5s._.js:1945
[  104494ms] [ERROR] ./app/(app)/gradebook/page.tsx:256:6
Unterminated regexp literal
  254 |       </div>
  255 |
> 256 |     </div>
      |      ^^^^^
  257 |   )
  258 | }
  259 |

Parsing ecmascript source code failed

Import traces:
  Client Component Browser:
    ./app/(app)/gradebook/page.tsx [Client Component Browser]
    ./app/(app)/gradebook/page.tsx [Server Component]

  Client Component SSR:
    ./app/(app)/gradebook/page.tsx [Client Component SSR]
    ./app/(app)/gradebook/page.tsx [Server Component] @ http://localhost:3000/_next/static/chunks/node_modules_next_dist_0u_w_5s._.js:1945
[  104549ms] [ERROR] ./app/(app)/gradebook/page.tsx:256:6
Unterminated regexp literal
  254 |       </div>
  255 |
> 256 |     </div>
      |      ^^^^^
  257 |   )
  258 | }
  259 |

Parsing ecmascript source code failed

Import traces:
  Client Component Browser:
    ./app/(app)/gradebook/page.tsx [Client Component Browser]
    ./app/(app)/gradebook/page.tsx [Server Component]

  Client Component SSR:
    ./app/(app)/gradebook/page.tsx [Client Component SSR]
    ./app/(app)/gradebook/page.tsx [Server Component] @ http://localhost:3000/_next/static/chunks/node_modules_next_dist_0u_w_5s._.js:1945
[  104606ms] [ERROR] ./app/(app)/gradebook/page.tsx:256:6
Unterminated regexp literal
  254 |       </div>
  255 |
> 256 |     </div>
      |      ^^^^^
  257 |   )
  258 | }
  259 |

Parsing ecmascript source code failed

Import traces:
  Client Component Browser:
    ./app/(app)/gradebook/page.tsx [Client Component Browser]
    ./app/(app)/gradebook/page.tsx [Server Component]

  Client Component SSR:
    ./app/(app)/gradebook/page.tsx [Client Component SSR]
    ./app/(app)/gradebook/page.tsx [Server Component] @ http://localhost:3000/_next/static/chunks/node_modules_next_dist_0u_w_5s._.js:1945
[  104669ms] [ERROR] ./app/(app)/gradebook/page.tsx:256:6
Unterminated regexp literal
  254 |       </div>
  255 |
> 256 |     </div>
      |      ^^^^^
  257 |   )
  258 | }
  259 |

Parsing ecmascript source code failed

Import traces:
  Client Component Browser:
    ./app/(app)/gradebook/page.tsx [Client Component Browser]
    ./app/(app)/gradebook/page.tsx [Server Component]

  Client Component SSR:
    ./app/(app)/gradebook/page.tsx [Client Component SSR]
    ./app/(app)/gradebook/page.tsx [Server Component] @ http://localhost:3000/_next/static/chunks/node_modules_next_dist_0u_w_5s._.js:1945
[  104722ms] [ERROR] ./app/(app)/gradebook/page.tsx:256:6
Unterminated regexp literal
  254 |       </div>
  255 |
> 256 |     </div>
      |      ^^^^^
  257 |   )
  258 | }
  259 |

Parsing ecmascript source code failed

Import traces:
  Client Component Browser:
    ./app/(app)/gradebook/page.tsx [Client Component Browser]
    ./app/(app)/gradebook/page.tsx [Server Component]

  Client Component SSR:
    ./app/(app)/gradebook/page.tsx [Client Component SSR]
    ./app/(app)/gradebook/page.tsx [Server Component] @ http://localhost:3000/_next/static/chunks/node_modules_next_dist_0u_w_5s._.js:1945
[  104787ms] [ERROR] ./app/(app)/gradebook/page.tsx:256:6
Unterminated regexp literal
  254 |       </div>
  255 |
> 256 |     </div>
      |      ^^^^^
  257 |   )
  258 | }
  259 |

Parsing ecmascript source code failed

Import traces:
  Client Component Browser:
    ./app/(app)/gradebook/page.tsx [Client Component Browser]
    ./app/(app)/gradebook/page.tsx [Server Component]

  Client Component SSR:
    ./app/(app)/gradebook/page.tsx [Client Component SSR]
    ./app/(app)/gradebook/page.tsx [Server Component] @ http://localhost:3000/_next/static/chunks/node_modules_next_dist_0u_w_5s._.js:1945
[  104845ms] [ERROR] ./app/(app)/gradebook/page.tsx:256:6
Unterminated regexp literal
  254 |       </div>
  255 |
> 256 |     </div>
      |      ^^^^^
  257 |   )
  258 | }
  259 |

Parsing ecmascript source code failed

Import traces:
  Client Component Browser:
    ./app/(app)/gradebook/page.tsx [Client Component Browser]
    ./app/(app)/gradebook/page.tsx [Server Component]

  Client Component SSR:
    ./app/(app)/gradebook/page.tsx [Client Component SSR]
    ./app/(app)/gradebook/page.tsx [Server Component] @ http://localhost:3000/_next/static/chunks/node_modules_next_dist_0u_w_5s._.js:1945
[  104899ms] [ERROR] ./app/(app)/gradebook/page.tsx:256:6
Unterminated regexp literal
  254 |       </div>
  255 |
> 256 |     </div>
      |      ^^^^^
  257 |   )
  258 | }
  259 |

Parsing ecmascript source code failed

Import traces:
  Client Component Browser:
    ./app/(app)/gradebook/page.tsx [Client Component Browser]
    ./app/(app)/gradebook/page.tsx [Server Component]

  Client Component SSR:
    ./app/(app)/gradebook/page.tsx [Client Component SSR]
    ./app/(app)/gradebook/page.tsx [Server Component] @ http://localhost:3000/_next/static/chunks/node_modules_next_dist_0u_w_5s._.js:1945
[  104957ms] [ERROR] ./app/(app)/gradebook/page.tsx:256:6
Unterminated regexp literal
  254 |       </div>
  255 |
> 256 |     </div>
      |      ^^^^^
  257 |   )
  258 | }
  259 |

Parsing ecmascript source code failed

Import traces:
  Client Component Browser:
    ./app/(app)/gradebook/page.tsx [Client Component Browser]
    ./app/(app)/gradebook/page.tsx [Server Component]

  Client Component SSR:
    ./app/(app)/gradebook/page.tsx [Client Component SSR]
    ./app/(app)/gradebook/page.tsx [Server Component] @ http://localhost:3000/_next/static/chunks/node_modules_next_dist_0u_w_5s._.js:1945
[  105021ms] [ERROR] ./app/(app)/gradebook/page.tsx:256:6
Unterminated regexp literal
  254 |       </div>
  255 |
> 256 |     </div>
      |      ^^^^^
  257 |   )
  258 | }
  259 |

Parsing ecmascript source code failed

Import traces:
  Client Component Browser:
    ./app/(app)/gradebook/page.tsx [Client Component Browser]
    ./app/(app)/gradebook/page.tsx [Server Component]

  Client Component SSR:
    ./app/(app)/gradebook/page.tsx [Client Component SSR]
    ./app/(app)/gradebook/page.tsx [Server Component] @ http://localhost:3000/_next/static/chunks/node_modules_next_dist_0u_w_5s._.js:1945
[  105079ms] [ERROR] ./app/(app)/gradebook/page.tsx:256:6
Unterminated regexp literal
  254 |       </div>
  255 |
> 256 |     </div>
      |      ^^^^^
  257 |   )
  258 | }
  259 |

Parsing ecmascript source code failed

Import traces:
  Client Component Browser:
    ./app/(app)/gradebook/page.tsx [Client Component Browser]
    ./app/(app)/gradebook/page.tsx [Server Component]

  Client Component SSR:
    ./app/(app)/gradebook/page.tsx [Client Component SSR]
    ./app/(app)/gradebook/page.tsx [Server Component] @ http://localhost:3000/_next/static/chunks/node_modules_next_dist_0u_w_5s._.js:1945
[  105143ms] [ERROR] ./app/(app)/gradebook/page.tsx:256:6
Unterminated regexp literal
  254 |       </div>
  255 |
> 256 |     </div>
      |      ^^^^^
  257 |   )
  258 | }
  259 |

Parsing ecmascript source code failed

Import traces:
  Client Component Browser:
    ./app/(app)/gradebook/page.tsx [Client Component Browser]
    ./app/(app)/gradebook/page.tsx [Server Component]

  Client Component SSR:
    ./app/(app)/gradebook/page.tsx [Client Component SSR]
    ./app/(app)/gradebook/page.tsx [Server Component] @ http://localhost:3000/_next/static/chunks/node_modules_next_dist_0u_w_5s._.js:1945
[  105206ms] [ERROR] ./app/(app)/gradebook/page.tsx:256:6
Unterminated regexp literal
  254 |       </div>
  255 |
> 256 |     </div>
      |      ^^^^^
  257 |   )
  258 | }
  259 |

Parsing ecmascript source code failed

Import traces:
  Client Component Browser:
    ./app/(app)/gradebook/page.tsx [Client Component Browser]
    ./app/(app)/gradebook/page.tsx [Server Component]

  Client Component SSR:
    ./app/(app)/gradebook/page.tsx [Client Component SSR]
    ./app/(app)/gradebook/page.tsx [Server Component] @ http://localhost:3000/_next/static/chunks/node_modules_next_dist_0u_w_5s._.js:1945
[  105261ms] [ERROR] ./app/(app)/gradebook/page.tsx:256:6
Unterminated regexp literal
  254 |       </div>
  255 |
> 256 |     </div>
      |      ^^^^^
  257 |   )
  258 | }
  259 |

Parsing ecmascript source code failed

Import traces:
  Client Component Browser:
    ./app/(app)/gradebook/page.tsx [Client Component Browser]
    ./app/(app)/gradebook/page.tsx [Server Component]

  Client Component SSR:
    ./app/(app)/gradebook/page.tsx [Client Component SSR]
    ./app/(app)/gradebook/page.tsx [Server Component] @ http://localhost:3000/_next/static/chunks/node_modules_next_dist_0u_w_5s._.js:1945
[  105313ms] [ERROR] ./app/(app)/gradebook/page.tsx:256:6
Unterminated regexp literal
  254 |       </div>
  255 |
> 256 |     </div>
      |      ^^^^^
  257 |   )
  258 | }
  259 |

Parsing ecmascript source code failed

Import traces:
  Client Component Browser:
    ./app/(app)/gradebook/page.tsx [Client Component Browser]
    ./app/(app)/gradebook/page.tsx [Server Component]

  Client Component SSR:
    ./app/(app)/gradebook/page.tsx [Client Component SSR]
    ./app/(app)/gradebook/page.tsx [Server Component] @ http://localhost:3000/_next/static/chunks/node_modules_next_dist_0u_w_5s._.js:1945
[  105373ms] [ERROR] ./app/(app)/gradebook/page.tsx:256:6
Unterminated regexp literal
  254 |       </div>
  255 |
> 256 |     </div>
      |      ^^^^^
  257 |   )
  258 | }
  259 |

Parsing ecmascript source code failed

Import traces:
  Client Component Browser:
    ./app/(app)/gradebook/page.tsx [Client Component Browser]
    ./app/(app)/gradebook/page.tsx [Server Component]

  Client Component SSR:
    ./app/(app)/gradebook/page.tsx [Client Component SSR]
    ./app/(app)/gradebook/page.tsx [Server Component] @ http://localhost:3000/_next/static/chunks/node_modules_next_dist_0u_w_5s._.js:1945
[  105432ms] [ERROR] ./app/(app)/gradebook/page.tsx:256:6
Unterminated regexp literal
  254 |       </div>
  255 |
> 256 |     </div>
      |      ^^^^^
  257 |   )
  258 | }
  259 |

Parsing ecmascript source code failed

Import traces:
  Client Component Browser:
    ./app/(app)/gradebook/page.tsx [Client Component Browser]
    ./app/(app)/gradebook/page.tsx [Server Component]

  Client Component SSR:
    ./app/(app)/gradebook/page.tsx [Client Component SSR]
    ./app/(app)/gradebook/page.tsx [Server Component] @ http://localhost:3000/_next/static/chunks/node_modules_next_dist_0u_w_5s._.js:1945
[  105491ms] [ERROR] ./app/(app)/gradebook/page.tsx:256:6
Unterminated regexp literal
  254 |       </div>
  255 |
> 256 |     </div>
      |      ^^^^^
  257 |   )
  258 | }
  259 |

Parsing ecmascript source code failed

Import traces:
  Client Component Browser:
    ./app/(app)/gradebook/page.tsx [Client Component Browser]
    ./app/(app)/gradebook/page.tsx [Server Component]

  Client Component SSR:
    ./app/(app)/gradebook/page.tsx [Client Component SSR]
    ./app/(app)/gradebook/page.tsx [Server Component] @ http://localhost:3000/_next/static/chunks/node_modules_next_dist_0u_w_5s._.js:1945
[  105540ms] [ERROR] ./app/(app)/gradebook/page.tsx:256:6
Unterminated regexp literal
  254 |       </div>
  255 |
> 256 |     </div>
      |      ^^^^^
  257 |   )
  258 | }
  259 |

Parsing ecmascript source code failed

Import traces:
  Client Component Browser:
    ./app/(app)/gradebook/page.tsx [Client Component Browser]
    ./app/(app)/gradebook/page.tsx [Server Component]

  Client Component SSR:
    ./app/(app)/gradebook/page.tsx [Client Component SSR]
    ./app/(app)/gradebook/page.tsx [Server Component] @ http://localhost:3000/_next/static/chunks/node_modules_next_dist_0u_w_5s._.js:1945
[  105604ms] [ERROR] ./app/(app)/gradebook/page.tsx:256:6
Unterminated regexp literal
  254 |       </div>
  255 |
> 256 |     </div>
      |      ^^^^^
  257 |   )
  258 | }
  259 |

Parsing ecmascript source code failed

Import traces:
  Client Component Browser:
    ./app/(app)/gradebook/page.tsx [Client Component Browser]
    ./app/(app)/gradebook/page.tsx [Server Component]

  Client Component SSR:
    ./app/(app)/gradebook/page.tsx [Client Component SSR]
    ./app/(app)/gradebook/page.tsx [Server Component] @ http://localhost:3000/_next/static/chunks/node_modules_next_dist_0u_w_5s._.js:1945
[  105670ms] [ERROR] ./app/(app)/gradebook/page.tsx:256:6
Unterminated regexp literal
  254 |       </div>
  255 |
> 256 |     </div>
      |      ^^^^^
  257 |   )
  258 | }
  259 |

Parsing ecmascript source code failed

Import traces:
  Client Component Browser:
    ./app/(app)/gradebook/page.tsx [Client Component Browser]
    ./app/(app)/gradebook/page.tsx [Server Component]

  Client Component SSR:
    ./app/(app)/gradebook/page.tsx [Client Component SSR]
    ./app/(app)/gradebook/page.tsx [Server Component] @ http://localhost:3000/_next/static/chunks/node_modules_next_dist_0u_w_5s._.js:1945
[  105723ms] [ERROR] ./app/(app)/gradebook/page.tsx:256:6
Unterminated regexp literal
  254 |       </div>
  255 |
> 256 |     </div>
      |      ^^^^^
  257 |   )
  258 | }
  259 |

Parsing ecmascript source code failed

Import traces:
  Client Component Browser:
    ./app/(app)/gradebook/page.tsx [Client Component Browser]
    ./app/(app)/gradebook/page.tsx [Server Component]

  Client Component SSR:
    ./app/(app)/gradebook/page.tsx [Client Component SSR]
    ./app/(app)/gradebook/page.tsx [Server Component] @ http://localhost:3000/_next/static/chunks/node_modules_next_dist_0u_w_5s._.js:1945
[  105778ms] [ERROR] ./app/(app)/gradebook/page.tsx:256:6
Unterminated regexp literal
  254 |       </div>
  255 |
> 256 |     </div>
      |      ^^^^^
  257 |   )
  258 | }
  259 |

Parsing ecmascript source code failed

Import traces:
  Client Component Browser:
    ./app/(app)/gradebook/page.tsx [Client Component Browser]
    ./app/(app)/gradebook/page.tsx [Server Component]

  Client Component SSR:
    ./app/(app)/gradebook/page.tsx [Client Component SSR]
    ./app/(app)/gradebook/page.tsx [Server Component] @ http://localhost:3000/_next/static/chunks/node_modules_next_dist_0u_w_5s._.js:1945
[  105838ms] [ERROR] ./app/(app)/gradebook/page.tsx:256:6
Unterminated regexp literal
  254 |       </div>
  255 |
> 256 |     </div>
      |      ^^^^^
  257 |   )
  258 | }
  259 |

Parsing ecmascript source code failed

Import traces:
  Client Component Browser:
    ./app/(app)/gradebook/page.tsx [Client Component Browser]
    ./app/(app)/gradebook/page.tsx [Server Component]

  Client Component SSR:
    ./app/(app)/gradebook/page.tsx [Client Component SSR]
    ./app/(app)/gradebook/page.tsx [Server Component] @ http://localhost:3000/_next/static/chunks/node_modules_next_dist_0u_w_5s._.js:1945
[  105900ms] [ERROR] ./app/(app)/gradebook/page.tsx:256:6
Unterminated regexp literal
  254 |       </div>
  255 |
> 256 |     </div>
      |      ^^^^^
  257 |   )
  258 | }
  259 |

Parsing ecmascript source code failed

Import traces:
  Client Component Browser:
    ./app/(app)/gradebook/page.tsx [Client Component Browser]
    ./app/(app)/gradebook/page.tsx [Server Component]

  Client Component SSR:
    ./app/(app)/gradebook/page.tsx [Client Component SSR]
    ./app/(app)/gradebook/page.tsx [Server Component] @ http://localhost:3000/_next/static/chunks/node_modules_next_dist_0u_w_5s._.js:1945
[  105965ms] [ERROR] ./app/(app)/gradebook/page.tsx:256:6
Unterminated regexp literal
  254 |       </div>
  255 |
> 256 |     </div>
      |      ^^^^^
  257 |   )
  258 | }
  259 |

Parsing ecmascript source code failed

Import traces:
  Client Component Browser:
    ./app/(app)/gradebook/page.tsx [Client Component Browser]
    ./app/(app)/gradebook/page.tsx [Server Component]

  Client Component SSR:
    ./app/(app)/gradebook/page.tsx [Client Component SSR]
    ./app/(app)/gradebook/page.tsx [Server Component] @ http://localhost:3000/_next/static/chunks/node_modules_next_dist_0u_w_5s._.js:1945
[  106024ms] [ERROR] ./app/(app)/gradebook/page.tsx:256:6
Unterminated regexp literal
  254 |       </div>
  255 |
> 256 |     </div>
      |      ^^^^^
  257 |   )
  258 | }
  259 |

Parsing ecmascript source code failed

Import traces:
  Client Component Browser:
    ./app/(app)/gradebook/page.tsx [Client Component Browser]
    ./app/(app)/gradebook/page.tsx [Server Component]

  Client Component SSR:
    ./app/(app)/gradebook/page.tsx [Client Component SSR]
    ./app/(app)/gradebook/page.tsx [Server Component] @ http://localhost:3000/_next/static/chunks/node_modules_next_dist_0u_w_5s._.js:1945
[  106074ms] [ERROR] ./app/(app)/gradebook/page.tsx:256:6
Unterminated regexp literal
  254 |       </div>
  255 |
> 256 |     </div>
      |      ^^^^^
  257 |   )
  258 | }
  259 |

Parsing ecmascript source code failed

Import traces:
  Client Component Browser:
    ./app/(app)/gradebook/page.tsx [Client Component Browser]
    ./app/(app)/gradebook/page.tsx [Server Component]

  Client Component SSR:
    ./app/(app)/gradebook/page.tsx [Client Component SSR]
    ./app/(app)/gradebook/page.tsx [Server Component] @ http://localhost:3000/_next/static/chunks/node_modules_next_dist_0u_w_5s._.js:1945
[  106140ms] [ERROR] ./app/(app)/gradebook/page.tsx:256:6
Unterminated regexp literal
  254 |       </div>
  255 |
> 256 |     </div>
      |      ^^^^^
  257 |   )
  258 | }
  259 |

Parsing ecmascript source code failed

Import traces:
  Client Component Browser:
    ./app/(app)/gradebook/page.tsx [Client Component Browser]
    ./app/(app)/gradebook/page.tsx [Server Component]

  Client Component SSR:
    ./app/(app)/gradebook/page.tsx [Client Component SSR]
    ./app/(app)/gradebook/page.tsx [Server Component] @ http://localhost:3000/_next/static/chunks/node_modules_next_dist_0u_w_5s._.js:1945
[  106194ms] [ERROR] ./app/(app)/gradebook/page.tsx:256:6
Unterminated regexp literal
  254 |       </div>
  255 |
> 256 |     </div>
      |      ^^^^^
  257 |   )
  258 | }
  259 |

Parsing ecmascript source code failed

Import traces:
  Client Component Browser:
    ./app/(app)/gradebook/page.tsx [Client Component Browser]
    ./app/(app)/gradebook/page.tsx [Server Component]

  Client Component SSR:
    ./app/(app)/gradebook/page.tsx [Client Component SSR]
    ./app/(app)/gradebook/page.tsx [Server Component] @ http://localhost:3000/_next/static/chunks/node_modules_next_dist_0u_w_5s._.js:1945
[  106250ms] [ERROR] ./app/(app)/gradebook/page.tsx:256:6
Unterminated regexp literal
  254 |       </div>
  255 |
> 256 |     </div>
      |      ^^^^^
  257 |   )
  258 | }
  259 |

Parsing ecmascript source code failed

Import traces:
  Client Component Browser:
    ./app/(app)/gradebook/page.tsx [Client Component Browser]
    ./app/(app)/gradebook/page.tsx [Server Component]

  Client Component SSR:
    ./app/(app)/gradebook/page.tsx [Client Component SSR]
    ./app/(app)/gradebook/page.tsx [Server Component] @ http://localhost:3000/_next/static/chunks/node_modules_next_dist_0u_w_5s._.js:1945
[  106303ms] [ERROR] ./app/(app)/gradebook/page.tsx:256:6
Unterminated regexp literal
  254 |       </div>
  255 |
> 256 |     </div>
      |      ^^^^^
  257 |   )
  258 | }
  259 |

Parsing ecmascript source code failed

Import traces:
  Client Component Browser:
    ./app/(app)/gradebook/page.tsx [Client Component Browser]
    ./app/(app)/gradebook/page.tsx [Server Component]

  Client Component SSR:
    ./app/(app)/gradebook/page.tsx [Client Component SSR]
    ./app/(app)/gradebook/page.tsx [Server Component] @ http://localhost:3000/_next/static/chunks/node_modules_next_dist_0u_w_5s._.js:1945
[  106363ms] [ERROR] ./app/(app)/gradebook/page.tsx:256:6
Unterminated regexp literal
  254 |       </div>
  255 |
> 256 |     </div>
      |      ^^^^^
  257 |   )
  258 | }
  259 |

Parsing ecmascript source code failed

Import traces:
  Client Component Browser:
    ./app/(app)/gradebook/page.tsx [Client Component Browser]
    ./app/(app)/gradebook/page.tsx [Server Component]

  Client Component SSR:
    ./app/(app)/gradebook/page.tsx [Client Component SSR]
    ./app/(app)/gradebook/page.tsx [Server Component] @ http://localhost:3000/_next/static/chunks/node_modules_next_dist_0u_w_5s._.js:1945
[  106424ms] [ERROR] ./app/(app)/gradebook/page.tsx:256:6
Unterminated regexp literal
  254 |       </div>
  255 |
> 256 |     </div>
      |      ^^^^^
  257 |   )
  258 | }
  259 |

Parsing ecmascript source code failed

Import traces:
  Client Component Browser:
    ./app/(app)/gradebook/page.tsx [Client Component Browser]
    ./app/(app)/gradebook/page.tsx [Server Component]

  Client Component SSR:
    ./app/(app)/gradebook/page.tsx [Client Component SSR]
    ./app/(app)/gradebook/page.tsx [Server Component] @ http://localhost:3000/_next/static/chunks/node_modules_next_dist_0u_w_5s._.js:1945
[  106485ms] [ERROR] ./app/(app)/gradebook/page.tsx:256:6
Unterminated regexp literal
  254 |       </div>
  255 |
> 256 |     </div>
      |      ^^^^^
  257 |   )
  258 | }
  259 |

Parsing ecmascript source code failed

Import traces:
  Client Component Browser:
    ./app/(app)/gradebook/page.tsx [Client Component Browser]
    ./app/(app)/gradebook/page.tsx [Server Component]

  Client Component SSR:
    ./app/(app)/gradebook/page.tsx [Client Component SSR]
    ./app/(app)/gradebook/page.tsx [Server Component] @ http://localhost:3000/_next/static/chunks/node_modules_next_dist_0u_w_5s._.js:1945
[  106545ms] [ERROR] ./app/(app)/gradebook/page.tsx:256:6
Unterminated regexp literal
  254 |       </div>
  255 |
> 256 |     </div>
      |      ^^^^^
  257 |   )
  258 | }
  259 |

Parsing ecmascript source code failed

Import traces:
  Client Component Browser:
    ./app/(app)/gradebook/page.tsx [Client Component Browser]
    ./app/(app)/gradebook/page.tsx [Server Component]

  Client Component SSR:
    ./app/(app)/gradebook/page.tsx [Client Component SSR]
    ./app/(app)/gradebook/page.tsx [Server Component] @ http://localhost:3000/_next/static/chunks/node_modules_next_dist_0u_w_5s._.js:1945
[  106598ms] [ERROR] ./app/(app)/gradebook/page.tsx:256:6
Unterminated regexp literal
  254 |       </div>
  255 |
> 256 |     </div>
      |      ^^^^^
  257 |   )
  258 | }
  259 |

Parsing ecmascript source code failed

Import traces:
  Client Component Browser:
    ./app/(app)/gradebook/page.tsx [Client Component Browser]
    ./app/(app)/gradebook/page.tsx [Server Component]

  Client Component SSR:
    ./app/(app)/gradebook/page.tsx [Client Component SSR]
    ./app/(app)/gradebook/page.tsx [Server Component] @ http://localhost:3000/_next/static/chunks/node_modules_next_dist_0u_w_5s._.js:1945
[  106661ms] [ERROR] ./app/(app)/gradebook/page.tsx:256:6
Unterminated regexp literal
  254 |       </div>
  255 |
> 256 |     </div>
      |      ^^^^^
  257 |   )
  258 | }
  259 |

Parsing ecmascript source code failed

Import traces:
  Client Component Browser:
    ./app/(app)/gradebook/page.tsx [Client Component Browser]
    ./app/(app)/gradebook/page.tsx [Server Component]

  Client Component SSR:
    ./app/(app)/gradebook/page.tsx [Client Component SSR]
    ./app/(app)/gradebook/page.tsx [Server Component] @ http://localhost:3000/_next/static/chunks/node_modules_next_dist_0u_w_5s._.js:1945
[  106720ms] [ERROR] ./app/(app)/gradebook/page.tsx:256:6
Unterminated regexp literal
  254 |       </div>
  255 |
> 256 |     </div>
      |      ^^^^^
  257 |   )
  258 | }
  259 |

Parsing ecmascript source code failed

Import traces:
  Client Component Browser:
    ./app/(app)/gradebook/page.tsx [Client Component Browser]
    ./app/(app)/gradebook/page.tsx [Server Component]

  Client Component SSR:
    ./app/(app)/gradebook/page.tsx [Client Component SSR]
    ./app/(app)/gradebook/page.tsx [Server Component] @ http://localhost:3000/_next/static/chunks/node_modules_next_dist_0u_w_5s._.js:1945
[  106774ms] [ERROR] ./app/(app)/gradebook/page.tsx:256:6
Unterminated regexp literal
  254 |       </div>
  255 |
> 256 |     </div>
      |      ^^^^^
  257 |   )
  258 | }
  259 |

Parsing ecmascript source code failed

Import traces:
  Client Component Browser:
    ./app/(app)/gradebook/page.tsx [Client Component Browser]
    ./app/(app)/gradebook/page.tsx [Server Component]

  Client Component SSR:
    ./app/(app)/gradebook/page.tsx [Client Component SSR]
    ./app/(app)/gradebook/page.tsx [Server Component] @ http://localhost:3000/_next/static/chunks/node_modules_next_dist_0u_w_5s._.js:1945
[  106829ms] [ERROR] ./app/(app)/gradebook/page.tsx:256:6
Unterminated regexp literal
  254 |       </div>
  255 |
> 256 |     </div>
      |      ^^^^^
  257 |   )
  258 | }
  259 |

Parsing ecmascript source code failed

Import traces:
  Client Component Browser:
    ./app/(app)/gradebook/page.tsx [Client Component Browser]
    ./app/(app)/gradebook/page.tsx [Server Component]

  Client Component SSR:
    ./app/(app)/gradebook/page.tsx [Client Component SSR]
    ./app/(app)/gradebook/page.tsx [Server Component] @ http://localhost:3000/_next/static/chunks/node_modules_next_dist_0u_w_5s._.js:1945
[  106879ms] [ERROR] ./app/(app)/gradebook/page.tsx:256:6
Unterminated regexp literal
  254 |       </div>
  255 |
> 256 |     </div>
      |      ^^^^^
  257 |   )
  258 | }
  259 |

Parsing ecmascript source code failed

Import traces:
  Client Component Browser:
    ./app/(app)/gradebook/page.tsx [Client Component Browser]
    ./app/(app)/gradebook/page.tsx [Server Component]

  Client Component SSR:
    ./app/(app)/gradebook/page.tsx [Client Component SSR]
    ./app/(app)/gradebook/page.tsx [Server Component] @ http://localhost:3000/_next/static/chunks/node_modules_next_dist_0u_w_5s._.js:1945
[  106925ms] [ERROR] ./app/(app)/gradebook/page.tsx:256:6
Unterminated regexp literal
  254 |       </div>
  255 |
> 256 |     </div>
      |      ^^^^^
  257 |   )
  258 | }
  259 |

Parsing ecmascript source code failed

Import traces:
  Client Component Browser:
    ./app/(app)/gradebook/page.tsx [Client Component Browser]
    ./app/(app)/gradebook/page.tsx [Server Component]

  Client Component SSR:
    ./app/(app)/gradebook/page.tsx [Client Component SSR]
    ./app/(app)/gradebook/page.tsx [Server Component] @ http://localhost:3000/_next/static/chunks/node_modules_next_dist_0u_w_5s._.js:1945
[  106973ms] [ERROR] ./app/(app)/gradebook/page.tsx:256:6
Unterminated regexp literal
  254 |       </div>
  255 |
> 256 |     </div>
      |      ^^^^^
  257 |   )
  258 | }
  259 |

Parsing ecmascript source code failed

Import traces:
  Client Component Browser:
    ./app/(app)/gradebook/page.tsx [Client Component Browser]
    ./app/(app)/gradebook/page.tsx [Server Component]

  Client Component SSR:
    ./app/(app)/gradebook/page.tsx [Client Component SSR]
    ./app/(app)/gradebook/page.tsx [Server Component] @ http://localhost:3000/_next/static/chunks/node_modules_next_dist_0u_w_5s._.js:1945
[  107029ms] [ERROR] ./app/(app)/gradebook/page.tsx:256:6
Unterminated regexp literal
  254 |       </div>
  255 |
> 256 |     </div>
      |      ^^^^^
  257 |   )
  258 | }
  259 |

Parsing ecmascript source code failed

Import traces:
  Client Component Browser:
    ./app/(app)/gradebook/page.tsx [Client Component Browser]
    ./app/(app)/gradebook/page.tsx [Server Component]

  Client Component SSR:
    ./app/(app)/gradebook/page.tsx [Client Component SSR]
    ./app/(app)/gradebook/page.tsx [Server Component] @ http://localhost:3000/_next/static/chunks/node_modules_next_dist_0u_w_5s._.js:1945
[  107090ms] [ERROR] ./app/(app)/gradebook/page.tsx:256:6
Unterminated regexp literal
  254 |       </div>
  255 |
> 256 |     </div>
      |      ^^^^^
  257 |   )
  258 | }
  259 |

Parsing ecmascript source code failed

Import traces:
  Client Component Browser:
    ./app/(app)/gradebook/page.tsx [Client Component Browser]
    ./app/(app)/gradebook/page.tsx [Server Component]

  Client Component SSR:
    ./app/(app)/gradebook/page.tsx [Client Component SSR]
    ./app/(app)/gradebook/page.tsx [Server Component] @ http://localhost:3000/_next/static/chunks/node_modules_next_dist_0u_w_5s._.js:1945
[  107155ms] [ERROR] ./app/(app)/gradebook/page.tsx:256:6
Unterminated regexp literal
  254 |       </div>
  255 |
> 256 |     </div>
      |      ^^^^^
  257 |   )
  258 | }
  259 |

Parsing ecmascript source code failed

Import traces:
  Client Component Browser:
    ./app/(app)/gradebook/page.tsx [Client Component Browser]
    ./app/(app)/gradebook/page.tsx [Server Component]

  Client Component SSR:
    ./app/(app)/gradebook/page.tsx [Client Component SSR]
    ./app/(app)/gradebook/page.tsx [Server Component] @ http://localhost:3000/_next/static/chunks/node_modules_next_dist_0u_w_5s._.js:1945
[  107216ms] [ERROR] ./app/(app)/gradebook/page.tsx:256:6
Unterminated regexp literal
  254 |       </div>
  255 |
> 256 |     </div>
      |      ^^^^^
  257 |   )
  258 | }
  259 |

Parsing ecmascript source code failed

Import traces:
  Client Component Browser:
    ./app/(app)/gradebook/page.tsx [Client Component Browser]
    ./app/(app)/gradebook/page.tsx [Server Component]

  Client Component SSR:
    ./app/(app)/gradebook/page.tsx [Client Component SSR]
    ./app/(app)/gradebook/page.tsx [Server Component] @ http://localhost:3000/_next/static/chunks/node_modules_next_dist_0u_w_5s._.js:1945
[  107274ms] [ERROR] ./app/(app)/gradebook/page.tsx:256:6
Unterminated regexp literal
  254 |       </div>
  255 |
> 256 |     </div>
      |      ^^^^^
  257 |   )
  258 | }
  259 |

Parsing ecmascript source code failed

Import traces:
  Client Component Browser:
    ./app/(app)/gradebook/page.tsx [Client Component Browser]
    ./app/(app)/gradebook/page.tsx [Server Component]

  Client Component SSR:
    ./app/(app)/gradebook/page.tsx [Client Component SSR]
    ./app/(app)/gradebook/page.tsx [Server Component] @ http://localhost:3000/_next/static/chunks/node_modules_next_dist_0u_w_5s._.js:1945
[  107342ms] [ERROR] ./app/(app)/gradebook/page.tsx:256:6
Unterminated regexp literal
  254 |       </div>
  255 |
> 256 |     </div>
      |      ^^^^^
  257 |   )
  258 | }
  259 |

Parsing ecmascript source code failed

Import traces:
  Client Component Browser:
    ./app/(app)/gradebook/page.tsx [Client Component Browser]
    ./app/(app)/gradebook/page.tsx [Server Component]

  Client Component SSR:
    ./app/(app)/gradebook/page.tsx [Client Component SSR]
    ./app/(app)/gradebook/page.tsx [Server Component] @ http://localhost:3000/_next/static/chunks/node_modules_next_dist_0u_w_5s._.js:1945
[  107406ms] [ERROR] ./app/(app)/gradebook/page.tsx:256:6
Unterminated regexp literal
  254 |       </div>
  255 |
> 256 |     </div>
      |      ^^^^^
  257 |   )
  258 | }
  259 |

Parsing ecmascript source code failed

Import traces:
  Client Component Browser:
    ./app/(app)/gradebook/page.tsx [Client Component Browser]
    ./app/(app)/gradebook/page.tsx [Server Component]

  Client Component SSR:
    ./app/(app)/gradebook/page.tsx [Client Component SSR]
    ./app/(app)/gradebook/page.tsx [Server Component] @ http://localhost:3000/_next/static/chunks/node_modules_next_dist_0u_w_5s._.js:1945
[  107466ms] [ERROR] ./app/(app)/gradebook/page.tsx:256:6
Unterminated regexp literal
  254 |       </div>
  255 |
> 256 |     </div>
      |      ^^^^^
  257 |   )
  258 | }
  259 |

Parsing ecmascript source code failed

Import traces:
  Client Component Browser:
    ./app/(app)/gradebook/page.tsx [Client Component Browser]
    ./app/(app)/gradebook/page.tsx [Server Component]

  Client Component SSR:
    ./app/(app)/gradebook/page.tsx [Client Component SSR]
    ./app/(app)/gradebook/page.tsx [Server Component] @ http://localhost:3000/_next/static/chunks/node_modules_next_dist_0u_w_5s._.js:1945
[  107525ms] [ERROR] ./app/(app)/gradebook/page.tsx:256:6
Unterminated regexp literal
  254 |       </div>
  255 |
> 256 |     </div>
      |      ^^^^^
  257 |   )
  258 | }
  259 |

Parsing ecmascript source code failed

Import traces:
  Client Component Browser:
    ./app/(app)/gradebook/page.tsx [Client Component Browser]
    ./app/(app)/gradebook/page.tsx [Server Component]

  Client Component SSR:
    ./app/(app)/gradebook/page.tsx [Client Component SSR]
    ./app/(app)/gradebook/page.tsx [Server Component] @ http://localhost:3000/_next/static/chunks/node_modules_next_dist_0u_w_5s._.js:1945
[  107591ms] [ERROR] ./app/(app)/gradebook/page.tsx:256:6
Unterminated regexp literal
  254 |       </div>
  255 |
> 256 |     </div>
      |      ^^^^^
  257 |   )
  258 | }
  259 |

Parsing ecmascript source code failed

Import traces:
  Client Component Browser:
    ./app/(app)/gradebook/page.tsx [Client Component Browser]
    ./app/(app)/gradebook/page.tsx [Server Component]

  Client Component SSR:
    ./app/(app)/gradebook/page.tsx [Client Component SSR]
    ./app/(app)/gradebook/page.tsx [Server Component] @ http://localhost:3000/_next/static/chunks/node_modules_next_dist_0u_w_5s._.js:1945
[  107641ms] [ERROR] ./app/(app)/gradebook/page.tsx:256:6
Unterminated regexp literal
  254 |       </div>
  255 |
> 256 |     </div>
      |      ^^^^^
  257 |   )
  258 | }
  259 |

Parsing ecmascript source code failed

Import traces:
  Client Component Browser:
    ./app/(app)/gradebook/page.tsx [Client Component Browser]
    ./app/(app)/gradebook/page.tsx [Server Component]

  Client Component SSR:
    ./app/(app)/gradebook/page.tsx [Client Component SSR]
    ./app/(app)/gradebook/page.tsx [Server Component] @ http://localhost:3000/_next/static/chunks/node_modules_next_dist_0u_w_5s._.js:1945
[  107709ms] [ERROR] ./app/(app)/gradebook/page.tsx:256:6
Unterminated regexp literal
  254 |       </div>
  255 |
> 256 |     </div>
      |      ^^^^^
  257 |   )
  258 | }
  259 |

Parsing ecmascript source code failed

Import traces:
  Client Component Browser:
    ./app/(app)/gradebook/page.tsx [Client Component Browser]
    ./app/(app)/gradebook/page.tsx [Server Component]

  Client Component SSR:
    ./app/(app)/gradebook/page.tsx [Client Component SSR]
    ./app/(app)/gradebook/page.tsx [Server Component] @ http://localhost:3000/_next/static/chunks/node_modules_next_dist_0u_w_5s._.js:1945
[  107758ms] [ERROR] ./app/(app)/gradebook/page.tsx:256:6
Unterminated regexp literal
  254 |       </div>
  255 |
> 256 |     </div>
      |      ^^^^^
  257 |   )
  258 | }
  259 |

Parsing ecmascript source code failed

Import traces:
  Client Component Browser:
    ./app/(app)/gradebook/page.tsx [Client Component Browser]
    ./app/(app)/gradebook/page.tsx [Server Component]

  Client Component SSR:
    ./app/(app)/gradebook/page.tsx [Client Component SSR]
    ./app/(app)/gradebook/page.tsx [Server Component] @ http://localhost:3000/_next/static/chunks/node_modules_next_dist_0u_w_5s._.js:1945
[  107815ms] [ERROR] ./app/(app)/gradebook/page.tsx:256:6
Unterminated regexp literal
  254 |       </div>
  255 |
> 256 |     </div>
      |      ^^^^^
  257 |   )
  258 | }
  259 |

Parsing ecmascript source code failed

Import traces:
  Client Component Browser:
    ./app/(app)/gradebook/page.tsx [Client Component Browser]
    ./app/(app)/gradebook/page.tsx [Server Component]

  Client Component SSR:
    ./app/(app)/gradebook/page.tsx [Client Component SSR]
    ./app/(app)/gradebook/page.tsx [Server Component] @ http://localhost:3000/_next/static/chunks/node_modules_next_dist_0u_w_5s._.js:1945
[  107875ms] [ERROR] ./app/(app)/gradebook/page.tsx:256:6
Unterminated regexp literal
  254 |       </div>
  255 |
> 256 |     </div>
      |      ^^^^^
  257 |   )
  258 | }
  259 |

Parsing ecmascript source code failed

Import traces:
  Client Component Browser:
    ./app/(app)/gradebook/page.tsx [Client Component Browser]
    ./app/(app)/gradebook/page.tsx [Server Component]

  Client Component SSR:
    ./app/(app)/gradebook/page.tsx [Client Component SSR]
    ./app/(app)/gradebook/page.tsx [Server Component] @ http://localhost:3000/_next/static/chunks/node_modules_next_dist_0u_w_5s._.js:1945
[  107941ms] [ERROR] ./app/(app)/gradebook/page.tsx:256:6
Unterminated regexp literal
  254 |       </div>
  255 |
> 256 |     </div>
      |      ^^^^^
  257 |   )
  258 | }
  259 |

Parsing ecmascript source code failed

Import traces:
  Client Component Browser:
    ./app/(app)/gradebook/page.tsx [Client Component Browser]
    ./app/(app)/gradebook/page.tsx [Server Component]

  Client Component SSR:
    ./app/(app)/gradebook/page.tsx [Client Component SSR]
    ./app/(app)/gradebook/page.tsx [Server Component] @ http://localhost:3000/_next/static/chunks/node_modules_next_dist_0u_w_5s._.js:1945
[  108003ms] [ERROR] ./app/(app)/gradebook/page.tsx:256:6
Unterminated regexp literal
  254 |       </div>
  255 |
> 256 |     </div>
      |      ^^^^^
  257 |   )
  258 | }
  259 |

Parsing ecmascript source code failed

Import traces:
  Client Component Browser:
    ./app/(app)/gradebook/page.tsx [Client Component Browser]
    ./app/(app)/gradebook/page.tsx [Server Component]

  Client Component SSR:
    ./app/(app)/gradebook/page.tsx [Client Component SSR]
    ./app/(app)/gradebook/page.tsx [Server Component] @ http://localhost:3000/_next/static/chunks/node_modules_next_dist_0u_w_5s._.js:1945
[  108058ms] [ERROR] ./app/(app)/gradebook/page.tsx:256:6
Unterminated regexp literal
  254 |       </div>
  255 |
> 256 |     </div>
      |      ^^^^^
  257 |   )
  258 | }
  259 |

Parsing ecmascript source code failed

Import traces:
  Client Component Browser:
    ./app/(app)/gradebook/page.tsx [Client Component Browser]
    ./app/(app)/gradebook/page.tsx [Server Component]

  Client Component SSR:
    ./app/(app)/gradebook/page.tsx [Client Component SSR]
    ./app/(app)/gradebook/page.tsx [Server Component] @ http://localhost:3000/_next/static/chunks/node_modules_next_dist_0u_w_5s._.js:1945
[  108137ms] [ERROR] ./app/(app)/gradebook/page.tsx:256:6
Unterminated regexp literal
  254 |       </div>
  255 |
> 256 |     </div>
      |      ^^^^^
  257 |   )
  258 | }
  259 |

Parsing ecmascript source code failed

Import traces:
  Client Component Browser:
    ./app/(app)/gradebook/page.tsx [Client Component Browser]
    ./app/(app)/gradebook/page.tsx [Server Component]

  Client Component SSR:
    ./app/(app)/gradebook/page.tsx [Client Component SSR]
    ./app/(app)/gradebook/page.tsx [Server Component] @ http://localhost:3000/_next/static/chunks/node_modules_next_dist_0u_w_5s._.js:1945
[  108202ms] [ERROR] ./app/(app)/gradebook/page.tsx:256:6
Unterminated regexp literal
  254 |       </div>
  255 |
> 256 |     </div>
      |      ^^^^^
  257 |   )
  258 | }
  259 |

Parsing ecmascript source code failed

Import traces:
  Client Component Browser:
    ./app/(app)/gradebook/page.tsx [Client Component Browser]
    ./app/(app)/gradebook/page.tsx [Server Component]

  Client Component SSR:
    ./app/(app)/gradebook/page.tsx [Client Component SSR]
    ./app/(app)/gradebook/page.tsx [Server Component] @ http://localhost:3000/_next/static/chunks/node_modules_next_dist_0u_w_5s._.js:1945
[  108259ms] [ERROR] ./app/(app)/gradebook/page.tsx:256:6
Unterminated regexp literal
  254 |       </div>
  255 |
> 256 |     </div>
      |      ^^^^^
  257 |   )
  258 | }
  259 |

Parsing ecmascript source code failed

Import traces:
  Client Component Browser:
    ./app/(app)/gradebook/page.tsx [Client Component Browser]
    ./app/(app)/gradebook/page.tsx [Server Component]

  Client Component SSR:
    ./app/(app)/gradebook/page.tsx [Client Component SSR]
    ./app/(app)/gradebook/page.tsx [Server Component] @ http://localhost:3000/_next/static/chunks/node_modules_next_dist_0u_w_5s._.js:1945
[  108311ms] [ERROR] ./app/(app)/gradebook/page.tsx:256:6
Unterminated regexp literal
  254 |       </div>
  255 |
> 256 |     </div>
      |      ^^^^^
  257 |   )
  258 | }
  259 |

Parsing ecmascript source code failed

Import traces:
  Client Component Browser:
    ./app/(app)/gradebook/page.tsx [Client Component Browser]
    ./app/(app)/gradebook/page.tsx [Server Component]

  Client Component SSR:
    ./app/(app)/gradebook/page.tsx [Client Component SSR]
    ./app/(app)/gradebook/page.tsx [Server Component] @ http://localhost:3000/_next/static/chunks/node_modules_next_dist_0u_w_5s._.js:1945
[  108369ms] [ERROR] ./app/(app)/gradebook/page.tsx:256:6
Unterminated regexp literal
  254 |       </div>
  255 |
> 256 |     </div>
      |      ^^^^^
  257 |   )
  258 | }
  259 |

Parsing ecmascript source code failed

Import traces:
  Client Component Browser:
    ./app/(app)/gradebook/page.tsx [Client Component Browser]
    ./app/(app)/gradebook/page.tsx [Server Component]

  Client Component SSR:
    ./app/(app)/gradebook/page.tsx [Client Component SSR]
    ./app/(app)/gradebook/page.tsx [Server Component] @ http://localhost:3000/_next/static/chunks/node_modules_next_dist_0u_w_5s._.js:1945
[  108445ms] [ERROR] ./app/(app)/gradebook/page.tsx:256:6
Unterminated regexp literal
  254 |       </div>
  255 |
> 256 |     </div>
      |      ^^^^^
  257 |   )
  258 | }
  259 |

Parsing ecmascript source code failed

Import traces:
  Client Component Browser:
    ./app/(app)/gradebook/page.tsx [Client Component Browser]
    ./app/(app)/gradebook/page.tsx [Server Component]

  Client Component SSR:
    ./app/(app)/gradebook/page.tsx [Client Component SSR]
    ./app/(app)/gradebook/page.tsx [Server Component] @ http://localhost:3000/_next/static/chunks/node_modules_next_dist_0u_w_5s._.js:1945
[  108498ms] [ERROR] ./app/(app)/gradebook/page.tsx:256:6
Unterminated regexp literal
  254 |       </div>
  255 |
> 256 |     </div>
      |      ^^^^^
  257 |   )
  258 | }
  259 |

Parsing ecmascript source code failed

Import traces:
  Client Component Browser:
    ./app/(app)/gradebook/page.tsx [Client Component Browser]
    ./app/(app)/gradebook/page.tsx [Server Component]

  Client Component SSR:
    ./app/(app)/gradebook/page.tsx [Client Component SSR]
    ./app/(app)/gradebook/page.tsx [Server Component] @ http://localhost:3000/_next/static/chunks/node_modules_next_dist_0u_w_5s._.js:1945
[  108556ms] [ERROR] ./app/(app)/gradebook/page.tsx:256:6
Unterminated regexp literal
  254 |       </div>
  255 |
> 256 |     </div>
      |      ^^^^^
  257 |   )
  258 | }
  259 |

Parsing ecmascript source code failed

Import traces:
  Client Component Browser:
    ./app/(app)/gradebook/page.tsx [Client Component Browser]
    ./app/(app)/gradebook/page.tsx [Server Component]

  Client Component SSR:
    ./app/(app)/gradebook/page.tsx [Client Component SSR]
    ./app/(app)/gradebook/page.tsx [Server Component] @ http://localhost:3000/_next/static/chunks/node_modules_next_dist_0u_w_5s._.js:1945
[  108604ms] [ERROR] ./app/(app)/gradebook/page.tsx:256:6
Unterminated regexp literal
  254 |       </div>
  255 |
> 256 |     </div>
      |      ^^^^^
  257 |   )
  258 | }
  259 |

Parsing ecmascript source code failed

Import traces:
  Client Component Browser:
    ./app/(app)/gradebook/page.tsx [Client Component Browser]
    ./app/(app)/gradebook/page.tsx [Server Component]

  Client Component SSR:
    ./app/(app)/gradebook/page.tsx [Client Component SSR]
    ./app/(app)/gradebook/page.tsx [Server Component] @ http://localhost:3000/_next/static/chunks/node_modules_next_dist_0u_w_5s._.js:1945
[  108670ms] [ERROR] ./app/(app)/gradebook/page.tsx:256:6
Unterminated regexp literal
  254 |       </div>
  255 |
> 256 |     </div>
      |      ^^^^^
  257 |   )
  258 | }
  259 |

Parsing ecmascript source code failed

Import traces:
  Client Component Browser:
    ./app/(app)/gradebook/page.tsx [Client Component Browser]
    ./app/(app)/gradebook/page.tsx [Server Component]

  Client Component SSR:
    ./app/(app)/gradebook/page.tsx [Client Component SSR]
    ./app/(app)/gradebook/page.tsx [Server Component] @ http://localhost:3000/_next/static/chunks/node_modules_next_dist_0u_w_5s._.js:1945
[  108720ms] [ERROR] ./app/(app)/gradebook/page.tsx:256:6
Unterminated regexp literal
  254 |       </div>
  255 |
> 256 |     </div>
      |      ^^^^^
  257 |   )
  258 | }
  259 |

Parsing ecmascript source code failed

Import traces:
  Client Component Browser:
    ./app/(app)/gradebook/page.tsx [Client Component Browser]
    ./app/(app)/gradebook/page.tsx [Server Component]

  Client Component SSR:
    ./app/(app)/gradebook/page.tsx [Client Component SSR]
    ./app/(app)/gradebook/page.tsx [Server Component] @ http://localhost:3000/_next/static/chunks/node_modules_next_dist_0u_w_5s._.js:1945
[  108784ms] [ERROR] ./app/(app)/gradebook/page.tsx:256:6
Unterminated regexp literal
  254 |       </div>
  255 |
> 256 |     </div>
      |      ^^^^^
  257 |   )
  258 | }
  259 |

Parsing ecmascript source code failed

Import traces:
  Client Component Browser:
    ./app/(app)/gradebook/page.tsx [Client Component Browser]
    ./app/(app)/gradebook/page.tsx [Server Component]

  Client Component SSR:
    ./app/(app)/gradebook/page.tsx [Client Component SSR]
    ./app/(app)/gradebook/page.tsx [Server Component] @ http://localhost:3000/_next/static/chunks/node_modules_next_dist_0u_w_5s._.js:1945
[  108839ms] [ERROR] ./app/(app)/gradebook/page.tsx:256:6
Unterminated regexp literal
  254 |       </div>
  255 |
> 256 |     </div>
      |      ^^^^^
  257 |   )
  258 | }
  259 |

Parsing ecmascript source code failed

Import traces:
  Client Component Browser:
    ./app/(app)/gradebook/page.tsx [Client Component Browser]
    ./app/(app)/gradebook/page.tsx [Server Component]

  Client Component SSR:
    ./app/(app)/gradebook/page.tsx [Client Component SSR]
    ./app/(app)/gradebook/page.tsx [Server Component] @ http://localhost:3000/_next/static/chunks/node_modules_next_dist_0u_w_5s._.js:1945
[  108895ms] [ERROR] ./app/(app)/gradebook/page.tsx:256:6
Unterminated regexp literal
  254 |       </div>
  255 |
> 256 |     </div>
      |      ^^^^^
  257 |   )
  258 | }
  259 |

Parsing ecmascript source code failed

Import traces:
  Client Component Browser:
    ./app/(app)/gradebook/page.tsx [Client Component Browser]
    ./app/(app)/gradebook/page.tsx [Server Component]

  Client Component SSR:
    ./app/(app)/gradebook/page.tsx [Client Component SSR]
    ./app/(app)/gradebook/page.tsx [Server Component] @ http://localhost:3000/_next/static/chunks/node_modules_next_dist_0u_w_5s._.js:1945
[  108958ms] [ERROR] ./app/(app)/gradebook/page.tsx:256:6
Unterminated regexp literal
  254 |       </div>
  255 |
> 256 |     </div>
      |      ^^^^^
  257 |   )
  258 | }
  259 |

Parsing ecmascript source code failed

Import traces:
  Client Component Browser:
    ./app/(app)/gradebook/page.tsx [Client Component Browser]
    ./app/(app)/gradebook/page.tsx [Server Component]

  Client Component SSR:
    ./app/(app)/gradebook/page.tsx [Client Component SSR]
    ./app/(app)/gradebook/page.tsx [Server Component] @ http://localhost:3000/_next/static/chunks/node_modules_next_dist_0u_w_5s._.js:1945
[  109021ms] [ERROR] ./app/(app)/gradebook/page.tsx:256:6
Unterminated regexp literal
  254 |       </div>
  255 |
> 256 |     </div>
      |      ^^^^^
  257 |   )
  258 | }
  259 |

Parsing ecmascript source code failed

Import traces:
  Client Component Browser:
    ./app/(app)/gradebook/page.tsx [Client Component Browser]
    ./app/(app)/gradebook/page.tsx [Server Component]

  Client Component SSR:
    ./app/(app)/gradebook/page.tsx [Client Component SSR]
    ./app/(app)/gradebook/page.tsx [Server Component] @ http://localhost:3000/_next/static/chunks/node_modules_next_dist_0u_w_5s._.js:1945
[  109079ms] [ERROR] ./app/(app)/gradebook/page.tsx:256:6
Unterminated regexp literal
  254 |       </div>
  255 |
> 256 |     </div>
      |      ^^^^^
  257 |   )
  258 | }
  259 |

Parsing ecmascript source code failed

Import traces:
  Client Component Browser:
    ./app/(app)/gradebook/page.tsx [Client Component Browser]
    ./app/(app)/gradebook/page.tsx [Server Component]

  Client Component SSR:
    ./app/(app)/gradebook/page.tsx [Client Component SSR]
    ./app/(app)/gradebook/page.tsx [Server Component] @ http://localhost:3000/_next/static/chunks/node_modules_next_dist_0u_w_5s._.js:1945
[  109141ms] [ERROR] ./app/(app)/gradebook/page.tsx:256:6
Unterminated regexp literal
  254 |       </div>
  255 |
> 256 |     </div>
      |      ^^^^^
  257 |   )
  258 | }
  259 |

Parsing ecmascript source code failed

Import traces:
  Client Component Browser:
    ./app/(app)/gradebook/page.tsx [Client Component Browser]
    ./app/(app)/gradebook/page.tsx [Server Component]

  Client Component SSR:
    ./app/(app)/gradebook/page.tsx [Client Component SSR]
    ./app/(app)/gradebook/page.tsx [Server Component] @ http://localhost:3000/_next/static/chunks/node_modules_next_dist_0u_w_5s._.js:1945
[  109195ms] [ERROR] ./app/(app)/gradebook/page.tsx:256:6
Unterminated regexp literal
  254 |       </div>
  255 |
> 256 |     </div>
      |      ^^^^^
  257 |   )
  258 | }
  259 |

Parsing ecmascript source code failed

Import traces:
  Client Component Browser:
    ./app/(app)/gradebook/page.tsx [Client Component Browser]
    ./app/(app)/gradebook/page.tsx [Server Component]

  Client Component SSR:
    ./app/(app)/gradebook/page.tsx [Client Component SSR]
    ./app/(app)/gradebook/page.tsx [Server Component] @ http://localhost:3000/_next/static/chunks/node_modules_next_dist_0u_w_5s._.js:1945
[  109250ms] [ERROR] ./app/(app)/gradebook/page.tsx:256:6
Unterminated regexp literal
  254 |       </div>
  255 |
> 256 |     </div>
      |      ^^^^^
  257 |   )
  258 | }
  259 |

Parsing ecmascript source code failed

Import traces:
  Client Component Browser:
    ./app/(app)/gradebook/page.tsx [Client Component Browser]
    ./app/(app)/gradebook/page.tsx [Server Component]

  Client Component SSR:
    ./app/(app)/gradebook/page.tsx [Client Component SSR]
    ./app/(app)/gradebook/page.tsx [Server Component] @ http://localhost:3000/_next/static/chunks/node_modules_next_dist_0u_w_5s._.js:1945
[  109306ms] [ERROR] ./app/(app)/gradebook/page.tsx:256:6
Unterminated regexp literal
  254 |       </div>
  255 |
> 256 |     </div>
      |      ^^^^^
  257 |   )
  258 | }
  259 |

Parsing ecmascript source code failed

Import traces:
  Client Component Browser:
    ./app/(app)/gradebook/page.tsx [Client Component Browser]
    ./app/(app)/gradebook/page.tsx [Server Component]

  Client Component SSR:
    ./app/(app)/gradebook/page.tsx [Client Component SSR]
    ./app/(app)/gradebook/page.tsx [Server Component] @ http://localhost:3000/_next/static/chunks/node_modules_next_dist_0u_w_5s._.js:1945
[  109363ms] [ERROR] ./app/(app)/gradebook/page.tsx:256:6
Unterminated regexp literal
  254 |       </div>
  255 |
> 256 |     </div>
      |      ^^^^^
  257 |   )
  258 | }
  259 |

Parsing ecmascript source code failed

Import traces:
  Client Component Browser:
    ./app/(app)/gradebook/page.tsx [Client Component Browser]
    ./app/(app)/gradebook/page.tsx [Server Component]

  Client Component SSR:
    ./app/(app)/gradebook/page.tsx [Client Component SSR]
    ./app/(app)/gradebook/page.tsx [Server Component] @ http://localhost:3000/_next/static/chunks/node_modules_next_dist_0u_w_5s._.js:1945
[  109426ms] [ERROR] ./app/(app)/gradebook/page.tsx:256:6
Unterminated regexp literal
  254 |       </div>
  255 |
> 256 |     </div>
      |      ^^^^^
  257 |   )
  258 | }
  259 |

Parsing ecmascript source code failed

Import traces:
  Client Component Browser:
    ./app/(app)/gradebook/page.tsx [Client Component Browser]
    ./app/(app)/gradebook/page.tsx [Server Component]

  Client Component SSR:
    ./app/(app)/gradebook/page.tsx [Client Component SSR]
    ./app/(app)/gradebook/page.tsx [Server Component] @ http://localhost:3000/_next/static/chunks/node_modules_next_dist_0u_w_5s._.js:1945
[  109520ms] [ERROR] ./app/(app)/gradebook/page.tsx:256:6
Unterminated regexp literal
  254 |       </div>
  255 |
> 256 |     </div>
      |      ^^^^^
  257 |   )
  258 | }
  259 |

Parsing ecmascript source code failed

Import traces:
  Client Component Browser:
    ./app/(app)/gradebook/page.tsx [Client Component Browser]
    ./app/(app)/gradebook/page.tsx [Server Component]

  Client Component SSR:
    ./app/(app)/gradebook/page.tsx [Client Component SSR]
    ./app/(app)/gradebook/page.tsx [Server Component] @ http://localhost:3000/_next/static/chunks/node_modules_next_dist_0u_w_5s._.js:1945
[  109575ms] [ERROR] ./app/(app)/gradebook/page.tsx:256:6
Unterminated regexp literal
  254 |       </div>
  255 |
> 256 |     </div>
      |      ^^^^^
  257 |   )
  258 | }
  259 |

Parsing ecmascript source code failed

Import traces:
  Client Component Browser:
    ./app/(app)/gradebook/page.tsx [Client Component Browser]
    ./app/(app)/gradebook/page.tsx [Server Component]

  Client Component SSR:
    ./app/(app)/gradebook/page.tsx [Client Component SSR]
    ./app/(app)/gradebook/page.tsx [Server Component] @ http://localhost:3000/_next/static/chunks/node_modules_next_dist_0u_w_5s._.js:1945
[  109633ms] [ERROR] ./app/(app)/gradebook/page.tsx:256:6
Unterminated regexp literal
  254 |       </div>
  255 |
> 256 |     </div>
      |      ^^^^^
  257 |   )
  258 | }
  259 |

Parsing ecmascript source code failed

Import traces:
  Client Component Browser:
    ./app/(app)/gradebook/page.tsx [Client Component Browser]
    ./app/(app)/gradebook/page.tsx [Server Component]

  Client Component SSR:
    ./app/(app)/gradebook/page.tsx [Client Component SSR]
    ./app/(app)/gradebook/page.tsx [Server Component] @ http://localhost:3000/_next/static/chunks/node_modules_next_dist_0u_w_5s._.js:1945
[  109698ms] [ERROR] ./app/(app)/gradebook/page.tsx:256:6
Unterminated regexp literal
  254 |       </div>
  255 |
> 256 |     </div>
      |      ^^^^^
  257 |   )
  258 | }
  259 |

Parsing ecmascript source code failed

Import traces:
  Client Component Browser:
    ./app/(app)/gradebook/page.tsx [Client Component Browser]
    ./app/(app)/gradebook/page.tsx [Server Component]

  Client Component SSR:
    ./app/(app)/gradebook/page.tsx [Client Component SSR]
    ./app/(app)/gradebook/page.tsx [Server Component] @ http://localhost:3000/_next/static/chunks/node_modules_next_dist_0u_w_5s._.js:1945
[  109746ms] [ERROR] ./app/(app)/gradebook/page.tsx:256:6
Unterminated regexp literal
  254 |       </div>
  255 |
> 256 |     </div>
      |      ^^^^^
  257 |   )
  258 | }
  259 |

Parsing ecmascript source code failed

Import traces:
  Client Component Browser:
    ./app/(app)/gradebook/page.tsx [Client Component Browser]
    ./app/(app)/gradebook/page.tsx [Server Component]

  Client Component SSR:
    ./app/(app)/gradebook/page.tsx [Client Component SSR]
    ./app/(app)/gradebook/page.tsx [Server Component] @ http://localhost:3000/_next/static/chunks/node_modules_next_dist_0u_w_5s._.js:1945
[  109801ms] [ERROR] ./app/(app)/gradebook/page.tsx:256:6
Unterminated regexp literal
  254 |       </div>
  255 |
> 256 |     </div>
      |      ^^^^^
  257 |   )
  258 | }
  259 |

Parsing ecmascript source code failed

Import traces:
  Client Component Browser:
    ./app/(app)/gradebook/page.tsx [Client Component Browser]
    ./app/(app)/gradebook/page.tsx [Server Component]

  Client Component SSR:
    ./app/(app)/gradebook/page.tsx [Client Component SSR]
    ./app/(app)/gradebook/page.tsx [Server Component] @ http://localhost:3000/_next/static/chunks/node_modules_next_dist_0u_w_5s._.js:1945
[  109864ms] [ERROR] ./app/(app)/gradebook/page.tsx:256:6
Unterminated regexp literal
  254 |       </div>
  255 |
> 256 |     </div>
      |      ^^^^^
  257 |   )
  258 | }
  259 |

Parsing ecmascript source code failed

Import traces:
  Client Component Browser:
    ./app/(app)/gradebook/page.tsx [Client Component Browser]
    ./app/(app)/gradebook/page.tsx [Server Component]

  Client Component SSR:
    ./app/(app)/gradebook/page.tsx [Client Component SSR]
    ./app/(app)/gradebook/page.tsx [Server Component] @ http://localhost:3000/_next/static/chunks/node_modules_next_dist_0u_w_5s._.js:1945
[  109927ms] [ERROR] ./app/(app)/gradebook/page.tsx:256:6
Unterminated regexp literal
  254 |       </div>
  255 |
> 256 |     </div>
      |      ^^^^^
  257 |   )
  258 | }
  259 |

Parsing ecmascript source code failed

Import traces:
  Client Component Browser:
    ./app/(app)/gradebook/page.tsx [Client Component Browser]
    ./app/(app)/gradebook/page.tsx [Server Component]

  Client Component SSR:
    ./app/(app)/gradebook/page.tsx [Client Component SSR]
    ./app/(app)/gradebook/page.tsx [Server Component] @ http://localhost:3000/_next/static/chunks/node_modules_next_dist_0u_w_5s._.js:1945
[  109989ms] [ERROR] ./app/(app)/gradebook/page.tsx:256:6
Unterminated regexp literal
  254 |       </div>
  255 |
> 256 |     </div>
      |      ^^^^^
  257 |   )
  258 | }
  259 |

Parsing ecmascript source code failed

Import traces:
  Client Component Browser:
    ./app/(app)/gradebook/page.tsx [Client Component Browser]
    ./app/(app)/gradebook/page.tsx [Server Component]

  Client Component SSR:
    ./app/(app)/gradebook/page.tsx [Client Component SSR]
    ./app/(app)/gradebook/page.tsx [Server Component] @ http://localhost:3000/_next/static/chunks/node_modules_next_dist_0u_w_5s._.js:1945
[  110044ms] [ERROR] ./app/(app)/gradebook/page.tsx:256:6
Unterminated regexp literal
  254 |       </div>
  255 |
> 256 |     </div>
      |      ^^^^^
  257 |   )
  258 | }
  259 |

Parsing ecmascript source code failed

Import traces:
  Client Component Browser:
    ./app/(app)/gradebook/page.tsx [Client Component Browser]
    ./app/(app)/gradebook/page.tsx [Server Component]

  Client Component SSR:
    ./app/(app)/gradebook/page.tsx [Client Component SSR]
    ./app/(app)/gradebook/page.tsx [Server Component] @ http://localhost:3000/_next/static/chunks/node_modules_next_dist_0u_w_5s._.js:1945
[  110108ms] [ERROR] ./app/(app)/gradebook/page.tsx:256:6
Unterminated regexp literal
  254 |       </div>
  255 |
> 256 |     </div>
      |      ^^^^^
  257 |   )
  258 | }
  259 |

Parsing ecmascript source code failed

Import traces:
  Client Component Browser:
    ./app/(app)/gradebook/page.tsx [Client Component Browser]
    ./app/(app)/gradebook/page.tsx [Server Component]

  Client Component SSR:
    ./app/(app)/gradebook/page.tsx [Client Component SSR]
    ./app/(app)/gradebook/page.tsx [Server Component] @ http://localhost:3000/_next/static/chunks/node_modules_next_dist_0u_w_5s._.js:1945
[  110157ms] [ERROR] ./app/(app)/gradebook/page.tsx:256:6
Unterminated regexp literal
  254 |       </div>
  255 |
> 256 |     </div>
      |      ^^^^^
  257 |   )
  258 | }
  259 |

Parsing ecmascript source code failed

Import traces:
  Client Component Browser:
    ./app/(app)/gradebook/page.tsx [Client Component Browser]
    ./app/(app)/gradebook/page.tsx [Server Component]

  Client Component SSR:
    ./app/(app)/gradebook/page.tsx [Client Component SSR]
    ./app/(app)/gradebook/page.tsx [Server Component] @ http://localhost:3000/_next/static/chunks/node_modules_next_dist_0u_w_5s._.js:1945
[  110224ms] [ERROR] ./app/(app)/gradebook/page.tsx:256:6
Unterminated regexp literal
  254 |       </div>
  255 |
> 256 |     </div>
      |      ^^^^^
  257 |   )
  258 | }
  259 |

Parsing ecmascript source code failed

Import traces:
  Client Component Browser:
    ./app/(app)/gradebook/page.tsx [Client Component Browser]
    ./app/(app)/gradebook/page.tsx [Server Component]

  Client Component SSR:
    ./app/(app)/gradebook/page.tsx [Client Component SSR]
    ./app/(app)/gradebook/page.tsx [Server Component] @ http://localhost:3000/_next/static/chunks/node_modules_next_dist_0u_w_5s._.js:1945
[  110276ms] [ERROR] ./app/(app)/gradebook/page.tsx:256:6
Unterminated regexp literal
  254 |       </div>
  255 |
> 256 |     </div>
      |      ^^^^^
  257 |   )
  258 | }
  259 |

Parsing ecmascript source code failed

Import traces:
  Client Component Browser:
    ./app/(app)/gradebook/page.tsx [Client Component Browser]
    ./app/(app)/gradebook/page.tsx [Server Component]

  Client Component SSR:
    ./app/(app)/gradebook/page.tsx [Client Component SSR]
    ./app/(app)/gradebook/page.tsx [Server Component] @ http://localhost:3000/_next/static/chunks/node_modules_next_dist_0u_w_5s._.js:1945
[  110324ms] [ERROR] ./app/(app)/gradebook/page.tsx:256:6
Unterminated regexp literal
  254 |       </div>
  255 |
> 256 |     </div>
      |      ^^^^^
  257 |   )
  258 | }
  259 |

Parsing ecmascript source code failed

Import traces:
  Client Component Browser:
    ./app/(app)/gradebook/page.tsx [Client Component Browser]
    ./app/(app)/gradebook/page.tsx [Server Component]

  Client Component SSR:
    ./app/(app)/gradebook/page.tsx [Client Component SSR]
    ./app/(app)/gradebook/page.tsx [Server Component] @ http://localhost:3000/_next/static/chunks/node_modules_next_dist_0u_w_5s._.js:1945
[  110371ms] [ERROR] ./app/(app)/gradebook/page.tsx:256:6
Unterminated regexp literal
  254 |       </div>
  255 |
> 256 |     </div>
      |      ^^^^^
  257 |   )
  258 | }
  259 |

Parsing ecmascript source code failed

Import traces:
  Client Component Browser:
    ./app/(app)/gradebook/page.tsx [Client Component Browser]
    ./app/(app)/gradebook/page.tsx [Server Component]

  Client Component SSR:
    ./app/(app)/gradebook/page.tsx [Client Component SSR]
    ./app/(app)/gradebook/page.tsx [Server Component] @ http://localhost:3000/_next/static/chunks/node_modules_next_dist_0u_w_5s._.js:1945
[  110420ms] [ERROR] ./app/(app)/gradebook/page.tsx:256:6
Unterminated regexp literal
  254 |       </div>
  255 |
> 256 |     </div>
      |      ^^^^^
  257 |   )
  258 | }
  259 |

Parsing ecmascript source code failed

Import traces:
  Client Component Browser:
    ./app/(app)/gradebook/page.tsx [Client Component Browser]
    ./app/(app)/gradebook/page.tsx [Server Component]

  Client Component SSR:
    ./app/(app)/gradebook/page.tsx [Client Component SSR]
    ./app/(app)/gradebook/page.tsx [Server Component] @ http://localhost:3000/_next/static/chunks/node_modules_next_dist_0u_w_5s._.js:1945
[  110470ms] [ERROR] ./app/(app)/gradebook/page.tsx:256:6
Unterminated regexp literal
  254 |       </div>
  255 |
> 256 |     </div>
      |      ^^^^^
  257 |   )
  258 | }
  259 |

Parsing ecmascript source code failed

Import traces:
  Client Component Browser:
    ./app/(app)/gradebook/page.tsx [Client Component Browser]
    ./app/(app)/gradebook/page.tsx [Server Component]

  Client Component SSR:
    ./app/(app)/gradebook/page.tsx [Client Component SSR]
    ./app/(app)/gradebook/page.tsx [Server Component] @ http://localhost:3000/_next/static/chunks/node_modules_next_dist_0u_w_5s._.js:1945
[  110520ms] [ERROR] ./app/(app)/gradebook/page.tsx:256:6
Unterminated regexp literal
  254 |       </div>
  255 |
> 256 |     </div>
      |      ^^^^^
  257 |   )
  258 | }
  259 |

Parsing ecmascript source code failed

Import traces:
  Client Component Browser:
    ./app/(app)/gradebook/page.tsx [Client Component Browser]
    ./app/(app)/gradebook/page.tsx [Server Component]

  Client Component SSR:
    ./app/(app)/gradebook/page.tsx [Client Component SSR]
    ./app/(app)/gradebook/page.tsx [Server Component] @ http://localhost:3000/_next/static/chunks/node_modules_next_dist_0u_w_5s._.js:1945
[  110568ms] [ERROR] ./app/(app)/gradebook/page.tsx:256:6
Unterminated regexp literal
  254 |       </div>
  255 |
> 256 |     </div>
      |      ^^^^^
  257 |   )
  258 | }
  259 |

Parsing ecmascript source code failed

Import traces:
  Client Component Browser:
    ./app/(app)/gradebook/page.tsx [Client Component Browser]
    ./app/(app)/gradebook/page.tsx [Server Component]

  Client Component SSR:
    ./app/(app)/gradebook/page.tsx [Client Component SSR]
    ./app/(app)/gradebook/page.tsx [Server Component] @ http://localhost:3000/_next/static/chunks/node_modules_next_dist_0u_w_5s._.js:1945
[  110624ms] [ERROR] ./app/(app)/gradebook/page.tsx:256:6
Unterminated regexp literal
  254 |       </div>
  255 |
> 256 |     </div>
      |      ^^^^^
  257 |   )
  258 | }
  259 |

Parsing ecmascript source code failed

Import traces:
  Client Component Browser:
    ./app/(app)/gradebook/page.tsx [Client Component Browser]
    ./app/(app)/gradebook/page.tsx [Server Component]

  Client Component SSR:
    ./app/(app)/gradebook/page.tsx [Client Component SSR]
    ./app/(app)/gradebook/page.tsx [Server Component] @ http://localhost:3000/_next/static/chunks/node_modules_next_dist_0u_w_5s._.js:1945
[  110688ms] [ERROR] ./app/(app)/gradebook/page.tsx:256:6
Unterminated regexp literal
  254 |       </div>
  255 |
> 256 |     </div>
      |      ^^^^^
  257 |   )
  258 | }
  259 |

Parsing ecmascript source code failed

Import traces:
  Client Component Browser:
    ./app/(app)/gradebook/page.tsx [Client Component Browser]
    ./app/(app)/gradebook/page.tsx [Server Component]

  Client Component SSR:
    ./app/(app)/gradebook/page.tsx [Client Component SSR]
    ./app/(app)/gradebook/page.tsx [Server Component] @ http://localhost:3000/_next/static/chunks/node_modules_next_dist_0u_w_5s._.js:1945
[  110744ms] [ERROR] ./app/(app)/gradebook/page.tsx:256:6
Unterminated regexp literal
  254 |       </div>
  255 |
> 256 |     </div>
      |      ^^^^^
  257 |   )
  258 | }
  259 |

Parsing ecmascript source code failed

Import traces:
  Client Component Browser:
    ./app/(app)/gradebook/page.tsx [Client Component Browser]
    ./app/(app)/gradebook/page.tsx [Server Component]

  Client Component SSR:
    ./app/(app)/gradebook/page.tsx [Client Component SSR]
    ./app/(app)/gradebook/page.tsx [Server Component] @ http://localhost:3000/_next/static/chunks/node_modules_next_dist_0u_w_5s._.js:1945
[  110817ms] [ERROR] ./app/(app)/gradebook/page.tsx:256:6
Unterminated regexp literal
  254 |       </div>
  255 |
> 256 |     </div>
      |      ^^^^^
  257 |   )
  258 | }
  259 |

Parsing ecmascript source code failed

Import traces:
  Client Component Browser:
    ./app/(app)/gradebook/page.tsx [Client Component Browser]
    ./app/(app)/gradebook/page.tsx [Server Component]

  Client Component SSR:
    ./app/(app)/gradebook/page.tsx [Client Component SSR]
    ./app/(app)/gradebook/page.tsx [Server Component] @ http://localhost:3000/_next/static/chunks/node_modules_next_dist_0u_w_5s._.js:1945
[  110868ms] [ERROR] ./app/(app)/gradebook/page.tsx:256:6
Unterminated regexp literal
  254 |       </div>
  255 |
> 256 |     </div>
      |      ^^^^^
  257 |   )
  258 | }
  259 |

Parsing ecmascript source code failed

Import traces:
  Client Component Browser:
    ./app/(app)/gradebook/page.tsx [Client Component Browser]
    ./app/(app)/gradebook/page.tsx [Server Component]

  Client Component SSR:
    ./app/(app)/gradebook/page.tsx [Client Component SSR]
    ./app/(app)/gradebook/page.tsx [Server Component] @ http://localhost:3000/_next/static/chunks/node_modules_next_dist_0u_w_5s._.js:1945
[  110918ms] [ERROR] ./app/(app)/gradebook/page.tsx:256:6
Unterminated regexp literal
  254 |       </div>
  255 |
> 256 |     </div>
      |      ^^^^^
  257 |   )
  258 | }
  259 |

Parsing ecmascript source code failed

Import traces:
  Client Component Browser:
    ./app/(app)/gradebook/page.tsx [Client Component Browser]
    ./app/(app)/gradebook/page.tsx [Server Component]

  Client Component SSR:
    ./app/(app)/gradebook/page.tsx [Client Component SSR]
    ./app/(app)/gradebook/page.tsx [Server Component] @ http://localhost:3000/_next/static/chunks/node_modules_next_dist_0u_w_5s._.js:1945
[  110975ms] [ERROR] ./app/(app)/gradebook/page.tsx:256:6
Unterminated regexp literal
  254 |       </div>
  255 |
> 256 |     </div>
      |      ^^^^^
  257 |   )
  258 | }
  259 |

Parsing ecmascript source code failed

Import traces:
  Client Component Browser:
    ./app/(app)/gradebook/page.tsx [Client Component Browser]
    ./app/(app)/gradebook/page.tsx [Server Component]

  Client Component SSR:
    ./app/(app)/gradebook/page.tsx [Client Component SSR]
    ./app/(app)/gradebook/page.tsx [Server Component] @ http://localhost:3000/_next/static/chunks/node_modules_next_dist_0u_w_5s._.js:1945
[  111034ms] [ERROR] ./app/(app)/gradebook/page.tsx:256:6
Unterminated regexp literal
  254 |       </div>
  255 |
> 256 |     </div>
      |      ^^^^^
  257 |   )
  258 | }
  259 |

Parsing ecmascript source code failed

Import traces:
  Client Component Browser:
    ./app/(app)/gradebook/page.tsx [Client Component Browser]
    ./app/(app)/gradebook/page.tsx [Server Component]

  Client Component SSR:
    ./app/(app)/gradebook/page.tsx [Client Component SSR]
    ./app/(app)/gradebook/page.tsx [Server Component] @ http://localhost:3000/_next/static/chunks/node_modules_next_dist_0u_w_5s._.js:1945
[  111093ms] [ERROR] ./app/(app)/gradebook/page.tsx:256:6
Unterminated regexp literal
  254 |       </div>
  255 |
> 256 |     </div>
      |      ^^^^^
  257 |   )
  258 | }
  259 |

Parsing ecmascript source code failed

Import traces:
  Client Component Browser:
    ./app/(app)/gradebook/page.tsx [Client Component Browser]
    ./app/(app)/gradebook/page.tsx [Server Component]

  Client Component SSR:
    ./app/(app)/gradebook/page.tsx [Client Component SSR]
    ./app/(app)/gradebook/page.tsx [Server Component] @ http://localhost:3000/_next/static/chunks/node_modules_next_dist_0u_w_5s._.js:1945
[  111159ms] [ERROR] ./app/(app)/gradebook/page.tsx:256:6
Unterminated regexp literal
  254 |       </div>
  255 |
> 256 |     </div>
      |      ^^^^^
  257 |   )
  258 | }
  259 |

Parsing ecmascript source code failed

Import traces:
  Client Component Browser:
    ./app/(app)/gradebook/page.tsx [Client Component Browser]
    ./app/(app)/gradebook/page.tsx [Server Component]

  Client Component SSR:
    ./app/(app)/gradebook/page.tsx [Client Component SSR]
    ./app/(app)/gradebook/page.tsx [Server Component] @ http://localhost:3000/_next/static/chunks/node_modules_next_dist_0u_w_5s._.js:1945
[  111209ms] [ERROR] ./app/(app)/gradebook/page.tsx:256:6
Unterminated regexp literal
  254 |       </div>
  255 |
> 256 |     </div>
      |      ^^^^^
  257 |   )
  258 | }
  259 |

Parsing ecmascript source code failed

Import traces:
  Client Component Browser:
    ./app/(app)/gradebook/page.tsx [Client Component Browser]
    ./app/(app)/gradebook/page.tsx [Server Component]

  Client Component SSR:
    ./app/(app)/gradebook/page.tsx [Client Component SSR]
    ./app/(app)/gradebook/page.tsx [Server Component] @ http://localhost:3000/_next/static/chunks/node_modules_next_dist_0u_w_5s._.js:1945
[  111257ms] [ERROR] ./app/(app)/gradebook/page.tsx:256:6
Unterminated regexp literal
  254 |       </div>
  255 |
> 256 |     </div>
      |      ^^^^^
  257 |   )
  258 | }
  259 |

Parsing ecmascript source code failed

Import traces:
  Client Component Browser:
    ./app/(app)/gradebook/page.tsx [Client Component Browser]
    ./app/(app)/gradebook/page.tsx [Server Component]

  Client Component SSR:
    ./app/(app)/gradebook/page.tsx [Client Component SSR]
    ./app/(app)/gradebook/page.tsx [Server Component] @ http://localhost:3000/_next/static/chunks/node_modules_next_dist_0u_w_5s._.js:1945
[  111308ms] [ERROR] ./app/(app)/gradebook/page.tsx:256:6
Unterminated regexp literal
  254 |       </div>
  255 |
> 256 |     </div>
      |      ^^^^^
  257 |   )
  258 | }
  259 |

Parsing ecmascript source code failed

Import traces:
  Client Component Browser:
    ./app/(app)/gradebook/page.tsx [Client Component Browser]
    ./app/(app)/gradebook/page.tsx [Server Component]

  Client Component SSR:
    ./app/(app)/gradebook/page.tsx [Client Component SSR]
    ./app/(app)/gradebook/page.tsx [Server Component] @ http://localhost:3000/_next/static/chunks/node_modules_next_dist_0u_w_5s._.js:1945
[  111375ms] [ERROR] ./app/(app)/gradebook/page.tsx:256:6
Unterminated regexp literal
  254 |       </div>
  255 |
> 256 |     </div>
      |      ^^^^^
  257 |   )
  258 | }
  259 |

Parsing ecmascript source code failed

Import traces:
  Client Component Browser:
    ./app/(app)/gradebook/page.tsx [Client Component Browser]
    ./app/(app)/gradebook/page.tsx [Server Component]

  Client Component SSR:
    ./app/(app)/gradebook/page.tsx [Client Component SSR]
    ./app/(app)/gradebook/page.tsx [Server Component] @ http://localhost:3000/_next/static/chunks/node_modules_next_dist_0u_w_5s._.js:1945
[  111437ms] [ERROR] ./app/(app)/gradebook/page.tsx:256:6
Unterminated regexp literal
  254 |       </div>
  255 |
> 256 |     </div>
      |      ^^^^^
  257 |   )
  258 | }
  259 |

Parsing ecmascript source code failed

Import traces:
  Client Component Browser:
    ./app/(app)/gradebook/page.tsx [Client Component Browser]
    ./app/(app)/gradebook/page.tsx [Server Component]

  Client Component SSR:
    ./app/(app)/gradebook/page.tsx [Client Component SSR]
    ./app/(app)/gradebook/page.tsx [Server Component] @ http://localhost:3000/_next/static/chunks/node_modules_next_dist_0u_w_5s._.js:1945
[  111490ms] [ERROR] ./app/(app)/gradebook/page.tsx:256:6
Unterminated regexp literal
  254 |       </div>
  255 |
> 256 |     </div>
      |      ^^^^^
  257 |   )
  258 | }
  259 |

Parsing ecmascript source code failed

Import traces:
  Client Component Browser:
    ./app/(app)/gradebook/page.tsx [Client Component Browser]
    ./app/(app)/gradebook/page.tsx [Server Component]

  Client Component SSR:
    ./app/(app)/gradebook/page.tsx [Client Component SSR]
    ./app/(app)/gradebook/page.tsx [Server Component] @ http://localhost:3000/_next/static/chunks/node_modules_next_dist_0u_w_5s._.js:1945
[  111534ms] [ERROR] ./app/(app)/gradebook/page.tsx:256:6
Unterminated regexp literal
  254 |       </div>
  255 |
> 256 |     </div>
      |      ^^^^^
  257 |   )
  258 | }
  259 |

Parsing ecmascript source code failed

Import traces:
  Client Component Browser:
    ./app/(app)/gradebook/page.tsx [Client Component Browser]
    ./app/(app)/gradebook/page.tsx [Server Component]

  Client Component SSR:
    ./app/(app)/gradebook/page.tsx [Client Component SSR]
    ./app/(app)/gradebook/page.tsx [Server Component] @ http://localhost:3000/_next/static/chunks/node_modules_next_dist_0u_w_5s._.js:1945
[  111593ms] [ERROR] ./app/(app)/gradebook/page.tsx:256:6
Unterminated regexp literal
  254 |       </div>
  255 |
> 256 |     </div>
      |      ^^^^^
  257 |   )
  258 | }
  259 |

Parsing ecmascript source code failed

Import traces:
  Client Component Browser:
    ./app/(app)/gradebook/page.tsx [Client Component Browser]
    ./app/(app)/gradebook/page.tsx [Server Component]

  Client Component SSR:
    ./app/(app)/gradebook/page.tsx [Client Component SSR]
    ./app/(app)/gradebook/page.tsx [Server Component] @ http://localhost:3000/_next/static/chunks/node_modules_next_dist_0u_w_5s._.js:1945
[  111649ms] [ERROR] ./app/(app)/gradebook/page.tsx:256:6
Unterminated regexp literal
  254 |       </div>
  255 |
> 256 |     </div>
      |      ^^^^^
  257 |   )
  258 | }
  259 |

Parsing ecmascript source code failed

Import traces:
  Client Component Browser:
    ./app/(app)/gradebook/page.tsx [Client Component Browser]
    ./app/(app)/gradebook/page.tsx [Server Component]

  Client Component SSR:
    ./app/(app)/gradebook/page.tsx [Client Component SSR]
    ./app/(app)/gradebook/page.tsx [Server Component] @ http://localhost:3000/_next/static/chunks/node_modules_next_dist_0u_w_5s._.js:1945
[  111698ms] [ERROR] ./app/(app)/gradebook/page.tsx:256:6
Unterminated regexp literal
  254 |       </div>
  255 |
> 256 |     </div>
      |      ^^^^^
  257 |   )
  258 | }
  259 |

Parsing ecmascript source code failed

Import traces:
  Client Component Browser:
    ./app/(app)/gradebook/page.tsx [Client Component Browser]
    ./app/(app)/gradebook/page.tsx [Server Component]

  Client Component SSR:
    ./app/(app)/gradebook/page.tsx [Client Component SSR]
    ./app/(app)/gradebook/page.tsx [Server Component] @ http://localhost:3000/_next/static/chunks/node_modules_next_dist_0u_w_5s._.js:1945
[  111760ms] [ERROR] ./app/(app)/gradebook/page.tsx:256:6
Unterminated regexp literal
  254 |       </div>
  255 |
> 256 |     </div>
      |      ^^^^^
  257 |   )
  258 | }
  259 |

Parsing ecmascript source code failed

Import traces:
  Client Component Browser:
    ./app/(app)/gradebook/page.tsx [Client Component Browser]
    ./app/(app)/gradebook/page.tsx [Server Component]

  Client Component SSR:
    ./app/(app)/gradebook/page.tsx [Client Component SSR]
    ./app/(app)/gradebook/page.tsx [Server Component] @ http://localhost:3000/_next/static/chunks/node_modules_next_dist_0u_w_5s._.js:1945
[  111825ms] [ERROR] ./app/(app)/gradebook/page.tsx:256:6
Unterminated regexp literal
  254 |       </div>
  255 |
> 256 |     </div>
      |      ^^^^^
  257 |   )
  258 | }
  259 |

Parsing ecmascript source code failed

Import traces:
  Client Component Browser:
    ./app/(app)/gradebook/page.tsx [Client Component Browser]
    ./app/(app)/gradebook/page.tsx [Server Component]

  Client Component SSR:
    ./app/(app)/gradebook/page.tsx [Client Component SSR]
    ./app/(app)/gradebook/page.tsx [Server Component] @ http://localhost:3000/_next/static/chunks/node_modules_next_dist_0u_w_5s._.js:1945
[  111876ms] [ERROR] ./app/(app)/gradebook/page.tsx:256:6
Unterminated regexp literal
  254 |       </div>
  255 |
> 256 |     </div>
      |      ^^^^^
  257 |   )
  258 | }
  259 |

Parsing ecmascript source code failed

Import traces:
  Client Component Browser:
    ./app/(app)/gradebook/page.tsx [Client Component Browser]
    ./app/(app)/gradebook/page.tsx [Server Component]

  Client Component SSR:
    ./app/(app)/gradebook/page.tsx [Client Component SSR]
    ./app/(app)/gradebook/page.tsx [Server Component] @ http://localhost:3000/_next/static/chunks/node_modules_next_dist_0u_w_5s._.js:1945
[  111937ms] [ERROR] ./app/(app)/gradebook/page.tsx:256:6
Unterminated regexp literal
  254 |       </div>
  255 |
> 256 |     </div>
      |      ^^^^^
  257 |   )
  258 | }
  259 |

Parsing ecmascript source code failed

Import traces:
  Client Component Browser:
    ./app/(app)/gradebook/page.tsx [Client Component Browser]
    ./app/(app)/gradebook/page.tsx [Server Component]

  Client Component SSR:
    ./app/(app)/gradebook/page.tsx [Client Component SSR]
    ./app/(app)/gradebook/page.tsx [Server Component] @ http://localhost:3000/_next/static/chunks/node_modules_next_dist_0u_w_5s._.js:1945
[  111993ms] [ERROR] ./app/(app)/gradebook/page.tsx:256:6
Unterminated regexp literal
  254 |       </div>
  255 |
> 256 |     </div>
      |      ^^^^^
  257 |   )
  258 | }
  259 |

Parsing ecmascript source code failed

Import traces:
  Client Component Browser:
    ./app/(app)/gradebook/page.tsx [Client Component Browser]
    ./app/(app)/gradebook/page.tsx [Server Component]

  Client Component SSR:
    ./app/(app)/gradebook/page.tsx [Client Component SSR]
    ./app/(app)/gradebook/page.tsx [Server Component] @ http://localhost:3000/_next/static/chunks/node_modules_next_dist_0u_w_5s._.js:1945
[  112048ms] [ERROR] ./app/(app)/gradebook/page.tsx:256:6
Unterminated regexp literal
  254 |       </div>
  255 |
> 256 |     </div>
      |      ^^^^^
  257 |   )
  258 | }
  259 |

Parsing ecmascript source code failed

Import traces:
  Client Component Browser:
    ./app/(app)/gradebook/page.tsx [Client Component Browser]
    ./app/(app)/gradebook/page.tsx [Server Component]

  Client Component SSR:
    ./app/(app)/gradebook/page.tsx [Client Component SSR]
    ./app/(app)/gradebook/page.tsx [Server Component] @ http://localhost:3000/_next/static/chunks/node_modules_next_dist_0u_w_5s._.js:1945
[  112107ms] [ERROR] ./app/(app)/gradebook/page.tsx:256:6
Unterminated regexp literal
  254 |       </div>
  255 |
> 256 |     </div>
      |      ^^^^^
  257 |   )
  258 | }
  259 |

Parsing ecmascript source code failed

Import traces:
  Client Component Browser:
    ./app/(app)/gradebook/page.tsx [Client Component Browser]
    ./app/(app)/gradebook/page.tsx [Server Component]

  Client Component SSR:
    ./app/(app)/gradebook/page.tsx [Client Component SSR]
    ./app/(app)/gradebook/page.tsx [Server Component] @ http://localhost:3000/_next/static/chunks/node_modules_next_dist_0u_w_5s._.js:1945
[  112167ms] [ERROR] ./app/(app)/gradebook/page.tsx:256:6
Unterminated regexp literal
  254 |       </div>
  255 |
> 256 |     </div>
      |      ^^^^^
  257 |   )
  258 | }
  259 |

Parsing ecmascript source code failed

Import traces:
  Client Component Browser:
    ./app/(app)/gradebook/page.tsx [Client Component Browser]
    ./app/(app)/gradebook/page.tsx [Server Component]

  Client Component SSR:
    ./app/(app)/gradebook/page.tsx [Client Component SSR]
    ./app/(app)/gradebook/page.tsx [Server Component] @ http://localhost:3000/_next/static/chunks/node_modules_next_dist_0u_w_5s._.js:1945
[  112250ms] [ERROR] ./app/(app)/gradebook/page.tsx:256:6
Unterminated regexp literal
  254 |       </div>
  255 |
> 256 |     </div>
      |      ^^^^^
  257 |   )
  258 | }
  259 |

Parsing ecmascript source code failed

Import traces:
  Client Component Browser:
    ./app/(app)/gradebook/page.tsx [Client Component Browser]
    ./app/(app)/gradebook/page.tsx [Server Component]

  Client Component SSR:
    ./app/(app)/gradebook/page.tsx [Client Component SSR]
    ./app/(app)/gradebook/page.tsx [Server Component] @ http://localhost:3000/_next/static/chunks/node_modules_next_dist_0u_w_5s._.js:1945
[  112308ms] [ERROR] ./app/(app)/gradebook/page.tsx:256:6
Unterminated regexp literal
  254 |       </div>
  255 |
> 256 |     </div>
      |      ^^^^^
  257 |   )
  258 | }
  259 |

Parsing ecmascript source code failed

Import traces:
  Client Component Browser:
    ./app/(app)/gradebook/page.tsx [Client Component Browser]
    ./app/(app)/gradebook/page.tsx [Server Component]

  Client Component SSR:
    ./app/(app)/gradebook/page.tsx [Client Component SSR]
    ./app/(app)/gradebook/page.tsx [Server Component] @ http://localhost:3000/_next/static/chunks/node_modules_next_dist_0u_w_5s._.js:1945
[  112366ms] [ERROR] ./app/(app)/gradebook/page.tsx:256:6
Unterminated regexp literal
  254 |       </div>
  255 |
> 256 |     </div>
      |      ^^^^^
  257 |   )
  258 | }
  259 |

Parsing ecmascript source code failed

Import traces:
  Client Component Browser:
    ./app/(app)/gradebook/page.tsx [Client Component Browser]
    ./app/(app)/gradebook/page.tsx [Server Component]

  Client Component SSR:
    ./app/(app)/gradebook/page.tsx [Client Component SSR]
    ./app/(app)/gradebook/page.tsx [Server Component] @ http://localhost:3000/_next/static/chunks/node_modules_next_dist_0u_w_5s._.js:1945
[  112418ms] [ERROR] ./app/(app)/gradebook/page.tsx:256:6
Unterminated regexp literal
  254 |       </div>
  255 |
> 256 |     </div>
      |      ^^^^^
  257 |   )
  258 | }
  259 |

Parsing ecmascript source code failed

Import traces:
  Client Component Browser:
    ./app/(app)/gradebook/page.tsx [Client Component Browser]
    ./app/(app)/gradebook/page.tsx [Server Component]

  Client Component SSR:
    ./app/(app)/gradebook/page.tsx [Client Component SSR]
    ./app/(app)/gradebook/page.tsx [Server Component] @ http://localhost:3000/_next/static/chunks/node_modules_next_dist_0u_w_5s._.js:1945
[  112487ms] [ERROR] ./app/(app)/gradebook/page.tsx:256:6
Unterminated regexp literal
  254 |       </div>
  255 |
> 256 |     </div>
      |      ^^^^^
  257 |   )
  258 | }
  259 |

Parsing ecmascript source code failed

Import traces:
  Client Component Browser:
    ./app/(app)/gradebook/page.tsx [Client Component Browser]
    ./app/(app)/gradebook/page.tsx [Server Component]

  Client Component SSR:
    ./app/(app)/gradebook/page.tsx [Client Component SSR]
    ./app/(app)/gradebook/page.tsx [Server Component] @ http://localhost:3000/_next/static/chunks/node_modules_next_dist_0u_w_5s._.js:1945
[  112535ms] [ERROR] ./app/(app)/gradebook/page.tsx:256:6
Unterminated regexp literal
  254 |       </div>
  255 |
> 256 |     </div>
      |      ^^^^^
  257 |   )
  258 | }
  259 |

Parsing ecmascript source code failed

Import traces:
  Client Component Browser:
    ./app/(app)/gradebook/page.tsx [Client Component Browser]
    ./app/(app)/gradebook/page.tsx [Server Component]

  Client Component SSR:
    ./app/(app)/gradebook/page.tsx [Client Component SSR]
    ./app/(app)/gradebook/page.tsx [Server Component] @ http://localhost:3000/_next/static/chunks/node_modules_next_dist_0u_w_5s._.js:1945
[  112595ms] [ERROR] ./app/(app)/gradebook/page.tsx:256:6
Unterminated regexp literal
  254 |       </div>
  255 |
> 256 |     </div>
      |      ^^^^^
  257 |   )
  258 | }
  259 |

Parsing ecmascript source code failed

Import traces:
  Client Component Browser:
    ./app/(app)/gradebook/page.tsx [Client Component Browser]
    ./app/(app)/gradebook/page.tsx [Server Component]

  Client Component SSR:
    ./app/(app)/gradebook/page.tsx [Client Component SSR]
    ./app/(app)/gradebook/page.tsx [Server Component] @ http://localhost:3000/_next/static/chunks/node_modules_next_dist_0u_w_5s._.js:1945
[  112649ms] [ERROR] ./app/(app)/gradebook/page.tsx:256:6
Unterminated regexp literal
  254 |       </div>
  255 |
> 256 |     </div>
      |      ^^^^^
  257 |   )
  258 | }
  259 |

Parsing ecmascript source code failed

Import traces:
  Client Component Browser:
    ./app/(app)/gradebook/page.tsx [Client Component Browser]
    ./app/(app)/gradebook/page.tsx [Server Component]

  Client Component SSR:
    ./app/(app)/gradebook/page.tsx [Client Component SSR]
    ./app/(app)/gradebook/page.tsx [Server Component] @ http://localhost:3000/_next/static/chunks/node_modules_next_dist_0u_w_5s._.js:1945
[  112698ms] [ERROR] ./app/(app)/gradebook/page.tsx:256:6
Unterminated regexp literal
  254 |       </div>
  255 |
> 256 |     </div>
      |      ^^^^^
  257 |   )
  258 | }
  259 |

Parsing ecmascript source code failed

Import traces:
  Client Component Browser:
    ./app/(app)/gradebook/page.tsx [Client Component Browser]
    ./app/(app)/gradebook/page.tsx [Server Component]

  Client Component SSR:
    ./app/(app)/gradebook/page.tsx [Client Component SSR]
    ./app/(app)/gradebook/page.tsx [Server Component] @ http://localhost:3000/_next/static/chunks/node_modules_next_dist_0u_w_5s._.js:1945
[  112751ms] [ERROR] ./app/(app)/gradebook/page.tsx:256:6
Unterminated regexp literal
  254 |       </div>
  255 |
> 256 |     </div>
      |      ^^^^^
  257 |   )
  258 | }
  259 |

Parsing ecmascript source code failed

Import traces:
  Client Component Browser:
    ./app/(app)/gradebook/page.tsx [Client Component Browser]
    ./app/(app)/gradebook/page.tsx [Server Component]

  Client Component SSR:
    ./app/(app)/gradebook/page.tsx [Client Component SSR]
    ./app/(app)/gradebook/page.tsx [Server Component] @ http://localhost:3000/_next/static/chunks/node_modules_next_dist_0u_w_5s._.js:1945
[  112800ms] [ERROR] ./app/(app)/gradebook/page.tsx:256:6
Unterminated regexp literal
  254 |       </div>
  255 |
> 256 |     </div>
      |      ^^^^^
  257 |   )
  258 | }
  259 |

Parsing ecmascript source code failed

Import traces:
  Client Component Browser:
    ./app/(app)/gradebook/page.tsx [Client Component Browser]
    ./app/(app)/gradebook/page.tsx [Server Component]

  Client Component SSR:
    ./app/(app)/gradebook/page.tsx [Client Component SSR]
    ./app/(app)/gradebook/page.tsx [Server Component] @ http://localhost:3000/_next/static/chunks/node_modules_next_dist_0u_w_5s._.js:1945
[  112861ms] [ERROR] ./app/(app)/gradebook/page.tsx:256:6
Unterminated regexp literal
  254 |       </div>
  255 |
> 256 |     </div>
      |      ^^^^^
  257 |   )
  258 | }
  259 |

Parsing ecmascript source code failed

Import traces:
  Client Component Browser:
    ./app/(app)/gradebook/page.tsx [Client Component Browser]
    ./app/(app)/gradebook/page.tsx [Server Component]

  Client Component SSR:
    ./app/(app)/gradebook/page.tsx [Client Component SSR]
    ./app/(app)/gradebook/page.tsx [Server Component] @ http://localhost:3000/_next/static/chunks/node_modules_next_dist_0u_w_5s._.js:1945
[  112926ms] [ERROR] ./app/(app)/gradebook/page.tsx:256:6
Unterminated regexp literal
  254 |       </div>
  255 |
> 256 |     </div>
      |      ^^^^^
  257 |   )
  258 | }
  259 |

Parsing ecmascript source code failed

Import traces:
  Client Component Browser:
    ./app/(app)/gradebook/page.tsx [Client Component Browser]
    ./app/(app)/gradebook/page.tsx [Server Component]

  Client Component SSR:
    ./app/(app)/gradebook/page.tsx [Client Component SSR]
    ./app/(app)/gradebook/page.tsx [Server Component] @ http://localhost:3000/_next/static/chunks/node_modules_next_dist_0u_w_5s._.js:1945
[  112985ms] [ERROR] ./app/(app)/gradebook/page.tsx:256:6
Unterminated regexp literal
  254 |       </div>
  255 |
> 256 |     </div>
      |      ^^^^^
  257 |   )
  258 | }
  259 |

Parsing ecmascript source code failed

Import traces:
  Client Component Browser:
    ./app/(app)/gradebook/page.tsx [Client Component Browser]
    ./app/(app)/gradebook/page.tsx [Server Component]

  Client Component SSR:
    ./app/(app)/gradebook/page.tsx [Client Component SSR]
    ./app/(app)/gradebook/page.tsx [Server Component] @ http://localhost:3000/_next/static/chunks/node_modules_next_dist_0u_w_5s._.js:1945
[  113044ms] [ERROR] ./app/(app)/gradebook/page.tsx:256:6
Unterminated regexp literal
  254 |       </div>
  255 |
> 256 |     </div>
      |      ^^^^^
  257 |   )
  258 | }
  259 |

Parsing ecmascript source code failed

Import traces:
  Client Component Browser:
    ./app/(app)/gradebook/page.tsx [Client Component Browser]
    ./app/(app)/gradebook/page.tsx [Server Component]

  Client Component SSR:
    ./app/(app)/gradebook/page.tsx [Client Component SSR]
    ./app/(app)/gradebook/page.tsx [Server Component] @ http://localhost:3000/_next/static/chunks/node_modules_next_dist_0u_w_5s._.js:1945
[  113111ms] [ERROR] ./app/(app)/gradebook/page.tsx:256:6
Unterminated regexp literal
  254 |       </div>
  255 |
> 256 |     </div>
      |      ^^^^^
  257 |   )
  258 | }
  259 |

Parsing ecmascript source code failed

Import traces:
  Client Component Browser:
    ./app/(app)/gradebook/page.tsx [Client Component Browser]
    ./app/(app)/gradebook/page.tsx [Server Component]

  Client Component SSR:
    ./app/(app)/gradebook/page.tsx [Client Component SSR]
    ./app/(app)/gradebook/page.tsx [Server Component] @ http://localhost:3000/_next/static/chunks/node_modules_next_dist_0u_w_5s._.js:1945
[  113175ms] [ERROR] ./app/(app)/gradebook/page.tsx:256:6
Unterminated regexp literal
  254 |       </div>
  255 |
> 256 |     </div>
      |      ^^^^^
  257 |   )
  258 | }
  259 |

Parsing ecmascript source code failed

Import traces:
  Client Component Browser:
    ./app/(app)/gradebook/page.tsx [Client Component Browser]
    ./app/(app)/gradebook/page.tsx [Server Component]

  Client Component SSR:
    ./app/(app)/gradebook/page.tsx [Client Component SSR]
    ./app/(app)/gradebook/page.tsx [Server Component] @ http://localhost:3000/_next/static/chunks/node_modules_next_dist_0u_w_5s._.js:1945
[  113230ms] [ERROR] ./app/(app)/gradebook/page.tsx:256:6
Unterminated regexp literal
  254 |       </div>
  255 |
> 256 |     </div>
      |      ^^^^^
  257 |   )
  258 | }
  259 |

Parsing ecmascript source code failed

Import traces:
  Client Component Browser:
    ./app/(app)/gradebook/page.tsx [Client Component Browser]
    ./app/(app)/gradebook/page.tsx [Server Component]

  Client Component SSR:
    ./app/(app)/gradebook/page.tsx [Client Component SSR]
    ./app/(app)/gradebook/page.tsx [Server Component] @ http://localhost:3000/_next/static/chunks/node_modules_next_dist_0u_w_5s._.js:1945
[  113284ms] [ERROR] ./app/(app)/gradebook/page.tsx:256:6
Unterminated regexp literal
  254 |       </div>
  255 |
> 256 |     </div>
      |      ^^^^^
  257 |   )
  258 | }
  259 |

Parsing ecmascript source code failed

Import traces:
  Client Component Browser:
    ./app/(app)/gradebook/page.tsx [Client Component Browser]
    ./app/(app)/gradebook/page.tsx [Server Component]

  Client Component SSR:
    ./app/(app)/gradebook/page.tsx [Client Component SSR]
    ./app/(app)/gradebook/page.tsx [Server Component] @ http://localhost:3000/_next/static/chunks/node_modules_next_dist_0u_w_5s._.js:1945
[  113334ms] [ERROR] ./app/(app)/gradebook/page.tsx:256:6
Unterminated regexp literal
  254 |       </div>
  255 |
> 256 |     </div>
      |      ^^^^^
  257 |   )
  258 | }
  259 |

Parsing ecmascript source code failed

Import traces:
  Client Component Browser:
    ./app/(app)/gradebook/page.tsx [Client Component Browser]
    ./app/(app)/gradebook/page.tsx [Server Component]

  Client Component SSR:
    ./app/(app)/gradebook/page.tsx [Client Component SSR]
    ./app/(app)/gradebook/page.tsx [Server Component] @ http://localhost:3000/_next/static/chunks/node_modules_next_dist_0u_w_5s._.js:1945
[  113399ms] [ERROR] ./app/(app)/gradebook/page.tsx:256:6
Unterminated regexp literal
  254 |       </div>
  255 |
> 256 |     </div>
      |      ^^^^^
  257 |   )
  258 | }
  259 |

Parsing ecmascript source code failed

Import traces:
  Client Component Browser:
    ./app/(app)/gradebook/page.tsx [Client Component Browser]
    ./app/(app)/gradebook/page.tsx [Server Component]

  Client Component SSR:
    ./app/(app)/gradebook/page.tsx [Client Component SSR]
    ./app/(app)/gradebook/page.tsx [Server Component] @ http://localhost:3000/_next/static/chunks/node_modules_next_dist_0u_w_5s._.js:1945
[  113457ms] [ERROR] ./app/(app)/gradebook/page.tsx:256:6
Unterminated regexp literal
  254 |       </div>
  255 |
> 256 |     </div>
      |      ^^^^^
  257 |   )
  258 | }
  259 |

Parsing ecmascript source code failed

Import traces:
  Client Component Browser:
    ./app/(app)/gradebook/page.tsx [Client Component Browser]
    ./app/(app)/gradebook/page.tsx [Server Component]

  Client Component SSR:
    ./app/(app)/gradebook/page.tsx [Client Component SSR]
    ./app/(app)/gradebook/page.tsx [Server Component] @ http://localhost:3000/_next/static/chunks/node_modules_next_dist_0u_w_5s._.js:1945
[  113527ms] [ERROR] ./app/(app)/gradebook/page.tsx:256:6
Unterminated regexp literal
  254 |       </div>
  255 |
> 256 |     </div>
      |      ^^^^^
  257 |   )
  258 | }
  259 |

Parsing ecmascript source code failed

Import traces:
  Client Component Browser:
    ./app/(app)/gradebook/page.tsx [Client Component Browser]
    ./app/(app)/gradebook/page.tsx [Server Component]

  Client Component SSR:
    ./app/(app)/gradebook/page.tsx [Client Component SSR]
    ./app/(app)/gradebook/page.tsx [Server Component] @ http://localhost:3000/_next/static/chunks/node_modules_next_dist_0u_w_5s._.js:1945
[  113583ms] [ERROR] ./app/(app)/gradebook/page.tsx:256:6
Unterminated regexp literal
  254 |       </div>
  255 |
> 256 |     </div>
      |      ^^^^^
  257 |   )
  258 | }
  259 |

Parsing ecmascript source code failed

Import traces:
  Client Component Browser:
    ./app/(app)/gradebook/page.tsx [Client Component Browser]
    ./app/(app)/gradebook/page.tsx [Server Component]

  Client Component SSR:
    ./app/(app)/gradebook/page.tsx [Client Component SSR]
    ./app/(app)/gradebook/page.tsx [Server Component] @ http://localhost:3000/_next/static/chunks/node_modules_next_dist_0u_w_5s._.js:1945
[  113648ms] [ERROR] ./app/(app)/gradebook/page.tsx:256:6
Unterminated regexp literal
  254 |       </div>
  255 |
> 256 |     </div>
      |      ^^^^^
  257 |   )
  258 | }
  259 |

Parsing ecmascript source code failed

Import traces:
  Client Component Browser:
    ./app/(app)/gradebook/page.tsx [Client Component Browser]
    ./app/(app)/gradebook/page.tsx [Server Component]

  Client Component SSR:
    ./app/(app)/gradebook/page.tsx [Client Component SSR]
    ./app/(app)/gradebook/page.tsx [Server Component] @ http://localhost:3000/_next/static/chunks/node_modules_next_dist_0u_w_5s._.js:1945
[  113701ms] [ERROR] ./app/(app)/gradebook/page.tsx:256:6
Unterminated regexp literal
  254 |       </div>
  255 |
> 256 |     </div>
      |      ^^^^^
  257 |   )
  258 | }
  259 |

Parsing ecmascript source code failed

Import traces:
  Client Component Browser:
    ./app/(app)/gradebook/page.tsx [Client Component Browser]
    ./app/(app)/gradebook/page.tsx [Server Component]

  Client Component SSR:
    ./app/(app)/gradebook/page.tsx [Client Component SSR]
    ./app/(app)/gradebook/page.tsx [Server Component] @ http://localhost:3000/_next/static/chunks/node_modules_next_dist_0u_w_5s._.js:1945
[  113760ms] [ERROR] ./app/(app)/gradebook/page.tsx:256:6
Unterminated regexp literal
  254 |       </div>
  255 |
> 256 |     </div>
      |      ^^^^^
  257 |   )
  258 | }
  259 |

Parsing ecmascript source code failed

Import traces:
  Client Component Browser:
    ./app/(app)/gradebook/page.tsx [Client Component Browser]
    ./app/(app)/gradebook/page.tsx [Server Component]

  Client Component SSR:
    ./app/(app)/gradebook/page.tsx [Client Component SSR]
    ./app/(app)/gradebook/page.tsx [Server Component] @ http://localhost:3000/_next/static/chunks/node_modules_next_dist_0u_w_5s._.js:1945
[  113827ms] [ERROR] ./app/(app)/gradebook/page.tsx:256:6
Unterminated regexp literal
  254 |       </div>
  255 |
> 256 |     </div>
      |      ^^^^^
  257 |   )
  258 | }
  259 |

Parsing ecmascript source code failed

Import traces:
  Client Component Browser:
    ./app/(app)/gradebook/page.tsx [Client Component Browser]
    ./app/(app)/gradebook/page.tsx [Server Component]

  Client Component SSR:
    ./app/(app)/gradebook/page.tsx [Client Component SSR]
    ./app/(app)/gradebook/page.tsx [Server Component] @ http://localhost:3000/_next/static/chunks/node_modules_next_dist_0u_w_5s._.js:1945
[  113891ms] [ERROR] ./app/(app)/gradebook/page.tsx:256:6
Unterminated regexp literal
  254 |       </div>
  255 |
> 256 |     </div>
      |      ^^^^^
  257 |   )
  258 | }
  259 |

Parsing ecmascript source code failed

Import traces:
  Client Component Browser:
    ./app/(app)/gradebook/page.tsx [Client Component Browser]
    ./app/(app)/gradebook/page.tsx [Server Component]

  Client Component SSR:
    ./app/(app)/gradebook/page.tsx [Client Component SSR]
    ./app/(app)/gradebook/page.tsx [Server Component] @ http://localhost:3000/_next/static/chunks/node_modules_next_dist_0u_w_5s._.js:1945
[  113949ms] [ERROR] ./app/(app)/gradebook/page.tsx:256:6
Unterminated regexp literal
  254 |       </div>
  255 |
> 256 |     </div>
      |      ^^^^^
  257 |   )
  258 | }
  259 |

Parsing ecmascript source code failed

Import traces:
  Client Component Browser:
    ./app/(app)/gradebook/page.tsx [Client Component Browser]
    ./app/(app)/gradebook/page.tsx [Server Component]

  Client Component SSR:
    ./app/(app)/gradebook/page.tsx [Client Component SSR]
    ./app/(app)/gradebook/page.tsx [Server Component] @ http://localhost:3000/_next/static/chunks/node_modules_next_dist_0u_w_5s._.js:1945
[  114002ms] [ERROR] ./app/(app)/gradebook/page.tsx:256:6
Unterminated regexp literal
  254 |       </div>
  255 |
> 256 |     </div>
      |      ^^^^^
  257 |   )
  258 | }
  259 |

Parsing ecmascript source code failed

Import traces:
  Client Component Browser:
    ./app/(app)/gradebook/page.tsx [Client Component Browser]
    ./app/(app)/gradebook/page.tsx [Server Component]

  Client Component SSR:
    ./app/(app)/gradebook/page.tsx [Client Component SSR]
    ./app/(app)/gradebook/page.tsx [Server Component] @ http://localhost:3000/_next/static/chunks/node_modules_next_dist_0u_w_5s._.js:1945
[  114060ms] [ERROR] ./app/(app)/gradebook/page.tsx:256:6
Unterminated regexp literal
  254 |       </div>
  255 |
> 256 |     </div>
      |      ^^^^^
  257 |   )
  258 | }
  259 |

Parsing ecmascript source code failed

Import traces:
  Client Component Browser:
    ./app/(app)/gradebook/page.tsx [Client Component Browser]
    ./app/(app)/gradebook/page.tsx [Server Component]

  Client Component SSR:
    ./app/(app)/gradebook/page.tsx [Client Component SSR]
    ./app/(app)/gradebook/page.tsx [Server Component] @ http://localhost:3000/_next/static/chunks/node_modules_next_dist_0u_w_5s._.js:1945
[  114116ms] [ERROR] ./app/(app)/gradebook/page.tsx:256:6
Unterminated regexp literal
  254 |       </div>
  255 |
> 256 |     </div>
      |      ^^^^^
  257 |   )
  258 | }
  259 |

Parsing ecmascript source code failed

Import traces:
  Client Component Browser:
    ./app/(app)/gradebook/page.tsx [Client Component Browser]
    ./app/(app)/gradebook/page.tsx [Server Component]

  Client Component SSR:
    ./app/(app)/gradebook/page.tsx [Client Component SSR]
    ./app/(app)/gradebook/page.tsx [Server Component] @ http://localhost:3000/_next/static/chunks/node_modules_next_dist_0u_w_5s._.js:1945
[  114178ms] [ERROR] ./app/(app)/gradebook/page.tsx:256:6
Unterminated regexp literal
  254 |       </div>
  255 |
> 256 |     </div>
      |      ^^^^^
  257 |   )
  258 | }
  259 |

Parsing ecmascript source code failed

Import traces:
  Client Component Browser:
    ./app/(app)/gradebook/page.tsx [Client Component Browser]
    ./app/(app)/gradebook/page.tsx [Server Component]

  Client Component SSR:
    ./app/(app)/gradebook/page.tsx [Client Component SSR]
    ./app/(app)/gradebook/page.tsx [Server Component] @ http://localhost:3000/_next/static/chunks/node_modules_next_dist_0u_w_5s._.js:1945
[  114243ms] [ERROR] ./app/(app)/gradebook/page.tsx:256:6
Unterminated regexp literal
  254 |       </div>
  255 |
> 256 |     </div>
      |      ^^^^^
  257 |   )
  258 | }
  259 |

Parsing ecmascript source code failed

Import traces:
  Client Component Browser:
    ./app/(app)/gradebook/page.tsx [Client Component Browser]
    ./app/(app)/gradebook/page.tsx [Server Component]

  Client Component SSR:
    ./app/(app)/gradebook/page.tsx [Client Component SSR]
    ./app/(app)/gradebook/page.tsx [Server Component] @ http://localhost:3000/_next/static/chunks/node_modules_next_dist_0u_w_5s._.js:1945
[  114310ms] [ERROR] ./app/(app)/gradebook/page.tsx:256:6
Unterminated regexp literal
  254 |       </div>
  255 |
> 256 |     </div>
      |      ^^^^^
  257 |   )
  258 | }
  259 |

Parsing ecmascript source code failed

Import traces:
  Client Component Browser:
    ./app/(app)/gradebook/page.tsx [Client Component Browser]
    ./app/(app)/gradebook/page.tsx [Server Component]

  Client Component SSR:
    ./app/(app)/gradebook/page.tsx [Client Component SSR]
    ./app/(app)/gradebook/page.tsx [Server Component] @ http://localhost:3000/_next/static/chunks/node_modules_next_dist_0u_w_5s._.js:1945
[  114366ms] [ERROR] ./app/(app)/gradebook/page.tsx:256:6
Unterminated regexp literal
  254 |       </div>
  255 |
> 256 |     </div>
      |      ^^^^^
  257 |   )
  258 | }
  259 |

Parsing ecmascript source code failed

Import traces:
  Client Component Browser:
    ./app/(app)/gradebook/page.tsx [Client Component Browser]
    ./app/(app)/gradebook/page.tsx [Server Component]

  Client Component SSR:
    ./app/(app)/gradebook/page.tsx [Client Component SSR]
    ./app/(app)/gradebook/page.tsx [Server Component] @ http://localhost:3000/_next/static/chunks/node_modules_next_dist_0u_w_5s._.js:1945
[  114414ms] [ERROR] ./app/(app)/gradebook/page.tsx:256:6
Unterminated regexp literal
  254 |       </div>
  255 |
> 256 |     </div>
      |      ^^^^^
  257 |   )
  258 | }
  259 |

Parsing ecmascript source code failed

Import traces:
  Client Component Browser:
    ./app/(app)/gradebook/page.tsx [Client Component Browser]
    ./app/(app)/gradebook/page.tsx [Server Component]

  Client Component SSR:
    ./app/(app)/gradebook/page.tsx [Client Component SSR]
    ./app/(app)/gradebook/page.tsx [Server Component] @ http://localhost:3000/_next/static/chunks/node_modules_next_dist_0u_w_5s._.js:1945
[  114478ms] [ERROR] ./app/(app)/gradebook/page.tsx:256:6
Unterminated regexp literal
  254 |       </div>
  255 |
> 256 |     </div>
      |      ^^^^^
  257 |   )
  258 | }
  259 |

Parsing ecmascript source code failed

Import traces:
  Client Component Browser:
    ./app/(app)/gradebook/page.tsx [Client Component Browser]
    ./app/(app)/gradebook/page.tsx [Server Component]

  Client Component SSR:
    ./app/(app)/gradebook/page.tsx [Client Component SSR]
    ./app/(app)/gradebook/page.tsx [Server Component] @ http://localhost:3000/_next/static/chunks/node_modules_next_dist_0u_w_5s._.js:1945
[  114537ms] [ERROR] ./app/(app)/gradebook/page.tsx:256:6
Unterminated regexp literal
  254 |       </div>
  255 |
> 256 |     </div>
      |      ^^^^^
  257 |   )
  258 | }
  259 |

Parsing ecmascript source code failed

Import traces:
  Client Component Browser:
    ./app/(app)/gradebook/page.tsx [Client Component Browser]
    ./app/(app)/gradebook/page.tsx [Server Component]

  Client Component SSR:
    ./app/(app)/gradebook/page.tsx [Client Component SSR]
    ./app/(app)/gradebook/page.tsx [Server Component] @ http://localhost:3000/_next/static/chunks/node_modules_next_dist_0u_w_5s._.js:1945
[  114582ms] [ERROR] ./app/(app)/gradebook/page.tsx:256:6
Unterminated regexp literal
  254 |       </div>
  255 |
> 256 |     </div>
      |      ^^^^^
  257 |   )
  258 | }
  259 |

Parsing ecmascript source code failed

Import traces:
  Client Component Browser:
    ./app/(app)/gradebook/page.tsx [Client Component Browser]
    ./app/(app)/gradebook/page.tsx [Server Component]

  Client Component SSR:
    ./app/(app)/gradebook/page.tsx [Client Component SSR]
    ./app/(app)/gradebook/page.tsx [Server Component] @ http://localhost:3000/_next/static/chunks/node_modules_next_dist_0u_w_5s._.js:1945
[  114638ms] [ERROR] ./app/(app)/gradebook/page.tsx:256:6
Unterminated regexp literal
  254 |       </div>
  255 |
> 256 |     </div>
      |      ^^^^^
  257 |   )
  258 | }
  259 |

Parsing ecmascript source code failed

Import traces:
  Client Component Browser:
    ./app/(app)/gradebook/page.tsx [Client Component Browser]
    ./app/(app)/gradebook/page.tsx [Server Component]

  Client Component SSR:
    ./app/(app)/gradebook/page.tsx [Client Component SSR]
    ./app/(app)/gradebook/page.tsx [Server Component] @ http://localhost:3000/_next/static/chunks/node_modules_next_dist_0u_w_5s._.js:1945
[  114693ms] [ERROR] ./app/(app)/gradebook/page.tsx:256:6
Unterminated regexp literal
  254 |       </div>
  255 |
> 256 |     </div>
      |      ^^^^^
  257 |   )
  258 | }
  259 |

Parsing ecmascript source code failed

Import traces:
  Client Component Browser:
    ./app/(app)/gradebook/page.tsx [Client Component Browser]
    ./app/(app)/gradebook/page.tsx [Server Component]

  Client Component SSR:
    ./app/(app)/gradebook/page.tsx [Client Component SSR]
    ./app/(app)/gradebook/page.tsx [Server Component] @ http://localhost:3000/_next/static/chunks/node_modules_next_dist_0u_w_5s._.js:1945
[  114746ms] [ERROR] ./app/(app)/gradebook/page.tsx:256:6
Unterminated regexp literal
  254 |       </div>
  255 |
> 256 |     </div>
      |      ^^^^^
  257 |   )
  258 | }
  259 |

Parsing ecmascript source code failed

Import traces:
  Client Component Browser:
    ./app/(app)/gradebook/page.tsx [Client Component Browser]
    ./app/(app)/gradebook/page.tsx [Server Component]

  Client Component SSR:
    ./app/(app)/gradebook/page.tsx [Client Component SSR]
    ./app/(app)/gradebook/page.tsx [Server Component] @ http://localhost:3000/_next/static/chunks/node_modules_next_dist_0u_w_5s._.js:1945
[  114811ms] [ERROR] ./app/(app)/gradebook/page.tsx:256:6
Unterminated regexp literal
  254 |       </div>
  255 |
> 256 |     </div>
      |      ^^^^^
  257 |   )
  258 | }
  259 |

Parsing ecmascript source code failed

Import traces:
  Client Component Browser:
    ./app/(app)/gradebook/page.tsx [Client Component Browser]
    ./app/(app)/gradebook/page.tsx [Server Component]

  Client Component SSR:
    ./app/(app)/gradebook/page.tsx [Client Component SSR]
    ./app/(app)/gradebook/page.tsx [Server Component] @ http://localhost:3000/_next/static/chunks/node_modules_next_dist_0u_w_5s._.js:1945
[  114859ms] [ERROR] ./app/(app)/gradebook/page.tsx:256:6
Unterminated regexp literal
  254 |       </div>
  255 |
> 256 |     </div>
      |      ^^^^^
  257 |   )
  258 | }
  259 |

Parsing ecmascript source code failed

Import traces:
  Client Component Browser:
    ./app/(app)/gradebook/page.tsx [Client Component Browser]
    ./app/(app)/gradebook/page.tsx [Server Component]

  Client Component SSR:
    ./app/(app)/gradebook/page.tsx [Client Component SSR]
    ./app/(app)/gradebook/page.tsx [Server Component] @ http://localhost:3000/_next/static/chunks/node_modules_next_dist_0u_w_5s._.js:1945
[  114917ms] [ERROR] ./app/(app)/gradebook/page.tsx:256:6
Unterminated regexp literal
  254 |       </div>
  255 |
> 256 |     </div>
      |      ^^^^^
  257 |   )
  258 | }
  259 |

Parsing ecmascript source code failed

Import traces:
  Client Component Browser:
    ./app/(app)/gradebook/page.tsx [Client Component Browser]
    ./app/(app)/gradebook/page.tsx [Server Component]

  Client Component SSR:
    ./app/(app)/gradebook/page.tsx [Client Component SSR]
    ./app/(app)/gradebook/page.tsx [Server Component] @ http://localhost:3000/_next/static/chunks/node_modules_next_dist_0u_w_5s._.js:1945
[  114968ms] [ERROR] ./app/(app)/gradebook/page.tsx:256:6
Unterminated regexp literal
  254 |       </div>
  255 |
> 256 |     </div>
      |      ^^^^^
  257 |   )
  258 | }
  259 |

Parsing ecmascript source code failed

Import traces:
  Client Component Browser:
    ./app/(app)/gradebook/page.tsx [Client Component Browser]
    ./app/(app)/gradebook/page.tsx [Server Component]

  Client Component SSR:
    ./app/(app)/gradebook/page.tsx [Client Component SSR]
    ./app/(app)/gradebook/page.tsx [Server Component] @ http://localhost:3000/_next/static/chunks/node_modules_next_dist_0u_w_5s._.js:1945
[  115023ms] [ERROR] ./app/(app)/gradebook/page.tsx:256:6
Unterminated regexp literal
  254 |       </div>
  255 |
> 256 |     </div>
      |      ^^^^^
  257 |   )
  258 | }
  259 |

Parsing ecmascript source code failed

Import traces:
  Client Component Browser:
    ./app/(app)/gradebook/page.tsx [Client Component Browser]
    ./app/(app)/gradebook/page.tsx [Server Component]

  Client Component SSR:
    ./app/(app)/gradebook/page.tsx [Client Component SSR]
    ./app/(app)/gradebook/page.tsx [Server Component] @ http://localhost:3000/_next/static/chunks/node_modules_next_dist_0u_w_5s._.js:1945
[  115074ms] [ERROR] ./app/(app)/gradebook/page.tsx:256:6
Unterminated regexp literal
  254 |       </div>
  255 |
> 256 |     </div>
      |      ^^^^^
  257 |   )
  258 | }
  259 |

Parsing ecmascript source code failed

Import traces:
  Client Component Browser:
    ./app/(app)/gradebook/page.tsx [Client Component Browser]
    ./app/(app)/gradebook/page.tsx [Server Component]

  Client Component SSR:
    ./app/(app)/gradebook/page.tsx [Client Component SSR]
    ./app/(app)/gradebook/page.tsx [Server Component] @ http://localhost:3000/_next/static/chunks/node_modules_next_dist_0u_w_5s._.js:1945
[  115120ms] [ERROR] ./app/(app)/gradebook/page.tsx:256:6
Unterminated regexp literal
  254 |       </div>
  255 |
> 256 |     </div>
      |      ^^^^^
  257 |   )
  258 | }
  259 |

Parsing ecmascript source code failed

Import traces:
  Client Component Browser:
    ./app/(app)/gradebook/page.tsx [Client Component Browser]
    ./app/(app)/gradebook/page.tsx [Server Component]

  Client Component SSR:
    ./app/(app)/gradebook/page.tsx [Client Component SSR]
    ./app/(app)/gradebook/page.tsx [Server Component] @ http://localhost:3000/_next/static/chunks/node_modules_next_dist_0u_w_5s._.js:1945
[  115176ms] [ERROR] ./app/(app)/gradebook/page.tsx:256:6
Unterminated regexp literal
  254 |       </div>
  255 |
> 256 |     </div>
      |      ^^^^^
  257 |   )
  258 | }
  259 |

Parsing ecmascript source code failed

Import traces:
  Client Component Browser:
    ./app/(app)/gradebook/page.tsx [Client Component Browser]
    ./app/(app)/gradebook/page.tsx [Server Component]

  Client Component SSR:
    ./app/(app)/gradebook/page.tsx [Client Component SSR]
    ./app/(app)/gradebook/page.tsx [Server Component] @ http://localhost:3000/_next/static/chunks/node_modules_next_dist_0u_w_5s._.js:1945
[  115235ms] [ERROR] ./app/(app)/gradebook/page.tsx:256:6
Unterminated regexp literal
  254 |       </div>
  255 |
> 256 |     </div>
      |      ^^^^^
  257 |   )
  258 | }
  259 |

Parsing ecmascript source code failed

Import traces:
  Client Component Browser:
    ./app/(app)/gradebook/page.tsx [Client Component Browser]
    ./app/(app)/gradebook/page.tsx [Server Component]

  Client Component SSR:
    ./app/(app)/gradebook/page.tsx [Client Component SSR]
    ./app/(app)/gradebook/page.tsx [Server Component] @ http://localhost:3000/_next/static/chunks/node_modules_next_dist_0u_w_5s._.js:1945
[  115294ms] [ERROR] ./app/(app)/gradebook/page.tsx:256:6
Unterminated regexp literal
  254 |       </div>
  255 |
> 256 |     </div>
      |      ^^^^^
  257 |   )
  258 | }
  259 |

Parsing ecmascript source code failed

Import traces:
  Client Component Browser:
    ./app/(app)/gradebook/page.tsx [Client Component Browser]
    ./app/(app)/gradebook/page.tsx [Server Component]

  Client Component SSR:
    ./app/(app)/gradebook/page.tsx [Client Component SSR]
    ./app/(app)/gradebook/page.tsx [Server Component] @ http://localhost:3000/_next/static/chunks/node_modules_next_dist_0u_w_5s._.js:1945
[  115345ms] [ERROR] ./app/(app)/gradebook/page.tsx:256:6
Unterminated regexp literal
  254 |       </div>
  255 |
> 256 |     </div>
      |      ^^^^^
  257 |   )
  258 | }
  259 |

Parsing ecmascript source code failed

Import traces:
  Client Component Browser:
    ./app/(app)/gradebook/page.tsx [Client Component Browser]
    ./app/(app)/gradebook/page.tsx [Server Component]

  Client Component SSR:
    ./app/(app)/gradebook/page.tsx [Client Component SSR]
    ./app/(app)/gradebook/page.tsx [Server Component] @ http://localhost:3000/_next/static/chunks/node_modules_next_dist_0u_w_5s._.js:1945
[  115409ms] [ERROR] ./app/(app)/gradebook/page.tsx:256:6
Unterminated regexp literal
  254 |       </div>
  255 |
> 256 |     </div>
      |      ^^^^^
  257 |   )
  258 | }
  259 |

Parsing ecmascript source code failed

Import traces:
  Client Component Browser:
    ./app/(app)/gradebook/page.tsx [Client Component Browser]
    ./app/(app)/gradebook/page.tsx [Server Component]

  Client Component SSR:
    ./app/(app)/gradebook/page.tsx [Client Component SSR]
    ./app/(app)/gradebook/page.tsx [Server Component] @ http://localhost:3000/_next/static/chunks/node_modules_next_dist_0u_w_5s._.js:1945
[  115459ms] [ERROR] ./app/(app)/gradebook/page.tsx:256:6
Unterminated regexp literal
  254 |       </div>
  255 |
> 256 |     </div>
      |      ^^^^^
  257 |   )
  258 | }
  259 |

Parsing ecmascript source code failed

Import traces:
  Client Component Browser:
    ./app/(app)/gradebook/page.tsx [Client Component Browser]
    ./app/(app)/gradebook/page.tsx [Server Component]

  Client Component SSR:
    ./app/(app)/gradebook/page.tsx [Client Component SSR]
    ./app/(app)/gradebook/page.tsx [Server Component] @ http://localhost:3000/_next/static/chunks/node_modules_next_dist_0u_w_5s._.js:1945
[  115510ms] [ERROR] ./app/(app)/gradebook/page.tsx:256:6
Unterminated regexp literal
  254 |       </div>
  255 |
> 256 |     </div>
      |      ^^^^^
  257 |   )
  258 | }
  259 |

Parsing ecmascript source code failed

Import traces:
  Client Component Browser:
    ./app/(app)/gradebook/page.tsx [Client Component Browser]
    ./app/(app)/gradebook/page.tsx [Server Component]

  Client Component SSR:
    ./app/(app)/gradebook/page.tsx [Client Component SSR]
    ./app/(app)/gradebook/page.tsx [Server Component] @ http://localhost:3000/_next/static/chunks/node_modules_next_dist_0u_w_5s._.js:1945
[  115561ms] [ERROR] ./app/(app)/gradebook/page.tsx:256:6
Unterminated regexp literal
  254 |       </div>
  255 |
> 256 |     </div>
      |      ^^^^^
  257 |   )
  258 | }
  259 |

Parsing ecmascript source code failed

Import traces:
  Client Component Browser:
    ./app/(app)/gradebook/page.tsx [Client Component Browser]
    ./app/(app)/gradebook/page.tsx [Server Component]

  Client Component SSR:
    ./app/(app)/gradebook/page.tsx [Client Component SSR]
    ./app/(app)/gradebook/page.tsx [Server Component] @ http://localhost:3000/_next/static/chunks/node_modules_next_dist_0u_w_5s._.js:1945
[  115611ms] [ERROR] ./app/(app)/gradebook/page.tsx:256:6
Unterminated regexp literal
  254 |       </div>
  255 |
> 256 |     </div>
      |      ^^^^^
  257 |   )
  258 | }
  259 |

Parsing ecmascript source code failed

Import traces:
  Client Component Browser:
    ./app/(app)/gradebook/page.tsx [Client Component Browser]
    ./app/(app)/gradebook/page.tsx [Server Component]

  Client Component SSR:
    ./app/(app)/gradebook/page.tsx [Client Component SSR]
    ./app/(app)/gradebook/page.tsx [Server Component] @ http://localhost:3000/_next/static/chunks/node_modules_next_dist_0u_w_5s._.js:1945
[  115660ms] [ERROR] ./app/(app)/gradebook/page.tsx:256:6
Unterminated regexp literal
  254 |       </div>
  255 |
> 256 |     </div>
      |      ^^^^^
  257 |   )
  258 | }
  259 |

Parsing ecmascript source code failed

Import traces:
  Client Component Browser:
    ./app/(app)/gradebook/page.tsx [Client Component Browser]
    ./app/(app)/gradebook/page.tsx [Server Component]

  Client Component SSR:
    ./app/(app)/gradebook/page.tsx [Client Component SSR]
    ./app/(app)/gradebook/page.tsx [Server Component] @ http://localhost:3000/_next/static/chunks/node_modules_next_dist_0u_w_5s._.js:1945
[  115728ms] [ERROR] ./app/(app)/gradebook/page.tsx:256:6
Unterminated regexp literal
  254 |       </div>
  255 |
> 256 |     </div>
      |      ^^^^^
  257 |   )
  258 | }
  259 |

Parsing ecmascript source code failed

Import traces:
  Client Component Browser:
    ./app/(app)/gradebook/page.tsx [Client Component Browser]
    ./app/(app)/gradebook/page.tsx [Server Component]

  Client Component SSR:
    ./app/(app)/gradebook/page.tsx [Client Component SSR]
    ./app/(app)/gradebook/page.tsx [Server Component] @ http://localhost:3000/_next/static/chunks/node_modules_next_dist_0u_w_5s._.js:1945
[  115777ms] [ERROR] ./app/(app)/gradebook/page.tsx:256:6
Unterminated regexp literal
  254 |       </div>
  255 |
> 256 |     </div>
      |      ^^^^^
  257 |   )
  258 | }
  259 |

Parsing ecmascript source code failed

Import traces:
  Client Component Browser:
    ./app/(app)/gradebook/page.tsx [Client Component Browser]
    ./app/(app)/gradebook/page.tsx [Server Component]

  Client Component SSR:
    ./app/(app)/gradebook/page.tsx [Client Component SSR]
    ./app/(app)/gradebook/page.tsx [Server Component] @ http://localhost:3000/_next/static/chunks/node_modules_next_dist_0u_w_5s._.js:1945
[  115840ms] [ERROR] ./app/(app)/gradebook/page.tsx:256:6
Unterminated regexp literal
  254 |       </div>
  255 |
> 256 |     </div>
      |      ^^^^^
  257 |   )
  258 | }
  259 |

Parsing ecmascript source code failed

Import traces:
  Client Component Browser:
    ./app/(app)/gradebook/page.tsx [Client Component Browser]
    ./app/(app)/gradebook/page.tsx [Server Component]

  Client Component SSR:
    ./app/(app)/gradebook/page.tsx [Client Component SSR]
    ./app/(app)/gradebook/page.tsx [Server Component] @ http://localhost:3000/_next/static/chunks/node_modules_next_dist_0u_w_5s._.js:1945
[  115907ms] [ERROR] ./app/(app)/gradebook/page.tsx:256:6
Unterminated regexp literal
  254 |       </div>
  255 |
> 256 |     </div>
      |      ^^^^^
  257 |   )
  258 | }
  259 |

Parsing ecmascript source code failed

Import traces:
  Client Component Browser:
    ./app/(app)/gradebook/page.tsx [Client Component Browser]
    ./app/(app)/gradebook/page.tsx [Server Component]

  Client Component SSR:
    ./app/(app)/gradebook/page.tsx [Client Component SSR]
    ./app/(app)/gradebook/page.tsx [Server Component] @ http://localhost:3000/_next/static/chunks/node_modules_next_dist_0u_w_5s._.js:1945
[  115963ms] [ERROR] ./app/(app)/gradebook/page.tsx:256:6
Unterminated regexp literal
  254 |       </div>
  255 |
> 256 |     </div>
      |      ^^^^^
  257 |   )
  258 | }
  259 |

Parsing ecmascript source code failed

Import traces:
  Client Component Browser:
    ./app/(app)/gradebook/page.tsx [Client Component Browser]
    ./app/(app)/gradebook/page.tsx [Server Component]

  Client Component SSR:
    ./app/(app)/gradebook/page.tsx [Client Component SSR]
    ./app/(app)/gradebook/page.tsx [Server Component] @ http://localhost:3000/_next/static/chunks/node_modules_next_dist_0u_w_5s._.js:1945
[  116027ms] [ERROR] ./app/(app)/gradebook/page.tsx:256:6
Unterminated regexp literal
  254 |       </div>
  255 |
> 256 |     </div>
      |      ^^^^^
  257 |   )
  258 | }
  259 |

Parsing ecmascript source code failed

Import traces:
  Client Component Browser:
    ./app/(app)/gradebook/page.tsx [Client Component Browser]
    ./app/(app)/gradebook/page.tsx [Server Component]

  Client Component SSR:
    ./app/(app)/gradebook/page.tsx [Client Component SSR]
    ./app/(app)/gradebook/page.tsx [Server Component] @ http://localhost:3000/_next/static/chunks/node_modules_next_dist_0u_w_5s._.js:1945
[  116085ms] [ERROR] ./app/(app)/gradebook/page.tsx:256:6
Unterminated regexp literal
  254 |       </div>
  255 |
> 256 |     </div>
      |      ^^^^^
  257 |   )
  258 | }
  259 |

Parsing ecmascript source code failed

Import traces:
  Client Component Browser:
    ./app/(app)/gradebook/page.tsx [Client Component Browser]
    ./app/(app)/gradebook/page.tsx [Server Component]

  Client Component SSR:
    ./app/(app)/gradebook/page.tsx [Client Component SSR]
    ./app/(app)/gradebook/page.tsx [Server Component] @ http://localhost:3000/_next/static/chunks/node_modules_next_dist_0u_w_5s._.js:1945
[  116133ms] [ERROR] ./app/(app)/gradebook/page.tsx:256:6
Unterminated regexp literal
  254 |       </div>
  255 |
> 256 |     </div>
      |      ^^^^^
  257 |   )
  258 | }
  259 |

Parsing ecmascript source code failed

Import traces:
  Client Component Browser:
    ./app/(app)/gradebook/page.tsx [Client Component Browser]
    ./app/(app)/gradebook/page.tsx [Server Component]

  Client Component SSR:
    ./app/(app)/gradebook/page.tsx [Client Component SSR]
    ./app/(app)/gradebook/page.tsx [Server Component] @ http://localhost:3000/_next/static/chunks/node_modules_next_dist_0u_w_5s._.js:1945
[  116189ms] [ERROR] ./app/(app)/gradebook/page.tsx:256:6
Unterminated regexp literal
  254 |       </div>
  255 |
> 256 |     </div>
      |      ^^^^^
  257 |   )
  258 | }
  259 |

Parsing ecmascript source code failed

Import traces:
  Client Component Browser:
    ./app/(app)/gradebook/page.tsx [Client Component Browser]
    ./app/(app)/gradebook/page.tsx [Server Component]

  Client Component SSR:
    ./app/(app)/gradebook/page.tsx [Client Component SSR]
    ./app/(app)/gradebook/page.tsx [Server Component] @ http://localhost:3000/_next/static/chunks/node_modules_next_dist_0u_w_5s._.js:1945
[  116357ms] [ERROR] ./app/(app)/gradebook/page.tsx:256:6
Unterminated regexp literal
  254 |       </div>
  255 |
> 256 |     </div>
      |      ^^^^^
  257 |   )
  258 | }
  259 |

Parsing ecmascript source code failed

Import traces:
  Client Component Browser:
    ./app/(app)/gradebook/page.tsx [Client Component Browser]
    ./app/(app)/gradebook/page.tsx [Server Component]

  Client Component SSR:
    ./app/(app)/gradebook/page.tsx [Client Component SSR]
    ./app/(app)/gradebook/page.tsx [Server Component] @ http://localhost:3000/_next/static/chunks/node_modules_next_dist_0u_w_5s._.js:1945
[  116416ms] [ERROR] ./app/(app)/gradebook/page.tsx:256:6
Unterminated regexp literal
  254 |       </div>
  255 |
> 256 |     </div>
      |      ^^^^^
  257 |   )
  258 | }
  259 |

Parsing ecmascript source code failed

Import traces:
  Client Component Browser:
    ./app/(app)/gradebook/page.tsx [Client Component Browser]
    ./app/(app)/gradebook/page.tsx [Server Component]

  Client Component SSR:
    ./app/(app)/gradebook/page.tsx [Client Component SSR]
    ./app/(app)/gradebook/page.tsx [Server Component] @ http://localhost:3000/_next/static/chunks/node_modules_next_dist_0u_w_5s._.js:1945
[  116466ms] [ERROR] ./app/(app)/gradebook/page.tsx:256:6
Unterminated regexp literal
  254 |       </div>
  255 |
> 256 |     </div>
      |      ^^^^^
  257 |   )
  258 | }
  259 |

Parsing ecmascript source code failed

Import traces:
  Client Component Browser:
    ./app/(app)/gradebook/page.tsx [Client Component Browser]
    ./app/(app)/gradebook/page.tsx [Server Component]

  Client Component SSR:
    ./app/(app)/gradebook/page.tsx [Client Component SSR]
    ./app/(app)/gradebook/page.tsx [Server Component] @ http://localhost:3000/_next/static/chunks/node_modules_next_dist_0u_w_5s._.js:1945
[  116529ms] [ERROR] ./app/(app)/gradebook/page.tsx:256:6
Unterminated regexp literal
  254 |       </div>
  255 |
> 256 |     </div>
      |      ^^^^^
  257 |   )
  258 | }
  259 |

Parsing ecmascript source code failed

Import traces:
  Client Component Browser:
    ./app/(app)/gradebook/page.tsx [Client Component Browser]
    ./app/(app)/gradebook/page.tsx [Server Component]

  Client Component SSR:
    ./app/(app)/gradebook/page.tsx [Client Component SSR]
    ./app/(app)/gradebook/page.tsx [Server Component] @ http://localhost:3000/_next/static/chunks/node_modules_next_dist_0u_w_5s._.js:1945
[  116579ms] [ERROR] ./app/(app)/gradebook/page.tsx:256:6
Unterminated regexp literal
  254 |       </div>
  255 |
> 256 |     </div>
      |      ^^^^^
  257 |   )
  258 | }
  259 |

Parsing ecmascript source code failed

Import traces:
  Client Component Browser:
    ./app/(app)/gradebook/page.tsx [Client Component Browser]
    ./app/(app)/gradebook/page.tsx [Server Component]

  Client Component SSR:
    ./app/(app)/gradebook/page.tsx [Client Component SSR]
    ./app/(app)/gradebook/page.tsx [Server Component] @ http://localhost:3000/_next/static/chunks/node_modules_next_dist_0u_w_5s._.js:1945
[  116634ms] [ERROR] ./app/(app)/gradebook/page.tsx:256:6
Unterminated regexp literal
  254 |       </div>
  255 |
> 256 |     </div>
      |      ^^^^^
  257 |   )
  258 | }
  259 |

Parsing ecmascript source code failed

Import traces:
  Client Component Browser:
    ./app/(app)/gradebook/page.tsx [Client Component Browser]
    ./app/(app)/gradebook/page.tsx [Server Component]

  Client Component SSR:
    ./app/(app)/gradebook/page.tsx [Client Component SSR]
    ./app/(app)/gradebook/page.tsx [Server Component] @ http://localhost:3000/_next/static/chunks/node_modules_next_dist_0u_w_5s._.js:1945
[  116690ms] [ERROR] ./app/(app)/gradebook/page.tsx:256:6
Unterminated regexp literal
  254 |       </div>
  255 |
> 256 |     </div>
      |      ^^^^^
  257 |   )
  258 | }
  259 |

Parsing ecmascript source code failed

Import traces:
  Client Component Browser:
    ./app/(app)/gradebook/page.tsx [Client Component Browser]
    ./app/(app)/gradebook/page.tsx [Server Component]

  Client Component SSR:
    ./app/(app)/gradebook/page.tsx [Client Component SSR]
    ./app/(app)/gradebook/page.tsx [Server Component] @ http://localhost:3000/_next/static/chunks/node_modules_next_dist_0u_w_5s._.js:1945
[  116746ms] [ERROR] ./app/(app)/gradebook/page.tsx:256:6
Unterminated regexp literal
  254 |       </div>
  255 |
> 256 |     </div>
      |      ^^^^^
  257 |   )
  258 | }
  259 |

Parsing ecmascript source code failed

Import traces:
  Client Component Browser:
    ./app/(app)/gradebook/page.tsx [Client Component Browser]
    ./app/(app)/gradebook/page.tsx [Server Component]

  Client Component SSR:
    ./app/(app)/gradebook/page.tsx [Client Component SSR]
    ./app/(app)/gradebook/page.tsx [Server Component] @ http://localhost:3000/_next/static/chunks/node_modules_next_dist_0u_w_5s._.js:1945
[  116804ms] [ERROR] ./app/(app)/gradebook/page.tsx:256:6
Unterminated regexp literal
  254 |       </div>
  255 |
> 256 |     </div>
      |      ^^^^^
  257 |   )
  258 | }
  259 |

Parsing ecmascript source code failed

Import traces:
  Client Component Browser:
    ./app/(app)/gradebook/page.tsx [Client Component Browser]
    ./app/(app)/gradebook/page.tsx [Server Component]

  Client Component SSR:
    ./app/(app)/gradebook/page.tsx [Client Component SSR]
    ./app/(app)/gradebook/page.tsx [Server Component] @ http://localhost:3000/_next/static/chunks/node_modules_next_dist_0u_w_5s._.js:1945
[  116860ms] [ERROR] ./app/(app)/gradebook/page.tsx:256:6
Unterminated regexp literal
  254 |       </div>
  255 |
> 256 |     </div>
      |      ^^^^^
  257 |   )
  258 | }
  259 |

Parsing ecmascript source code failed

Import traces:
  Client Component Browser:
    ./app/(app)/gradebook/page.tsx [Client Component Browser]
    ./app/(app)/gradebook/page.tsx [Server Component]

  Client Component SSR:
    ./app/(app)/gradebook/page.tsx [Client Component SSR]
    ./app/(app)/gradebook/page.tsx [Server Component] @ http://localhost:3000/_next/static/chunks/node_modules_next_dist_0u_w_5s._.js:1945
[  116926ms] [ERROR] ./app/(app)/gradebook/page.tsx:256:6
Unterminated regexp literal
  254 |       </div>
  255 |
> 256 |     </div>
      |      ^^^^^
  257 |   )
  258 | }
  259 |

Parsing ecmascript source code failed

Import traces:
  Client Component Browser:
    ./app/(app)/gradebook/page.tsx [Client Component Browser]
    ./app/(app)/gradebook/page.tsx [Server Component]

  Client Component SSR:
    ./app/(app)/gradebook/page.tsx [Client Component SSR]
    ./app/(app)/gradebook/page.tsx [Server Component] @ http://localhost:3000/_next/static/chunks/node_modules_next_dist_0u_w_5s._.js:1945
[  116978ms] [ERROR] ./app/(app)/gradebook/page.tsx:256:6
Unterminated regexp literal
  254 |       </div>
  255 |
> 256 |     </div>
      |      ^^^^^
  257 |   )
  258 | }
  259 |

Parsing ecmascript source code failed

Import traces:
  Client Component Browser:
    ./app/(app)/gradebook/page.tsx [Client Component Browser]
    ./app/(app)/gradebook/page.tsx [Server Component]

  Client Component SSR:
    ./app/(app)/gradebook/page.tsx [Client Component SSR]
    ./app/(app)/gradebook/page.tsx [Server Component] @ http://localhost:3000/_next/static/chunks/node_modules_next_dist_0u_w_5s._.js:1945
[  117035ms] [ERROR] ./app/(app)/gradebook/page.tsx:256:6
Unterminated regexp literal
  254 |       </div>
  255 |
> 256 |     </div>
      |      ^^^^^
  257 |   )
  258 | }
  259 |

Parsing ecmascript source code failed

Import traces:
  Client Component Browser:
    ./app/(app)/gradebook/page.tsx [Client Component Browser]
    ./app/(app)/gradebook/page.tsx [Server Component]

  Client Component SSR:
    ./app/(app)/gradebook/page.tsx [Client Component SSR]
    ./app/(app)/gradebook/page.tsx [Server Component] @ http://localhost:3000/_next/static/chunks/node_modules_next_dist_0u_w_5s._.js:1945
[  117084ms] [ERROR] ./app/(app)/gradebook/page.tsx:256:6
Unterminated regexp literal
  254 |       </div>
  255 |
> 256 |     </div>
      |      ^^^^^
  257 |   )
  258 | }
  259 |

Parsing ecmascript source code failed

Import traces:
  Client Component Browser:
    ./app/(app)/gradebook/page.tsx [Client Component Browser]
    ./app/(app)/gradebook/page.tsx [Server Component]

  Client Component SSR:
    ./app/(app)/gradebook/page.tsx [Client Component SSR]
    ./app/(app)/gradebook/page.tsx [Server Component] @ http://localhost:3000/_next/static/chunks/node_modules_next_dist_0u_w_5s._.js:1945
[  117141ms] [ERROR] ./app/(app)/gradebook/page.tsx:256:6
Unterminated regexp literal
  254 |       </div>
  255 |
> 256 |     </div>
      |      ^^^^^
  257 |   )
  258 | }
  259 |

Parsing ecmascript source code failed

Import traces:
  Client Component Browser:
    ./app/(app)/gradebook/page.tsx [Client Component Browser]
    ./app/(app)/gradebook/page.tsx [Server Component]

  Client Component SSR:
    ./app/(app)/gradebook/page.tsx [Client Component SSR]
    ./app/(app)/gradebook/page.tsx [Server Component] @ http://localhost:3000/_next/static/chunks/node_modules_next_dist_0u_w_5s._.js:1945
[  117195ms] [ERROR] ./app/(app)/gradebook/page.tsx:256:6
Unterminated regexp literal
  254 |       </div>
  255 |
> 256 |     </div>
      |      ^^^^^
  257 |   )
  258 | }
  259 |

Parsing ecmascript source code failed

Import traces:
  Client Component Browser:
    ./app/(app)/gradebook/page.tsx [Client Component Browser]
    ./app/(app)/gradebook/page.tsx [Server Component]

  Client Component SSR:
    ./app/(app)/gradebook/page.tsx [Client Component SSR]
    ./app/(app)/gradebook/page.tsx [Server Component] @ http://localhost:3000/_next/static/chunks/node_modules_next_dist_0u_w_5s._.js:1945
[  117257ms] [ERROR] ./app/(app)/gradebook/page.tsx:256:6
Unterminated regexp literal
  254 |       </div>
  255 |
> 256 |     </div>
      |      ^^^^^
  257 |   )
  258 | }
  259 |

Parsing ecmascript source code failed

Import traces:
  Client Component Browser:
    ./app/(app)/gradebook/page.tsx [Client Component Browser]
    ./app/(app)/gradebook/page.tsx [Server Component]

  Client Component SSR:
    ./app/(app)/gradebook/page.tsx [Client Component SSR]
    ./app/(app)/gradebook/page.tsx [Server Component] @ http://localhost:3000/_next/static/chunks/node_modules_next_dist_0u_w_5s._.js:1945
[  117306ms] [ERROR] ./app/(app)/gradebook/page.tsx:256:6
Unterminated regexp literal
  254 |       </div>
  255 |
> 256 |     </div>
      |      ^^^^^
  257 |   )
  258 | }
  259 |

Parsing ecmascript source code failed

Import traces:
  Client Component Browser:
    ./app/(app)/gradebook/page.tsx [Client Component Browser]
    ./app/(app)/gradebook/page.tsx [Server Component]

  Client Component SSR:
    ./app/(app)/gradebook/page.tsx [Client Component SSR]
    ./app/(app)/gradebook/page.tsx [Server Component] @ http://localhost:3000/_next/static/chunks/node_modules_next_dist_0u_w_5s._.js:1945
[  117353ms] [ERROR] ./app/(app)/gradebook/page.tsx:256:6
Unterminated regexp literal
  254 |       </div>
  255 |
> 256 |     </div>
      |      ^^^^^
  257 |   )
  258 | }
  259 |

Parsing ecmascript source code failed

Import traces:
  Client Component Browser:
    ./app/(app)/gradebook/page.tsx [Client Component Browser]
    ./app/(app)/gradebook/page.tsx [Server Component]

  Client Component SSR:
    ./app/(app)/gradebook/page.tsx [Client Component SSR]
    ./app/(app)/gradebook/page.tsx [Server Component] @ http://localhost:3000/_next/static/chunks/node_modules_next_dist_0u_w_5s._.js:1945
[  117410ms] [ERROR] ./app/(app)/gradebook/page.tsx:256:6
Unterminated regexp literal
  254 |       </div>
  255 |
> 256 |     </div>
      |      ^^^^^
  257 |   )
  258 | }
  259 |

Parsing ecmascript source code failed

Import traces:
  Client Component Browser:
    ./app/(app)/gradebook/page.tsx [Client Component Browser]
    ./app/(app)/gradebook/page.tsx [Server Component]

  Client Component SSR:
    ./app/(app)/gradebook/page.tsx [Client Component SSR]
    ./app/(app)/gradebook/page.tsx [Server Component] @ http://localhost:3000/_next/static/chunks/node_modules_next_dist_0u_w_5s._.js:1945
[  117458ms] [ERROR] ./app/(app)/gradebook/page.tsx:256:6
Unterminated regexp literal
  254 |       </div>
  255 |
> 256 |     </div>
      |      ^^^^^
  257 |   )
  258 | }
  259 |

Parsing ecmascript source code failed

Import traces:
  Client Component Browser:
    ./app/(app)/gradebook/page.tsx [Client Component Browser]
    ./app/(app)/gradebook/page.tsx [Server Component]

  Client Component SSR:
    ./app/(app)/gradebook/page.tsx [Client Component SSR]
    ./app/(app)/gradebook/page.tsx [Server Component] @ http://localhost:3000/_next/static/chunks/node_modules_next_dist_0u_w_5s._.js:1945
[  117514ms] [ERROR] ./app/(app)/gradebook/page.tsx:256:6
Unterminated regexp literal
  254 |       </div>
  255 |
> 256 |     </div>
      |      ^^^^^
  257 |   )
  258 | }
  259 |

Parsing ecmascript source code failed

Import traces:
  Client Component Browser:
    ./app/(app)/gradebook/page.tsx [Client Component Browser]
    ./app/(app)/gradebook/page.tsx [Server Component]

  Client Component SSR:
    ./app/(app)/gradebook/page.tsx [Client Component SSR]
    ./app/(app)/gradebook/page.tsx [Server Component] @ http://localhost:3000/_next/static/chunks/node_modules_next_dist_0u_w_5s._.js:1945
[  117562ms] [ERROR] ./app/(app)/gradebook/page.tsx:256:6
Unterminated regexp literal
  254 |       </div>
  255 |
> 256 |     </div>
      |      ^^^^^
  257 |   )
  258 | }
  259 |

Parsing ecmascript source code failed

Import traces:
  Client Component Browser:
    ./app/(app)/gradebook/page.tsx [Client Component Browser]
    ./app/(app)/gradebook/page.tsx [Server Component]

  Client Component SSR:
    ./app/(app)/gradebook/page.tsx [Client Component SSR]
    ./app/(app)/gradebook/page.tsx [Server Component] @ http://localhost:3000/_next/static/chunks/node_modules_next_dist_0u_w_5s._.js:1945
[  117620ms] [ERROR] ./app/(app)/gradebook/page.tsx:256:6
Unterminated regexp literal
  254 |       </div>
  255 |
> 256 |     </div>
      |      ^^^^^
  257 |   )
  258 | }
  259 |

Parsing ecmascript source code failed

Import traces:
  Client Component Browser:
    ./app/(app)/gradebook/page.tsx [Client Component Browser]
    ./app/(app)/gradebook/page.tsx [Server Component]

  Client Component SSR:
    ./app/(app)/gradebook/page.tsx [Client Component SSR]
    ./app/(app)/gradebook/page.tsx [Server Component] @ http://localhost:3000/_next/static/chunks/node_modules_next_dist_0u_w_5s._.js:1945
[  117690ms] [ERROR] ./app/(app)/gradebook/page.tsx:256:6
Unterminated regexp literal
  254 |       </div>
  255 |
> 256 |     </div>
      |      ^^^^^
  257 |   )
  258 | }
  259 |

Parsing ecmascript source code failed

Import traces:
  Client Component Browser:
    ./app/(app)/gradebook/page.tsx [Client Component Browser]
    ./app/(app)/gradebook/page.tsx [Server Component]

  Client Component SSR:
    ./app/(app)/gradebook/page.tsx [Client Component SSR]
    ./app/(app)/gradebook/page.tsx [Server Component] @ http://localhost:3000/_next/static/chunks/node_modules_next_dist_0u_w_5s._.js:1945
[  117741ms] [ERROR] ./app/(app)/gradebook/page.tsx:256:6
Unterminated regexp literal
  254 |       </div>
  255 |
> 256 |     </div>
      |      ^^^^^
  257 |   )
  258 | }
  259 |

Parsing ecmascript source code failed

Import traces:
  Client Component Browser:
    ./app/(app)/gradebook/page.tsx [Client Component Browser]
    ./app/(app)/gradebook/page.tsx [Server Component]

  Client Component SSR:
    ./app/(app)/gradebook/page.tsx [Client Component SSR]
    ./app/(app)/gradebook/page.tsx [Server Component] @ http://localhost:3000/_next/static/chunks/node_modules_next_dist_0u_w_5s._.js:1945
[  117799ms] [ERROR] ./app/(app)/gradebook/page.tsx:256:6
Unterminated regexp literal
  254 |       </div>
  255 |
> 256 |     </div>
      |      ^^^^^
  257 |   )
  258 | }
  259 |

Parsing ecmascript source code failed

Import traces:
  Client Component Browser:
    ./app/(app)/gradebook/page.tsx [Client Component Browser]
    ./app/(app)/gradebook/page.tsx [Server Component]

  Client Component SSR:
    ./app/(app)/gradebook/page.tsx [Client Component SSR]
    ./app/(app)/gradebook/page.tsx [Server Component] @ http://localhost:3000/_next/static/chunks/node_modules_next_dist_0u_w_5s._.js:1945
[  117861ms] [ERROR] ./app/(app)/gradebook/page.tsx:256:6
Unterminated regexp literal
  254 |       </div>
  255 |
> 256 |     </div>
      |      ^^^^^
  257 |   )
  258 | }
  259 |

Parsing ecmascript source code failed

Import traces:
  Client Component Browser:
    ./app/(app)/gradebook/page.tsx [Client Component Browser]
    ./app/(app)/gradebook/page.tsx [Server Component]

  Client Component SSR:
    ./app/(app)/gradebook/page.tsx [Client Component SSR]
    ./app/(app)/gradebook/page.tsx [Server Component] @ http://localhost:3000/_next/static/chunks/node_modules_next_dist_0u_w_5s._.js:1945
[  117911ms] [ERROR] ./app/(app)/gradebook/page.tsx:256:6
Unterminated regexp literal
  254 |       </div>
  255 |
> 256 |     </div>
      |      ^^^^^
  257 |   )
  258 | }
  259 |

Parsing ecmascript source code failed

Import traces:
  Client Component Browser:
    ./app/(app)/gradebook/page.tsx [Client Component Browser]
    ./app/(app)/gradebook/page.tsx [Server Component]

  Client Component SSR:
    ./app/(app)/gradebook/page.tsx [Client Component SSR]
    ./app/(app)/gradebook/page.tsx [Server Component] @ http://localhost:3000/_next/static/chunks/node_modules_next_dist_0u_w_5s._.js:1945
[  117963ms] [ERROR] ./app/(app)/gradebook/page.tsx:256:6
Unterminated regexp literal
  254 |       </div>
  255 |
> 256 |     </div>
      |      ^^^^^
  257 |   )
  258 | }
  259 |

Parsing ecmascript source code failed

Import traces:
  Client Component Browser:
    ./app/(app)/gradebook/page.tsx [Client Component Browser]
    ./app/(app)/gradebook/page.tsx [Server Component]

  Client Component SSR:
    ./app/(app)/gradebook/page.tsx [Client Component SSR]
    ./app/(app)/gradebook/page.tsx [Server Component] @ http://localhost:3000/_next/static/chunks/node_modules_next_dist_0u_w_5s._.js:1945
[  118030ms] [ERROR] ./app/(app)/gradebook/page.tsx:256:6
Unterminated regexp literal
  254 |       </div>
  255 |
> 256 |     </div>
      |      ^^^^^
  257 |   )
  258 | }
  259 |

Parsing ecmascript source code failed

Import traces:
  Client Component Browser:
    ./app/(app)/gradebook/page.tsx [Client Component Browser]
    ./app/(app)/gradebook/page.tsx [Server Component]

  Client Component SSR:
    ./app/(app)/gradebook/page.tsx [Client Component SSR]
    ./app/(app)/gradebook/page.tsx [Server Component] @ http://localhost:3000/_next/static/chunks/node_modules_next_dist_0u_w_5s._.js:1945
[  118079ms] [ERROR] ./app/(app)/gradebook/page.tsx:256:6
Unterminated regexp literal
  254 |       </div>
  255 |
> 256 |     </div>
      |      ^^^^^
  257 |   )
  258 | }
  259 |

Parsing ecmascript source code failed

Import traces:
  Client Component Browser:
    ./app/(app)/gradebook/page.tsx [Client Component Browser]
    ./app/(app)/gradebook/page.tsx [Server Component]

  Client Component SSR:
    ./app/(app)/gradebook/page.tsx [Client Component SSR]
    ./app/(app)/gradebook/page.tsx [Server Component] @ http://localhost:3000/_next/static/chunks/node_modules_next_dist_0u_w_5s._.js:1945
[  118136ms] [ERROR] ./app/(app)/gradebook/page.tsx:256:6
Unterminated regexp literal
  254 |       </div>
  255 |
> 256 |     </div>
      |      ^^^^^
  257 |   )
  258 | }
  259 |

Parsing ecmascript source code failed

Import traces:
  Client Component Browser:
    ./app/(app)/gradebook/page.tsx [Client Component Browser]
    ./app/(app)/gradebook/page.tsx [Server Component]

  Client Component SSR:
    ./app/(app)/gradebook/page.tsx [Client Component SSR]
    ./app/(app)/gradebook/page.tsx [Server Component] @ http://localhost:3000/_next/static/chunks/node_modules_next_dist_0u_w_5s._.js:1945
[  118200ms] [ERROR] ./app/(app)/gradebook/page.tsx:256:6
Unterminated regexp literal
  254 |       </div>
  255 |
> 256 |     </div>
      |      ^^^^^
  257 |   )
  258 | }
  259 |

Parsing ecmascript source code failed

Import traces:
  Client Component Browser:
    ./app/(app)/gradebook/page.tsx [Client Component Browser]
    ./app/(app)/gradebook/page.tsx [Server Component]

  Client Component SSR:
    ./app/(app)/gradebook/page.tsx [Client Component SSR]
    ./app/(app)/gradebook/page.tsx [Server Component] @ http://localhost:3000/_next/static/chunks/node_modules_next_dist_0u_w_5s._.js:1945
[  118254ms] [ERROR] ./app/(app)/gradebook/page.tsx:256:6
Unterminated regexp literal
  254 |       </div>
  255 |
> 256 |     </div>
      |      ^^^^^
  257 |   )
  258 | }
  259 |

Parsing ecmascript source code failed

Import traces:
  Client Component Browser:
    ./app/(app)/gradebook/page.tsx [Client Component Browser]
    ./app/(app)/gradebook/page.tsx [Server Component]

  Client Component SSR:
    ./app/(app)/gradebook/page.tsx [Client Component SSR]
    ./app/(app)/gradebook/page.tsx [Server Component] @ http://localhost:3000/_next/static/chunks/node_modules_next_dist_0u_w_5s._.js:1945
[  118318ms] [ERROR] ./app/(app)/gradebook/page.tsx:256:6
Unterminated regexp literal
  254 |       </div>
  255 |
> 256 |     </div>
      |      ^^^^^
  257 |   )
  258 | }
  259 |

Parsing ecmascript source code failed

Import traces:
  Client Component Browser:
    ./app/(app)/gradebook/page.tsx [Client Component Browser]
    ./app/(app)/gradebook/page.tsx [Server Component]

  Client Component SSR:
    ./app/(app)/gradebook/page.tsx [Client Component SSR]
    ./app/(app)/gradebook/page.tsx [Server Component] @ http://localhost:3000/_next/static/chunks/node_modules_next_dist_0u_w_5s._.js:1945
[  118379ms] [ERROR] ./app/(app)/gradebook/page.tsx:256:6
Unterminated regexp literal
  254 |       </div>
  255 |
> 256 |     </div>
      |      ^^^^^
  257 |   )
  258 | }
  259 |

Parsing ecmascript source code failed

Import traces:
  Client Component Browser:
    ./app/(app)/gradebook/page.tsx [Client Component Browser]
    ./app/(app)/gradebook/page.tsx [Server Component]

  Client Component SSR:
    ./app/(app)/gradebook/page.tsx [Client Component SSR]
    ./app/(app)/gradebook/page.tsx [Server Component] @ http://localhost:3000/_next/static/chunks/node_modules_next_dist_0u_w_5s._.js:1945
[  118445ms] [ERROR] ./app/(app)/gradebook/page.tsx:256:6
Unterminated regexp literal
  254 |       </div>
  255 |
> 256 |     </div>
      |      ^^^^^
  257 |   )
  258 | }
  259 |

Parsing ecmascript source code failed

Import traces:
  Client Component Browser:
    ./app/(app)/gradebook/page.tsx [Client Component Browser]
    ./app/(app)/gradebook/page.tsx [Server Component]

  Client Component SSR:
    ./app/(app)/gradebook/page.tsx [Client Component SSR]
    ./app/(app)/gradebook/page.tsx [Server Component] @ http://localhost:3000/_next/static/chunks/node_modules_next_dist_0u_w_5s._.js:1945
[  118499ms] [ERROR] ./app/(app)/gradebook/page.tsx:256:6
Unterminated regexp literal
  254 |       </div>
  255 |
> 256 |     </div>
      |      ^^^^^
  257 |   )
  258 | }
  259 |

Parsing ecmascript source code failed

Import traces:
  Client Component Browser:
    ./app/(app)/gradebook/page.tsx [Client Component Browser]
    ./app/(app)/gradebook/page.tsx [Server Component]

  Client Component SSR:
    ./app/(app)/gradebook/page.tsx [Client Component SSR]
    ./app/(app)/gradebook/page.tsx [Server Component] @ http://localhost:3000/_next/static/chunks/node_modules_next_dist_0u_w_5s._.js:1945
[  118563ms] [ERROR] ./app/(app)/gradebook/page.tsx:256:6
Unterminated regexp literal
  254 |       </div>
  255 |
> 256 |     </div>
      |      ^^^^^
  257 |   )
  258 | }
  259 |

Parsing ecmascript source code failed

Import traces:
  Client Component Browser:
    ./app/(app)/gradebook/page.tsx [Client Component Browser]
    ./app/(app)/gradebook/page.tsx [Server Component]

  Client Component SSR:
    ./app/(app)/gradebook/page.tsx [Client Component SSR]
    ./app/(app)/gradebook/page.tsx [Server Component] @ http://localhost:3000/_next/static/chunks/node_modules_next_dist_0u_w_5s._.js:1945
[  118629ms] [ERROR] ./app/(app)/gradebook/page.tsx:256:6
Unterminated regexp literal
  254 |       </div>
  255 |
> 256 |     </div>
      |      ^^^^^
  257 |   )
  258 | }
  259 |

Parsing ecmascript source code failed

Import traces:
  Client Component Browser:
    ./app/(app)/gradebook/page.tsx [Client Component Browser]
    ./app/(app)/gradebook/page.tsx [Server Component]

  Client Component SSR:
    ./app/(app)/gradebook/page.tsx [Client Component SSR]
    ./app/(app)/gradebook/page.tsx [Server Component] @ http://localhost:3000/_next/static/chunks/node_modules_next_dist_0u_w_5s._.js:1945
[  118691ms] [ERROR] ./app/(app)/gradebook/page.tsx:256:6
Unterminated regexp literal
  254 |       </div>
  255 |
> 256 |     </div>
      |      ^^^^^
  257 |   )
  258 | }
  259 |

Parsing ecmascript source code failed

Import traces:
  Client Component Browser:
    ./app/(app)/gradebook/page.tsx [Client Component Browser]
    ./app/(app)/gradebook/page.tsx [Server Component]

  Client Component SSR:
    ./app/(app)/gradebook/page.tsx [Client Component SSR]
    ./app/(app)/gradebook/page.tsx [Server Component] @ http://localhost:3000/_next/static/chunks/node_modules_next_dist_0u_w_5s._.js:1945
[  118747ms] [ERROR] ./app/(app)/gradebook/page.tsx:256:6
Unterminated regexp literal
  254 |       </div>
  255 |
> 256 |     </div>
      |      ^^^^^
  257 |   )
  258 | }
  259 |

Parsing ecmascript source code failed

Import traces:
  Client Component Browser:
    ./app/(app)/gradebook/page.tsx [Client Component Browser]
    ./app/(app)/gradebook/page.tsx [Server Component]

  Client Component SSR:
    ./app/(app)/gradebook/page.tsx [Client Component SSR]
    ./app/(app)/gradebook/page.tsx [Server Component] @ http://localhost:3000/_next/static/chunks/node_modules_next_dist_0u_w_5s._.js:1945
[  118805ms] [ERROR] ./app/(app)/gradebook/page.tsx:256:6
Unterminated regexp literal
  254 |       </div>
  255 |
> 256 |     </div>
      |      ^^^^^
  257 |   )
  258 | }
  259 |

Parsing ecmascript source code failed

Import traces:
  Client Component Browser:
    ./app/(app)/gradebook/page.tsx [Client Component Browser]
    ./app/(app)/gradebook/page.tsx [Server Component]

  Client Component SSR:
    ./app/(app)/gradebook/page.tsx [Client Component SSR]
    ./app/(app)/gradebook/page.tsx [Server Component] @ http://localhost:3000/_next/static/chunks/node_modules_next_dist_0u_w_5s._.js:1945
[  118869ms] [ERROR] ./app/(app)/gradebook/page.tsx:256:6
Unterminated regexp literal
  254 |       </div>
  255 |
> 256 |     </div>
      |      ^^^^^
  257 |   )
  258 | }
  259 |

Parsing ecmascript source code failed

Import traces:
  Client Component Browser:
    ./app/(app)/gradebook/page.tsx [Client Component Browser]
    ./app/(app)/gradebook/page.tsx [Server Component]

  Client Component SSR:
    ./app/(app)/gradebook/page.tsx [Client Component SSR]
    ./app/(app)/gradebook/page.tsx [Server Component] @ http://localhost:3000/_next/static/chunks/node_modules_next_dist_0u_w_5s._.js:1945
[  118930ms] [ERROR] ./app/(app)/gradebook/page.tsx:256:6
Unterminated regexp literal
  254 |       </div>
  255 |
> 256 |     </div>
      |      ^^^^^
  257 |   )
  258 | }
  259 |

Parsing ecmascript source code failed

Import traces:
  Client Component Browser:
    ./app/(app)/gradebook/page.tsx [Client Component Browser]
    ./app/(app)/gradebook/page.tsx [Server Component]

  Client Component SSR:
    ./app/(app)/gradebook/page.tsx [Client Component SSR]
    ./app/(app)/gradebook/page.tsx [Server Component] @ http://localhost:3000/_next/static/chunks/node_modules_next_dist_0u_w_5s._.js:1945
[  118980ms] [ERROR] ./app/(app)/gradebook/page.tsx:256:6
Unterminated regexp literal
  254 |       </div>
  255 |
> 256 |     </div>
      |      ^^^^^
  257 |   )
  258 | }
  259 |

Parsing ecmascript source code failed

Import traces:
  Client Component Browser:
    ./app/(app)/gradebook/page.tsx [Client Component Browser]
    ./app/(app)/gradebook/page.tsx [Server Component]

  Client Component SSR:
    ./app/(app)/gradebook/page.tsx [Client Component SSR]
    ./app/(app)/gradebook/page.tsx [Server Component] @ http://localhost:3000/_next/static/chunks/node_modules_next_dist_0u_w_5s._.js:1945
[  119044ms] [ERROR] ./app/(app)/gradebook/page.tsx:256:6
Unterminated regexp literal
  254 |       </div>
  255 |
> 256 |     </div>
      |      ^^^^^
  257 |   )
  258 | }
  259 |

Parsing ecmascript source code failed

Import traces:
  Client Component Browser:
    ./app/(app)/gradebook/page.tsx [Client Component Browser]
    ./app/(app)/gradebook/page.tsx [Server Component]

  Client Component SSR:
    ./app/(app)/gradebook/page.tsx [Client Component SSR]
    ./app/(app)/gradebook/page.tsx [Server Component] @ http://localhost:3000/_next/static/chunks/node_modules_next_dist_0u_w_5s._.js:1945
[  119096ms] [ERROR] ./app/(app)/gradebook/page.tsx:256:6
Unterminated regexp literal
  254 |       </div>
  255 |
> 256 |     </div>
      |      ^^^^^
  257 |   )
  258 | }
  259 |

Parsing ecmascript source code failed

Import traces:
  Client Component Browser:
    ./app/(app)/gradebook/page.tsx [Client Component Browser]
    ./app/(app)/gradebook/page.tsx [Server Component]

  Client Component SSR:
    ./app/(app)/gradebook/page.tsx [Client Component SSR]
    ./app/(app)/gradebook/page.tsx [Server Component] @ http://localhost:3000/_next/static/chunks/node_modules_next_dist_0u_w_5s._.js:1945
[  119161ms] [ERROR] ./app/(app)/gradebook/page.tsx:256:6
Unterminated regexp literal
  254 |       </div>
  255 |
> 256 |     </div>
      |      ^^^^^
  257 |   )
  258 | }
  259 |

Parsing ecmascript source code failed

Import traces:
  Client Component Browser:
    ./app/(app)/gradebook/page.tsx [Client Component Browser]
    ./app/(app)/gradebook/page.tsx [Server Component]

  Client Component SSR:
    ./app/(app)/gradebook/page.tsx [Client Component SSR]
    ./app/(app)/gradebook/page.tsx [Server Component] @ http://localhost:3000/_next/static/chunks/node_modules_next_dist_0u_w_5s._.js:1945
[  119210ms] [ERROR] ./app/(app)/gradebook/page.tsx:256:6
Unterminated regexp literal
  254 |       </div>
  255 |
> 256 |     </div>
      |      ^^^^^
  257 |   )
  258 | }
  259 |

Parsing ecmascript source code failed

Import traces:
  Client Component Browser:
    ./app/(app)/gradebook/page.tsx [Client Component Browser]
    ./app/(app)/gradebook/page.tsx [Server Component]

  Client Component SSR:
    ./app/(app)/gradebook/page.tsx [Client Component SSR]
    ./app/(app)/gradebook/page.tsx [Server Component] @ http://localhost:3000/_next/static/chunks/node_modules_next_dist_0u_w_5s._.js:1945
[  119266ms] [ERROR] ./app/(app)/gradebook/page.tsx:256:6
Unterminated regexp literal
  254 |       </div>
  255 |
> 256 |     </div>
      |      ^^^^^
  257 |   )
  258 | }
  259 |

Parsing ecmascript source code failed

Import traces:
  Client Component Browser:
    ./app/(app)/gradebook/page.tsx [Client Component Browser]
    ./app/(app)/gradebook/page.tsx [Server Component]

  Client Component SSR:
    ./app/(app)/gradebook/page.tsx [Client Component SSR]
    ./app/(app)/gradebook/page.tsx [Server Component] @ http://localhost:3000/_next/static/chunks/node_modules_next_dist_0u_w_5s._.js:1945
[  119330ms] [ERROR] ./app/(app)/gradebook/page.tsx:256:6
Unterminated regexp literal
  254 |       </div>
  255 |
> 256 |     </div>
      |      ^^^^^
  257 |   )
  258 | }
  259 |

Parsing ecmascript source code failed

Import traces:
  Client Component Browser:
    ./app/(app)/gradebook/page.tsx [Client Component Browser]
    ./app/(app)/gradebook/page.tsx [Server Component]

  Client Component SSR:
    ./app/(app)/gradebook/page.tsx [Client Component SSR]
    ./app/(app)/gradebook/page.tsx [Server Component] @ http://localhost:3000/_next/static/chunks/node_modules_next_dist_0u_w_5s._.js:1945
[  119394ms] [ERROR] ./app/(app)/gradebook/page.tsx:256:6
Unterminated regexp literal
  254 |       </div>
  255 |
> 256 |     </div>
      |      ^^^^^
  257 |   )
  258 | }
  259 |

Parsing ecmascript source code failed

Import traces:
  Client Component Browser:
    ./app/(app)/gradebook/page.tsx [Client Component Browser]
    ./app/(app)/gradebook/page.tsx [Server Component]

  Client Component SSR:
    ./app/(app)/gradebook/page.tsx [Client Component SSR]
    ./app/(app)/gradebook/page.tsx [Server Component] @ http://localhost:3000/_next/static/chunks/node_modules_next_dist_0u_w_5s._.js:1945
[  119450ms] [ERROR] ./app/(app)/gradebook/page.tsx:256:6
Unterminated regexp literal
  254 |       </div>
  255 |
> 256 |     </div>
      |      ^^^^^
  257 |   )
  258 | }
  259 |

Parsing ecmascript source code failed

Import traces:
  Client Component Browser:
    ./app/(app)/gradebook/page.tsx [Client Component Browser]
    ./app/(app)/gradebook/page.tsx [Server Component]

  Client Component SSR:
    ./app/(app)/gradebook/page.tsx [Client Component SSR]
    ./app/(app)/gradebook/page.tsx [Server Component] @ http://localhost:3000/_next/static/chunks/node_modules_next_dist_0u_w_5s._.js:1945
[  119513ms] [ERROR] ./app/(app)/gradebook/page.tsx:256:6
Unterminated regexp literal
  254 |       </div>
  255 |
> 256 |     </div>
      |      ^^^^^
  257 |   )
  258 | }
  259 |

Parsing ecmascript source code failed

Import traces:
  Client Component Browser:
    ./app/(app)/gradebook/page.tsx [Client Component Browser]
    ./app/(app)/gradebook/page.tsx [Server Component]

  Client Component SSR:
    ./app/(app)/gradebook/page.tsx [Client Component SSR]
    ./app/(app)/gradebook/page.tsx [Server Component] @ http://localhost:3000/_next/static/chunks/node_modules_next_dist_0u_w_5s._.js:1945
[  119578ms] [ERROR] ./app/(app)/gradebook/page.tsx:256:6
Unterminated regexp literal
  254 |       </div>
  255 |
> 256 |     </div>
      |      ^^^^^
  257 |   )
  258 | }
  259 |

Parsing ecmascript source code failed

Import traces:
  Client Component Browser:
    ./app/(app)/gradebook/page.tsx [Client Component Browser]
    ./app/(app)/gradebook/page.tsx [Server Component]

  Client Component SSR:
    ./app/(app)/gradebook/page.tsx [Client Component SSR]
    ./app/(app)/gradebook/page.tsx [Server Component] @ http://localhost:3000/_next/static/chunks/node_modules_next_dist_0u_w_5s._.js:1945
[  119635ms] [ERROR] ./app/(app)/gradebook/page.tsx:256:6
Unterminated regexp literal
  254 |       </div>
  255 |
> 256 |     </div>
      |      ^^^^^
  257 |   )
  258 | }
  259 |

Parsing ecmascript source code failed

Import traces:
  Client Component Browser:
    ./app/(app)/gradebook/page.tsx [Client Component Browser]
    ./app/(app)/gradebook/page.tsx [Server Component]

  Client Component SSR:
    ./app/(app)/gradebook/page.tsx [Client Component SSR]
    ./app/(app)/gradebook/page.tsx [Server Component] @ http://localhost:3000/_next/static/chunks/node_modules_next_dist_0u_w_5s._.js:1945
[  119695ms] [ERROR] ./app/(app)/gradebook/page.tsx:256:6
Unterminated regexp literal
  254 |       </div>
  255 |
> 256 |     </div>
      |      ^^^^^
  257 |   )
  258 | }
  259 |

Parsing ecmascript source code failed

Import traces:
  Client Component Browser:
    ./app/(app)/gradebook/page.tsx [Client Component Browser]
    ./app/(app)/gradebook/page.tsx [Server Component]

  Client Component SSR:
    ./app/(app)/gradebook/page.tsx [Client Component SSR]
    ./app/(app)/gradebook/page.tsx [Server Component] @ http://localhost:3000/_next/static/chunks/node_modules_next_dist_0u_w_5s._.js:1945
[  119756ms] [ERROR] ./app/(app)/gradebook/page.tsx:256:6
Unterminated regexp literal
  254 |       </div>
  255 |
> 256 |     </div>
      |      ^^^^^
  257 |   )
  258 | }
  259 |

Parsing ecmascript source code failed

Import traces:
  Client Component Browser:
    ./app/(app)/gradebook/page.tsx [Client Component Browser]
    ./app/(app)/gradebook/page.tsx [Server Component]

  Client Component SSR:
    ./app/(app)/gradebook/page.tsx [Client Component SSR]
    ./app/(app)/gradebook/page.tsx [Server Component] @ http://localhost:3000/_next/static/chunks/node_modules_next_dist_0u_w_5s._.js:1945
[  119805ms] [ERROR] ./app/(app)/gradebook/page.tsx:256:6
Unterminated regexp literal
  254 |       </div>
  255 |
> 256 |     </div>
      |      ^^^^^
  257 |   )
  258 | }
  259 |

Parsing ecmascript source code failed

Import traces:
  Client Component Browser:
    ./app/(app)/gradebook/page.tsx [Client Component Browser]
    ./app/(app)/gradebook/page.tsx [Server Component]

  Client Component SSR:
    ./app/(app)/gradebook/page.tsx [Client Component SSR]
    ./app/(app)/gradebook/page.tsx [Server Component] @ http://localhost:3000/_next/static/chunks/node_modules_next_dist_0u_w_5s._.js:1945
[  119890ms] [ERROR] ./app/(app)/gradebook/page.tsx:256:6
Unterminated regexp literal
  254 |       </div>
  255 |
> 256 |     </div>
      |      ^^^^^
  257 |   )
  258 | }
  259 |

Parsing ecmascript source code failed

Import traces:
  Client Component Browser:
    ./app/(app)/gradebook/page.tsx [Client Component Browser]
    ./app/(app)/gradebook/page.tsx [Server Component]

  Client Component SSR:
    ./app/(app)/gradebook/page.tsx [Client Component SSR]
    ./app/(app)/gradebook/page.tsx [Server Component] @ http://localhost:3000/_next/static/chunks/node_modules_next_dist_0u_w_5s._.js:1945
[  119946ms] [ERROR] ./app/(app)/gradebook/page.tsx:256:6
Unterminated regexp literal
  254 |       </div>
  255 |
> 256 |     </div>
      |      ^^^^^
  257 |   )
  258 | }
  259 |

Parsing ecmascript source code failed

Import traces:
  Client Component Browser:
    ./app/(app)/gradebook/page.tsx [Client Component Browser]
    ./app/(app)/gradebook/page.tsx [Server Component]

  Client Component SSR:
    ./app/(app)/gradebook/page.tsx [Client Component SSR]
    ./app/(app)/gradebook/page.tsx [Server Component] @ http://localhost:3000/_next/static/chunks/node_modules_next_dist_0u_w_5s._.js:1945
[  120010ms] [ERROR] ./app/(app)/gradebook/page.tsx:256:6
Unterminated regexp literal
  254 |       </div>
  255 |
> 256 |     </div>
      |      ^^^^^
  257 |   )
  258 | }
  259 |

Parsing ecmascript source code failed

Import traces:
  Client Component Browser:
    ./app/(app)/gradebook/page.tsx [Client Component Browser]
    ./app/(app)/gradebook/page.tsx [Server Component]

  Client Component SSR:
    ./app/(app)/gradebook/page.tsx [Client Component SSR]
    ./app/(app)/gradebook/page.tsx [Server Component] @ http://localhost:3000/_next/static/chunks/node_modules_next_dist_0u_w_5s._.js:1945
[  120070ms] [ERROR] ./app/(app)/gradebook/page.tsx:256:6
Unterminated regexp literal
  254 |       </div>
  255 |
> 256 |     </div>
      |      ^^^^^
  257 |   )
  258 | }
  259 |

Parsing ecmascript source code failed

Import traces:
  Client Component Browser:
    ./app/(app)/gradebook/page.tsx [Client Component Browser]
    ./app/(app)/gradebook/page.tsx [Server Component]

  Client Component SSR:
    ./app/(app)/gradebook/page.tsx [Client Component SSR]
    ./app/(app)/gradebook/page.tsx [Server Component] @ http://localhost:3000/_next/static/chunks/node_modules_next_dist_0u_w_5s._.js:1945
[  120131ms] [ERROR] ./app/(app)/gradebook/page.tsx:256:6
Unterminated regexp literal
  254 |       </div>
  255 |
> 256 |     </div>
      |      ^^^^^
  257 |   )
  258 | }
  259 |

Parsing ecmascript source code failed

Import traces:
  Client Component Browser:
    ./app/(app)/gradebook/page.tsx [Client Component Browser]
    ./app/(app)/gradebook/page.tsx [Server Component]

  Client Component SSR:
    ./app/(app)/gradebook/page.tsx [Client Component SSR]
    ./app/(app)/gradebook/page.tsx [Server Component] @ http://localhost:3000/_next/static/chunks/node_modules_next_dist_0u_w_5s._.js:1945
[  120180ms] [ERROR] ./app/(app)/gradebook/page.tsx:256:6
Unterminated regexp literal
  254 |       </div>
  255 |
> 256 |     </div>
      |      ^^^^^
  257 |   )
  258 | }
  259 |

Parsing ecmascript source code failed

Import traces:
  Client Component Browser:
    ./app/(app)/gradebook/page.tsx [Client Component Browser]
    ./app/(app)/gradebook/page.tsx [Server Component]

  Client Component SSR:
    ./app/(app)/gradebook/page.tsx [Client Component SSR]
    ./app/(app)/gradebook/page.tsx [Server Component] @ http://localhost:3000/_next/static/chunks/node_modules_next_dist_0u_w_5s._.js:1945
[  120245ms] [ERROR] ./app/(app)/gradebook/page.tsx:256:6
Unterminated regexp literal
  254 |       </div>
  255 |
> 256 |     </div>
      |      ^^^^^
  257 |   )
  258 | }
  259 |

Parsing ecmascript source code failed

Import traces:
  Client Component Browser:
    ./app/(app)/gradebook/page.tsx [Client Component Browser]
    ./app/(app)/gradebook/page.tsx [Server Component]

  Client Component SSR:
    ./app/(app)/gradebook/page.tsx [Client Component SSR]
    ./app/(app)/gradebook/page.tsx [Server Component] @ http://localhost:3000/_next/static/chunks/node_modules_next_dist_0u_w_5s._.js:1945
[  120307ms] [ERROR] ./app/(app)/gradebook/page.tsx:256:6
Unterminated regexp literal
  254 |       </div>
  255 |
> 256 |     </div>
      |      ^^^^^
  257 |   )
  258 | }
  259 |

Parsing ecmascript source code failed

Import traces:
  Client Component Browser:
    ./app/(app)/gradebook/page.tsx [Client Component Browser]
    ./app/(app)/gradebook/page.tsx [Server Component]

  Client Component SSR:
    ./app/(app)/gradebook/page.tsx [Client Component SSR]
    ./app/(app)/gradebook/page.tsx [Server Component] @ http://localhost:3000/_next/static/chunks/node_modules_next_dist_0u_w_5s._.js:1945
[  120366ms] [ERROR] ./app/(app)/gradebook/page.tsx:256:6
Unterminated regexp literal
  254 |       </div>
  255 |
> 256 |     </div>
      |      ^^^^^
  257 |   )
  258 | }
  259 |

Parsing ecmascript source code failed

Import traces:
  Client Component Browser:
    ./app/(app)/gradebook/page.tsx [Client Component Browser]
    ./app/(app)/gradebook/page.tsx [Server Component]

  Client Component SSR:
    ./app/(app)/gradebook/page.tsx [Client Component SSR]
    ./app/(app)/gradebook/page.tsx [Server Component] @ http://localhost:3000/_next/static/chunks/node_modules_next_dist_0u_w_5s._.js:1945
[  120428ms] [ERROR] ./app/(app)/gradebook/page.tsx:256:6
Unterminated regexp literal
  254 |       </div>
  255 |
> 256 |     </div>
      |      ^^^^^
  257 |   )
  258 | }
  259 |

Parsing ecmascript source code failed

Import traces:
  Client Component Browser:
    ./app/(app)/gradebook/page.tsx [Client Component Browser]
    ./app/(app)/gradebook/page.tsx [Server Component]

  Client Component SSR:
    ./app/(app)/gradebook/page.tsx [Client Component SSR]
    ./app/(app)/gradebook/page.tsx [Server Component] @ http://localhost:3000/_next/static/chunks/node_modules_next_dist_0u_w_5s._.js:1945
[  120487ms] [ERROR] ./app/(app)/gradebook/page.tsx:256:6
Unterminated regexp literal
  254 |       </div>
  255 |
> 256 |     </div>
      |      ^^^^^
  257 |   )
  258 | }
  259 |

Parsing ecmascript source code failed

Import traces:
  Client Component Browser:
    ./app/(app)/gradebook/page.tsx [Client Component Browser]
    ./app/(app)/gradebook/page.tsx [Server Component]

  Client Component SSR:
    ./app/(app)/gradebook/page.tsx [Client Component SSR]
    ./app/(app)/gradebook/page.tsx [Server Component] @ http://localhost:3000/_next/static/chunks/node_modules_next_dist_0u_w_5s._.js:1945
[  120539ms] [ERROR] ./app/(app)/gradebook/page.tsx:256:6
Unterminated regexp literal
  254 |       </div>
  255 |
> 256 |     </div>
      |      ^^^^^
  257 |   )
  258 | }
  259 |

Parsing ecmascript source code failed

Import traces:
  Client Component Browser:
    ./app/(app)/gradebook/page.tsx [Client Component Browser]
    ./app/(app)/gradebook/page.tsx [Server Component]

  Client Component SSR:
    ./app/(app)/gradebook/page.tsx [Client Component SSR]
    ./app/(app)/gradebook/page.tsx [Server Component] @ http://localhost:3000/_next/static/chunks/node_modules_next_dist_0u_w_5s._.js:1945
[  120592ms] [ERROR] ./app/(app)/gradebook/page.tsx:256:6
Unterminated regexp literal
  254 |       </div>
  255 |
> 256 |     </div>
      |      ^^^^^
  257 |   )
  258 | }
  259 |

Parsing ecmascript source code failed

Import traces:
  Client Component Browser:
    ./app/(app)/gradebook/page.tsx [Client Component Browser]
    ./app/(app)/gradebook/page.tsx [Server Component]

  Client Component SSR:
    ./app/(app)/gradebook/page.tsx [Client Component SSR]
    ./app/(app)/gradebook/page.tsx [Server Component] @ http://localhost:3000/_next/static/chunks/node_modules_next_dist_0u_w_5s._.js:1945
[  120648ms] [ERROR] ./app/(app)/gradebook/page.tsx:256:6
Unterminated regexp literal
  254 |       </div>
  255 |
> 256 |     </div>
      |      ^^^^^
  257 |   )
  258 | }
  259 |

Parsing ecmascript source code failed

Import traces:
  Client Component Browser:
    ./app/(app)/gradebook/page.tsx [Client Component Browser]
    ./app/(app)/gradebook/page.tsx [Server Component]

  Client Component SSR:
    ./app/(app)/gradebook/page.tsx [Client Component SSR]
    ./app/(app)/gradebook/page.tsx [Server Component] @ http://localhost:3000/_next/static/chunks/node_modules_next_dist_0u_w_5s._.js:1945
[  120705ms] [ERROR] ./app/(app)/gradebook/page.tsx:256:6
Unterminated regexp literal
  254 |       </div>
  255 |
> 256 |     </div>
      |      ^^^^^
  257 |   )
  258 | }
  259 |

Parsing ecmascript source code failed

Import traces:
  Client Component Browser:
    ./app/(app)/gradebook/page.tsx [Client Component Browser]
    ./app/(app)/gradebook/page.tsx [Server Component]

  Client Component SSR:
    ./app/(app)/gradebook/page.tsx [Client Component SSR]
    ./app/(app)/gradebook/page.tsx [Server Component] @ http://localhost:3000/_next/static/chunks/node_modules_next_dist_0u_w_5s._.js:1945
[  120762ms] [ERROR] ./app/(app)/gradebook/page.tsx:256:6
Unterminated regexp literal
  254 |       </div>
  255 |
> 256 |     </div>
      |      ^^^^^
  257 |   )
  258 | }
  259 |

Parsing ecmascript source code failed

Import traces:
  Client Component Browser:
    ./app/(app)/gradebook/page.tsx [Client Component Browser]
    ./app/(app)/gradebook/page.tsx [Server Component]

  Client Component SSR:
    ./app/(app)/gradebook/page.tsx [Client Component SSR]
    ./app/(app)/gradebook/page.tsx [Server Component] @ http://localhost:3000/_next/static/chunks/node_modules_next_dist_0u_w_5s._.js:1945
[  120818ms] [ERROR] ./app/(app)/gradebook/page.tsx:256:6
Unterminated regexp literal
  254 |       </div>
  255 |
> 256 |     </div>
      |      ^^^^^
  257 |   )
  258 | }
  259 |

Parsing ecmascript source code failed

Import traces:
  Client Component Browser:
    ./app/(app)/gradebook/page.tsx [Client Component Browser]
    ./app/(app)/gradebook/page.tsx [Server Component]

  Client Component SSR:
    ./app/(app)/gradebook/page.tsx [Client Component SSR]
    ./app/(app)/gradebook/page.tsx [Server Component] @ http://localhost:3000/_next/static/chunks/node_modules_next_dist_0u_w_5s._.js:1945
[  120866ms] [ERROR] ./app/(app)/gradebook/page.tsx:256:6
Unterminated regexp literal
  254 |       </div>
  255 |
> 256 |     </div>
      |      ^^^^^
  257 |   )
  258 | }
  259 |

Parsing ecmascript source code failed

Import traces:
  Client Component Browser:
    ./app/(app)/gradebook/page.tsx [Client Component Browser]
    ./app/(app)/gradebook/page.tsx [Server Component]

  Client Component SSR:
    ./app/(app)/gradebook/page.tsx [Client Component SSR]
    ./app/(app)/gradebook/page.tsx [Server Component] @ http://localhost:3000/_next/static/chunks/node_modules_next_dist_0u_w_5s._.js:1945
[  120916ms] [ERROR] ./app/(app)/gradebook/page.tsx:256:6
Unterminated regexp literal
  254 |       </div>
  255 |
> 256 |     </div>
      |      ^^^^^
  257 |   )
  258 | }
  259 |

Parsing ecmascript source code failed

Import traces:
  Client Component Browser:
    ./app/(app)/gradebook/page.tsx [Client Component Browser]
    ./app/(app)/gradebook/page.tsx [Server Component]

  Client Component SSR:
    ./app/(app)/gradebook/page.tsx [Client Component SSR]
    ./app/(app)/gradebook/page.tsx [Server Component] @ http://localhost:3000/_next/static/chunks/node_modules_next_dist_0u_w_5s._.js:1945
[  120965ms] [ERROR] ./app/(app)/gradebook/page.tsx:256:6
Unterminated regexp literal
  254 |       </div>
  255 |
> 256 |     </div>
      |      ^^^^^
  257 |   )
  258 | }
  259 |

Parsing ecmascript source code failed

Import traces:
  Client Component Browser:
    ./app/(app)/gradebook/page.tsx [Client Component Browser]
    ./app/(app)/gradebook/page.tsx [Server Component]

  Client Component SSR:
    ./app/(app)/gradebook/page.tsx [Client Component SSR]
    ./app/(app)/gradebook/page.tsx [Server Component] @ http://localhost:3000/_next/static/chunks/node_modules_next_dist_0u_w_5s._.js:1945
[  121013ms] [ERROR] ./app/(app)/gradebook/page.tsx:256:6
Unterminated regexp literal
  254 |       </div>
  255 |
> 256 |     </div>
      |      ^^^^^
  257 |   )
  258 | }
  259 |

Parsing ecmascript source code failed

Import traces:
  Client Component Browser:
    ./app/(app)/gradebook/page.tsx [Client Component Browser]
    ./app/(app)/gradebook/page.tsx [Server Component]

  Client Component SSR:
    ./app/(app)/gradebook/page.tsx [Client Component SSR]
    ./app/(app)/gradebook/page.tsx [Server Component] @ http://localhost:3000/_next/static/chunks/node_modules_next_dist_0u_w_5s._.js:1945
[  121076ms] [ERROR] ./app/(app)/gradebook/page.tsx:256:6
Unterminated regexp literal
  254 |       </div>
  255 |
> 256 |     </div>
      |      ^^^^^
  257 |   )
  258 | }
  259 |

Parsing ecmascript source code failed

Import traces:
  Client Component Browser:
    ./app/(app)/gradebook/page.tsx [Client Component Browser]
    ./app/(app)/gradebook/page.tsx [Server Component]

  Client Component SSR:
    ./app/(app)/gradebook/page.tsx [Client Component SSR]
    ./app/(app)/gradebook/page.tsx [Server Component] @ http://localhost:3000/_next/static/chunks/node_modules_next_dist_0u_w_5s._.js:1945
[  121124ms] [ERROR] ./app/(app)/gradebook/page.tsx:256:6
Unterminated regexp literal
  254 |       </div>
  255 |
> 256 |     </div>
      |      ^^^^^
  257 |   )
  258 | }
  259 |

Parsing ecmascript source code failed

Import traces:
  Client Component Browser:
    ./app/(app)/gradebook/page.tsx [Client Component Browser]
    ./app/(app)/gradebook/page.tsx [Server Component]

  Client Component SSR:
    ./app/(app)/gradebook/page.tsx [Client Component SSR]
    ./app/(app)/gradebook/page.tsx [Server Component] @ http://localhost:3000/_next/static/chunks/node_modules_next_dist_0u_w_5s._.js:1945
[  121172ms] [ERROR] ./app/(app)/gradebook/page.tsx:256:6
Unterminated regexp literal
  254 |       </div>
  255 |
> 256 |     </div>
      |      ^^^^^
  257 |   )
  258 | }
  259 |

Parsing ecmascript source code failed

Import traces:
  Client Component Browser:
    ./app/(app)/gradebook/page.tsx [Client Component Browser]
    ./app/(app)/gradebook/page.tsx [Server Component]

  Client Component SSR:
    ./app/(app)/gradebook/page.tsx [Client Component SSR]
    ./app/(app)/gradebook/page.tsx [Server Component] @ http://localhost:3000/_next/static/chunks/node_modules_next_dist_0u_w_5s._.js:1945
[  121229ms] [ERROR] ./app/(app)/gradebook/page.tsx:256:6
Unterminated regexp literal
  254 |       </div>
  255 |
> 256 |     </div>
      |      ^^^^^
  257 |   )
  258 | }
  259 |

Parsing ecmascript source code failed

Import traces:
  Client Component Browser:
    ./app/(app)/gradebook/page.tsx [Client Component Browser]
    ./app/(app)/gradebook/page.tsx [Server Component]

  Client Component SSR:
    ./app/(app)/gradebook/page.tsx [Client Component SSR]
    ./app/(app)/gradebook/page.tsx [Server Component] @ http://localhost:3000/_next/static/chunks/node_modules_next_dist_0u_w_5s._.js:1945
[  121286ms] [ERROR] ./app/(app)/gradebook/page.tsx:256:6
Unterminated regexp literal
  254 |       </div>
  255 |
> 256 |     </div>
      |      ^^^^^
  257 |   )
  258 | }
  259 |

Parsing ecmascript source code failed

Import traces:
  Client Component Browser:
    ./app/(app)/gradebook/page.tsx [Client Component Browser]
    ./app/(app)/gradebook/page.tsx [Server Component]

  Client Component SSR:
    ./app/(app)/gradebook/page.tsx [Client Component SSR]
    ./app/(app)/gradebook/page.tsx [Server Component] @ http://localhost:3000/_next/static/chunks/node_modules_next_dist_0u_w_5s._.js:1945
[  121342ms] [ERROR] ./app/(app)/gradebook/page.tsx:256:6
Unterminated regexp literal
  254 |       </div>
  255 |
> 256 |     </div>
      |      ^^^^^
  257 |   )
  258 | }
  259 |

Parsing ecmascript source code failed

Import traces:
  Client Component Browser:
    ./app/(app)/gradebook/page.tsx [Client Component Browser]
    ./app/(app)/gradebook/page.tsx [Server Component]

  Client Component SSR:
    ./app/(app)/gradebook/page.tsx [Client Component SSR]
    ./app/(app)/gradebook/page.tsx [Server Component] @ http://localhost:3000/_next/static/chunks/node_modules_next_dist_0u_w_5s._.js:1945
[  121405ms] [ERROR] ./app/(app)/gradebook/page.tsx:256:6
Unterminated regexp literal
  254 |       </div>
  255 |
> 256 |     </div>
      |      ^^^^^
  257 |   )
  258 | }
  259 |

Parsing ecmascript source code failed

Import traces:
  Client Component Browser:
    ./app/(app)/gradebook/page.tsx [Client Component Browser]
    ./app/(app)/gradebook/page.tsx [Server Component]

  Client Component SSR:
    ./app/(app)/gradebook/page.tsx [Client Component SSR]
    ./app/(app)/gradebook/page.tsx [Server Component] @ http://localhost:3000/_next/static/chunks/node_modules_next_dist_0u_w_5s._.js:1945
[  121453ms] [ERROR] ./app/(app)/gradebook/page.tsx:256:6
Unterminated regexp literal
  254 |       </div>
  255 |
> 256 |     </div>
      |      ^^^^^
  257 |   )
  258 | }
  259 |

Parsing ecmascript source code failed

Import traces:
  Client Component Browser:
    ./app/(app)/gradebook/page.tsx [Client Component Browser]
    ./app/(app)/gradebook/page.tsx [Server Component]

  Client Component SSR:
    ./app/(app)/gradebook/page.tsx [Client Component SSR]
    ./app/(app)/gradebook/page.tsx [Server Component] @ http://localhost:3000/_next/static/chunks/node_modules_next_dist_0u_w_5s._.js:1945
[  121508ms] [ERROR] ./app/(app)/gradebook/page.tsx:256:6
Unterminated regexp literal
  254 |       </div>
  255 |
> 256 |     </div>
      |      ^^^^^
  257 |   )
  258 | }
  259 |

Parsing ecmascript source code failed

Import traces:
  Client Component Browser:
    ./app/(app)/gradebook/page.tsx [Client Component Browser]
    ./app/(app)/gradebook/page.tsx [Server Component]

  Client Component SSR:
    ./app/(app)/gradebook/page.tsx [Client Component SSR]
    ./app/(app)/gradebook/page.tsx [Server Component] @ http://localhost:3000/_next/static/chunks/node_modules_next_dist_0u_w_5s._.js:1945
[  121565ms] [ERROR] ./app/(app)/gradebook/page.tsx:256:6
Unterminated regexp literal
  254 |       </div>
  255 |
> 256 |     </div>
      |      ^^^^^
  257 |   )
  258 | }
  259 |

Parsing ecmascript source code failed

Import traces:
  Client Component Browser:
    ./app/(app)/gradebook/page.tsx [Client Component Browser]
    ./app/(app)/gradebook/page.tsx [Server Component]

  Client Component SSR:
    ./app/(app)/gradebook/page.tsx [Client Component SSR]
    ./app/(app)/gradebook/page.tsx [Server Component] @ http://localhost:3000/_next/static/chunks/node_modules_next_dist_0u_w_5s._.js:1945
[  121615ms] [ERROR] ./app/(app)/gradebook/page.tsx:256:6
Unterminated regexp literal
  254 |       </div>
  255 |
> 256 |     </div>
      |      ^^^^^
  257 |   )
  258 | }
  259 |

Parsing ecmascript source code failed

Import traces:
  Client Component Browser:
    ./app/(app)/gradebook/page.tsx [Client Component Browser]
    ./app/(app)/gradebook/page.tsx [Server Component]

  Client Component SSR:
    ./app/(app)/gradebook/page.tsx [Client Component SSR]
    ./app/(app)/gradebook/page.tsx [Server Component] @ http://localhost:3000/_next/static/chunks/node_modules_next_dist_0u_w_5s._.js:1945
[  121678ms] [ERROR] ./app/(app)/gradebook/page.tsx:256:6
Unterminated regexp literal
  254 |       </div>
  255 |
> 256 |     </div>
      |      ^^^^^
  257 |   )
  258 | }
  259 |

Parsing ecmascript source code failed

Import traces:
  Client Component Browser:
    ./app/(app)/gradebook/page.tsx [Client Component Browser]
    ./app/(app)/gradebook/page.tsx [Server Component]

  Client Component SSR:
    ./app/(app)/gradebook/page.tsx [Client Component SSR]
    ./app/(app)/gradebook/page.tsx [Server Component] @ http://localhost:3000/_next/static/chunks/node_modules_next_dist_0u_w_5s._.js:1945
[  121728ms] [ERROR] ./app/(app)/gradebook/page.tsx:256:6
Unterminated regexp literal
  254 |       </div>
  255 |
> 256 |     </div>
      |      ^^^^^
  257 |   )
  258 | }
  259 |

Parsing ecmascript source code failed

Import traces:
  Client Component Browser:
    ./app/(app)/gradebook/page.tsx [Client Component Browser]
    ./app/(app)/gradebook/page.tsx [Server Component]

  Client Component SSR:
    ./app/(app)/gradebook/page.tsx [Client Component SSR]
    ./app/(app)/gradebook/page.tsx [Server Component] @ http://localhost:3000/_next/static/chunks/node_modules_next_dist_0u_w_5s._.js:1945
[  121776ms] [ERROR] ./app/(app)/gradebook/page.tsx:256:6
Unterminated regexp literal
  254 |       </div>
  255 |
> 256 |     </div>
      |      ^^^^^
  257 |   )
  258 | }
  259 |

Parsing ecmascript source code failed

Import traces:
  Client Component Browser:
    ./app/(app)/gradebook/page.tsx [Client Component Browser]
    ./app/(app)/gradebook/page.tsx [Server Component]

  Client Component SSR:
    ./app/(app)/gradebook/page.tsx [Client Component SSR]
    ./app/(app)/gradebook/page.tsx [Server Component] @ http://localhost:3000/_next/static/chunks/node_modules_next_dist_0u_w_5s._.js:1945
[  121822ms] [ERROR] ./app/(app)/gradebook/page.tsx:256:6
Unterminated regexp literal
  254 |       </div>
  255 |
> 256 |     </div>
      |      ^^^^^
  257 |   )
  258 | }
  259 |

Parsing ecmascript source code failed

Import traces:
  Client Component Browser:
    ./app/(app)/gradebook/page.tsx [Client Component Browser]
    ./app/(app)/gradebook/page.tsx [Server Component]

  Client Component SSR:
    ./app/(app)/gradebook/page.tsx [Client Component SSR]
    ./app/(app)/gradebook/page.tsx [Server Component] @ http://localhost:3000/_next/static/chunks/node_modules_next_dist_0u_w_5s._.js:1945
[  121879ms] [ERROR] ./app/(app)/gradebook/page.tsx:256:6
Unterminated regexp literal
  254 |       </div>
  255 |
> 256 |     </div>
      |      ^^^^^
  257 |   )
  258 | }
  259 |

Parsing ecmascript source code failed

Import traces:
  Client Component Browser:
    ./app/(app)/gradebook/page.tsx [Client Component Browser]
    ./app/(app)/gradebook/page.tsx [Server Component]

  Client Component SSR:
    ./app/(app)/gradebook/page.tsx [Client Component SSR]
    ./app/(app)/gradebook/page.tsx [Server Component] @ http://localhost:3000/_next/static/chunks/node_modules_next_dist_0u_w_5s._.js:1945
[  121931ms] [ERROR] ./app/(app)/gradebook/page.tsx:256:6
Unterminated regexp literal
  254 |       </div>
  255 |
> 256 |     </div>
      |      ^^^^^
  257 |   )
  258 | }
  259 |

Parsing ecmascript source code failed

Import traces:
  Client Component Browser:
    ./app/(app)/gradebook/page.tsx [Client Component Browser]
    ./app/(app)/gradebook/page.tsx [Server Component]

  Client Component SSR:
    ./app/(app)/gradebook/page.tsx [Client Component SSR]
    ./app/(app)/gradebook/page.tsx [Server Component] @ http://localhost:3000/_next/static/chunks/node_modules_next_dist_0u_w_5s._.js:1945
[  121986ms] [ERROR] ./app/(app)/gradebook/page.tsx:256:6
Unterminated regexp literal
  254 |       </div>
  255 |
> 256 |     </div>
      |      ^^^^^
  257 |   )
  258 | }
  259 |

Parsing ecmascript source code failed

Import traces:
  Client Component Browser:
    ./app/(app)/gradebook/page.tsx [Client Component Browser]
    ./app/(app)/gradebook/page.tsx [Server Component]

  Client Component SSR:
    ./app/(app)/gradebook/page.tsx [Client Component SSR]
    ./app/(app)/gradebook/page.tsx [Server Component] @ http://localhost:3000/_next/static/chunks/node_modules_next_dist_0u_w_5s._.js:1945
[  122037ms] [ERROR] ./app/(app)/gradebook/page.tsx:256:6
Unterminated regexp literal
  254 |       </div>
  255 |
> 256 |     </div>
      |      ^^^^^
  257 |   )
  258 | }
  259 |

Parsing ecmascript source code failed

Import traces:
  Client Component Browser:
    ./app/(app)/gradebook/page.tsx [Client Component Browser]
    ./app/(app)/gradebook/page.tsx [Server Component]

  Client Component SSR:
    ./app/(app)/gradebook/page.tsx [Client Component SSR]
    ./app/(app)/gradebook/page.tsx [Server Component] @ http://localhost:3000/_next/static/chunks/node_modules_next_dist_0u_w_5s._.js:1945
[  122097ms] [ERROR] ./app/(app)/gradebook/page.tsx:256:6
Unterminated regexp literal
  254 |       </div>
  255 |
> 256 |     </div>
      |      ^^^^^
  257 |   )
  258 | }
  259 |

Parsing ecmascript source code failed

Import traces:
  Client Component Browser:
    ./app/(app)/gradebook/page.tsx [Client Component Browser]
    ./app/(app)/gradebook/page.tsx [Server Component]

  Client Component SSR:
    ./app/(app)/gradebook/page.tsx [Client Component SSR]
    ./app/(app)/gradebook/page.tsx [Server Component] @ http://localhost:3000/_next/static/chunks/node_modules_next_dist_0u_w_5s._.js:1945
[  122160ms] [ERROR] ./app/(app)/gradebook/page.tsx:256:6
Unterminated regexp literal
  254 |       </div>
  255 |
> 256 |     </div>
      |      ^^^^^
  257 |   )
  258 | }
  259 |

Parsing ecmascript source code failed

Import traces:
  Client Component Browser:
    ./app/(app)/gradebook/page.tsx [Client Component Browser]
    ./app/(app)/gradebook/page.tsx [Server Component]

  Client Component SSR:
    ./app/(app)/gradebook/page.tsx [Client Component SSR]
    ./app/(app)/gradebook/page.tsx [Server Component] @ http://localhost:3000/_next/static/chunks/node_modules_next_dist_0u_w_5s._.js:1945
[  122212ms] [ERROR] ./app/(app)/gradebook/page.tsx:256:6
Unterminated regexp literal
  254 |       </div>
  255 |
> 256 |     </div>
      |      ^^^^^
  257 |   )
  258 | }
  259 |

Parsing ecmascript source code failed

Import traces:
  Client Component Browser:
    ./app/(app)/gradebook/page.tsx [Client Component Browser]
    ./app/(app)/gradebook/page.tsx [Server Component]

  Client Component SSR:
    ./app/(app)/gradebook/page.tsx [Client Component SSR]
    ./app/(app)/gradebook/page.tsx [Server Component] @ http://localhost:3000/_next/static/chunks/node_modules_next_dist_0u_w_5s._.js:1945
[  122276ms] [ERROR] ./app/(app)/gradebook/page.tsx:256:6
Unterminated regexp literal
  254 |       </div>
  255 |
> 256 |     </div>
      |      ^^^^^
  257 |   )
  258 | }
  259 |

Parsing ecmascript source code failed

Import traces:
  Client Component Browser:
    ./app/(app)/gradebook/page.tsx [Client Component Browser]
    ./app/(app)/gradebook/page.tsx [Server Component]

  Client Component SSR:
    ./app/(app)/gradebook/page.tsx [Client Component SSR]
    ./app/(app)/gradebook/page.tsx [Server Component] @ http://localhost:3000/_next/static/chunks/node_modules_next_dist_0u_w_5s._.js:1945
[  122332ms] [ERROR] ./app/(app)/gradebook/page.tsx:256:6
Unterminated regexp literal
  254 |       </div>
  255 |
> 256 |     </div>
      |      ^^^^^
  257 |   )
  258 | }
  259 |

Parsing ecmascript source code failed

Import traces:
  Client Component Browser:
    ./app/(app)/gradebook/page.tsx [Client Component Browser]
    ./app/(app)/gradebook/page.tsx [Server Component]

  Client Component SSR:
    ./app/(app)/gradebook/page.tsx [Client Component SSR]
    ./app/(app)/gradebook/page.tsx [Server Component] @ http://localhost:3000/_next/static/chunks/node_modules_next_dist_0u_w_5s._.js:1945
[  122394ms] [ERROR] ./app/(app)/gradebook/page.tsx:256:6
Unterminated regexp literal
  254 |       </div>
  255 |
> 256 |     </div>
      |      ^^^^^
  257 |   )
  258 | }
  259 |

Parsing ecmascript source code failed

Import traces:
  Client Component Browser:
    ./app/(app)/gradebook/page.tsx [Client Component Browser]
    ./app/(app)/gradebook/page.tsx [Server Component]

  Client Component SSR:
    ./app/(app)/gradebook/page.tsx [Client Component SSR]
    ./app/(app)/gradebook/page.tsx [Server Component] @ http://localhost:3000/_next/static/chunks/node_modules_next_dist_0u_w_5s._.js:1945
[  122449ms] [ERROR] ./app/(app)/gradebook/page.tsx:256:6
Unterminated regexp literal
  254 |       </div>
  255 |
> 256 |     </div>
      |      ^^^^^
  257 |   )
  258 | }
  259 |

Parsing ecmascript source code failed

Import traces:
  Client Component Browser:
    ./app/(app)/gradebook/page.tsx [Client Component Browser]
    ./app/(app)/gradebook/page.tsx [Server Component]

  Client Component SSR:
    ./app/(app)/gradebook/page.tsx [Client Component SSR]
    ./app/(app)/gradebook/page.tsx [Server Component] @ http://localhost:3000/_next/static/chunks/node_modules_next_dist_0u_w_5s._.js:1945
[  122498ms] [ERROR] ./app/(app)/gradebook/page.tsx:256:6
Unterminated regexp literal
  254 |       </div>
  255 |
> 256 |     </div>
      |      ^^^^^
  257 |   )
  258 | }
  259 |

Parsing ecmascript source code failed

Import traces:
  Client Component Browser:
    ./app/(app)/gradebook/page.tsx [Client Component Browser]
    ./app/(app)/gradebook/page.tsx [Server Component]

  Client Component SSR:
    ./app/(app)/gradebook/page.tsx [Client Component SSR]
    ./app/(app)/gradebook/page.tsx [Server Component] @ http://localhost:3000/_next/static/chunks/node_modules_next_dist_0u_w_5s._.js:1945
[  122548ms] [ERROR] ./app/(app)/gradebook/page.tsx:256:6
Unterminated regexp literal
  254 |       </div>
  255 |
> 256 |     </div>
      |      ^^^^^
  257 |   )
  258 | }
  259 |

Parsing ecmascript source code failed

Import traces:
  Client Component Browser:
    ./app/(app)/gradebook/page.tsx [Client Component Browser]
    ./app/(app)/gradebook/page.tsx [Server Component]

  Client Component SSR:
    ./app/(app)/gradebook/page.tsx [Client Component SSR]
    ./app/(app)/gradebook/page.tsx [Server Component] @ http://localhost:3000/_next/static/chunks/node_modules_next_dist_0u_w_5s._.js:1945
[  122605ms] [ERROR] ./app/(app)/gradebook/page.tsx:256:6
Unterminated regexp literal
  254 |       </div>
  255 |
> 256 |     </div>
      |      ^^^^^
  257 |   )
  258 | }
  259 |

Parsing ecmascript source code failed

Import traces:
  Client Component Browser:
    ./app/(app)/gradebook/page.tsx [Client Component Browser]
    ./app/(app)/gradebook/page.tsx [Server Component]

  Client Component SSR:
    ./app/(app)/gradebook/page.tsx [Client Component SSR]
    ./app/(app)/gradebook/page.tsx [Server Component] @ http://localhost:3000/_next/static/chunks/node_modules_next_dist_0u_w_5s._.js:1945
[  122664ms] [ERROR] ./app/(app)/gradebook/page.tsx:256:6
Unterminated regexp literal
  254 |       </div>
  255 |
> 256 |     </div>
      |      ^^^^^
  257 |   )
  258 | }
  259 |

Parsing ecmascript source code failed

Import traces:
  Client Component Browser:
    ./app/(app)/gradebook/page.tsx [Client Component Browser]
    ./app/(app)/gradebook/page.tsx [Server Component]

  Client Component SSR:
    ./app/(app)/gradebook/page.tsx [Client Component SSR]
    ./app/(app)/gradebook/page.tsx [Server Component] @ http://localhost:3000/_next/static/chunks/node_modules_next_dist_0u_w_5s._.js:1945
[  122725ms] [ERROR] ./app/(app)/gradebook/page.tsx:256:6
Unterminated regexp literal
  254 |       </div>
  255 |
> 256 |     </div>
      |      ^^^^^
  257 |   )
  258 | }
  259 |

Parsing ecmascript source code failed

Import traces:
  Client Component Browser:
    ./app/(app)/gradebook/page.tsx [Client Component Browser]
    ./app/(app)/gradebook/page.tsx [Server Component]

  Client Component SSR:
    ./app/(app)/gradebook/page.tsx [Client Component SSR]
    ./app/(app)/gradebook/page.tsx [Server Component] @ http://localhost:3000/_next/static/chunks/node_modules_next_dist_0u_w_5s._.js:1945
[  122781ms] [ERROR] ./app/(app)/gradebook/page.tsx:256:6
Unterminated regexp literal
  254 |       </div>
  255 |
> 256 |     </div>
      |      ^^^^^
  257 |   )
  258 | }
  259 |

Parsing ecmascript source code failed

Import traces:
  Client Component Browser:
    ./app/(app)/gradebook/page.tsx [Client Component Browser]
    ./app/(app)/gradebook/page.tsx [Server Component]

  Client Component SSR:
    ./app/(app)/gradebook/page.tsx [Client Component SSR]
    ./app/(app)/gradebook/page.tsx [Server Component] @ http://localhost:3000/_next/static/chunks/node_modules_next_dist_0u_w_5s._.js:1945
[  122829ms] [ERROR] ./app/(app)/gradebook/page.tsx:256:6
Unterminated regexp literal
  254 |       </div>
  255 |
> 256 |     </div>
      |      ^^^^^
  257 |   )
  258 | }
  259 |

Parsing ecmascript source code failed

Import traces:
  Client Component Browser:
    ./app/(app)/gradebook/page.tsx [Client Component Browser]
    ./app/(app)/gradebook/page.tsx [Server Component]

  Client Component SSR:
    ./app/(app)/gradebook/page.tsx [Client Component SSR]
    ./app/(app)/gradebook/page.tsx [Server Component] @ http://localhost:3000/_next/static/chunks/node_modules_next_dist_0u_w_5s._.js:1945
[  122883ms] [ERROR] ./app/(app)/gradebook/page.tsx:256:6
Unterminated regexp literal
  254 |       </div>
  255 |
> 256 |     </div>
      |      ^^^^^
  257 |   )
  258 | }
  259 |

Parsing ecmascript source code failed

Import traces:
  Client Component Browser:
    ./app/(app)/gradebook/page.tsx [Client Component Browser]
    ./app/(app)/gradebook/page.tsx [Server Component]

  Client Component SSR:
    ./app/(app)/gradebook/page.tsx [Client Component SSR]
    ./app/(app)/gradebook/page.tsx [Server Component] @ http://localhost:3000/_next/static/chunks/node_modules_next_dist_0u_w_5s._.js:1945
[  122939ms] [ERROR] ./app/(app)/gradebook/page.tsx:256:6
Unterminated regexp literal
  254 |       </div>
  255 |
> 256 |     </div>
      |      ^^^^^
  257 |   )
  258 | }
  259 |

Parsing ecmascript source code failed

Import traces:
  Client Component Browser:
    ./app/(app)/gradebook/page.tsx [Client Component Browser]
    ./app/(app)/gradebook/page.tsx [Server Component]

  Client Component SSR:
    ./app/(app)/gradebook/page.tsx [Client Component SSR]
    ./app/(app)/gradebook/page.tsx [Server Component] @ http://localhost:3000/_next/static/chunks/node_modules_next_dist_0u_w_5s._.js:1945
[  122996ms] [ERROR] ./app/(app)/gradebook/page.tsx:256:6
Unterminated regexp literal
  254 |       </div>
  255 |
> 256 |     </div>
      |      ^^^^^
  257 |   )
  258 | }
  259 |

Parsing ecmascript source code failed

Import traces:
  Client Component Browser:
    ./app/(app)/gradebook/page.tsx [Client Component Browser]
    ./app/(app)/gradebook/page.tsx [Server Component]

  Client Component SSR:
    ./app/(app)/gradebook/page.tsx [Client Component SSR]
    ./app/(app)/gradebook/page.tsx [Server Component] @ http://localhost:3000/_next/static/chunks/node_modules_next_dist_0u_w_5s._.js:1945
[  123046ms] [ERROR] ./app/(app)/gradebook/page.tsx:256:6
Unterminated regexp literal
  254 |       </div>
  255 |
> 256 |     </div>
      |      ^^^^^
  257 |   )
  258 | }
  259 |

Parsing ecmascript source code failed

Import traces:
  Client Component Browser:
    ./app/(app)/gradebook/page.tsx [Client Component Browser]
    ./app/(app)/gradebook/page.tsx [Server Component]

  Client Component SSR:
    ./app/(app)/gradebook/page.tsx [Client Component SSR]
    ./app/(app)/gradebook/page.tsx [Server Component] @ http://localhost:3000/_next/static/chunks/node_modules_next_dist_0u_w_5s._.js:1945
[  123107ms] [ERROR] ./app/(app)/gradebook/page.tsx:256:6
Unterminated regexp literal
  254 |       </div>
  255 |
> 256 |     </div>
      |      ^^^^^
  257 |   )
  258 | }
  259 |

Parsing ecmascript source code failed

Import traces:
  Client Component Browser:
    ./app/(app)/gradebook/page.tsx [Client Component Browser]
    ./app/(app)/gradebook/page.tsx [Server Component]

  Client Component SSR:
    ./app/(app)/gradebook/page.tsx [Client Component SSR]
    ./app/(app)/gradebook/page.tsx [Server Component] @ http://localhost:3000/_next/static/chunks/node_modules_next_dist_0u_w_5s._.js:1945
[  123165ms] [ERROR] ./app/(app)/gradebook/page.tsx:256:6
Unterminated regexp literal
  254 |       </div>
  255 |
> 256 |     </div>
      |      ^^^^^
  257 |   )
  258 | }
  259 |

Parsing ecmascript source code failed

Import traces:
  Client Component Browser:
    ./app/(app)/gradebook/page.tsx [Client Component Browser]
    ./app/(app)/gradebook/page.tsx [Server Component]

  Client Component SSR:
    ./app/(app)/gradebook/page.tsx [Client Component SSR]
    ./app/(app)/gradebook/page.tsx [Server Component] @ http://localhost:3000/_next/static/chunks/node_modules_next_dist_0u_w_5s._.js:1945
[  123231ms] [ERROR] ./app/(app)/gradebook/page.tsx:256:6
Unterminated regexp literal
  254 |       </div>
  255 |
> 256 |     </div>
      |      ^^^^^
  257 |   )
  258 | }
  259 |

Parsing ecmascript source code failed

Import traces:
  Client Component Browser:
    ./app/(app)/gradebook/page.tsx [Client Component Browser]
    ./app/(app)/gradebook/page.tsx [Server Component]

  Client Component SSR:
    ./app/(app)/gradebook/page.tsx [Client Component SSR]
    ./app/(app)/gradebook/page.tsx [Server Component] @ http://localhost:3000/_next/static/chunks/node_modules_next_dist_0u_w_5s._.js:1945
[  123282ms] [ERROR] ./app/(app)/gradebook/page.tsx:256:6
Unterminated regexp literal
  254 |       </div>
  255 |
> 256 |     </div>
      |      ^^^^^
  257 |   )
  258 | }
  259 |

Parsing ecmascript source code failed

Import traces:
  Client Component Browser:
    ./app/(app)/gradebook/page.tsx [Client Component Browser]
    ./app/(app)/gradebook/page.tsx [Server Component]

  Client Component SSR:
    ./app/(app)/gradebook/page.tsx [Client Component SSR]
    ./app/(app)/gradebook/page.tsx [Server Component] @ http://localhost:3000/_next/static/chunks/node_modules_next_dist_0u_w_5s._.js:1945
[  123348ms] [ERROR] ./app/(app)/gradebook/page.tsx:256:6
Unterminated regexp literal
  254 |       </div>
  255 |
> 256 |     </div>
      |      ^^^^^
  257 |   )
  258 | }
  259 |

Parsing ecmascript source code failed

Import traces:
  Client Component Browser:
    ./app/(app)/gradebook/page.tsx [Client Component Browser]
    ./app/(app)/gradebook/page.tsx [Server Component]

  Client Component SSR:
    ./app/(app)/gradebook/page.tsx [Client Component SSR]
    ./app/(app)/gradebook/page.tsx [Server Component] @ http://localhost:3000/_next/static/chunks/node_modules_next_dist_0u_w_5s._.js:1945
[  123397ms] [ERROR] ./app/(app)/gradebook/page.tsx:256:6
Unterminated regexp literal
  254 |       </div>
  255 |
> 256 |     </div>
      |      ^^^^^
  257 |   )
  258 | }
  259 |

Parsing ecmascript source code failed

Import traces:
  Client Component Browser:
    ./app/(app)/gradebook/page.tsx [Client Component Browser]
    ./app/(app)/gradebook/page.tsx [Server Component]

  Client Component SSR:
    ./app/(app)/gradebook/page.tsx [Client Component SSR]
    ./app/(app)/gradebook/page.tsx [Server Component] @ http://localhost:3000/_next/static/chunks/node_modules_next_dist_0u_w_5s._.js:1945
[  123445ms] [ERROR] ./app/(app)/gradebook/page.tsx:256:6
Unterminated regexp literal
  254 |       </div>
  255 |
> 256 |     </div>
      |      ^^^^^
  257 |   )
  258 | }
  259 |

Parsing ecmascript source code failed

Import traces:
  Client Component Browser:
    ./app/(app)/gradebook/page.tsx [Client Component Browser]
    ./app/(app)/gradebook/page.tsx [Server Component]

  Client Component SSR:
    ./app/(app)/gradebook/page.tsx [Client Component SSR]
    ./app/(app)/gradebook/page.tsx [Server Component] @ http://localhost:3000/_next/static/chunks/node_modules_next_dist_0u_w_5s._.js:1945
[  123508ms] [ERROR] ./app/(app)/gradebook/page.tsx:256:6
Unterminated regexp literal
  254 |       </div>
  255 |
> 256 |     </div>
      |      ^^^^^
  257 |   )
  258 | }
  259 |

Parsing ecmascript source code failed

Import traces:
  Client Component Browser:
    ./app/(app)/gradebook/page.tsx [Client Component Browser]
    ./app/(app)/gradebook/page.tsx [Server Component]

  Client Component SSR:
    ./app/(app)/gradebook/page.tsx [Client Component SSR]
    ./app/(app)/gradebook/page.tsx [Server Component] @ http://localhost:3000/_next/static/chunks/node_modules_next_dist_0u_w_5s._.js:1945
[  123565ms] [ERROR] ./app/(app)/gradebook/page.tsx:256:6
Unterminated regexp literal
  254 |       </div>
  255 |
> 256 |     </div>
      |      ^^^^^
  257 |   )
  258 | }
  259 |

Parsing ecmascript source code failed

Import traces:
  Client Component Browser:
    ./app/(app)/gradebook/page.tsx [Client Component Browser]
    ./app/(app)/gradebook/page.tsx [Server Component]

  Client Component SSR:
    ./app/(app)/gradebook/page.tsx [Client Component SSR]
    ./app/(app)/gradebook/page.tsx [Server Component] @ http://localhost:3000/_next/static/chunks/node_modules_next_dist_0u_w_5s._.js:1945
[  123633ms] [ERROR] ./app/(app)/gradebook/page.tsx:256:6
Unterminated regexp literal
  254 |       </div>
  255 |
> 256 |     </div>
      |      ^^^^^
  257 |   )
  258 | }
  259 |

Parsing ecmascript source code failed

Import traces:
  Client Component Browser:
    ./app/(app)/gradebook/page.tsx [Client Component Browser]
    ./app/(app)/gradebook/page.tsx [Server Component]

  Client Component SSR:
    ./app/(app)/gradebook/page.tsx [Client Component SSR]
    ./app/(app)/gradebook/page.tsx [Server Component] @ http://localhost:3000/_next/static/chunks/node_modules_next_dist_0u_w_5s._.js:1945
[  123698ms] [ERROR] ./app/(app)/gradebook/page.tsx:256:6
Unterminated regexp literal
  254 |       </div>
  255 |
> 256 |     </div>
      |      ^^^^^
  257 |   )
  258 | }
  259 |

Parsing ecmascript source code failed

Import traces:
  Client Component Browser:
    ./app/(app)/gradebook/page.tsx [Client Component Browser]
    ./app/(app)/gradebook/page.tsx [Server Component]

  Client Component SSR:
    ./app/(app)/gradebook/page.tsx [Client Component SSR]
    ./app/(app)/gradebook/page.tsx [Server Component] @ http://localhost:3000/_next/static/chunks/node_modules_next_dist_0u_w_5s._.js:1945
[  123750ms] [ERROR] ./app/(app)/gradebook/page.tsx:256:6
Unterminated regexp literal
  254 |       </div>
  255 |
> 256 |     </div>
      |      ^^^^^
  257 |   )
  258 | }
  259 |

Parsing ecmascript source code failed

Import traces:
  Client Component Browser:
    ./app/(app)/gradebook/page.tsx [Client Component Browser]
    ./app/(app)/gradebook/page.tsx [Server Component]

  Client Component SSR:
    ./app/(app)/gradebook/page.tsx [Client Component SSR]
    ./app/(app)/gradebook/page.tsx [Server Component] @ http://localhost:3000/_next/static/chunks/node_modules_next_dist_0u_w_5s._.js:1945
[  123799ms] [ERROR] ./app/(app)/gradebook/page.tsx:256:6
Unterminated regexp literal
  254 |       </div>
  255 |
> 256 |     </div>
      |      ^^^^^
  257 |   )
  258 | }
  259 |

Parsing ecmascript source code failed

Import traces:
  Client Component Browser:
    ./app/(app)/gradebook/page.tsx [Client Component Browser]
    ./app/(app)/gradebook/page.tsx [Server Component]

  Client Component SSR:
    ./app/(app)/gradebook/page.tsx [Client Component SSR]
    ./app/(app)/gradebook/page.tsx [Server Component] @ http://localhost:3000/_next/static/chunks/node_modules_next_dist_0u_w_5s._.js:1945
[  123850ms] [ERROR] ./app/(app)/gradebook/page.tsx:256:6
Unterminated regexp literal
  254 |       </div>
  255 |
> 256 |     </div>
      |      ^^^^^
  257 |   )
  258 | }
  259 |

Parsing ecmascript source code failed

Import traces:
  Client Component Browser:
    ./app/(app)/gradebook/page.tsx [Client Component Browser]
    ./app/(app)/gradebook/page.tsx [Server Component]

  Client Component SSR:
    ./app/(app)/gradebook/page.tsx [Client Component SSR]
    ./app/(app)/gradebook/page.tsx [Server Component] @ http://localhost:3000/_next/static/chunks/node_modules_next_dist_0u_w_5s._.js:1945
[  123897ms] [ERROR] ./app/(app)/gradebook/page.tsx:256:6
Unterminated regexp literal
  254 |       </div>
  255 |
> 256 |     </div>
      |      ^^^^^
  257 |   )
  258 | }
  259 |

Parsing ecmascript source code failed

Import traces:
  Client Component Browser:
    ./app/(app)/gradebook/page.tsx [Client Component Browser]
    ./app/(app)/gradebook/page.tsx [Server Component]

  Client Component SSR:
    ./app/(app)/gradebook/page.tsx [Client Component SSR]
    ./app/(app)/gradebook/page.tsx [Server Component] @ http://localhost:3000/_next/static/chunks/node_modules_next_dist_0u_w_5s._.js:1945
[  123957ms] [ERROR] ./app/(app)/gradebook/page.tsx:256:6
Unterminated regexp literal
  254 |       </div>
  255 |
> 256 |     </div>
      |      ^^^^^
  257 |   )
  258 | }
  259 |

Parsing ecmascript source code failed

Import traces:
  Client Component Browser:
    ./app/(app)/gradebook/page.tsx [Client Component Browser]
    ./app/(app)/gradebook/page.tsx [Server Component]

  Client Component SSR:
    ./app/(app)/gradebook/page.tsx [Client Component SSR]
    ./app/(app)/gradebook/page.tsx [Server Component] @ http://localhost:3000/_next/static/chunks/node_modules_next_dist_0u_w_5s._.js:1945
[  124008ms] [ERROR] ./app/(app)/gradebook/page.tsx:256:6
Unterminated regexp literal
  254 |       </div>
  255 |
> 256 |     </div>
      |      ^^^^^
  257 |   )
  258 | }
  259 |

Parsing ecmascript source code failed

Import traces:
  Client Component Browser:
    ./app/(app)/gradebook/page.tsx [Client Component Browser]
    ./app/(app)/gradebook/page.tsx [Server Component]

  Client Component SSR:
    ./app/(app)/gradebook/page.tsx [Client Component SSR]
    ./app/(app)/gradebook/page.tsx [Server Component] @ http://localhost:3000/_next/static/chunks/node_modules_next_dist_0u_w_5s._.js:1945
[  124064ms] [ERROR] ./app/(app)/gradebook/page.tsx:256:6
Unterminated regexp literal
  254 |       </div>
  255 |
> 256 |     </div>
      |      ^^^^^
  257 |   )
  258 | }
  259 |

Parsing ecmascript source code failed

Import traces:
  Client Component Browser:
    ./app/(app)/gradebook/page.tsx [Client Component Browser]
    ./app/(app)/gradebook/page.tsx [Server Component]

  Client Component SSR:
    ./app/(app)/gradebook/page.tsx [Client Component SSR]
    ./app/(app)/gradebook/page.tsx [Server Component] @ http://localhost:3000/_next/static/chunks/node_modules_next_dist_0u_w_5s._.js:1945
[  124116ms] [ERROR] ./app/(app)/gradebook/page.tsx:256:6
Unterminated regexp literal
  254 |       </div>
  255 |
> 256 |     </div>
      |      ^^^^^
  257 |   )
  258 | }
  259 |

Parsing ecmascript source code failed

Import traces:
  Client Component Browser:
    ./app/(app)/gradebook/page.tsx [Client Component Browser]
    ./app/(app)/gradebook/page.tsx [Server Component]

  Client Component SSR:
    ./app/(app)/gradebook/page.tsx [Client Component SSR]
    ./app/(app)/gradebook/page.tsx [Server Component] @ http://localhost:3000/_next/static/chunks/node_modules_next_dist_0u_w_5s._.js:1945
[  124200ms] [ERROR] ./app/(app)/gradebook/page.tsx:256:6
Unterminated regexp literal
  254 |       </div>
  255 |
> 256 |     </div>
      |      ^^^^^
  257 |   )
  258 | }
  259 |

Parsing ecmascript source code failed

Import traces:
  Client Component Browser:
    ./app/(app)/gradebook/page.tsx [Client Component Browser]
    ./app/(app)/gradebook/page.tsx [Server Component]

  Client Component SSR:
    ./app/(app)/gradebook/page.tsx [Client Component SSR]
    ./app/(app)/gradebook/page.tsx [Server Component] @ http://localhost:3000/_next/static/chunks/node_modules_next_dist_0u_w_5s._.js:1945
[  124266ms] [ERROR] ./app/(app)/gradebook/page.tsx:256:6
Unterminated regexp literal
  254 |       </div>
  255 |
> 256 |     </div>
      |      ^^^^^
  257 |   )
  258 | }
  259 |

Parsing ecmascript source code failed

Import traces:
  Client Component Browser:
    ./app/(app)/gradebook/page.tsx [Client Component Browser]
    ./app/(app)/gradebook/page.tsx [Server Component]

  Client Component SSR:
    ./app/(app)/gradebook/page.tsx [Client Component SSR]
    ./app/(app)/gradebook/page.tsx [Server Component] @ http://localhost:3000/_next/static/chunks/node_modules_next_dist_0u_w_5s._.js:1945
[  124316ms] [ERROR] ./app/(app)/gradebook/page.tsx:256:6
Unterminated regexp literal
  254 |       </div>
  255 |
> 256 |     </div>
      |      ^^^^^
  257 |   )
  258 | }
  259 |

Parsing ecmascript source code failed

Import traces:
  Client Component Browser:
    ./app/(app)/gradebook/page.tsx [Client Component Browser]
    ./app/(app)/gradebook/page.tsx [Server Component]

  Client Component SSR:
    ./app/(app)/gradebook/page.tsx [Client Component SSR]
    ./app/(app)/gradebook/page.tsx [Server Component] @ http://localhost:3000/_next/static/chunks/node_modules_next_dist_0u_w_5s._.js:1945
[  124386ms] [ERROR] ./app/(app)/gradebook/page.tsx:256:6
Unterminated regexp literal
  254 |       </div>
  255 |
> 256 |     </div>
      |      ^^^^^
  257 |   )
  258 | }
  259 |

Parsing ecmascript source code failed

Import traces:
  Client Component Browser:
    ./app/(app)/gradebook/page.tsx [Client Component Browser]
    ./app/(app)/gradebook/page.tsx [Server Component]

  Client Component SSR:
    ./app/(app)/gradebook/page.tsx [Client Component SSR]
    ./app/(app)/gradebook/page.tsx [Server Component] @ http://localhost:3000/_next/static/chunks/node_modules_next_dist_0u_w_5s._.js:1945
[  124433ms] [ERROR] ./app/(app)/gradebook/page.tsx:256:6
Unterminated regexp literal
  254 |       </div>
  255 |
> 256 |     </div>
      |      ^^^^^
  257 |   )
  258 | }
  259 |

Parsing ecmascript source code failed

Import traces:
  Client Component Browser:
    ./app/(app)/gradebook/page.tsx [Client Component Browser]
    ./app/(app)/gradebook/page.tsx [Server Component]

  Client Component SSR:
    ./app/(app)/gradebook/page.tsx [Client Component SSR]
    ./app/(app)/gradebook/page.tsx [Server Component] @ http://localhost:3000/_next/static/chunks/node_modules_next_dist_0u_w_5s._.js:1945
[  124490ms] [ERROR] ./app/(app)/gradebook/page.tsx:256:6
Unterminated regexp literal
  254 |       </div>
  255 |
> 256 |     </div>
      |      ^^^^^
  257 |   )
  258 | }
  259 |

Parsing ecmascript source code failed

Import traces:
  Client Component Browser:
    ./app/(app)/gradebook/page.tsx [Client Component Browser]
    ./app/(app)/gradebook/page.tsx [Server Component]

  Client Component SSR:
    ./app/(app)/gradebook/page.tsx [Client Component SSR]
    ./app/(app)/gradebook/page.tsx [Server Component] @ http://localhost:3000/_next/static/chunks/node_modules_next_dist_0u_w_5s._.js:1945
[  124549ms] [ERROR] ./app/(app)/gradebook/page.tsx:256:6
Unterminated regexp literal
  254 |       </div>
  255 |
> 256 |     </div>
      |      ^^^^^
  257 |   )
  258 | }
  259 |

Parsing ecmascript source code failed

Import traces:
  Client Component Browser:
    ./app/(app)/gradebook/page.tsx [Client Component Browser]
    ./app/(app)/gradebook/page.tsx [Server Component]

  Client Component SSR:
    ./app/(app)/gradebook/page.tsx [Client Component SSR]
    ./app/(app)/gradebook/page.tsx [Server Component] @ http://localhost:3000/_next/static/chunks/node_modules_next_dist_0u_w_5s._.js:1945
[  124613ms] [ERROR] ./app/(app)/gradebook/page.tsx:256:6
Unterminated regexp literal
  254 |       </div>
  255 |
> 256 |     </div>
      |      ^^^^^
  257 |   )
  258 | }
  259 |

Parsing ecmascript source code failed

Import traces:
  Client Component Browser:
    ./app/(app)/gradebook/page.tsx [Client Component Browser]
    ./app/(app)/gradebook/page.tsx [Server Component]

  Client Component SSR:
    ./app/(app)/gradebook/page.tsx [Client Component SSR]
    ./app/(app)/gradebook/page.tsx [Server Component] @ http://localhost:3000/_next/static/chunks/node_modules_next_dist_0u_w_5s._.js:1945
[  124681ms] [ERROR] ./app/(app)/gradebook/page.tsx:256:6
Unterminated regexp literal
  254 |       </div>
  255 |
> 256 |     </div>
      |      ^^^^^
  257 |   )
  258 | }
  259 |

Parsing ecmascript source code failed

Import traces:
  Client Component Browser:
    ./app/(app)/gradebook/page.tsx [Client Component Browser]
    ./app/(app)/gradebook/page.tsx [Server Component]

  Client Component SSR:
    ./app/(app)/gradebook/page.tsx [Client Component SSR]
    ./app/(app)/gradebook/page.tsx [Server Component] @ http://localhost:3000/_next/static/chunks/node_modules_next_dist_0u_w_5s._.js:1945
[  124733ms] [ERROR] ./app/(app)/gradebook/page.tsx:256:6
Unterminated regexp literal
  254 |       </div>
  255 |
> 256 |     </div>
      |      ^^^^^
  257 |   )
  258 | }
  259 |

Parsing ecmascript source code failed

Import traces:
  Client Component Browser:
    ./app/(app)/gradebook/page.tsx [Client Component Browser]
    ./app/(app)/gradebook/page.tsx [Server Component]

  Client Component SSR:
    ./app/(app)/gradebook/page.tsx [Client Component SSR]
    ./app/(app)/gradebook/page.tsx [Server Component] @ http://localhost:3000/_next/static/chunks/node_modules_next_dist_0u_w_5s._.js:1945
[  124788ms] [ERROR] ./app/(app)/gradebook/page.tsx:256:6
Unterminated regexp literal
  254 |       </div>
  255 |
> 256 |     </div>
      |      ^^^^^
  257 |   )
  258 | }
  259 |

Parsing ecmascript source code failed

Import traces:
  Client Component Browser:
    ./app/(app)/gradebook/page.tsx [Client Component Browser]
    ./app/(app)/gradebook/page.tsx [Server Component]

  Client Component SSR:
    ./app/(app)/gradebook/page.tsx [Client Component SSR]
    ./app/(app)/gradebook/page.tsx [Server Component] @ http://localhost:3000/_next/static/chunks/node_modules_next_dist_0u_w_5s._.js:1945
[  124849ms] [ERROR] ./app/(app)/gradebook/page.tsx:256:6
Unterminated regexp literal
  254 |       </div>
  255 |
> 256 |     </div>
      |      ^^^^^
  257 |   )
  258 | }
  259 |

Parsing ecmascript source code failed

Import traces:
  Client Component Browser:
    ./app/(app)/gradebook/page.tsx [Client Component Browser]
    ./app/(app)/gradebook/page.tsx [Server Component]

  Client Component SSR:
    ./app/(app)/gradebook/page.tsx [Client Component SSR]
    ./app/(app)/gradebook/page.tsx [Server Component] @ http://localhost:3000/_next/static/chunks/node_modules_next_dist_0u_w_5s._.js:1945
[  124897ms] [ERROR] ./app/(app)/gradebook/page.tsx:256:6
Unterminated regexp literal
  254 |       </div>
  255 |
> 256 |     </div>
      |      ^^^^^
  257 |   )
  258 | }
  259 |

Parsing ecmascript source code failed

Import traces:
  Client Component Browser:
    ./app/(app)/gradebook/page.tsx [Client Component Browser]
    ./app/(app)/gradebook/page.tsx [Server Component]

  Client Component SSR:
    ./app/(app)/gradebook/page.tsx [Client Component SSR]
    ./app/(app)/gradebook/page.tsx [Server Component] @ http://localhost:3000/_next/static/chunks/node_modules_next_dist_0u_w_5s._.js:1945
[  124954ms] [ERROR] ./app/(app)/gradebook/page.tsx:256:6
Unterminated regexp literal
  254 |       </div>
  255 |
> 256 |     </div>
      |      ^^^^^
  257 |   )
  258 | }
  259 |

Parsing ecmascript source code failed

Import traces:
  Client Component Browser:
    ./app/(app)/gradebook/page.tsx [Client Component Browser]
    ./app/(app)/gradebook/page.tsx [Server Component]

  Client Component SSR:
    ./app/(app)/gradebook/page.tsx [Client Component SSR]
    ./app/(app)/gradebook/page.tsx [Server Component] @ http://localhost:3000/_next/static/chunks/node_modules_next_dist_0u_w_5s._.js:1945
[  125010ms] [ERROR] ./app/(app)/gradebook/page.tsx:256:6
Unterminated regexp literal
  254 |       </div>
  255 |
> 256 |     </div>
      |      ^^^^^
  257 |   )
  258 | }
  259 |

Parsing ecmascript source code failed

Import traces:
  Client Component Browser:
    ./app/(app)/gradebook/page.tsx [Client Component Browser]
    ./app/(app)/gradebook/page.tsx [Server Component]

  Client Component SSR:
    ./app/(app)/gradebook/page.tsx [Client Component SSR]
    ./app/(app)/gradebook/page.tsx [Server Component] @ http://localhost:3000/_next/static/chunks/node_modules_next_dist_0u_w_5s._.js:1945
[  125066ms] [ERROR] ./app/(app)/gradebook/page.tsx:256:6
Unterminated regexp literal
  254 |       </div>
  255 |
> 256 |     </div>
      |      ^^^^^
  257 |   )
  258 | }
  259 |

Parsing ecmascript source code failed

Import traces:
  Client Component Browser:
    ./app/(app)/gradebook/page.tsx [Client Component Browser]
    ./app/(app)/gradebook/page.tsx [Server Component]

  Client Component SSR:
    ./app/(app)/gradebook/page.tsx [Client Component SSR]
    ./app/(app)/gradebook/page.tsx [Server Component] @ http://localhost:3000/_next/static/chunks/node_modules_next_dist_0u_w_5s._.js:1945
[  125116ms] [ERROR] ./app/(app)/gradebook/page.tsx:256:6
Unterminated regexp literal
  254 |       </div>
  255 |
> 256 |     </div>
      |      ^^^^^
  257 |   )
  258 | }
  259 |

Parsing ecmascript source code failed

Import traces:
  Client Component Browser:
    ./app/(app)/gradebook/page.tsx [Client Component Browser]
    ./app/(app)/gradebook/page.tsx [Server Component]

  Client Component SSR:
    ./app/(app)/gradebook/page.tsx [Client Component SSR]
    ./app/(app)/gradebook/page.tsx [Server Component] @ http://localhost:3000/_next/static/chunks/node_modules_next_dist_0u_w_5s._.js:1945
[  125165ms] [ERROR] ./app/(app)/gradebook/page.tsx:256:6
Unterminated regexp literal
  254 |       </div>
  255 |
> 256 |     </div>
      |      ^^^^^
  257 |   )
  258 | }
  259 |

Parsing ecmascript source code failed

Import traces:
  Client Component Browser:
    ./app/(app)/gradebook/page.tsx [Client Component Browser]
    ./app/(app)/gradebook/page.tsx [Server Component]

  Client Component SSR:
    ./app/(app)/gradebook/page.tsx [Client Component SSR]
    ./app/(app)/gradebook/page.tsx [Server Component] @ http://localhost:3000/_next/static/chunks/node_modules_next_dist_0u_w_5s._.js:1945
[  125215ms] [ERROR] ./app/(app)/gradebook/page.tsx:256:6
Unterminated regexp literal
  254 |       </div>
  255 |
> 256 |     </div>
      |      ^^^^^
  257 |   )
  258 | }
  259 |

Parsing ecmascript source code failed

Import traces:
  Client Component Browser:
    ./app/(app)/gradebook/page.tsx [Client Component Browser]
    ./app/(app)/gradebook/page.tsx [Server Component]

  Client Component SSR:
    ./app/(app)/gradebook/page.tsx [Client Component SSR]
    ./app/(app)/gradebook/page.tsx [Server Component] @ http://localhost:3000/_next/static/chunks/node_modules_next_dist_0u_w_5s._.js:1945
[  125279ms] [ERROR] ./app/(app)/gradebook/page.tsx:256:6
Unterminated regexp literal
  254 |       </div>
  255 |
> 256 |     </div>
      |      ^^^^^
  257 |   )
  258 | }
  259 |

Parsing ecmascript source code failed

Import traces:
  Client Component Browser:
    ./app/(app)/gradebook/page.tsx [Client Component Browser]
    ./app/(app)/gradebook/page.tsx [Server Component]

  Client Component SSR:
    ./app/(app)/gradebook/page.tsx [Client Component SSR]
    ./app/(app)/gradebook/page.tsx [Server Component] @ http://localhost:3000/_next/static/chunks/node_modules_next_dist_0u_w_5s._.js:1945
[  125333ms] [ERROR] ./app/(app)/gradebook/page.tsx:256:6
Unterminated regexp literal
  254 |       </div>
  255 |
> 256 |     </div>
      |      ^^^^^
  257 |   )
  258 | }
  259 |

Parsing ecmascript source code failed

Import traces:
  Client Component Browser:
    ./app/(app)/gradebook/page.tsx [Client Component Browser]
    ./app/(app)/gradebook/page.tsx [Server Component]

  Client Component SSR:
    ./app/(app)/gradebook/page.tsx [Client Component SSR]
    ./app/(app)/gradebook/page.tsx [Server Component] @ http://localhost:3000/_next/static/chunks/node_modules_next_dist_0u_w_5s._.js:1945
[  125383ms] [ERROR] ./app/(app)/gradebook/page.tsx:256:6
Unterminated regexp literal
  254 |       </div>
  255 |
> 256 |     </div>
      |      ^^^^^
  257 |   )
  258 | }
  259 |

Parsing ecmascript source code failed

Import traces:
  Client Component Browser:
    ./app/(app)/gradebook/page.tsx [Client Component Browser]
    ./app/(app)/gradebook/page.tsx [Server Component]

  Client Component SSR:
    ./app/(app)/gradebook/page.tsx [Client Component SSR]
    ./app/(app)/gradebook/page.tsx [Server Component] @ http://localhost:3000/_next/static/chunks/node_modules_next_dist_0u_w_5s._.js:1945
[  125449ms] [ERROR] ./app/(app)/gradebook/page.tsx:256:6
Unterminated regexp literal
  254 |       </div>
  255 |
> 256 |     </div>
      |      ^^^^^
  257 |   )
  258 | }
  259 |

Parsing ecmascript source code failed

Import traces:
  Client Component Browser:
    ./app/(app)/gradebook/page.tsx [Client Component Browser]
    ./app/(app)/gradebook/page.tsx [Server Component]

  Client Component SSR:
    ./app/(app)/gradebook/page.tsx [Client Component SSR]
    ./app/(app)/gradebook/page.tsx [Server Component] @ http://localhost:3000/_next/static/chunks/node_modules_next_dist_0u_w_5s._.js:1945
[  125499ms] [ERROR] ./app/(app)/gradebook/page.tsx:256:6
Unterminated regexp literal
  254 |       </div>
  255 |
> 256 |     </div>
      |      ^^^^^
  257 |   )
  258 | }
  259 |

Parsing ecmascript source code failed

Import traces:
  Client Component Browser:
    ./app/(app)/gradebook/page.tsx [Client Component Browser]
    ./app/(app)/gradebook/page.tsx [Server Component]

  Client Component SSR:
    ./app/(app)/gradebook/page.tsx [Client Component SSR]
    ./app/(app)/gradebook/page.tsx [Server Component] @ http://localhost:3000/_next/static/chunks/node_modules_next_dist_0u_w_5s._.js:1945
[  125549ms] [ERROR] ./app/(app)/gradebook/page.tsx:256:6
Unterminated regexp literal
  254 |       </div>
  255 |
> 256 |     </div>
      |      ^^^^^
  257 |   )
  258 | }
  259 |

Parsing ecmascript source code failed

Import traces:
  Client Component Browser:
    ./app/(app)/gradebook/page.tsx [Client Component Browser]
    ./app/(app)/gradebook/page.tsx [Server Component]

  Client Component SSR:
    ./app/(app)/gradebook/page.tsx [Client Component SSR]
    ./app/(app)/gradebook/page.tsx [Server Component] @ http://localhost:3000/_next/static/chunks/node_modules_next_dist_0u_w_5s._.js:1945
[  125599ms] [ERROR] ./app/(app)/gradebook/page.tsx:256:6
Unterminated regexp literal
  254 |       </div>
  255 |
> 256 |     </div>
      |      ^^^^^
  257 |   )
  258 | }
  259 |

Parsing ecmascript source code failed

Import traces:
  Client Component Browser:
    ./app/(app)/gradebook/page.tsx [Client Component Browser]
    ./app/(app)/gradebook/page.tsx [Server Component]

  Client Component SSR:
    ./app/(app)/gradebook/page.tsx [Client Component SSR]
    ./app/(app)/gradebook/page.tsx [Server Component] @ http://localhost:3000/_next/static/chunks/node_modules_next_dist_0u_w_5s._.js:1945
[  125655ms] [ERROR] ./app/(app)/gradebook/page.tsx:256:6
Unterminated regexp literal
  254 |       </div>
  255 |
> 256 |     </div>
      |      ^^^^^
  257 |   )
  258 | }
  259 |

Parsing ecmascript source code failed

Import traces:
  Client Component Browser:
    ./app/(app)/gradebook/page.tsx [Client Component Browser]
    ./app/(app)/gradebook/page.tsx [Server Component]

  Client Component SSR:
    ./app/(app)/gradebook/page.tsx [Client Component SSR]
    ./app/(app)/gradebook/page.tsx [Server Component] @ http://localhost:3000/_next/static/chunks/node_modules_next_dist_0u_w_5s._.js:1945
[  125720ms] [ERROR] ./app/(app)/gradebook/page.tsx:256:6
Unterminated regexp literal
  254 |       </div>
  255 |
> 256 |     </div>
      |      ^^^^^
  257 |   )
  258 | }
  259 |

Parsing ecmascript source code failed

Import traces:
  Client Component Browser:
    ./app/(app)/gradebook/page.tsx [Client Component Browser]
    ./app/(app)/gradebook/page.tsx [Server Component]

  Client Component SSR:
    ./app/(app)/gradebook/page.tsx [Client Component SSR]
    ./app/(app)/gradebook/page.tsx [Server Component] @ http://localhost:3000/_next/static/chunks/node_modules_next_dist_0u_w_5s._.js:1945
[  125784ms] [ERROR] ./app/(app)/gradebook/page.tsx:256:6
Unterminated regexp literal
  254 |       </div>
  255 |
> 256 |     </div>
      |      ^^^^^
  257 |   )
  258 | }
  259 |

Parsing ecmascript source code failed

Import traces:
  Client Component Browser:
    ./app/(app)/gradebook/page.tsx [Client Component Browser]
    ./app/(app)/gradebook/page.tsx [Server Component]

  Client Component SSR:
    ./app/(app)/gradebook/page.tsx [Client Component SSR]
    ./app/(app)/gradebook/page.tsx [Server Component] @ http://localhost:3000/_next/static/chunks/node_modules_next_dist_0u_w_5s._.js:1945
[  125833ms] [ERROR] ./app/(app)/gradebook/page.tsx:256:6
Unterminated regexp literal
  254 |       </div>
  255 |
> 256 |     </div>
      |      ^^^^^
  257 |   )
  258 | }
  259 |

Parsing ecmascript source code failed

Import traces:
  Client Component Browser:
    ./app/(app)/gradebook/page.tsx [Client Component Browser]
    ./app/(app)/gradebook/page.tsx [Server Component]

  Client Component SSR:
    ./app/(app)/gradebook/page.tsx [Client Component SSR]
    ./app/(app)/gradebook/page.tsx [Server Component] @ http://localhost:3000/_next/static/chunks/node_modules_next_dist_0u_w_5s._.js:1945
[  125907ms] [ERROR] ./app/(app)/gradebook/page.tsx:256:6
Unterminated regexp literal
  254 |       </div>
  255 |
> 256 |     </div>
      |      ^^^^^
  257 |   )
  258 | }
  259 |

Parsing ecmascript source code failed

Import traces:
  Client Component Browser:
    ./app/(app)/gradebook/page.tsx [Client Component Browser]
    ./app/(app)/gradebook/page.tsx [Server Component]

  Client Component SSR:
    ./app/(app)/gradebook/page.tsx [Client Component SSR]
    ./app/(app)/gradebook/page.tsx [Server Component] @ http://localhost:3000/_next/static/chunks/node_modules_next_dist_0u_w_5s._.js:1945
[  125954ms] [ERROR] ./app/(app)/gradebook/page.tsx:256:6
Unterminated regexp literal
  254 |       </div>
  255 |
> 256 |     </div>
      |      ^^^^^
  257 |   )
  258 | }
  259 |

Parsing ecmascript source code failed

Import traces:
  Client Component Browser:
    ./app/(app)/gradebook/page.tsx [Client Component Browser]
    ./app/(app)/gradebook/page.tsx [Server Component]

  Client Component SSR:
    ./app/(app)/gradebook/page.tsx [Client Component SSR]
    ./app/(app)/gradebook/page.tsx [Server Component] @ http://localhost:3000/_next/static/chunks/node_modules_next_dist_0u_w_5s._.js:1945
[  126015ms] [ERROR] ./app/(app)/gradebook/page.tsx:256:6
Unterminated regexp literal
  254 |       </div>
  255 |
> 256 |     </div>
      |      ^^^^^
  257 |   )
  258 | }
  259 |

Parsing ecmascript source code failed

Import traces:
  Client Component Browser:
    ./app/(app)/gradebook/page.tsx [Client Component Browser]
    ./app/(app)/gradebook/page.tsx [Server Component]

  Client Component SSR:
    ./app/(app)/gradebook/page.tsx [Client Component SSR]
    ./app/(app)/gradebook/page.tsx [Server Component] @ http://localhost:3000/_next/static/chunks/node_modules_next_dist_0u_w_5s._.js:1945
[  126074ms] [ERROR] ./app/(app)/gradebook/page.tsx:256:6
Unterminated regexp literal
  254 |       </div>
  255 |
> 256 |     </div>
      |      ^^^^^
  257 |   )
  258 | }
  259 |

Parsing ecmascript source code failed

Import traces:
  Client Component Browser:
    ./app/(app)/gradebook/page.tsx [Client Component Browser]
    ./app/(app)/gradebook/page.tsx [Server Component]

  Client Component SSR:
    ./app/(app)/gradebook/page.tsx [Client Component SSR]
    ./app/(app)/gradebook/page.tsx [Server Component] @ http://localhost:3000/_next/static/chunks/node_modules_next_dist_0u_w_5s._.js:1945
[  126124ms] [ERROR] ./app/(app)/gradebook/page.tsx:256:6
Unterminated regexp literal
  254 |       </div>
  255 |
> 256 |     </div>
      |      ^^^^^
  257 |   )
  258 | }
  259 |

Parsing ecmascript source code failed

Import traces:
  Client Component Browser:
    ./app/(app)/gradebook/page.tsx [Client Component Browser]
    ./app/(app)/gradebook/page.tsx [Server Component]

  Client Component SSR:
    ./app/(app)/gradebook/page.tsx [Client Component SSR]
    ./app/(app)/gradebook/page.tsx [Server Component] @ http://localhost:3000/_next/static/chunks/node_modules_next_dist_0u_w_5s._.js:1945
[  126173ms] [ERROR] ./app/(app)/gradebook/page.tsx:256:6
Unterminated regexp literal
  254 |       </div>
  255 |
> 256 |     </div>
      |      ^^^^^
  257 |   )
  258 | }
  259 |

Parsing ecmascript source code failed

Import traces:
  Client Component Browser:
    ./app/(app)/gradebook/page.tsx [Client Component Browser]
    ./app/(app)/gradebook/page.tsx [Server Component]

  Client Component SSR:
    ./app/(app)/gradebook/page.tsx [Client Component SSR]
    ./app/(app)/gradebook/page.tsx [Server Component] @ http://localhost:3000/_next/static/chunks/node_modules_next_dist_0u_w_5s._.js:1945
[  126233ms] [ERROR] ./app/(app)/gradebook/page.tsx:256:6
Unterminated regexp literal
  254 |       </div>
  255 |
> 256 |     </div>
      |      ^^^^^
  257 |   )
  258 | }
  259 |

Parsing ecmascript source code failed

Import traces:
  Client Component Browser:
    ./app/(app)/gradebook/page.tsx [Client Component Browser]
    ./app/(app)/gradebook/page.tsx [Server Component]

  Client Component SSR:
    ./app/(app)/gradebook/page.tsx [Client Component SSR]
    ./app/(app)/gradebook/page.tsx [Server Component] @ http://localhost:3000/_next/static/chunks/node_modules_next_dist_0u_w_5s._.js:1945
[  126290ms] [ERROR] ./app/(app)/gradebook/page.tsx:256:6
Unterminated regexp literal
  254 |       </div>
  255 |
> 256 |     </div>
      |      ^^^^^
  257 |   )
  258 | }
  259 |

Parsing ecmascript source code failed

Import traces:
  Client Component Browser:
    ./app/(app)/gradebook/page.tsx [Client Component Browser]
    ./app/(app)/gradebook/page.tsx [Server Component]

  Client Component SSR:
    ./app/(app)/gradebook/page.tsx [Client Component SSR]
    ./app/(app)/gradebook/page.tsx [Server Component] @ http://localhost:3000/_next/static/chunks/node_modules_next_dist_0u_w_5s._.js:1945
[  126346ms] [ERROR] ./app/(app)/gradebook/page.tsx:256:6
Unterminated regexp literal
  254 |       </div>
  255 |
> 256 |     </div>
      |      ^^^^^
  257 |   )
  258 | }
  259 |

Parsing ecmascript source code failed

Import traces:
  Client Component Browser:
    ./app/(app)/gradebook/page.tsx [Client Component Browser]
    ./app/(app)/gradebook/page.tsx [Server Component]

  Client Component SSR:
    ./app/(app)/gradebook/page.tsx [Client Component SSR]
    ./app/(app)/gradebook/page.tsx [Server Component] @ http://localhost:3000/_next/static/chunks/node_modules_next_dist_0u_w_5s._.js:1945
[  126394ms] [ERROR] ./app/(app)/gradebook/page.tsx:256:6
Unterminated regexp literal
  254 |       </div>
  255 |
> 256 |     </div>
      |      ^^^^^
  257 |   )
  258 | }
  259 |

Parsing ecmascript source code failed

Import traces:
  Client Component Browser:
    ./app/(app)/gradebook/page.tsx [Client Component Browser]
    ./app/(app)/gradebook/page.tsx [Server Component]

  Client Component SSR:
    ./app/(app)/gradebook/page.tsx [Client Component SSR]
    ./app/(app)/gradebook/page.tsx [Server Component] @ http://localhost:3000/_next/static/chunks/node_modules_next_dist_0u_w_5s._.js:1945
[  126458ms] [ERROR] ./app/(app)/gradebook/page.tsx:256:6
Unterminated regexp literal
  254 |       </div>
  255 |
> 256 |     </div>
      |      ^^^^^
  257 |   )
  258 | }
  259 |

Parsing ecmascript source code failed

Import traces:
  Client Component Browser:
    ./app/(app)/gradebook/page.tsx [Client Component Browser]
    ./app/(app)/gradebook/page.tsx [Server Component]

  Client Component SSR:
    ./app/(app)/gradebook/page.tsx [Client Component SSR]
    ./app/(app)/gradebook/page.tsx [Server Component] @ http://localhost:3000/_next/static/chunks/node_modules_next_dist_0u_w_5s._.js:1945
[  126516ms] [ERROR] ./app/(app)/gradebook/page.tsx:256:6
Unterminated regexp literal
  254 |       </div>
  255 |
> 256 |     </div>
      |      ^^^^^
  257 |   )
  258 | }
  259 |

Parsing ecmascript source code failed

Import traces:
  Client Component Browser:
    ./app/(app)/gradebook/page.tsx [Client Component Browser]
    ./app/(app)/gradebook/page.tsx [Server Component]

  Client Component SSR:
    ./app/(app)/gradebook/page.tsx [Client Component SSR]
    ./app/(app)/gradebook/page.tsx [Server Component] @ http://localhost:3000/_next/static/chunks/node_modules_next_dist_0u_w_5s._.js:1945
[  126564ms] [ERROR] ./app/(app)/gradebook/page.tsx:256:6
Unterminated regexp literal
  254 |       </div>
  255 |
> 256 |     </div>
      |      ^^^^^
  257 |   )
  258 | }
  259 |

Parsing ecmascript source code failed

Import traces:
  Client Component Browser:
    ./app/(app)/gradebook/page.tsx [Client Component Browser]
    ./app/(app)/gradebook/page.tsx [Server Component]

  Client Component SSR:
    ./app/(app)/gradebook/page.tsx [Client Component SSR]
    ./app/(app)/gradebook/page.tsx [Server Component] @ http://localhost:3000/_next/static/chunks/node_modules_next_dist_0u_w_5s._.js:1945
[  126630ms] [ERROR] ./app/(app)/gradebook/page.tsx:256:6
Unterminated regexp literal
  254 |       </div>
  255 |
> 256 |     </div>
      |      ^^^^^
  257 |   )
  258 | }
  259 |

Parsing ecmascript source code failed

Import traces:
  Client Component Browser:
    ./app/(app)/gradebook/page.tsx [Client Component Browser]
    ./app/(app)/gradebook/page.tsx [Server Component]

  Client Component SSR:
    ./app/(app)/gradebook/page.tsx [Client Component SSR]
    ./app/(app)/gradebook/page.tsx [Server Component] @ http://localhost:3000/_next/static/chunks/node_modules_next_dist_0u_w_5s._.js:1945
[  126681ms] [ERROR] ./app/(app)/gradebook/page.tsx:256:6
Unterminated regexp literal
  254 |       </div>
  255 |
> 256 |     </div>
      |      ^^^^^
  257 |   )
  258 | }
  259 |

Parsing ecmascript source code failed

Import traces:
  Client Component Browser:
    ./app/(app)/gradebook/page.tsx [Client Component Browser]
    ./app/(app)/gradebook/page.tsx [Server Component]

  Client Component SSR:
    ./app/(app)/gradebook/page.tsx [Client Component SSR]
    ./app/(app)/gradebook/page.tsx [Server Component] @ http://localhost:3000/_next/static/chunks/node_modules_next_dist_0u_w_5s._.js:1945
[  126738ms] [ERROR] ./app/(app)/gradebook/page.tsx:256:6
Unterminated regexp literal
  254 |       </div>
  255 |
> 256 |     </div>
      |      ^^^^^
  257 |   )
  258 | }
  259 |

Parsing ecmascript source code failed

Import traces:
  Client Component Browser:
    ./app/(app)/gradebook/page.tsx [Client Component Browser]
    ./app/(app)/gradebook/page.tsx [Server Component]

  Client Component SSR:
    ./app/(app)/gradebook/page.tsx [Client Component SSR]
    ./app/(app)/gradebook/page.tsx [Server Component] @ http://localhost:3000/_next/static/chunks/node_modules_next_dist_0u_w_5s._.js:1945
[  126784ms] [ERROR] ./app/(app)/gradebook/page.tsx:256:6
Unterminated regexp literal
  254 |       </div>
  255 |
> 256 |     </div>
      |      ^^^^^
  257 |   )
  258 | }
  259 |

Parsing ecmascript source code failed

Import traces:
  Client Component Browser:
    ./app/(app)/gradebook/page.tsx [Client Component Browser]
    ./app/(app)/gradebook/page.tsx [Server Component]

  Client Component SSR:
    ./app/(app)/gradebook/page.tsx [Client Component SSR]
    ./app/(app)/gradebook/page.tsx [Server Component] @ http://localhost:3000/_next/static/chunks/node_modules_next_dist_0u_w_5s._.js:1945
[  126833ms] [ERROR] ./app/(app)/gradebook/page.tsx:256:6
Unterminated regexp literal
  254 |       </div>
  255 |
> 256 |     </div>
      |      ^^^^^
  257 |   )
  258 | }
  259 |

Parsing ecmascript source code failed

Import traces:
  Client Component Browser:
    ./app/(app)/gradebook/page.tsx [Client Component Browser]
    ./app/(app)/gradebook/page.tsx [Server Component]

  Client Component SSR:
    ./app/(app)/gradebook/page.tsx [Client Component SSR]
    ./app/(app)/gradebook/page.tsx [Server Component] @ http://localhost:3000/_next/static/chunks/node_modules_next_dist_0u_w_5s._.js:1945
[  126896ms] [ERROR] ./app/(app)/gradebook/page.tsx:256:6
Unterminated regexp literal
  254 |       </div>
  255 |
> 256 |     </div>
      |      ^^^^^
  257 |   )
  258 | }
  259 |

Parsing ecmascript source code failed

Import traces:
  Client Component Browser:
    ./app/(app)/gradebook/page.tsx [Client Component Browser]
    ./app/(app)/gradebook/page.tsx [Server Component]

  Client Component SSR:
    ./app/(app)/gradebook/page.tsx [Client Component SSR]
    ./app/(app)/gradebook/page.tsx [Server Component] @ http://localhost:3000/_next/static/chunks/node_modules_next_dist_0u_w_5s._.js:1945
[  126949ms] [ERROR] ./app/(app)/gradebook/page.tsx:256:6
Unterminated regexp literal
  254 |       </div>
  255 |
> 256 |     </div>
      |      ^^^^^
  257 |   )
  258 | }
  259 |

Parsing ecmascript source code failed

Import traces:
  Client Component Browser:
    ./app/(app)/gradebook/page.tsx [Client Component Browser]
    ./app/(app)/gradebook/page.tsx [Server Component]

  Client Component SSR:
    ./app/(app)/gradebook/page.tsx [Client Component SSR]
    ./app/(app)/gradebook/page.tsx [Server Component] @ http://localhost:3000/_next/static/chunks/node_modules_next_dist_0u_w_5s._.js:1945
[  126997ms] [ERROR] ./app/(app)/gradebook/page.tsx:256:6
Unterminated regexp literal
  254 |       </div>
  255 |
> 256 |     </div>
      |      ^^^^^
  257 |   )
  258 | }
  259 |

Parsing ecmascript source code failed

Import traces:
  Client Component Browser:
    ./app/(app)/gradebook/page.tsx [Client Component Browser]
    ./app/(app)/gradebook/page.tsx [Server Component]

  Client Component SSR:
    ./app/(app)/gradebook/page.tsx [Client Component SSR]
    ./app/(app)/gradebook/page.tsx [Server Component] @ http://localhost:3000/_next/static/chunks/node_modules_next_dist_0u_w_5s._.js:1945
[  127062ms] [ERROR] ./app/(app)/gradebook/page.tsx:256:6
Unterminated regexp literal
  254 |       </div>
  255 |
> 256 |     </div>
      |      ^^^^^
  257 |   )
  258 | }
  259 |

Parsing ecmascript source code failed

Import traces:
  Client Component Browser:
    ./app/(app)/gradebook/page.tsx [Client Component Browser]
    ./app/(app)/gradebook/page.tsx [Server Component]

  Client Component SSR:
    ./app/(app)/gradebook/page.tsx [Client Component SSR]
    ./app/(app)/gradebook/page.tsx [Server Component] @ http://localhost:3000/_next/static/chunks/node_modules_next_dist_0u_w_5s._.js:1945
[  127116ms] [ERROR] ./app/(app)/gradebook/page.tsx:256:6
Unterminated regexp literal
  254 |       </div>
  255 |
> 256 |     </div>
      |      ^^^^^
  257 |   )
  258 | }
  259 |

Parsing ecmascript source code failed

Import traces:
  Client Component Browser:
    ./app/(app)/gradebook/page.tsx [Client Component Browser]
    ./app/(app)/gradebook/page.tsx [Server Component]

  Client Component SSR:
    ./app/(app)/gradebook/page.tsx [Client Component SSR]
    ./app/(app)/gradebook/page.tsx [Server Component] @ http://localhost:3000/_next/static/chunks/node_modules_next_dist_0u_w_5s._.js:1945
[  127168ms] [ERROR] ./app/(app)/gradebook/page.tsx:256:6
Unterminated regexp literal
  254 |       </div>
  255 |
> 256 |     </div>
      |      ^^^^^
  257 |   )
  258 | }
  259 |

Parsing ecmascript source code failed

Import traces:
  Client Component Browser:
    ./app/(app)/gradebook/page.tsx [Client Component Browser]
    ./app/(app)/gradebook/page.tsx [Server Component]

  Client Component SSR:
    ./app/(app)/gradebook/page.tsx [Client Component SSR]
    ./app/(app)/gradebook/page.tsx [Server Component] @ http://localhost:3000/_next/static/chunks/node_modules_next_dist_0u_w_5s._.js:1945
[  127217ms] [ERROR] ./app/(app)/gradebook/page.tsx:256:6
Unterminated regexp literal
  254 |       </div>
  255 |
> 256 |     </div>
      |      ^^^^^
  257 |   )
  258 | }
  259 |

Parsing ecmascript source code failed

Import traces:
  Client Component Browser:
    ./app/(app)/gradebook/page.tsx [Client Component Browser]
    ./app/(app)/gradebook/page.tsx [Server Component]

  Client Component SSR:
    ./app/(app)/gradebook/page.tsx [Client Component SSR]
    ./app/(app)/gradebook/page.tsx [Server Component] @ http://localhost:3000/_next/static/chunks/node_modules_next_dist_0u_w_5s._.js:1945
[  127274ms] [ERROR] ./app/(app)/gradebook/page.tsx:256:6
Unterminated regexp literal
  254 |       </div>
  255 |
> 256 |     </div>
      |      ^^^^^
  257 |   )
  258 | }
  259 |

Parsing ecmascript source code failed

Import traces:
  Client Component Browser:
    ./app/(app)/gradebook/page.tsx [Client Component Browser]
    ./app/(app)/gradebook/page.tsx [Server Component]

  Client Component SSR:
    ./app/(app)/gradebook/page.tsx [Client Component SSR]
    ./app/(app)/gradebook/page.tsx [Server Component] @ http://localhost:3000/_next/static/chunks/node_modules_next_dist_0u_w_5s._.js:1945
[  127333ms] [ERROR] ./app/(app)/gradebook/page.tsx:256:6
Unterminated regexp literal
  254 |       </div>
  255 |
> 256 |     </div>
      |      ^^^^^
  257 |   )
  258 | }
  259 |

Parsing ecmascript source code failed

Import traces:
  Client Component Browser:
    ./app/(app)/gradebook/page.tsx [Client Component Browser]
    ./app/(app)/gradebook/page.tsx [Server Component]

  Client Component SSR:
    ./app/(app)/gradebook/page.tsx [Client Component SSR]
    ./app/(app)/gradebook/page.tsx [Server Component] @ http://localhost:3000/_next/static/chunks/node_modules_next_dist_0u_w_5s._.js:1945
[  127390ms] [ERROR] ./app/(app)/gradebook/page.tsx:256:6
Unterminated regexp literal
  254 |       </div>
  255 |
> 256 |     </div>
      |      ^^^^^
  257 |   )
  258 | }
  259 |

Parsing ecmascript source code failed

Import traces:
  Client Component Browser:
    ./app/(app)/gradebook/page.tsx [Client Component Browser]
    ./app/(app)/gradebook/page.tsx [Server Component]

  Client Component SSR:
    ./app/(app)/gradebook/page.tsx [Client Component SSR]
    ./app/(app)/gradebook/page.tsx [Server Component] @ http://localhost:3000/_next/static/chunks/node_modules_next_dist_0u_w_5s._.js:1945
[  127447ms] [ERROR] ./app/(app)/gradebook/page.tsx:256:6
Unterminated regexp literal
  254 |       </div>
  255 |
> 256 |     </div>
      |      ^^^^^
  257 |   )
  258 | }
  259 |

Parsing ecmascript source code failed

Import traces:
  Client Component Browser:
    ./app/(app)/gradebook/page.tsx [Client Component Browser]
    ./app/(app)/gradebook/page.tsx [Server Component]

  Client Component SSR:
    ./app/(app)/gradebook/page.tsx [Client Component SSR]
    ./app/(app)/gradebook/page.tsx [Server Component] @ http://localhost:3000/_next/static/chunks/node_modules_next_dist_0u_w_5s._.js:1945
[  127512ms] [ERROR] ./app/(app)/gradebook/page.tsx:256:6
Unterminated regexp literal
  254 |       </div>
  255 |
> 256 |     </div>
      |      ^^^^^
  257 |   )
  258 | }
  259 |

Parsing ecmascript source code failed

Import traces:
  Client Component Browser:
    ./app/(app)/gradebook/page.tsx [Client Component Browser]
    ./app/(app)/gradebook/page.tsx [Server Component]

  Client Component SSR:
    ./app/(app)/gradebook/page.tsx [Client Component SSR]
    ./app/(app)/gradebook/page.tsx [Server Component] @ http://localhost:3000/_next/static/chunks/node_modules_next_dist_0u_w_5s._.js:1945
[  127566ms] [ERROR] ./app/(app)/gradebook/page.tsx:256:6
Unterminated regexp literal
  254 |       </div>
  255 |
> 256 |     </div>
      |      ^^^^^
  257 |   )
  258 | }
  259 |

Parsing ecmascript source code failed

Import traces:
  Client Component Browser:
    ./app/(app)/gradebook/page.tsx [Client Component Browser]
    ./app/(app)/gradebook/page.tsx [Server Component]

  Client Component SSR:
    ./app/(app)/gradebook/page.tsx [Client Component SSR]
    ./app/(app)/gradebook/page.tsx [Server Component] @ http://localhost:3000/_next/static/chunks/node_modules_next_dist_0u_w_5s._.js:1945
[  127633ms] [ERROR] ./app/(app)/gradebook/page.tsx:256:6
Unterminated regexp literal
  254 |       </div>
  255 |
> 256 |     </div>
      |      ^^^^^
  257 |   )
  258 | }
  259 |

Parsing ecmascript source code failed

Import traces:
  Client Component Browser:
    ./app/(app)/gradebook/page.tsx [Client Component Browser]
    ./app/(app)/gradebook/page.tsx [Server Component]

  Client Component SSR:
    ./app/(app)/gradebook/page.tsx [Client Component SSR]
    ./app/(app)/gradebook/page.tsx [Server Component] @ http://localhost:3000/_next/static/chunks/node_modules_next_dist_0u_w_5s._.js:1945
[  127697ms] [ERROR] ./app/(app)/gradebook/page.tsx:256:6
Unterminated regexp literal
  254 |       </div>
  255 |
> 256 |     </div>
      |      ^^^^^
  257 |   )
  258 | }
  259 |

Parsing ecmascript source code failed

Import traces:
  Client Component Browser:
    ./app/(app)/gradebook/page.tsx [Client Component Browser]
    ./app/(app)/gradebook/page.tsx [Server Component]

  Client Component SSR:
    ./app/(app)/gradebook/page.tsx [Client Component SSR]
    ./app/(app)/gradebook/page.tsx [Server Component] @ http://localhost:3000/_next/static/chunks/node_modules_next_dist_0u_w_5s._.js:1945
[  127759ms] [ERROR] ./app/(app)/gradebook/page.tsx:256:6
Unterminated regexp literal
  254 |       </div>
  255 |
> 256 |     </div>
      |      ^^^^^
  257 |   )
  258 | }
  259 |

Parsing ecmascript source code failed

Import traces:
  Client Component Browser:
    ./app/(app)/gradebook/page.tsx [Client Component Browser]
    ./app/(app)/gradebook/page.tsx [Server Component]

  Client Component SSR:
    ./app/(app)/gradebook/page.tsx [Client Component SSR]
    ./app/(app)/gradebook/page.tsx [Server Component] @ http://localhost:3000/_next/static/chunks/node_modules_next_dist_0u_w_5s._.js:1945
[  127818ms] [ERROR] ./app/(app)/gradebook/page.tsx:256:6
Unterminated regexp literal
  254 |       </div>
  255 |
> 256 |     </div>
      |      ^^^^^
  257 |   )
  258 | }
  259 |

Parsing ecmascript source code failed

Import traces:
  Client Component Browser:
    ./app/(app)/gradebook/page.tsx [Client Component Browser]
    ./app/(app)/gradebook/page.tsx [Server Component]

  Client Component SSR:
    ./app/(app)/gradebook/page.tsx [Client Component SSR]
    ./app/(app)/gradebook/page.tsx [Server Component] @ http://localhost:3000/_next/static/chunks/node_modules_next_dist_0u_w_5s._.js:1945
[  127876ms] [ERROR] ./app/(app)/gradebook/page.tsx:256:6
Unterminated regexp literal
  254 |       </div>
  255 |
> 256 |     </div>
      |      ^^^^^
  257 |   )
  258 | }
  259 |

Parsing ecmascript source code failed

Import traces:
  Client Component Browser:
    ./app/(app)/gradebook/page.tsx [Client Component Browser]
    ./app/(app)/gradebook/page.tsx [Server Component]

  Client Component SSR:
    ./app/(app)/gradebook/page.tsx [Client Component SSR]
    ./app/(app)/gradebook/page.tsx [Server Component] @ http://localhost:3000/_next/static/chunks/node_modules_next_dist_0u_w_5s._.js:1945
[  127932ms] [ERROR] ./app/(app)/gradebook/page.tsx:256:6
Unterminated regexp literal
  254 |       </div>
  255 |
> 256 |     </div>
      |      ^^^^^
  257 |   )
  258 | }
  259 |

Parsing ecmascript source code failed

Import traces:
  Client Component Browser:
    ./app/(app)/gradebook/page.tsx [Client Component Browser]
    ./app/(app)/gradebook/page.tsx [Server Component]

  Client Component SSR:
    ./app/(app)/gradebook/page.tsx [Client Component SSR]
    ./app/(app)/gradebook/page.tsx [Server Component] @ http://localhost:3000/_next/static/chunks/node_modules_next_dist_0u_w_5s._.js:1945
[  128000ms] [ERROR] ./app/(app)/gradebook/page.tsx:256:6
Unterminated regexp literal
  254 |       </div>
  255 |
> 256 |     </div>
      |      ^^^^^
  257 |   )
  258 | }
  259 |

Parsing ecmascript source code failed

Import traces:
  Client Component Browser:
    ./app/(app)/gradebook/page.tsx [Client Component Browser]
    ./app/(app)/gradebook/page.tsx [Server Component]

  Client Component SSR:
    ./app/(app)/gradebook/page.tsx [Client Component SSR]
    ./app/(app)/gradebook/page.tsx [Server Component] @ http://localhost:3000/_next/static/chunks/node_modules_next_dist_0u_w_5s._.js:1945
[  128060ms] [ERROR] ./app/(app)/gradebook/page.tsx:256:6
Unterminated regexp literal
  254 |       </div>
  255 |
> 256 |     </div>
      |      ^^^^^
  257 |   )
  258 | }
  259 |

Parsing ecmascript source code failed

Import traces:
  Client Component Browser:
    ./app/(app)/gradebook/page.tsx [Client Component Browser]
    ./app/(app)/gradebook/page.tsx [Server Component]

  Client Component SSR:
    ./app/(app)/gradebook/page.tsx [Client Component SSR]
    ./app/(app)/gradebook/page.tsx [Server Component] @ http://localhost:3000/_next/static/chunks/node_modules_next_dist_0u_w_5s._.js:1945
[  128107ms] [ERROR] ./app/(app)/gradebook/page.tsx:256:6
Unterminated regexp literal
  254 |       </div>
  255 |
> 256 |     </div>
      |      ^^^^^
  257 |   )
  258 | }
  259 |

Parsing ecmascript source code failed

Import traces:
  Client Component Browser:
    ./app/(app)/gradebook/page.tsx [Client Component Browser]
    ./app/(app)/gradebook/page.tsx [Server Component]

  Client Component SSR:
    ./app/(app)/gradebook/page.tsx [Client Component SSR]
    ./app/(app)/gradebook/page.tsx [Server Component] @ http://localhost:3000/_next/static/chunks/node_modules_next_dist_0u_w_5s._.js:1945
[  128162ms] [ERROR] ./app/(app)/gradebook/page.tsx:256:6
Unterminated regexp literal
  254 |       </div>
  255 |
> 256 |     </div>
      |      ^^^^^
  257 |   )
  258 | }
  259 |

Parsing ecmascript source code failed

Import traces:
  Client Component Browser:
    ./app/(app)/gradebook/page.tsx [Client Component Browser]
    ./app/(app)/gradebook/page.tsx [Server Component]

  Client Component SSR:
    ./app/(app)/gradebook/page.tsx [Client Component SSR]
    ./app/(app)/gradebook/page.tsx [Server Component] @ http://localhost:3000/_next/static/chunks/node_modules_next_dist_0u_w_5s._.js:1945
[  128217ms] [ERROR] ./app/(app)/gradebook/page.tsx:256:6
Unterminated regexp literal
  254 |       </div>
  255 |
> 256 |     </div>
      |      ^^^^^
  257 |   )
  258 | }
  259 |

Parsing ecmascript source code failed

Import traces:
  Client Component Browser:
    ./app/(app)/gradebook/page.tsx [Client Component Browser]
    ./app/(app)/gradebook/page.tsx [Server Component]

  Client Component SSR:
    ./app/(app)/gradebook/page.tsx [Client Component SSR]
    ./app/(app)/gradebook/page.tsx [Server Component] @ http://localhost:3000/_next/static/chunks/node_modules_next_dist_0u_w_5s._.js:1945
[  128267ms] [ERROR] ./app/(app)/gradebook/page.tsx:256:6
Unterminated regexp literal
  254 |       </div>
  255 |
> 256 |     </div>
      |      ^^^^^
  257 |   )
  258 | }
  259 |

Parsing ecmascript source code failed

Import traces:
  Client Component Browser:
    ./app/(app)/gradebook/page.tsx [Client Component Browser]
    ./app/(app)/gradebook/page.tsx [Server Component]

  Client Component SSR:
    ./app/(app)/gradebook/page.tsx [Client Component SSR]
    ./app/(app)/gradebook/page.tsx [Server Component] @ http://localhost:3000/_next/static/chunks/node_modules_next_dist_0u_w_5s._.js:1945
[  128324ms] [ERROR] ./app/(app)/gradebook/page.tsx:256:6
Unterminated regexp literal
  254 |       </div>
  255 |
> 256 |     </div>
      |      ^^^^^
  257 |   )
  258 | }
  259 |

Parsing ecmascript source code failed

Import traces:
  Client Component Browser:
    ./app/(app)/gradebook/page.tsx [Client Component Browser]
    ./app/(app)/gradebook/page.tsx [Server Component]

  Client Component SSR:
    ./app/(app)/gradebook/page.tsx [Client Component SSR]
    ./app/(app)/gradebook/page.tsx [Server Component] @ http://localhost:3000/_next/static/chunks/node_modules_next_dist_0u_w_5s._.js:1945
[  128389ms] [ERROR] ./app/(app)/gradebook/page.tsx:256:6
Unterminated regexp literal
  254 |       </div>
  255 |
> 256 |     </div>
      |      ^^^^^
  257 |   )
  258 | }
  259 |

Parsing ecmascript source code failed

Import traces:
  Client Component Browser:
    ./app/(app)/gradebook/page.tsx [Client Component Browser]
    ./app/(app)/gradebook/page.tsx [Server Component]

  Client Component SSR:
    ./app/(app)/gradebook/page.tsx [Client Component SSR]
    ./app/(app)/gradebook/page.tsx [Server Component] @ http://localhost:3000/_next/static/chunks/node_modules_next_dist_0u_w_5s._.js:1945
[  128435ms] [ERROR] ./app/(app)/gradebook/page.tsx:256:6
Unterminated regexp literal
  254 |       </div>
  255 |
> 256 |     </div>
      |      ^^^^^
  257 |   )
  258 | }
  259 |

Parsing ecmascript source code failed

Import traces:
  Client Component Browser:
    ./app/(app)/gradebook/page.tsx [Client Component Browser]
    ./app/(app)/gradebook/page.tsx [Server Component]

  Client Component SSR:
    ./app/(app)/gradebook/page.tsx [Client Component SSR]
    ./app/(app)/gradebook/page.tsx [Server Component] @ http://localhost:3000/_next/static/chunks/node_modules_next_dist_0u_w_5s._.js:1945
[  128484ms] [ERROR] ./app/(app)/gradebook/page.tsx:256:6
Unterminated regexp literal
  254 |       </div>
  255 |
> 256 |     </div>
      |      ^^^^^
  257 |   )
  258 | }
  259 |

Parsing ecmascript source code failed

Import traces:
  Client Component Browser:
    ./app/(app)/gradebook/page.tsx [Client Component Browser]
    ./app/(app)/gradebook/page.tsx [Server Component]

  Client Component SSR:
    ./app/(app)/gradebook/page.tsx [Client Component SSR]
    ./app/(app)/gradebook/page.tsx [Server Component] @ http://localhost:3000/_next/static/chunks/node_modules_next_dist_0u_w_5s._.js:1945
[  128535ms] [ERROR] ./app/(app)/gradebook/page.tsx:256:6
Unterminated regexp literal
  254 |       </div>
  255 |
> 256 |     </div>
      |      ^^^^^
  257 |   )
  258 | }
  259 |

Parsing ecmascript source code failed

Import traces:
  Client Component Browser:
    ./app/(app)/gradebook/page.tsx [Client Component Browser]
    ./app/(app)/gradebook/page.tsx [Server Component]

  Client Component SSR:
    ./app/(app)/gradebook/page.tsx [Client Component SSR]
    ./app/(app)/gradebook/page.tsx [Server Component] @ http://localhost:3000/_next/static/chunks/node_modules_next_dist_0u_w_5s._.js:1945
[  128599ms] [ERROR] ./app/(app)/gradebook/page.tsx:256:6
Unterminated regexp literal
  254 |       </div>
  255 |
> 256 |     </div>
      |      ^^^^^
  257 |   )
  258 | }
  259 |

Parsing ecmascript source code failed

Import traces:
  Client Component Browser:
    ./app/(app)/gradebook/page.tsx [Client Component Browser]
    ./app/(app)/gradebook/page.tsx [Server Component]

  Client Component SSR:
    ./app/(app)/gradebook/page.tsx [Client Component SSR]
    ./app/(app)/gradebook/page.tsx [Server Component] @ http://localhost:3000/_next/static/chunks/node_modules_next_dist_0u_w_5s._.js:1945
[  128663ms] [ERROR] ./app/(app)/gradebook/page.tsx:256:6
Unterminated regexp literal
  254 |       </div>
  255 |
> 256 |     </div>
      |      ^^^^^
  257 |   )
  258 | }
  259 |

Parsing ecmascript source code failed

Import traces:
  Client Component Browser:
    ./app/(app)/gradebook/page.tsx [Client Component Browser]
    ./app/(app)/gradebook/page.tsx [Server Component]

  Client Component SSR:
    ./app/(app)/gradebook/page.tsx [Client Component SSR]
    ./app/(app)/gradebook/page.tsx [Server Component] @ http://localhost:3000/_next/static/chunks/node_modules_next_dist_0u_w_5s._.js:1945
[  128719ms] [ERROR] ./app/(app)/gradebook/page.tsx:256:6
Unterminated regexp literal
  254 |       </div>
  255 |
> 256 |     </div>
      |      ^^^^^
  257 |   )
  258 | }
  259 |

Parsing ecmascript source code failed

Import traces:
  Client Component Browser:
    ./app/(app)/gradebook/page.tsx [Client Component Browser]
    ./app/(app)/gradebook/page.tsx [Server Component]

  Client Component SSR:
    ./app/(app)/gradebook/page.tsx [Client Component SSR]
    ./app/(app)/gradebook/page.tsx [Server Component] @ http://localhost:3000/_next/static/chunks/node_modules_next_dist_0u_w_5s._.js:1945
[  128767ms] [ERROR] ./app/(app)/gradebook/page.tsx:256:6
Unterminated regexp literal
  254 |       </div>
  255 |
> 256 |     </div>
      |      ^^^^^
  257 |   )
  258 | }
  259 |

Parsing ecmascript source code failed

Import traces:
  Client Component Browser:
    ./app/(app)/gradebook/page.tsx [Client Component Browser]
    ./app/(app)/gradebook/page.tsx [Server Component]

  Client Component SSR:
    ./app/(app)/gradebook/page.tsx [Client Component SSR]
    ./app/(app)/gradebook/page.tsx [Server Component] @ http://localhost:3000/_next/static/chunks/node_modules_next_dist_0u_w_5s._.js:1945
[  128824ms] [ERROR] ./app/(app)/gradebook/page.tsx:256:6
Unterminated regexp literal
  254 |       </div>
  255 |
> 256 |     </div>
      |      ^^^^^
  257 |   )
  258 | }
  259 |

Parsing ecmascript source code failed

Import traces:
  Client Component Browser:
    ./app/(app)/gradebook/page.tsx [Client Component Browser]
    ./app/(app)/gradebook/page.tsx [Server Component]

  Client Component SSR:
    ./app/(app)/gradebook/page.tsx [Client Component SSR]
    ./app/(app)/gradebook/page.tsx [Server Component] @ http://localhost:3000/_next/static/chunks/node_modules_next_dist_0u_w_5s._.js:1945
[  128874ms] [ERROR] ./app/(app)/gradebook/page.tsx:256:6
Unterminated regexp literal
  254 |       </div>
  255 |
> 256 |     </div>
      |      ^^^^^
  257 |   )
  258 | }
  259 |

Parsing ecmascript source code failed

Import traces:
  Client Component Browser:
    ./app/(app)/gradebook/page.tsx [Client Component Browser]
    ./app/(app)/gradebook/page.tsx [Server Component]

  Client Component SSR:
    ./app/(app)/gradebook/page.tsx [Client Component SSR]
    ./app/(app)/gradebook/page.tsx [Server Component] @ http://localhost:3000/_next/static/chunks/node_modules_next_dist_0u_w_5s._.js:1945
[  128926ms] [ERROR] ./app/(app)/gradebook/page.tsx:256:6
Unterminated regexp literal
  254 |       </div>
  255 |
> 256 |     </div>
      |      ^^^^^
  257 |   )
  258 | }
  259 |

Parsing ecmascript source code failed

Import traces:
  Client Component Browser:
    ./app/(app)/gradebook/page.tsx [Client Component Browser]
    ./app/(app)/gradebook/page.tsx [Server Component]

  Client Component SSR:
    ./app/(app)/gradebook/page.tsx [Client Component SSR]
    ./app/(app)/gradebook/page.tsx [Server Component] @ http://localhost:3000/_next/static/chunks/node_modules_next_dist_0u_w_5s._.js:1945
[  128974ms] [ERROR] ./app/(app)/gradebook/page.tsx:256:6
Unterminated regexp literal
  254 |       </div>
  255 |
> 256 |     </div>
      |      ^^^^^
  257 |   )
  258 | }
  259 |

Parsing ecmascript source code failed

Import traces:
  Client Component Browser:
    ./app/(app)/gradebook/page.tsx [Client Component Browser]
    ./app/(app)/gradebook/page.tsx [Server Component]

  Client Component SSR:
    ./app/(app)/gradebook/page.tsx [Client Component SSR]
    ./app/(app)/gradebook/page.tsx [Server Component] @ http://localhost:3000/_next/static/chunks/node_modules_next_dist_0u_w_5s._.js:1945
[  129026ms] [ERROR] ./app/(app)/gradebook/page.tsx:256:6
Unterminated regexp literal
  254 |       </div>
  255 |
> 256 |     </div>
      |      ^^^^^
  257 |   )
  258 | }
  259 |

Parsing ecmascript source code failed

Import traces:
  Client Component Browser:
    ./app/(app)/gradebook/page.tsx [Client Component Browser]
    ./app/(app)/gradebook/page.tsx [Server Component]

  Client Component SSR:
    ./app/(app)/gradebook/page.tsx [Client Component SSR]
    ./app/(app)/gradebook/page.tsx [Server Component] @ http://localhost:3000/_next/static/chunks/node_modules_next_dist_0u_w_5s._.js:1945
[  129084ms] [ERROR] ./app/(app)/gradebook/page.tsx:256:6
Unterminated regexp literal
  254 |       </div>
  255 |
> 256 |     </div>
      |      ^^^^^
  257 |   )
  258 | }
  259 |

Parsing ecmascript source code failed

Import traces:
  Client Component Browser:
    ./app/(app)/gradebook/page.tsx [Client Component Browser]
    ./app/(app)/gradebook/page.tsx [Server Component]

  Client Component SSR:
    ./app/(app)/gradebook/page.tsx [Client Component SSR]
    ./app/(app)/gradebook/page.tsx [Server Component] @ http://localhost:3000/_next/static/chunks/node_modules_next_dist_0u_w_5s._.js:1945
[  129140ms] [ERROR] ./app/(app)/gradebook/page.tsx:256:6
Unterminated regexp literal
  254 |       </div>
  255 |
> 256 |     </div>
      |      ^^^^^
  257 |   )
  258 | }
  259 |

Parsing ecmascript source code failed

Import traces:
  Client Component Browser:
    ./app/(app)/gradebook/page.tsx [Client Component Browser]
    ./app/(app)/gradebook/page.tsx [Server Component]

  Client Component SSR:
    ./app/(app)/gradebook/page.tsx [Client Component SSR]
    ./app/(app)/gradebook/page.tsx [Server Component] @ http://localhost:3000/_next/static/chunks/node_modules_next_dist_0u_w_5s._.js:1945
[  129205ms] [ERROR] ./app/(app)/gradebook/page.tsx:256:6
Unterminated regexp literal
  254 |       </div>
  255 |
> 256 |     </div>
      |      ^^^^^
  257 |   )
  258 | }
  259 |

Parsing ecmascript source code failed

Import traces:
  Client Component Browser:
    ./app/(app)/gradebook/page.tsx [Client Component Browser]
    ./app/(app)/gradebook/page.tsx [Server Component]

  Client Component SSR:
    ./app/(app)/gradebook/page.tsx [Client Component SSR]
    ./app/(app)/gradebook/page.tsx [Server Component] @ http://localhost:3000/_next/static/chunks/node_modules_next_dist_0u_w_5s._.js:1945
[  129255ms] [ERROR] ./app/(app)/gradebook/page.tsx:256:6
Unterminated regexp literal
  254 |       </div>
  255 |
> 256 |     </div>
      |      ^^^^^
  257 |   )
  258 | }
  259 |

Parsing ecmascript source code failed

Import traces:
  Client Component Browser:
    ./app/(app)/gradebook/page.tsx [Client Component Browser]
    ./app/(app)/gradebook/page.tsx [Server Component]

  Client Component SSR:
    ./app/(app)/gradebook/page.tsx [Client Component SSR]
    ./app/(app)/gradebook/page.tsx [Server Component] @ http://localhost:3000/_next/static/chunks/node_modules_next_dist_0u_w_5s._.js:1945
[  129305ms] [ERROR] ./app/(app)/gradebook/page.tsx:256:6
Unterminated regexp literal
  254 |       </div>
  255 |
> 256 |     </div>
      |      ^^^^^
  257 |   )
  258 | }
  259 |

Parsing ecmascript source code failed

Import traces:
  Client Component Browser:
    ./app/(app)/gradebook/page.tsx [Client Component Browser]
    ./app/(app)/gradebook/page.tsx [Server Component]

  Client Component SSR:
    ./app/(app)/gradebook/page.tsx [Client Component SSR]
    ./app/(app)/gradebook/page.tsx [Server Component] @ http://localhost:3000/_next/static/chunks/node_modules_next_dist_0u_w_5s._.js:1945
[  129360ms] [ERROR] ./app/(app)/gradebook/page.tsx:256:6
Unterminated regexp literal
  254 |       </div>
  255 |
> 256 |     </div>
      |      ^^^^^
  257 |   )
  258 | }
  259 |

Parsing ecmascript source code failed

Import traces:
  Client Component Browser:
    ./app/(app)/gradebook/page.tsx [Client Component Browser]
    ./app/(app)/gradebook/page.tsx [Server Component]

  Client Component SSR:
    ./app/(app)/gradebook/page.tsx [Client Component SSR]
    ./app/(app)/gradebook/page.tsx [Server Component] @ http://localhost:3000/_next/static/chunks/node_modules_next_dist_0u_w_5s._.js:1945
[  129432ms] [ERROR] ./app/(app)/gradebook/page.tsx:256:6
Unterminated regexp literal
  254 |       </div>
  255 |
> 256 |     </div>
      |      ^^^^^
  257 |   )
  258 | }
  259 |

Parsing ecmascript source code failed

Import traces:
  Client Component Browser:
    ./app/(app)/gradebook/page.tsx [Client Component Browser]
    ./app/(app)/gradebook/page.tsx [Server Component]

  Client Component SSR:
    ./app/(app)/gradebook/page.tsx [Client Component SSR]
    ./app/(app)/gradebook/page.tsx [Server Component] @ http://localhost:3000/_next/static/chunks/node_modules_next_dist_0u_w_5s._.js:1945
[  129501ms] [ERROR] ./app/(app)/gradebook/page.tsx:256:6
Unterminated regexp literal
  254 |       </div>
  255 |
> 256 |     </div>
      |      ^^^^^
  257 |   )
  258 | }
  259 |

Parsing ecmascript source code failed

Import traces:
  Client Component Browser:
    ./app/(app)/gradebook/page.tsx [Client Component Browser]
    ./app/(app)/gradebook/page.tsx [Server Component]

  Client Component SSR:
    ./app/(app)/gradebook/page.tsx [Client Component SSR]
    ./app/(app)/gradebook/page.tsx [Server Component] @ http://localhost:3000/_next/static/chunks/node_modules_next_dist_0u_w_5s._.js:1945
[  129556ms] [ERROR] ./app/(app)/gradebook/page.tsx:256:6
Unterminated regexp literal
  254 |       </div>
  255 |
> 256 |     </div>
      |      ^^^^^
  257 |   )
  258 | }
  259 |

Parsing ecmascript source code failed

Import traces:
  Client Component Browser:
    ./app/(app)/gradebook/page.tsx [Client Component Browser]
    ./app/(app)/gradebook/page.tsx [Server Component]

  Client Component SSR:
    ./app/(app)/gradebook/page.tsx [Client Component SSR]
    ./app/(app)/gradebook/page.tsx [Server Component] @ http://localhost:3000/_next/static/chunks/node_modules_next_dist_0u_w_5s._.js:1945
[  129618ms] [ERROR] ./app/(app)/gradebook/page.tsx:256:6
Unterminated regexp literal
  254 |       </div>
  255 |
> 256 |     </div>
      |      ^^^^^
  257 |   )
  258 | }
  259 |

Parsing ecmascript source code failed

Import traces:
  Client Component Browser:
    ./app/(app)/gradebook/page.tsx [Client Component Browser]
    ./app/(app)/gradebook/page.tsx [Server Component]

  Client Component SSR:
    ./app/(app)/gradebook/page.tsx [Client Component SSR]
    ./app/(app)/gradebook/page.tsx [Server Component] @ http://localhost:3000/_next/static/chunks/node_modules_next_dist_0u_w_5s._.js:1945
[  129675ms] [ERROR] ./app/(app)/gradebook/page.tsx:256:6
Unterminated regexp literal
  254 |       </div>
  255 |
> 256 |     </div>
      |      ^^^^^
  257 |   )
  258 | }
  259 |

Parsing ecmascript source code failed

Import traces:
  Client Component Browser:
    ./app/(app)/gradebook/page.tsx [Client Component Browser]
    ./app/(app)/gradebook/page.tsx [Server Component]

  Client Component SSR:
    ./app/(app)/gradebook/page.tsx [Client Component SSR]
    ./app/(app)/gradebook/page.tsx [Server Component] @ http://localhost:3000/_next/static/chunks/node_modules_next_dist_0u_w_5s._.js:1945
[  129735ms] [ERROR] ./app/(app)/gradebook/page.tsx:256:6
Unterminated regexp literal
  254 |       </div>
  255 |
> 256 |     </div>
      |      ^^^^^
  257 |   )
  258 | }
  259 |

Parsing ecmascript source code failed

Import traces:
  Client Component Browser:
    ./app/(app)/gradebook/page.tsx [Client Component Browser]
    ./app/(app)/gradebook/page.tsx [Server Component]

  Client Component SSR:
    ./app/(app)/gradebook/page.tsx [Client Component SSR]
    ./app/(app)/gradebook/page.tsx [Server Component] @ http://localhost:3000/_next/static/chunks/node_modules_next_dist_0u_w_5s._.js:1945
[  129797ms] [ERROR] ./app/(app)/gradebook/page.tsx:256:6
Unterminated regexp literal
  254 |       </div>
  255 |
> 256 |     </div>
      |      ^^^^^
  257 |   )
  258 | }
  259 |

Parsing ecmascript source code failed

Import traces:
  Client Component Browser:
    ./app/(app)/gradebook/page.tsx [Client Component Browser]
    ./app/(app)/gradebook/page.tsx [Server Component]

  Client Component SSR:
    ./app/(app)/gradebook/page.tsx [Client Component SSR]
    ./app/(app)/gradebook/page.tsx [Server Component] @ http://localhost:3000/_next/static/chunks/node_modules_next_dist_0u_w_5s._.js:1945
[  129851ms] [ERROR] ./app/(app)/gradebook/page.tsx:256:6
Unterminated regexp literal
  254 |       </div>
  255 |
> 256 |     </div>
      |      ^^^^^
  257 |   )
  258 | }
  259 |

Parsing ecmascript source code failed

Import traces:
  Client Component Browser:
    ./app/(app)/gradebook/page.tsx [Client Component Browser]
    ./app/(app)/gradebook/page.tsx [Server Component]

  Client Component SSR:
    ./app/(app)/gradebook/page.tsx [Client Component SSR]
    ./app/(app)/gradebook/page.tsx [Server Component] @ http://localhost:3000/_next/static/chunks/node_modules_next_dist_0u_w_5s._.js:1945
[  129908ms] [ERROR] ./app/(app)/gradebook/page.tsx:256:6
Unterminated regexp literal
  254 |       </div>
  255 |
> 256 |     </div>
      |      ^^^^^
  257 |   )
  258 | }
  259 |

Parsing ecmascript source code failed

Import traces:
  Client Component Browser:
    ./app/(app)/gradebook/page.tsx [Client Component Browser]
    ./app/(app)/gradebook/page.tsx [Server Component]

  Client Component SSR:
    ./app/(app)/gradebook/page.tsx [Client Component SSR]
    ./app/(app)/gradebook/page.tsx [Server Component] @ http://localhost:3000/_next/static/chunks/node_modules_next_dist_0u_w_5s._.js:1945
[  129969ms] [ERROR] ./app/(app)/gradebook/page.tsx:256:6
Unterminated regexp literal
  254 |       </div>
  255 |
> 256 |     </div>
      |      ^^^^^
  257 |   )
  258 | }
  259 |

Parsing ecmascript source code failed

Import traces:
  Client Component Browser:
    ./app/(app)/gradebook/page.tsx [Client Component Browser]
    ./app/(app)/gradebook/page.tsx [Server Component]

  Client Component SSR:
    ./app/(app)/gradebook/page.tsx [Client Component SSR]
    ./app/(app)/gradebook/page.tsx [Server Component] @ http://localhost:3000/_next/static/chunks/node_modules_next_dist_0u_w_5s._.js:1945
[  130036ms] [ERROR] ./app/(app)/gradebook/page.tsx:256:6
Unterminated regexp literal
  254 |       </div>
  255 |
> 256 |     </div>
      |      ^^^^^
  257 |   )
  258 | }
  259 |

Parsing ecmascript source code failed

Import traces:
  Client Component Browser:
    ./app/(app)/gradebook/page.tsx [Client Component Browser]
    ./app/(app)/gradebook/page.tsx [Server Component]

  Client Component SSR:
    ./app/(app)/gradebook/page.tsx [Client Component SSR]
    ./app/(app)/gradebook/page.tsx [Server Component] @ http://localhost:3000/_next/static/chunks/node_modules_next_dist_0u_w_5s._.js:1945
[  130097ms] [ERROR] ./app/(app)/gradebook/page.tsx:256:6
Unterminated regexp literal
  254 |       </div>
  255 |
> 256 |     </div>
      |      ^^^^^
  257 |   )
  258 | }
  259 |

Parsing ecmascript source code failed

Import traces:
  Client Component Browser:
    ./app/(app)/gradebook/page.tsx [Client Component Browser]
    ./app/(app)/gradebook/page.tsx [Server Component]

  Client Component SSR:
    ./app/(app)/gradebook/page.tsx [Client Component SSR]
    ./app/(app)/gradebook/page.tsx [Server Component] @ http://localhost:3000/_next/static/chunks/node_modules_next_dist_0u_w_5s._.js:1945
[  130158ms] [ERROR] ./app/(app)/gradebook/page.tsx:256:6
Unterminated regexp literal
  254 |       </div>
  255 |
> 256 |     </div>
      |      ^^^^^
  257 |   )
  258 | }
  259 |

Parsing ecmascript source code failed

Import traces:
  Client Component Browser:
    ./app/(app)/gradebook/page.tsx [Client Component Browser]
    ./app/(app)/gradebook/page.tsx [Server Component]

  Client Component SSR:
    ./app/(app)/gradebook/page.tsx [Client Component SSR]
    ./app/(app)/gradebook/page.tsx [Server Component] @ http://localhost:3000/_next/static/chunks/node_modules_next_dist_0u_w_5s._.js:1945
[  130220ms] [ERROR] ./app/(app)/gradebook/page.tsx:256:6
Unterminated regexp literal
  254 |       </div>
  255 |
> 256 |     </div>
      |      ^^^^^
  257 |   )
  258 | }
  259 |

Parsing ecmascript source code failed

Import traces:
  Client Component Browser:
    ./app/(app)/gradebook/page.tsx [Client Component Browser]
    ./app/(app)/gradebook/page.tsx [Server Component]

  Client Component SSR:
    ./app/(app)/gradebook/page.tsx [Client Component SSR]
    ./app/(app)/gradebook/page.tsx [Server Component] @ http://localhost:3000/_next/static/chunks/node_modules_next_dist_0u_w_5s._.js:1945
[  130275ms] [ERROR] ./app/(app)/gradebook/page.tsx:256:6
Unterminated regexp literal
  254 |       </div>
  255 |
> 256 |     </div>
      |      ^^^^^
  257 |   )
  258 | }
  259 |

Parsing ecmascript source code failed

Import traces:
  Client Component Browser:
    ./app/(app)/gradebook/page.tsx [Client Component Browser]
    ./app/(app)/gradebook/page.tsx [Server Component]

  Client Component SSR:
    ./app/(app)/gradebook/page.tsx [Client Component SSR]
    ./app/(app)/gradebook/page.tsx [Server Component] @ http://localhost:3000/_next/static/chunks/node_modules_next_dist_0u_w_5s._.js:1945
[  130324ms] [ERROR] ./app/(app)/gradebook/page.tsx:256:6
Unterminated regexp literal
  254 |       </div>
  255 |
> 256 |     </div>
      |      ^^^^^
  257 |   )
  258 | }
  259 |

Parsing ecmascript source code failed

Import traces:
  Client Component Browser:
    ./app/(app)/gradebook/page.tsx [Client Component Browser]
    ./app/(app)/gradebook/page.tsx [Server Component]

  Client Component SSR:
    ./app/(app)/gradebook/page.tsx [Client Component SSR]
    ./app/(app)/gradebook/page.tsx [Server Component] @ http://localhost:3000/_next/static/chunks/node_modules_next_dist_0u_w_5s._.js:1945
[  130384ms] [ERROR] ./app/(app)/gradebook/page.tsx:256:6
Unterminated regexp literal
  254 |       </div>
  255 |
> 256 |     </div>
      |      ^^^^^
  257 |   )
  258 | }
  259 |

Parsing ecmascript source code failed

Import traces:
  Client Component Browser:
    ./app/(app)/gradebook/page.tsx [Client Component Browser]
    ./app/(app)/gradebook/page.tsx [Server Component]

  Client Component SSR:
    ./app/(app)/gradebook/page.tsx [Client Component SSR]
    ./app/(app)/gradebook/page.tsx [Server Component] @ http://localhost:3000/_next/static/chunks/node_modules_next_dist_0u_w_5s._.js:1945
[  130437ms] [ERROR] ./app/(app)/gradebook/page.tsx:256:6
Unterminated regexp literal
  254 |       </div>
  255 |
> 256 |     </div>
      |      ^^^^^
  257 |   )
  258 | }
  259 |

Parsing ecmascript source code failed

Import traces:
  Client Component Browser:
    ./app/(app)/gradebook/page.tsx [Client Component Browser]
    ./app/(app)/gradebook/page.tsx [Server Component]

  Client Component SSR:
    ./app/(app)/gradebook/page.tsx [Client Component SSR]
    ./app/(app)/gradebook/page.tsx [Server Component] @ http://localhost:3000/_next/static/chunks/node_modules_next_dist_0u_w_5s._.js:1945
[  130485ms] [ERROR] ./app/(app)/gradebook/page.tsx:256:6
Unterminated regexp literal
  254 |       </div>
  255 |
> 256 |     </div>
      |      ^^^^^
  257 |   )
  258 | }
  259 |

Parsing ecmascript source code failed

Import traces:
  Client Component Browser:
    ./app/(app)/gradebook/page.tsx [Client Component Browser]
    ./app/(app)/gradebook/page.tsx [Server Component]

  Client Component SSR:
    ./app/(app)/gradebook/page.tsx [Client Component SSR]
    ./app/(app)/gradebook/page.tsx [Server Component] @ http://localhost:3000/_next/static/chunks/node_modules_next_dist_0u_w_5s._.js:1945
[  130548ms] [ERROR] ./app/(app)/gradebook/page.tsx:256:6
Unterminated regexp literal
  254 |       </div>
  255 |
> 256 |     </div>
      |      ^^^^^
  257 |   )
  258 | }
  259 |

Parsing ecmascript source code failed

Import traces:
  Client Component Browser:
    ./app/(app)/gradebook/page.tsx [Client Component Browser]
    ./app/(app)/gradebook/page.tsx [Server Component]

  Client Component SSR:
    ./app/(app)/gradebook/page.tsx [Client Component SSR]
    ./app/(app)/gradebook/page.tsx [Server Component] @ http://localhost:3000/_next/static/chunks/node_modules_next_dist_0u_w_5s._.js:1945
[  130610ms] [ERROR] ./app/(app)/gradebook/page.tsx:256:6
Unterminated regexp literal
  254 |       </div>
  255 |
> 256 |     </div>
      |      ^^^^^
  257 |   )
  258 | }
  259 |

Parsing ecmascript source code failed

Import traces:
  Client Component Browser:
    ./app/(app)/gradebook/page.tsx [Client Component Browser]
    ./app/(app)/gradebook/page.tsx [Server Component]

  Client Component SSR:
    ./app/(app)/gradebook/page.tsx [Client Component SSR]
    ./app/(app)/gradebook/page.tsx [Server Component] @ http://localhost:3000/_next/static/chunks/node_modules_next_dist_0u_w_5s._.js:1945
[  130667ms] [ERROR] ./app/(app)/gradebook/page.tsx:256:6
Unterminated regexp literal
  254 |       </div>
  255 |
> 256 |     </div>
      |      ^^^^^
  257 |   )
  258 | }
  259 |

Parsing ecmascript source code failed

Import traces:
  Client Component Browser:
    ./app/(app)/gradebook/page.tsx [Client Component Browser]
    ./app/(app)/gradebook/page.tsx [Server Component]

  Client Component SSR:
    ./app/(app)/gradebook/page.tsx [Client Component SSR]
    ./app/(app)/gradebook/page.tsx [Server Component] @ http://localhost:3000/_next/static/chunks/node_modules_next_dist_0u_w_5s._.js:1945
[  130736ms] [ERROR] ./app/(app)/gradebook/page.tsx:256:6
Unterminated regexp literal
  254 |       </div>
  255 |
> 256 |     </div>
      |      ^^^^^
  257 |   )
  258 | }
  259 |

Parsing ecmascript source code failed

Import traces:
  Client Component Browser:
    ./app/(app)/gradebook/page.tsx [Client Component Browser]
    ./app/(app)/gradebook/page.tsx [Server Component]

  Client Component SSR:
    ./app/(app)/gradebook/page.tsx [Client Component SSR]
    ./app/(app)/gradebook/page.tsx [Server Component] @ http://localhost:3000/_next/static/chunks/node_modules_next_dist_0u_w_5s._.js:1945
[  130793ms] [ERROR] ./app/(app)/gradebook/page.tsx:256:6
Unterminated regexp literal
  254 |       </div>
  255 |
> 256 |     </div>
      |      ^^^^^
  257 |   )
  258 | }
  259 |

Parsing ecmascript source code failed

Import traces:
  Client Component Browser:
    ./app/(app)/gradebook/page.tsx [Client Component Browser]
    ./app/(app)/gradebook/page.tsx [Server Component]

  Client Component SSR:
    ./app/(app)/gradebook/page.tsx [Client Component SSR]
    ./app/(app)/gradebook/page.tsx [Server Component] @ http://localhost:3000/_next/static/chunks/node_modules_next_dist_0u_w_5s._.js:1945
[  130847ms] [ERROR] ./app/(app)/gradebook/page.tsx:256:6
Unterminated regexp literal
  254 |       </div>
  255 |
> 256 |     </div>
      |      ^^^^^
  257 |   )
  258 | }
  259 |

Parsing ecmascript source code failed

Import traces:
  Client Component Browser:
    ./app/(app)/gradebook/page.tsx [Client Component Browser]
    ./app/(app)/gradebook/page.tsx [Server Component]

  Client Component SSR:
    ./app/(app)/gradebook/page.tsx [Client Component SSR]
    ./app/(app)/gradebook/page.tsx [Server Component] @ http://localhost:3000/_next/static/chunks/node_modules_next_dist_0u_w_5s._.js:1945
[  130904ms] [ERROR] ./app/(app)/gradebook/page.tsx:256:6
Unterminated regexp literal
  254 |       </div>
  255 |
> 256 |     </div>
      |      ^^^^^
  257 |   )
  258 | }
  259 |

Parsing ecmascript source code failed

Import traces:
  Client Component Browser:
    ./app/(app)/gradebook/page.tsx [Client Component Browser]
    ./app/(app)/gradebook/page.tsx [Server Component]

  Client Component SSR:
    ./app/(app)/gradebook/page.tsx [Client Component SSR]
    ./app/(app)/gradebook/page.tsx [Server Component] @ http://localhost:3000/_next/static/chunks/node_modules_next_dist_0u_w_5s._.js:1945
[  130952ms] [ERROR] ./app/(app)/gradebook/page.tsx:256:6
Unterminated regexp literal
  254 |       </div>
  255 |
> 256 |     </div>
      |      ^^^^^
  257 |   )
  258 | }
  259 |

Parsing ecmascript source code failed

Import traces:
  Client Component Browser:
    ./app/(app)/gradebook/page.tsx [Client Component Browser]
    ./app/(app)/gradebook/page.tsx [Server Component]

  Client Component SSR:
    ./app/(app)/gradebook/page.tsx [Client Component SSR]
    ./app/(app)/gradebook/page.tsx [Server Component] @ http://localhost:3000/_next/static/chunks/node_modules_next_dist_0u_w_5s._.js:1945
[  131008ms] [ERROR] ./app/(app)/gradebook/page.tsx:256:6
Unterminated regexp literal
  254 |       </div>
  255 |
> 256 |     </div>
      |      ^^^^^
  257 |   )
  258 | }
  259 |

Parsing ecmascript source code failed

Import traces:
  Client Component Browser:
    ./app/(app)/gradebook/page.tsx [Client Component Browser]
    ./app/(app)/gradebook/page.tsx [Server Component]

  Client Component SSR:
    ./app/(app)/gradebook/page.tsx [Client Component SSR]
    ./app/(app)/gradebook/page.tsx [Server Component] @ http://localhost:3000/_next/static/chunks/node_modules_next_dist_0u_w_5s._.js:1945
[  131069ms] [ERROR] ./app/(app)/gradebook/page.tsx:256:6
Unterminated regexp literal
  254 |       </div>
  255 |
> 256 |     </div>
      |      ^^^^^
  257 |   )
  258 | }
  259 |

Parsing ecmascript source code failed

Import traces:
  Client Component Browser:
    ./app/(app)/gradebook/page.tsx [Client Component Browser]
    ./app/(app)/gradebook/page.tsx [Server Component]

  Client Component SSR:
    ./app/(app)/gradebook/page.tsx [Client Component SSR]
    ./app/(app)/gradebook/page.tsx [Server Component] @ http://localhost:3000/_next/static/chunks/node_modules_next_dist_0u_w_5s._.js:1945
[  131130ms] [ERROR] ./app/(app)/gradebook/page.tsx:256:6
Unterminated regexp literal
  254 |       </div>
  255 |
> 256 |     </div>
      |      ^^^^^
  257 |   )
  258 | }
  259 |

Parsing ecmascript source code failed

Import traces:
  Client Component Browser:
    ./app/(app)/gradebook/page.tsx [Client Component Browser]
    ./app/(app)/gradebook/page.tsx [Server Component]

  Client Component SSR:
    ./app/(app)/gradebook/page.tsx [Client Component SSR]
    ./app/(app)/gradebook/page.tsx [Server Component] @ http://localhost:3000/_next/static/chunks/node_modules_next_dist_0u_w_5s._.js:1945
[  131185ms] [ERROR] ./app/(app)/gradebook/page.tsx:256:6
Unterminated regexp literal
  254 |       </div>
  255 |
> 256 |     </div>
      |      ^^^^^
  257 |   )
  258 | }
  259 |

Parsing ecmascript source code failed

Import traces:
  Client Component Browser:
    ./app/(app)/gradebook/page.tsx [Client Component Browser]
    ./app/(app)/gradebook/page.tsx [Server Component]

  Client Component SSR:
    ./app/(app)/gradebook/page.tsx [Client Component SSR]
    ./app/(app)/gradebook/page.tsx [Server Component] @ http://localhost:3000/_next/static/chunks/node_modules_next_dist_0u_w_5s._.js:1945
[  131247ms] [ERROR] ./app/(app)/gradebook/page.tsx:256:6
Unterminated regexp literal
  254 |       </div>
  255 |
> 256 |     </div>
      |      ^^^^^
  257 |   )
  258 | }
  259 |

Parsing ecmascript source code failed

Import traces:
  Client Component Browser:
    ./app/(app)/gradebook/page.tsx [Client Component Browser]
    ./app/(app)/gradebook/page.tsx [Server Component]

  Client Component SSR:
    ./app/(app)/gradebook/page.tsx [Client Component SSR]
    ./app/(app)/gradebook/page.tsx [Server Component] @ http://localhost:3000/_next/static/chunks/node_modules_next_dist_0u_w_5s._.js:1945
[  131298ms] [ERROR] ./app/(app)/gradebook/page.tsx:256:6
Unterminated regexp literal
  254 |       </div>
  255 |
> 256 |     </div>
      |      ^^^^^
  257 |   )
  258 | }
  259 |

Parsing ecmascript source code failed

Import traces:
  Client Component Browser:
    ./app/(app)/gradebook/page.tsx [Client Component Browser]
    ./app/(app)/gradebook/page.tsx [Server Component]

  Client Component SSR:
    ./app/(app)/gradebook/page.tsx [Client Component SSR]
    ./app/(app)/gradebook/page.tsx [Server Component] @ http://localhost:3000/_next/static/chunks/node_modules_next_dist_0u_w_5s._.js:1945
[  131349ms] [ERROR] ./app/(app)/gradebook/page.tsx:256:6
Unterminated regexp literal
  254 |       </div>
  255 |
> 256 |     </div>
      |      ^^^^^
  257 |   )
  258 | }
  259 |

Parsing ecmascript source code failed

Import traces:
  Client Component Browser:
    ./app/(app)/gradebook/page.tsx [Client Component Browser]
    ./app/(app)/gradebook/page.tsx [Server Component]

  Client Component SSR:
    ./app/(app)/gradebook/page.tsx [Client Component SSR]
    ./app/(app)/gradebook/page.tsx [Server Component] @ http://localhost:3000/_next/static/chunks/node_modules_next_dist_0u_w_5s._.js:1945
[  131400ms] [ERROR] ./app/(app)/gradebook/page.tsx:256:6
Unterminated regexp literal
  254 |       </div>
  255 |
> 256 |     </div>
      |      ^^^^^
  257 |   )
  258 | }
  259 |

Parsing ecmascript source code failed

Import traces:
  Client Component Browser:
    ./app/(app)/gradebook/page.tsx [Client Component Browser]
    ./app/(app)/gradebook/page.tsx [Server Component]

  Client Component SSR:
    ./app/(app)/gradebook/page.tsx [Client Component SSR]
    ./app/(app)/gradebook/page.tsx [Server Component] @ http://localhost:3000/_next/static/chunks/node_modules_next_dist_0u_w_5s._.js:1945
[  131456ms] [ERROR] ./app/(app)/gradebook/page.tsx:256:6
Unterminated regexp literal
  254 |       </div>
  255 |
> 256 |     </div>
      |      ^^^^^
  257 |   )
  258 | }
  259 |

Parsing ecmascript source code failed

Import traces:
  Client Component Browser:
    ./app/(app)/gradebook/page.tsx [Client Component Browser]
    ./app/(app)/gradebook/page.tsx [Server Component]

  Client Component SSR:
    ./app/(app)/gradebook/page.tsx [Client Component SSR]
    ./app/(app)/gradebook/page.tsx [Server Component] @ http://localhost:3000/_next/static/chunks/node_modules_next_dist_0u_w_5s._.js:1945
[  131506ms] [ERROR] ./app/(app)/gradebook/page.tsx:256:6
Unterminated regexp literal
  254 |       </div>
  255 |
> 256 |     </div>
      |      ^^^^^
  257 |   )
  258 | }
  259 |

Parsing ecmascript source code failed

Import traces:
  Client Component Browser:
    ./app/(app)/gradebook/page.tsx [Client Component Browser]
    ./app/(app)/gradebook/page.tsx [Server Component]

  Client Component SSR:
    ./app/(app)/gradebook/page.tsx [Client Component SSR]
    ./app/(app)/gradebook/page.tsx [Server Component] @ http://localhost:3000/_next/static/chunks/node_modules_next_dist_0u_w_5s._.js:1945
[  131556ms] [ERROR] ./app/(app)/gradebook/page.tsx:256:6
Unterminated regexp literal
  254 |       </div>
  255 |
> 256 |     </div>
      |      ^^^^^
  257 |   )
  258 | }
  259 |

Parsing ecmascript source code failed

Import traces:
  Client Component Browser:
    ./app/(app)/gradebook/page.tsx [Client Component Browser]
    ./app/(app)/gradebook/page.tsx [Server Component]

  Client Component SSR:
    ./app/(app)/gradebook/page.tsx [Client Component SSR]
    ./app/(app)/gradebook/page.tsx [Server Component] @ http://localhost:3000/_next/static/chunks/node_modules_next_dist_0u_w_5s._.js:1945
[  131605ms] [ERROR] ./app/(app)/gradebook/page.tsx:256:6
Unterminated regexp literal
  254 |       </div>
  255 |
> 256 |     </div>
      |      ^^^^^
  257 |   )
  258 | }
  259 |

Parsing ecmascript source code failed

Import traces:
  Client Component Browser:
    ./app/(app)/gradebook/page.tsx [Client Component Browser]
    ./app/(app)/gradebook/page.tsx [Server Component]

  Client Component SSR:
    ./app/(app)/gradebook/page.tsx [Client Component SSR]
    ./app/(app)/gradebook/page.tsx [Server Component] @ http://localhost:3000/_next/static/chunks/node_modules_next_dist_0u_w_5s._.js:1945
[  131653ms] [ERROR] ./app/(app)/gradebook/page.tsx:256:6
Unterminated regexp literal
  254 |       </div>
  255 |
> 256 |     </div>
      |      ^^^^^
  257 |   )
  258 | }
  259 |

Parsing ecmascript source code failed

Import traces:
  Client Component Browser:
    ./app/(app)/gradebook/page.tsx [Client Component Browser]
    ./app/(app)/gradebook/page.tsx [Server Component]

  Client Component SSR:
    ./app/(app)/gradebook/page.tsx [Client Component SSR]
    ./app/(app)/gradebook/page.tsx [Server Component] @ http://localhost:3000/_next/static/chunks/node_modules_next_dist_0u_w_5s._.js:1945
[  131711ms] [ERROR] ./app/(app)/gradebook/page.tsx:256:6
Unterminated regexp literal
  254 |       </div>
  255 |
> 256 |     </div>
      |      ^^^^^
  257 |   )
  258 | }
  259 |

Parsing ecmascript source code failed

Import traces:
  Client Component Browser:
    ./app/(app)/gradebook/page.tsx [Client Component Browser]
    ./app/(app)/gradebook/page.tsx [Server Component]

  Client Component SSR:
    ./app/(app)/gradebook/page.tsx [Client Component SSR]
    ./app/(app)/gradebook/page.tsx [Server Component] @ http://localhost:3000/_next/static/chunks/node_modules_next_dist_0u_w_5s._.js:1945
[  131768ms] [ERROR] ./app/(app)/gradebook/page.tsx:256:6
Unterminated regexp literal
  254 |       </div>
  255 |
> 256 |     </div>
      |      ^^^^^
  257 |   )
  258 | }
  259 |

Parsing ecmascript source code failed

Import traces:
  Client Component Browser:
    ./app/(app)/gradebook/page.tsx [Client Component Browser]
    ./app/(app)/gradebook/page.tsx [Server Component]

  Client Component SSR:
    ./app/(app)/gradebook/page.tsx [Client Component SSR]
    ./app/(app)/gradebook/page.tsx [Server Component] @ http://localhost:3000/_next/static/chunks/node_modules_next_dist_0u_w_5s._.js:1945
[  131824ms] [ERROR] ./app/(app)/gradebook/page.tsx:256:6
Unterminated regexp literal
  254 |       </div>
  255 |
> 256 |     </div>
      |      ^^^^^
  257 |   )
  258 | }
  259 |

Parsing ecmascript source code failed

Import traces:
  Client Component Browser:
    ./app/(app)/gradebook/page.tsx [Client Component Browser]
    ./app/(app)/gradebook/page.tsx [Server Component]

  Client Component SSR:
    ./app/(app)/gradebook/page.tsx [Client Component SSR]
    ./app/(app)/gradebook/page.tsx [Server Component] @ http://localhost:3000/_next/static/chunks/node_modules_next_dist_0u_w_5s._.js:1945
[  131879ms] [ERROR] ./app/(app)/gradebook/page.tsx:256:6
Unterminated regexp literal
  254 |       </div>
  255 |
> 256 |     </div>
      |      ^^^^^
  257 |   )
  258 | }
  259 |

Parsing ecmascript source code failed

Import traces:
  Client Component Browser:
    ./app/(app)/gradebook/page.tsx [Client Component Browser]
    ./app/(app)/gradebook/page.tsx [Server Component]

  Client Component SSR:
    ./app/(app)/gradebook/page.tsx [Client Component SSR]
    ./app/(app)/gradebook/page.tsx [Server Component] @ http://localhost:3000/_next/static/chunks/node_modules_next_dist_0u_w_5s._.js:1945
[  131928ms] [ERROR] ./app/(app)/gradebook/page.tsx:256:6
Unterminated regexp literal
  254 |       </div>
  255 |
> 256 |     </div>
      |      ^^^^^
  257 |   )
  258 | }
  259 |

Parsing ecmascript source code failed

Import traces:
  Client Component Browser:
    ./app/(app)/gradebook/page.tsx [Client Component Browser]
    ./app/(app)/gradebook/page.tsx [Server Component]

  Client Component SSR:
    ./app/(app)/gradebook/page.tsx [Client Component SSR]
    ./app/(app)/gradebook/page.tsx [Server Component] @ http://localhost:3000/_next/static/chunks/node_modules_next_dist_0u_w_5s._.js:1945
[  131977ms] [ERROR] ./app/(app)/gradebook/page.tsx:256:6
Unterminated regexp literal
  254 |       </div>
  255 |
> 256 |     </div>
      |      ^^^^^
  257 |   )
  258 | }
  259 |

Parsing ecmascript source code failed

Import traces:
  Client Component Browser:
    ./app/(app)/gradebook/page.tsx [Client Component Browser]
    ./app/(app)/gradebook/page.tsx [Server Component]

  Client Component SSR:
    ./app/(app)/gradebook/page.tsx [Client Component SSR]
    ./app/(app)/gradebook/page.tsx [Server Component] @ http://localhost:3000/_next/static/chunks/node_modules_next_dist_0u_w_5s._.js:1945
[  132037ms] [ERROR] ./app/(app)/gradebook/page.tsx:256:6
Unterminated regexp literal
  254 |       </div>
  255 |
> 256 |     </div>
      |      ^^^^^
  257 |   )
  258 | }
  259 |

Parsing ecmascript source code failed

Import traces:
  Client Component Browser:
    ./app/(app)/gradebook/page.tsx [Client Component Browser]
    ./app/(app)/gradebook/page.tsx [Server Component]

  Client Component SSR:
    ./app/(app)/gradebook/page.tsx [Client Component SSR]
    ./app/(app)/gradebook/page.tsx [Server Component] @ http://localhost:3000/_next/static/chunks/node_modules_next_dist_0u_w_5s._.js:1945
[  132085ms] [ERROR] ./app/(app)/gradebook/page.tsx:256:6
Unterminated regexp literal
  254 |       </div>
  255 |
> 256 |     </div>
      |      ^^^^^
  257 |   )
  258 | }
  259 |

Parsing ecmascript source code failed

Import traces:
  Client Component Browser:
    ./app/(app)/gradebook/page.tsx [Client Component Browser]
    ./app/(app)/gradebook/page.tsx [Server Component]

  Client Component SSR:
    ./app/(app)/gradebook/page.tsx [Client Component SSR]
    ./app/(app)/gradebook/page.tsx [Server Component] @ http://localhost:3000/_next/static/chunks/node_modules_next_dist_0u_w_5s._.js:1945
[  132135ms] [ERROR] ./app/(app)/gradebook/page.tsx:256:6
Unterminated regexp literal
  254 |       </div>
  255 |
> 256 |     </div>
      |      ^^^^^
  257 |   )
  258 | }
  259 |

Parsing ecmascript source code failed

Import traces:
  Client Component Browser:
    ./app/(app)/gradebook/page.tsx [Client Component Browser]
    ./app/(app)/gradebook/page.tsx [Server Component]

  Client Component SSR:
    ./app/(app)/gradebook/page.tsx [Client Component SSR]
    ./app/(app)/gradebook/page.tsx [Server Component] @ http://localhost:3000/_next/static/chunks/node_modules_next_dist_0u_w_5s._.js:1945
[  132184ms] [ERROR] ./app/(app)/gradebook/page.tsx:256:6
Unterminated regexp literal
  254 |       </div>
  255 |
> 256 |     </div>
      |      ^^^^^
  257 |   )
  258 | }
  259 |

Parsing ecmascript source code failed

Import traces:
  Client Component Browser:
    ./app/(app)/gradebook/page.tsx [Client Component Browser]
    ./app/(app)/gradebook/page.tsx [Server Component]

  Client Component SSR:
    ./app/(app)/gradebook/page.tsx [Client Component SSR]
    ./app/(app)/gradebook/page.tsx [Server Component] @ http://localhost:3000/_next/static/chunks/node_modules_next_dist_0u_w_5s._.js:1945
[  132244ms] [ERROR] ./app/(app)/gradebook/page.tsx:256:6
Unterminated regexp literal
  254 |       </div>
  255 |
> 256 |     </div>
      |      ^^^^^
  257 |   )
  258 | }
  259 |

Parsing ecmascript source code failed

Import traces:
  Client Component Browser:
    ./app/(app)/gradebook/page.tsx [Client Component Browser]
    ./app/(app)/gradebook/page.tsx [Server Component]

  Client Component SSR:
    ./app/(app)/gradebook/page.tsx [Client Component SSR]
    ./app/(app)/gradebook/page.tsx [Server Component] @ http://localhost:3000/_next/static/chunks/node_modules_next_dist_0u_w_5s._.js:1945
[  132310ms] [ERROR] ./app/(app)/gradebook/page.tsx:256:6
Unterminated regexp literal
  254 |       </div>
  255 |
> 256 |     </div>
      |      ^^^^^
  257 |   )
  258 | }
  259 |

Parsing ecmascript source code failed

Import traces:
  Client Component Browser:
    ./app/(app)/gradebook/page.tsx [Client Component Browser]
    ./app/(app)/gradebook/page.tsx [Server Component]

  Client Component SSR:
    ./app/(app)/gradebook/page.tsx [Client Component SSR]
    ./app/(app)/gradebook/page.tsx [Server Component] @ http://localhost:3000/_next/static/chunks/node_modules_next_dist_0u_w_5s._.js:1945
[  132357ms] [ERROR] ./app/(app)/gradebook/page.tsx:256:6
Unterminated regexp literal
  254 |       </div>
  255 |
> 256 |     </div>
      |      ^^^^^
  257 |   )
  258 | }
  259 |

Parsing ecmascript source code failed

Import traces:
  Client Component Browser:
    ./app/(app)/gradebook/page.tsx [Client Component Browser]
    ./app/(app)/gradebook/page.tsx [Server Component]

  Client Component SSR:
    ./app/(app)/gradebook/page.tsx [Client Component SSR]
    ./app/(app)/gradebook/page.tsx [Server Component] @ http://localhost:3000/_next/static/chunks/node_modules_next_dist_0u_w_5s._.js:1945
[  132414ms] [ERROR] ./app/(app)/gradebook/page.tsx:256:6
Unterminated regexp literal
  254 |       </div>
  255 |
> 256 |     </div>
      |      ^^^^^
  257 |   )
  258 | }
  259 |

Parsing ecmascript source code failed

Import traces:
  Client Component Browser:
    ./app/(app)/gradebook/page.tsx [Client Component Browser]
    ./app/(app)/gradebook/page.tsx [Server Component]

  Client Component SSR:
    ./app/(app)/gradebook/page.tsx [Client Component SSR]
    ./app/(app)/gradebook/page.tsx [Server Component] @ http://localhost:3000/_next/static/chunks/node_modules_next_dist_0u_w_5s._.js:1945
[  132470ms] [ERROR] ./app/(app)/gradebook/page.tsx:256:6
Unterminated regexp literal
  254 |       </div>
  255 |
> 256 |     </div>
      |      ^^^^^
  257 |   )
  258 | }
  259 |

Parsing ecmascript source code failed

Import traces:
  Client Component Browser:
    ./app/(app)/gradebook/page.tsx [Client Component Browser]
    ./app/(app)/gradebook/page.tsx [Server Component]

  Client Component SSR:
    ./app/(app)/gradebook/page.tsx [Client Component SSR]
    ./app/(app)/gradebook/page.tsx [Server Component] @ http://localhost:3000/_next/static/chunks/node_modules_next_dist_0u_w_5s._.js:1945
[  132529ms] [ERROR] ./app/(app)/gradebook/page.tsx:256:6
Unterminated regexp literal
  254 |       </div>
  255 |
> 256 |     </div>
      |      ^^^^^
  257 |   )
  258 | }
  259 |

Parsing ecmascript source code failed

Import traces:
  Client Component Browser:
    ./app/(app)/gradebook/page.tsx [Client Component Browser]
    ./app/(app)/gradebook/page.tsx [Server Component]

  Client Component SSR:
    ./app/(app)/gradebook/page.tsx [Client Component SSR]
    ./app/(app)/gradebook/page.tsx [Server Component] @ http://localhost:3000/_next/static/chunks/node_modules_next_dist_0u_w_5s._.js:1945
[  132581ms] [ERROR] ./app/(app)/gradebook/page.tsx:256:6
Unterminated regexp literal
  254 |       </div>
  255 |
> 256 |     </div>
      |      ^^^^^
  257 |   )
  258 | }
  259 |

Parsing ecmascript source code failed

Import traces:
  Client Component Browser:
    ./app/(app)/gradebook/page.tsx [Client Component Browser]
    ./app/(app)/gradebook/page.tsx [Server Component]

  Client Component SSR:
    ./app/(app)/gradebook/page.tsx [Client Component SSR]
    ./app/(app)/gradebook/page.tsx [Server Component] @ http://localhost:3000/_next/static/chunks/node_modules_next_dist_0u_w_5s._.js:1945
[  132647ms] [ERROR] ./app/(app)/gradebook/page.tsx:256:6
Unterminated regexp literal
  254 |       </div>
  255 |
> 256 |     </div>
      |      ^^^^^
  257 |   )
  258 | }
  259 |

Parsing ecmascript source code failed

Import traces:
  Client Component Browser:
    ./app/(app)/gradebook/page.tsx [Client Component Browser]
    ./app/(app)/gradebook/page.tsx [Server Component]

  Client Component SSR:
    ./app/(app)/gradebook/page.tsx [Client Component SSR]
    ./app/(app)/gradebook/page.tsx [Server Component] @ http://localhost:3000/_next/static/chunks/node_modules_next_dist_0u_w_5s._.js:1945
[  132703ms] [ERROR] ./app/(app)/gradebook/page.tsx:256:6
Unterminated regexp literal
  254 |       </div>
  255 |
> 256 |     </div>
      |      ^^^^^
  257 |   )
  258 | }
  259 |

Parsing ecmascript source code failed

Import traces:
  Client Component Browser:
    ./app/(app)/gradebook/page.tsx [Client Component Browser]
    ./app/(app)/gradebook/page.tsx [Server Component]

  Client Component SSR:
    ./app/(app)/gradebook/page.tsx [Client Component SSR]
    ./app/(app)/gradebook/page.tsx [Server Component] @ http://localhost:3000/_next/static/chunks/node_modules_next_dist_0u_w_5s._.js:1945
[  132761ms] [ERROR] ./app/(app)/gradebook/page.tsx:256:6
Unterminated regexp literal
  254 |       </div>
  255 |
> 256 |     </div>
      |      ^^^^^
  257 |   )
  258 | }
  259 |

Parsing ecmascript source code failed

Import traces:
  Client Component Browser:
    ./app/(app)/gradebook/page.tsx [Client Component Browser]
    ./app/(app)/gradebook/page.tsx [Server Component]

  Client Component SSR:
    ./app/(app)/gradebook/page.tsx [Client Component SSR]
    ./app/(app)/gradebook/page.tsx [Server Component] @ http://localhost:3000/_next/static/chunks/node_modules_next_dist_0u_w_5s._.js:1945
[  132810ms] [ERROR] ./app/(app)/gradebook/page.tsx:256:6
Unterminated regexp literal
  254 |       </div>
  255 |
> 256 |     </div>
      |      ^^^^^
  257 |   )
  258 | }
  259 |

Parsing ecmascript source code failed

Import traces:
  Client Component Browser:
    ./app/(app)/gradebook/page.tsx [Client Component Browser]
    ./app/(app)/gradebook/page.tsx [Server Component]

  Client Component SSR:
    ./app/(app)/gradebook/page.tsx [Client Component SSR]
    ./app/(app)/gradebook/page.tsx [Server Component] @ http://localhost:3000/_next/static/chunks/node_modules_next_dist_0u_w_5s._.js:1945
[  132857ms] [ERROR] ./app/(app)/gradebook/page.tsx:256:6
Unterminated regexp literal
  254 |       </div>
  255 |
> 256 |     </div>
      |      ^^^^^
  257 |   )
  258 | }
  259 |

Parsing ecmascript source code failed

Import traces:
  Client Component Browser:
    ./app/(app)/gradebook/page.tsx [Client Component Browser]
    ./app/(app)/gradebook/page.tsx [Server Component]

  Client Component SSR:
    ./app/(app)/gradebook/page.tsx [Client Component SSR]
    ./app/(app)/gradebook/page.tsx [Server Component] @ http://localhost:3000/_next/static/chunks/node_modules_next_dist_0u_w_5s._.js:1945
[  132916ms] [ERROR] ./app/(app)/gradebook/page.tsx:256:6
Unterminated regexp literal
  254 |       </div>
  255 |
> 256 |     </div>
      |      ^^^^^
  257 |   )
  258 | }
  259 |

Parsing ecmascript source code failed

Import traces:
  Client Component Browser:
    ./app/(app)/gradebook/page.tsx [Client Component Browser]
    ./app/(app)/gradebook/page.tsx [Server Component]

  Client Component SSR:
    ./app/(app)/gradebook/page.tsx [Client Component SSR]
    ./app/(app)/gradebook/page.tsx [Server Component] @ http://localhost:3000/_next/static/chunks/node_modules_next_dist_0u_w_5s._.js:1945
[  132964ms] [ERROR] ./app/(app)/gradebook/page.tsx:256:6
Unterminated regexp literal
  254 |       </div>
  255 |
> 256 |     </div>
      |      ^^^^^
  257 |   )
  258 | }
  259 |

Parsing ecmascript source code failed

Import traces:
  Client Component Browser:
    ./app/(app)/gradebook/page.tsx [Client Component Browser]
    ./app/(app)/gradebook/page.tsx [Server Component]

  Client Component SSR:
    ./app/(app)/gradebook/page.tsx [Client Component SSR]
    ./app/(app)/gradebook/page.tsx [Server Component] @ http://localhost:3000/_next/static/chunks/node_modules_next_dist_0u_w_5s._.js:1945
[  133015ms] [ERROR] ./app/(app)/gradebook/page.tsx:256:6
Unterminated regexp literal
  254 |       </div>
  255 |
> 256 |     </div>
      |      ^^^^^
  257 |   )
  258 | }
  259 |

Parsing ecmascript source code failed

Import traces:
  Client Component Browser:
    ./app/(app)/gradebook/page.tsx [Client Component Browser]
    ./app/(app)/gradebook/page.tsx [Server Component]

  Client Component SSR:
    ./app/(app)/gradebook/page.tsx [Client Component SSR]
    ./app/(app)/gradebook/page.tsx [Server Component] @ http://localhost:3000/_next/static/chunks/node_modules_next_dist_0u_w_5s._.js:1945
[  133066ms] [ERROR] ./app/(app)/gradebook/page.tsx:256:6
Unterminated regexp literal
  254 |       </div>
  255 |
> 256 |     </div>
      |      ^^^^^
  257 |   )
  258 | }
  259 |

Parsing ecmascript source code failed

Import traces:
  Client Component Browser:
    ./app/(app)/gradebook/page.tsx [Client Component Browser]
    ./app/(app)/gradebook/page.tsx [Server Component]

  Client Component SSR:
    ./app/(app)/gradebook/page.tsx [Client Component SSR]
    ./app/(app)/gradebook/page.tsx [Server Component] @ http://localhost:3000/_next/static/chunks/node_modules_next_dist_0u_w_5s._.js:1945
[  133128ms] [ERROR] ./app/(app)/gradebook/page.tsx:256:6
Unterminated regexp literal
  254 |       </div>
  255 |
> 256 |     </div>
      |      ^^^^^
  257 |   )
  258 | }
  259 |

Parsing ecmascript source code failed

Import traces:
  Client Component Browser:
    ./app/(app)/gradebook/page.tsx [Client Component Browser]
    ./app/(app)/gradebook/page.tsx [Server Component]

  Client Component SSR:
    ./app/(app)/gradebook/page.tsx [Client Component SSR]
    ./app/(app)/gradebook/page.tsx [Server Component] @ http://localhost:3000/_next/static/chunks/node_modules_next_dist_0u_w_5s._.js:1945
[  133177ms] [ERROR] ./app/(app)/gradebook/page.tsx:256:6
Unterminated regexp literal
  254 |       </div>
  255 |
> 256 |     </div>
      |      ^^^^^
  257 |   )
  258 | }
  259 |

Parsing ecmascript source code failed

Import traces:
  Client Component Browser:
    ./app/(app)/gradebook/page.tsx [Client Component Browser]
    ./app/(app)/gradebook/page.tsx [Server Component]

  Client Component SSR:
    ./app/(app)/gradebook/page.tsx [Client Component SSR]
    ./app/(app)/gradebook/page.tsx [Server Component] @ http://localhost:3000/_next/static/chunks/node_modules_next_dist_0u_w_5s._.js:1945
[  133226ms] [ERROR] ./app/(app)/gradebook/page.tsx:256:6
Unterminated regexp literal
  254 |       </div>
  255 |
> 256 |     </div>
      |      ^^^^^
  257 |   )
  258 | }
  259 |

Parsing ecmascript source code failed

Import traces:
  Client Component Browser:
    ./app/(app)/gradebook/page.tsx [Client Component Browser]
    ./app/(app)/gradebook/page.tsx [Server Component]

  Client Component SSR:
    ./app/(app)/gradebook/page.tsx [Client Component SSR]
    ./app/(app)/gradebook/page.tsx [Server Component] @ http://localhost:3000/_next/static/chunks/node_modules_next_dist_0u_w_5s._.js:1945
[  133283ms] [ERROR] ./app/(app)/gradebook/page.tsx:256:6
Unterminated regexp literal
  254 |       </div>
  255 |
> 256 |     </div>
      |      ^^^^^
  257 |   )
  258 | }
  259 |

Parsing ecmascript source code failed

Import traces:
  Client Component Browser:
    ./app/(app)/gradebook/page.tsx [Client Component Browser]
    ./app/(app)/gradebook/page.tsx [Server Component]

  Client Component SSR:
    ./app/(app)/gradebook/page.tsx [Client Component SSR]
    ./app/(app)/gradebook/page.tsx [Server Component] @ http://localhost:3000/_next/static/chunks/node_modules_next_dist_0u_w_5s._.js:1945
[  133340ms] [ERROR] ./app/(app)/gradebook/page.tsx:256:6
Unterminated regexp literal
  254 |       </div>
  255 |
> 256 |     </div>
      |      ^^^^^
  257 |   )
  258 | }
  259 |

Parsing ecmascript source code failed

Import traces:
  Client Component Browser:
    ./app/(app)/gradebook/page.tsx [Client Component Browser]
    ./app/(app)/gradebook/page.tsx [Server Component]

  Client Component SSR:
    ./app/(app)/gradebook/page.tsx [Client Component SSR]
    ./app/(app)/gradebook/page.tsx [Server Component] @ http://localhost:3000/_next/static/chunks/node_modules_next_dist_0u_w_5s._.js:1945
[  133399ms] [ERROR] ./app/(app)/gradebook/page.tsx:256:6
Unterminated regexp literal
  254 |       </div>
  255 |
> 256 |     </div>
      |      ^^^^^
  257 |   )
  258 | }
  259 |

Parsing ecmascript source code failed

Import traces:
  Client Component Browser:
    ./app/(app)/gradebook/page.tsx [Client Component Browser]
    ./app/(app)/gradebook/page.tsx [Server Component]

  Client Component SSR:
    ./app/(app)/gradebook/page.tsx [Client Component SSR]
    ./app/(app)/gradebook/page.tsx [Server Component] @ http://localhost:3000/_next/static/chunks/node_modules_next_dist_0u_w_5s._.js:1945
[  133455ms] [ERROR] ./app/(app)/gradebook/page.tsx:256:6
Unterminated regexp literal
  254 |       </div>
  255 |
> 256 |     </div>
      |      ^^^^^
  257 |   )
  258 | }
  259 |

Parsing ecmascript source code failed

Import traces:
  Client Component Browser:
    ./app/(app)/gradebook/page.tsx [Client Component Browser]
    ./app/(app)/gradebook/page.tsx [Server Component]

  Client Component SSR:
    ./app/(app)/gradebook/page.tsx [Client Component SSR]
    ./app/(app)/gradebook/page.tsx [Server Component] @ http://localhost:3000/_next/static/chunks/node_modules_next_dist_0u_w_5s._.js:1945
[  133514ms] [ERROR] ./app/(app)/gradebook/page.tsx:256:6
Unterminated regexp literal
  254 |       </div>
  255 |
> 256 |     </div>
      |      ^^^^^
  257 |   )
  258 | }
  259 |

Parsing ecmascript source code failed

Import traces:
  Client Component Browser:
    ./app/(app)/gradebook/page.tsx [Client Component Browser]
    ./app/(app)/gradebook/page.tsx [Server Component]

  Client Component SSR:
    ./app/(app)/gradebook/page.tsx [Client Component SSR]
    ./app/(app)/gradebook/page.tsx [Server Component] @ http://localhost:3000/_next/static/chunks/node_modules_next_dist_0u_w_5s._.js:1945
[  133564ms] [ERROR] ./app/(app)/gradebook/page.tsx:256:6
Unterminated regexp literal
  254 |       </div>
  255 |
> 256 |     </div>
      |      ^^^^^
  257 |   )
  258 | }
  259 |

Parsing ecmascript source code failed

Import traces:
  Client Component Browser:
    ./app/(app)/gradebook/page.tsx [Client Component Browser]
    ./app/(app)/gradebook/page.tsx [Server Component]

  Client Component SSR:
    ./app/(app)/gradebook/page.tsx [Client Component SSR]
    ./app/(app)/gradebook/page.tsx [Server Component] @ http://localhost:3000/_next/static/chunks/node_modules_next_dist_0u_w_5s._.js:1945
[  133629ms] [ERROR] ./app/(app)/gradebook/page.tsx:256:6
Unterminated regexp literal
  254 |       </div>
  255 |
> 256 |     </div>
      |      ^^^^^
  257 |   )
  258 | }
  259 |

Parsing ecmascript source code failed

Import traces:
  Client Component Browser:
    ./app/(app)/gradebook/page.tsx [Client Component Browser]
    ./app/(app)/gradebook/page.tsx [Server Component]

  Client Component SSR:
    ./app/(app)/gradebook/page.tsx [Client Component SSR]
    ./app/(app)/gradebook/page.tsx [Server Component] @ http://localhost:3000/_next/static/chunks/node_modules_next_dist_0u_w_5s._.js:1945
[  133679ms] [ERROR] ./app/(app)/gradebook/page.tsx:256:6
Unterminated regexp literal
  254 |       </div>
  255 |
> 256 |     </div>
      |      ^^^^^
  257 |   )
  258 | }
  259 |

Parsing ecmascript source code failed

Import traces:
  Client Component Browser:
    ./app/(app)/gradebook/page.tsx [Client Component Browser]
    ./app/(app)/gradebook/page.tsx [Server Component]

  Client Component SSR:
    ./app/(app)/gradebook/page.tsx [Client Component SSR]
    ./app/(app)/gradebook/page.tsx [Server Component] @ http://localhost:3000/_next/static/chunks/node_modules_next_dist_0u_w_5s._.js:1945
[  133728ms] [ERROR] ./app/(app)/gradebook/page.tsx:256:6
Unterminated regexp literal
  254 |       </div>
  255 |
> 256 |     </div>
      |      ^^^^^
  257 |   )
  258 | }
  259 |

Parsing ecmascript source code failed

Import traces:
  Client Component Browser:
    ./app/(app)/gradebook/page.tsx [Client Component Browser]
    ./app/(app)/gradebook/page.tsx [Server Component]

  Client Component SSR:
    ./app/(app)/gradebook/page.tsx [Client Component SSR]
    ./app/(app)/gradebook/page.tsx [Server Component] @ http://localhost:3000/_next/static/chunks/node_modules_next_dist_0u_w_5s._.js:1945
[  133786ms] [ERROR] ./app/(app)/gradebook/page.tsx:256:6
Unterminated regexp literal
  254 |       </div>
  255 |
> 256 |     </div>
      |      ^^^^^
  257 |   )
  258 | }
  259 |

Parsing ecmascript source code failed

Import traces:
  Client Component Browser:
    ./app/(app)/gradebook/page.tsx [Client Component Browser]
    ./app/(app)/gradebook/page.tsx [Server Component]

  Client Component SSR:
    ./app/(app)/gradebook/page.tsx [Client Component SSR]
    ./app/(app)/gradebook/page.tsx [Server Component] @ http://localhost:3000/_next/static/chunks/node_modules_next_dist_0u_w_5s._.js:1945
[  133838ms] [ERROR] ./app/(app)/gradebook/page.tsx:256:6
Unterminated regexp literal
  254 |       </div>
  255 |
> 256 |     </div>
      |      ^^^^^
  257 |   )
  258 | }
  259 |

Parsing ecmascript source code failed

Import traces:
  Client Component Browser:
    ./app/(app)/gradebook/page.tsx [Client Component Browser]
    ./app/(app)/gradebook/page.tsx [Server Component]

  Client Component SSR:
    ./app/(app)/gradebook/page.tsx [Client Component SSR]
    ./app/(app)/gradebook/page.tsx [Server Component] @ http://localhost:3000/_next/static/chunks/node_modules_next_dist_0u_w_5s._.js:1945
[  133897ms] [ERROR] ./app/(app)/gradebook/page.tsx:256:6
Unterminated regexp literal
  254 |       </div>
  255 |
> 256 |     </div>
      |      ^^^^^
  257 |   )
  258 | }
  259 |

Parsing ecmascript source code failed

Import traces:
  Client Component Browser:
    ./app/(app)/gradebook/page.tsx [Client Component Browser]
    ./app/(app)/gradebook/page.tsx [Server Component]

  Client Component SSR:
    ./app/(app)/gradebook/page.tsx [Client Component SSR]
    ./app/(app)/gradebook/page.tsx [Server Component] @ http://localhost:3000/_next/static/chunks/node_modules_next_dist_0u_w_5s._.js:1945
[  133946ms] [ERROR] ./app/(app)/gradebook/page.tsx:256:6
Unterminated regexp literal
  254 |       </div>
  255 |
> 256 |     </div>
      |      ^^^^^
  257 |   )
  258 | }
  259 |

Parsing ecmascript source code failed

Import traces:
  Client Component Browser:
    ./app/(app)/gradebook/page.tsx [Client Component Browser]
    ./app/(app)/gradebook/page.tsx [Server Component]

  Client Component SSR:
    ./app/(app)/gradebook/page.tsx [Client Component SSR]
    ./app/(app)/gradebook/page.tsx [Server Component] @ http://localhost:3000/_next/static/chunks/node_modules_next_dist_0u_w_5s._.js:1945
[  134011ms] [ERROR] ./app/(app)/gradebook/page.tsx:256:6
Unterminated regexp literal
  254 |       </div>
  255 |
> 256 |     </div>
      |      ^^^^^
  257 |   )
  258 | }
  259 |

Parsing ecmascript source code failed

Import traces:
  Client Component Browser:
    ./app/(app)/gradebook/page.tsx [Client Component Browser]
    ./app/(app)/gradebook/page.tsx [Server Component]

  Client Component SSR:
    ./app/(app)/gradebook/page.tsx [Client Component SSR]
    ./app/(app)/gradebook/page.tsx [Server Component] @ http://localhost:3000/_next/static/chunks/node_modules_next_dist_0u_w_5s._.js:1945
[  134067ms] [ERROR] ./app/(app)/gradebook/page.tsx:256:6
Unterminated regexp literal
  254 |       </div>
  255 |
> 256 |     </div>
      |      ^^^^^
  257 |   )
  258 | }
  259 |

Parsing ecmascript source code failed

Import traces:
  Client Component Browser:
    ./app/(app)/gradebook/page.tsx [Client Component Browser]
    ./app/(app)/gradebook/page.tsx [Server Component]

  Client Component SSR:
    ./app/(app)/gradebook/page.tsx [Client Component SSR]
    ./app/(app)/gradebook/page.tsx [Server Component] @ http://localhost:3000/_next/static/chunks/node_modules_next_dist_0u_w_5s._.js:1945
[  134118ms] [ERROR] ./app/(app)/gradebook/page.tsx:256:6
Unterminated regexp literal
  254 |       </div>
  255 |
> 256 |     </div>
      |      ^^^^^
  257 |   )
  258 | }
  259 |

Parsing ecmascript source code failed

Import traces:
  Client Component Browser:
    ./app/(app)/gradebook/page.tsx [Client Component Browser]
    ./app/(app)/gradebook/page.tsx [Server Component]

  Client Component SSR:
    ./app/(app)/gradebook/page.tsx [Client Component SSR]
    ./app/(app)/gradebook/page.tsx [Server Component] @ http://localhost:3000/_next/static/chunks/node_modules_next_dist_0u_w_5s._.js:1945
[  134184ms] [ERROR] ./app/(app)/gradebook/page.tsx:256:6
Unterminated regexp literal
  254 |       </div>
  255 |
> 256 |     </div>
      |      ^^^^^
  257 |   )
  258 | }
  259 |

Parsing ecmascript source code failed

Import traces:
  Client Component Browser:
    ./app/(app)/gradebook/page.tsx [Client Component Browser]
    ./app/(app)/gradebook/page.tsx [Server Component]

  Client Component SSR:
    ./app/(app)/gradebook/page.tsx [Client Component SSR]
    ./app/(app)/gradebook/page.tsx [Server Component] @ http://localhost:3000/_next/static/chunks/node_modules_next_dist_0u_w_5s._.js:1945
[  134236ms] [ERROR] ./app/(app)/gradebook/page.tsx:256:6
Unterminated regexp literal
  254 |       </div>
  255 |
> 256 |     </div>
      |      ^^^^^
  257 |   )
  258 | }
  259 |

Parsing ecmascript source code failed

Import traces:
  Client Component Browser:
    ./app/(app)/gradebook/page.tsx [Client Component Browser]
    ./app/(app)/gradebook/page.tsx [Server Component]

  Client Component SSR:
    ./app/(app)/gradebook/page.tsx [Client Component SSR]
    ./app/(app)/gradebook/page.tsx [Server Component] @ http://localhost:3000/_next/static/chunks/node_modules_next_dist_0u_w_5s._.js:1945
[  134288ms] [ERROR] ./app/(app)/gradebook/page.tsx:256:6
Unterminated regexp literal
  254 |       </div>
  255 |
> 256 |     </div>
      |      ^^^^^
  257 |   )
  258 | }
  259 |

Parsing ecmascript source code failed

Import traces:
  Client Component Browser:
    ./app/(app)/gradebook/page.tsx [Client Component Browser]
    ./app/(app)/gradebook/page.tsx [Server Component]

  Client Component SSR:
    ./app/(app)/gradebook/page.tsx [Client Component SSR]
    ./app/(app)/gradebook/page.tsx [Server Component] @ http://localhost:3000/_next/static/chunks/node_modules_next_dist_0u_w_5s._.js:1945
[  134334ms] [ERROR] ./app/(app)/gradebook/page.tsx:256:6
Unterminated regexp literal
  254 |       </div>
  255 |
> 256 |     </div>
      |      ^^^^^
  257 |   )
  258 | }
  259 |

Parsing ecmascript source code failed

Import traces:
  Client Component Browser:
    ./app/(app)/gradebook/page.tsx [Client Component Browser]
    ./app/(app)/gradebook/page.tsx [Server Component]

  Client Component SSR:
    ./app/(app)/gradebook/page.tsx [Client Component SSR]
    ./app/(app)/gradebook/page.tsx [Server Component] @ http://localhost:3000/_next/static/chunks/node_modules_next_dist_0u_w_5s._.js:1945
[  134387ms] [ERROR] ./app/(app)/gradebook/page.tsx:256:6
Unterminated regexp literal
  254 |       </div>
  255 |
> 256 |     </div>
      |      ^^^^^
  257 |   )
  258 | }
  259 |

Parsing ecmascript source code failed

Import traces:
  Client Component Browser:
    ./app/(app)/gradebook/page.tsx [Client Component Browser]
    ./app/(app)/gradebook/page.tsx [Server Component]

  Client Component SSR:
    ./app/(app)/gradebook/page.tsx [Client Component SSR]
    ./app/(app)/gradebook/page.tsx [Server Component] @ http://localhost:3000/_next/static/chunks/node_modules_next_dist_0u_w_5s._.js:1945
[  134438ms] [ERROR] ./app/(app)/gradebook/page.tsx:256:6
Unterminated regexp literal
  254 |       </div>
  255 |
> 256 |     </div>
      |      ^^^^^
  257 |   )
  258 | }
  259 |

Parsing ecmascript source code failed

Import traces:
  Client Component Browser:
    ./app/(app)/gradebook/page.tsx [Client Component Browser]
    ./app/(app)/gradebook/page.tsx [Server Component]

  Client Component SSR:
    ./app/(app)/gradebook/page.tsx [Client Component SSR]
    ./app/(app)/gradebook/page.tsx [Server Component] @ http://localhost:3000/_next/static/chunks/node_modules_next_dist_0u_w_5s._.js:1945
[  134497ms] [ERROR] ./app/(app)/gradebook/page.tsx:256:6
Unterminated regexp literal
  254 |       </div>
  255 |
> 256 |     </div>
      |      ^^^^^
  257 |   )
  258 | }
  259 |

Parsing ecmascript source code failed

Import traces:
  Client Component Browser:
    ./app/(app)/gradebook/page.tsx [Client Component Browser]
    ./app/(app)/gradebook/page.tsx [Server Component]

  Client Component SSR:
    ./app/(app)/gradebook/page.tsx [Client Component SSR]
    ./app/(app)/gradebook/page.tsx [Server Component] @ http://localhost:3000/_next/static/chunks/node_modules_next_dist_0u_w_5s._.js:1945
[  134553ms] [ERROR] ./app/(app)/gradebook/page.tsx:256:6
Unterminated regexp literal
  254 |       </div>
  255 |
> 256 |     </div>
      |      ^^^^^
  257 |   )
  258 | }
  259 |

Parsing ecmascript source code failed

Import traces:
  Client Component Browser:
    ./app/(app)/gradebook/page.tsx [Client Component Browser]
    ./app/(app)/gradebook/page.tsx [Server Component]

  Client Component SSR:
    ./app/(app)/gradebook/page.tsx [Client Component SSR]
    ./app/(app)/gradebook/page.tsx [Server Component] @ http://localhost:3000/_next/static/chunks/node_modules_next_dist_0u_w_5s._.js:1945
[  134613ms] [ERROR] ./app/(app)/gradebook/page.tsx:256:6
Unterminated regexp literal
  254 |       </div>
  255 |
> 256 |     </div>
      |      ^^^^^
  257 |   )
  258 | }
  259 |

Parsing ecmascript source code failed

Import traces:
  Client Component Browser:
    ./app/(app)/gradebook/page.tsx [Client Component Browser]
    ./app/(app)/gradebook/page.tsx [Server Component]

  Client Component SSR:
    ./app/(app)/gradebook/page.tsx [Client Component SSR]
    ./app/(app)/gradebook/page.tsx [Server Component] @ http://localhost:3000/_next/static/chunks/node_modules_next_dist_0u_w_5s._.js:1945
[  134667ms] [ERROR] ./app/(app)/gradebook/page.tsx:256:6
Unterminated regexp literal
  254 |       </div>
  255 |
> 256 |     </div>
      |      ^^^^^
  257 |   )
  258 | }
  259 |

Parsing ecmascript source code failed

Import traces:
  Client Component Browser:
    ./app/(app)/gradebook/page.tsx [Client Component Browser]
    ./app/(app)/gradebook/page.tsx [Server Component]

  Client Component SSR:
    ./app/(app)/gradebook/page.tsx [Client Component SSR]
    ./app/(app)/gradebook/page.tsx [Server Component] @ http://localhost:3000/_next/static/chunks/node_modules_next_dist_0u_w_5s._.js:1945
[  134716ms] [ERROR] ./app/(app)/gradebook/page.tsx:256:6
Unterminated regexp literal
  254 |       </div>
  255 |
> 256 |     </div>
      |      ^^^^^
  257 |   )
  258 | }
  259 |

Parsing ecmascript source code failed

Import traces:
  Client Component Browser:
    ./app/(app)/gradebook/page.tsx [Client Component Browser]
    ./app/(app)/gradebook/page.tsx [Server Component]

  Client Component SSR:
    ./app/(app)/gradebook/page.tsx [Client Component SSR]
    ./app/(app)/gradebook/page.tsx [Server Component] @ http://localhost:3000/_next/static/chunks/node_modules_next_dist_0u_w_5s._.js:1945
[  134765ms] [ERROR] ./app/(app)/gradebook/page.tsx:256:6
Unterminated regexp literal
  254 |       </div>
  255 |
> 256 |     </div>
      |      ^^^^^
  257 |   )
  258 | }
  259 |

Parsing ecmascript source code failed

Import traces:
  Client Component Browser:
    ./app/(app)/gradebook/page.tsx [Client Component Browser]
    ./app/(app)/gradebook/page.tsx [Server Component]

  Client Component SSR:
    ./app/(app)/gradebook/page.tsx [Client Component SSR]
    ./app/(app)/gradebook/page.tsx [Server Component] @ http://localhost:3000/_next/static/chunks/node_modules_next_dist_0u_w_5s._.js:1945
[  134823ms] [ERROR] ./app/(app)/gradebook/page.tsx:256:6
Unterminated regexp literal
  254 |       </div>
  255 |
> 256 |     </div>
      |      ^^^^^
  257 |   )
  258 | }
  259 |

Parsing ecmascript source code failed

Import traces:
  Client Component Browser:
    ./app/(app)/gradebook/page.tsx [Client Component Browser]
    ./app/(app)/gradebook/page.tsx [Server Component]

  Client Component SSR:
    ./app/(app)/gradebook/page.tsx [Client Component SSR]
    ./app/(app)/gradebook/page.tsx [Server Component] @ http://localhost:3000/_next/static/chunks/node_modules_next_dist_0u_w_5s._.js:1945
[  134880ms] [ERROR] ./app/(app)/gradebook/page.tsx:256:6
Unterminated regexp literal
  254 |       </div>
  255 |
> 256 |     </div>
      |      ^^^^^
  257 |   )
  258 | }
  259 |

Parsing ecmascript source code failed

Import traces:
  Client Component Browser:
    ./app/(app)/gradebook/page.tsx [Client Component Browser]
    ./app/(app)/gradebook/page.tsx [Server Component]

  Client Component SSR:
    ./app/(app)/gradebook/page.tsx [Client Component SSR]
    ./app/(app)/gradebook/page.tsx [Server Component] @ http://localhost:3000/_next/static/chunks/node_modules_next_dist_0u_w_5s._.js:1945
[  134929ms] [ERROR] ./app/(app)/gradebook/page.tsx:256:6
Unterminated regexp literal
  254 |       </div>
  255 |
> 256 |     </div>
      |      ^^^^^
  257 |   )
  258 | }
  259 |

Parsing ecmascript source code failed

Import traces:
  Client Component Browser:
    ./app/(app)/gradebook/page.tsx [Client Component Browser]
    ./app/(app)/gradebook/page.tsx [Server Component]

  Client Component SSR:
    ./app/(app)/gradebook/page.tsx [Client Component SSR]
    ./app/(app)/gradebook/page.tsx [Server Component] @ http://localhost:3000/_next/static/chunks/node_modules_next_dist_0u_w_5s._.js:1945
[  134976ms] [ERROR] ./app/(app)/gradebook/page.tsx:256:6
Unterminated regexp literal
  254 |       </div>
  255 |
> 256 |     </div>
      |      ^^^^^
  257 |   )
  258 | }
  259 |

Parsing ecmascript source code failed

Import traces:
  Client Component Browser:
    ./app/(app)/gradebook/page.tsx [Client Component Browser]
    ./app/(app)/gradebook/page.tsx [Server Component]

  Client Component SSR:
    ./app/(app)/gradebook/page.tsx [Client Component SSR]
    ./app/(app)/gradebook/page.tsx [Server Component] @ http://localhost:3000/_next/static/chunks/node_modules_next_dist_0u_w_5s._.js:1945
[  135024ms] [ERROR] ./app/(app)/gradebook/page.tsx:256:6
Unterminated regexp literal
  254 |       </div>
  255 |
> 256 |     </div>
      |      ^^^^^
  257 |   )
  258 | }
  259 |

Parsing ecmascript source code failed

Import traces:
  Client Component Browser:
    ./app/(app)/gradebook/page.tsx [Client Component Browser]
    ./app/(app)/gradebook/page.tsx [Server Component]

  Client Component SSR:
    ./app/(app)/gradebook/page.tsx [Client Component SSR]
    ./app/(app)/gradebook/page.tsx [Server Component] @ http://localhost:3000/_next/static/chunks/node_modules_next_dist_0u_w_5s._.js:1945
[  135074ms] [ERROR] ./app/(app)/gradebook/page.tsx:256:6
Unterminated regexp literal
  254 |       </div>
  255 |
> 256 |     </div>
      |      ^^^^^
  257 |   )
  258 | }
  259 |

Parsing ecmascript source code failed

Import traces:
  Client Component Browser:
    ./app/(app)/gradebook/page.tsx [Client Component Browser]
    ./app/(app)/gradebook/page.tsx [Server Component]

  Client Component SSR:
    ./app/(app)/gradebook/page.tsx [Client Component SSR]
    ./app/(app)/gradebook/page.tsx [Server Component] @ http://localhost:3000/_next/static/chunks/node_modules_next_dist_0u_w_5s._.js:1945
[  135123ms] [ERROR] ./app/(app)/gradebook/page.tsx:256:6
Unterminated regexp literal
  254 |       </div>
  255 |
> 256 |     </div>
      |      ^^^^^
  257 |   )
  258 | }
  259 |

Parsing ecmascript source code failed

Import traces:
  Client Component Browser:
    ./app/(app)/gradebook/page.tsx [Client Component Browser]
    ./app/(app)/gradebook/page.tsx [Server Component]

  Client Component SSR:
    ./app/(app)/gradebook/page.tsx [Client Component SSR]
    ./app/(app)/gradebook/page.tsx [Server Component] @ http://localhost:3000/_next/static/chunks/node_modules_next_dist_0u_w_5s._.js:1945
[  135181ms] [ERROR] ./app/(app)/gradebook/page.tsx:256:6
Unterminated regexp literal
  254 |       </div>
  255 |
> 256 |     </div>
      |      ^^^^^
  257 |   )
  258 | }
  259 |

Parsing ecmascript source code failed

Import traces:
  Client Component Browser:
    ./app/(app)/gradebook/page.tsx [Client Component Browser]
    ./app/(app)/gradebook/page.tsx [Server Component]

  Client Component SSR:
    ./app/(app)/gradebook/page.tsx [Client Component SSR]
    ./app/(app)/gradebook/page.tsx [Server Component] @ http://localhost:3000/_next/static/chunks/node_modules_next_dist_0u_w_5s._.js:1945
[  135230ms] [ERROR] ./app/(app)/gradebook/page.tsx:256:6
Unterminated regexp literal
  254 |       </div>
  255 |
> 256 |     </div>
      |      ^^^^^
  257 |   )
  258 | }
  259 |

Parsing ecmascript source code failed

Import traces:
  Client Component Browser:
    ./app/(app)/gradebook/page.tsx [Client Component Browser]
    ./app/(app)/gradebook/page.tsx [Server Component]

  Client Component SSR:
    ./app/(app)/gradebook/page.tsx [Client Component SSR]
    ./app/(app)/gradebook/page.tsx [Server Component] @ http://localhost:3000/_next/static/chunks/node_modules_next_dist_0u_w_5s._.js:1945
[  135278ms] [ERROR] ./app/(app)/gradebook/page.tsx:256:6
Unterminated regexp literal
  254 |       </div>
  255 |
> 256 |     </div>
      |      ^^^^^
  257 |   )
  258 | }
  259 |

Parsing ecmascript source code failed

Import traces:
  Client Component Browser:
    ./app/(app)/gradebook/page.tsx [Client Component Browser]
    ./app/(app)/gradebook/page.tsx [Server Component]

  Client Component SSR:
    ./app/(app)/gradebook/page.tsx [Client Component SSR]
    ./app/(app)/gradebook/page.tsx [Server Component] @ http://localhost:3000/_next/static/chunks/node_modules_next_dist_0u_w_5s._.js:1945
[  135334ms] [ERROR] ./app/(app)/gradebook/page.tsx:256:6
Unterminated regexp literal
  254 |       </div>
  255 |
> 256 |     </div>
      |      ^^^^^
  257 |   )
  258 | }
  259 |

Parsing ecmascript source code failed

Import traces:
  Client Component Browser:
    ./app/(app)/gradebook/page.tsx [Client Component Browser]
    ./app/(app)/gradebook/page.tsx [Server Component]

  Client Component SSR:
    ./app/(app)/gradebook/page.tsx [Client Component SSR]
    ./app/(app)/gradebook/page.tsx [Server Component] @ http://localhost:3000/_next/static/chunks/node_modules_next_dist_0u_w_5s._.js:1945
[  135389ms] [ERROR] ./app/(app)/gradebook/page.tsx:256:6
Unterminated regexp literal
  254 |       </div>
  255 |
> 256 |     </div>
      |      ^^^^^
  257 |   )
  258 | }
  259 |

Parsing ecmascript source code failed

Import traces:
  Client Component Browser:
    ./app/(app)/gradebook/page.tsx [Client Component Browser]
    ./app/(app)/gradebook/page.tsx [Server Component]

  Client Component SSR:
    ./app/(app)/gradebook/page.tsx [Client Component SSR]
    ./app/(app)/gradebook/page.tsx [Server Component] @ http://localhost:3000/_next/static/chunks/node_modules_next_dist_0u_w_5s._.js:1945
[  135438ms] [ERROR] ./app/(app)/gradebook/page.tsx:256:6
Unterminated regexp literal
  254 |       </div>
  255 |
> 256 |     </div>
      |      ^^^^^
  257 |   )
  258 | }
  259 |

Parsing ecmascript source code failed

Import traces:
  Client Component Browser:
    ./app/(app)/gradebook/page.tsx [Client Component Browser]
    ./app/(app)/gradebook/page.tsx [Server Component]

  Client Component SSR:
    ./app/(app)/gradebook/page.tsx [Client Component SSR]
    ./app/(app)/gradebook/page.tsx [Server Component] @ http://localhost:3000/_next/static/chunks/node_modules_next_dist_0u_w_5s._.js:1945
[  135497ms] [ERROR] ./app/(app)/gradebook/page.tsx:256:6
Unterminated regexp literal
  254 |       </div>
  255 |
> 256 |     </div>
      |      ^^^^^
  257 |   )
  258 | }
  259 |

Parsing ecmascript source code failed

Import traces:
  Client Component Browser:
    ./app/(app)/gradebook/page.tsx [Client Component Browser]
    ./app/(app)/gradebook/page.tsx [Server Component]

  Client Component SSR:
    ./app/(app)/gradebook/page.tsx [Client Component SSR]
    ./app/(app)/gradebook/page.tsx [Server Component] @ http://localhost:3000/_next/static/chunks/node_modules_next_dist_0u_w_5s._.js:1945
[  135542ms] [ERROR] ./app/(app)/gradebook/page.tsx:256:6
Unterminated regexp literal
  254 |       </div>
  255 |
> 256 |     </div>
      |      ^^^^^
  257 |   )
  258 | }
  259 |

Parsing ecmascript source code failed

Import traces:
  Client Component Browser:
    ./app/(app)/gradebook/page.tsx [Client Component Browser]
    ./app/(app)/gradebook/page.tsx [Server Component]

  Client Component SSR:
    ./app/(app)/gradebook/page.tsx [Client Component SSR]
    ./app/(app)/gradebook/page.tsx [Server Component] @ http://localhost:3000/_next/static/chunks/node_modules_next_dist_0u_w_5s._.js:1945
[  135599ms] [ERROR] ./app/(app)/gradebook/page.tsx:256:6
Unterminated regexp literal
  254 |       </div>
  255 |
> 256 |     </div>
      |      ^^^^^
  257 |   )
  258 | }
  259 |

Parsing ecmascript source code failed

Import traces:
  Client Component Browser:
    ./app/(app)/gradebook/page.tsx [Client Component Browser]
    ./app/(app)/gradebook/page.tsx [Server Component]

  Client Component SSR:
    ./app/(app)/gradebook/page.tsx [Client Component SSR]
    ./app/(app)/gradebook/page.tsx [Server Component] @ http://localhost:3000/_next/static/chunks/node_modules_next_dist_0u_w_5s._.js:1945
[  135648ms] [ERROR] ./app/(app)/gradebook/page.tsx:256:6
Unterminated regexp literal
  254 |       </div>
  255 |
> 256 |     </div>
      |      ^^^^^
  257 |   )
  258 | }
  259 |

Parsing ecmascript source code failed

Import traces:
  Client Component Browser:
    ./app/(app)/gradebook/page.tsx [Client Component Browser]
    ./app/(app)/gradebook/page.tsx [Server Component]

  Client Component SSR:
    ./app/(app)/gradebook/page.tsx [Client Component SSR]
    ./app/(app)/gradebook/page.tsx [Server Component] @ http://localhost:3000/_next/static/chunks/node_modules_next_dist_0u_w_5s._.js:1945
[  135707ms] [ERROR] ./app/(app)/gradebook/page.tsx:256:6
Unterminated regexp literal
  254 |       </div>
  255 |
> 256 |     </div>
      |      ^^^^^
  257 |   )
  258 | }
  259 |

Parsing ecmascript source code failed

Import traces:
  Client Component Browser:
    ./app/(app)/gradebook/page.tsx [Client Component Browser]
    ./app/(app)/gradebook/page.tsx [Server Component]

  Client Component SSR:
    ./app/(app)/gradebook/page.tsx [Client Component SSR]
    ./app/(app)/gradebook/page.tsx [Server Component] @ http://localhost:3000/_next/static/chunks/node_modules_next_dist_0u_w_5s._.js:1945
[  135762ms] [ERROR] ./app/(app)/gradebook/page.tsx:256:6
Unterminated regexp literal
  254 |       </div>
  255 |
> 256 |     </div>
      |      ^^^^^
  257 |   )
  258 | }
  259 |

Parsing ecmascript source code failed

Import traces:
  Client Component Browser:
    ./app/(app)/gradebook/page.tsx [Client Component Browser]
    ./app/(app)/gradebook/page.tsx [Server Component]

  Client Component SSR:
    ./app/(app)/gradebook/page.tsx [Client Component SSR]
    ./app/(app)/gradebook/page.tsx [Server Component] @ http://localhost:3000/_next/static/chunks/node_modules_next_dist_0u_w_5s._.js:1945
[  135829ms] [ERROR] ./app/(app)/gradebook/page.tsx:256:6
Unterminated regexp literal
  254 |       </div>
  255 |
> 256 |     </div>
      |      ^^^^^
  257 |   )
  258 | }
  259 |

Parsing ecmascript source code failed

Import traces:
  Client Component Browser:
    ./app/(app)/gradebook/page.tsx [Client Component Browser]
    ./app/(app)/gradebook/page.tsx [Server Component]

  Client Component SSR:
    ./app/(app)/gradebook/page.tsx [Client Component SSR]
    ./app/(app)/gradebook/page.tsx [Server Component] @ http://localhost:3000/_next/static/chunks/node_modules_next_dist_0u_w_5s._.js:1945
[  135876ms] [ERROR] ./app/(app)/gradebook/page.tsx:256:6
Unterminated regexp literal
  254 |       </div>
  255 |
> 256 |     </div>
      |      ^^^^^
  257 |   )
  258 | }
  259 |

Parsing ecmascript source code failed

Import traces:
  Client Component Browser:
    ./app/(app)/gradebook/page.tsx [Client Component Browser]
    ./app/(app)/gradebook/page.tsx [Server Component]

  Client Component SSR:
    ./app/(app)/gradebook/page.tsx [Client Component SSR]
    ./app/(app)/gradebook/page.tsx [Server Component] @ http://localhost:3000/_next/static/chunks/node_modules_next_dist_0u_w_5s._.js:1945
[  135933ms] [ERROR] ./app/(app)/gradebook/page.tsx:256:6
Unterminated regexp literal
  254 |       </div>
  255 |
> 256 |     </div>
      |      ^^^^^
  257 |   )
  258 | }
  259 |

Parsing ecmascript source code failed

Import traces:
  Client Component Browser:
    ./app/(app)/gradebook/page.tsx [Client Component Browser]
    ./app/(app)/gradebook/page.tsx [Server Component]

  Client Component SSR:
    ./app/(app)/gradebook/page.tsx [Client Component SSR]
    ./app/(app)/gradebook/page.tsx [Server Component] @ http://localhost:3000/_next/static/chunks/node_modules_next_dist_0u_w_5s._.js:1945
[  135990ms] [ERROR] ./app/(app)/gradebook/page.tsx:256:6
Unterminated regexp literal
  254 |       </div>
  255 |
> 256 |     </div>
      |      ^^^^^
  257 |   )
  258 | }
  259 |

Parsing ecmascript source code failed

Import traces:
  Client Component Browser:
    ./app/(app)/gradebook/page.tsx [Client Component Browser]
    ./app/(app)/gradebook/page.tsx [Server Component]

  Client Component SSR:
    ./app/(app)/gradebook/page.tsx [Client Component SSR]
    ./app/(app)/gradebook/page.tsx [Server Component] @ http://localhost:3000/_next/static/chunks/node_modules_next_dist_0u_w_5s._.js:1945
[  136038ms] [ERROR] ./app/(app)/gradebook/page.tsx:256:6
Unterminated regexp literal
  254 |       </div>
  255 |
> 256 |     </div>
      |      ^^^^^
  257 |   )
  258 | }
  259 |

Parsing ecmascript source code failed

Import traces:
  Client Component Browser:
    ./app/(app)/gradebook/page.tsx [Client Component Browser]
    ./app/(app)/gradebook/page.tsx [Server Component]

  Client Component SSR:
    ./app/(app)/gradebook/page.tsx [Client Component SSR]
    ./app/(app)/gradebook/page.tsx [Server Component] @ http://localhost:3000/_next/static/chunks/node_modules_next_dist_0u_w_5s._.js:1945
[  136088ms] [ERROR] ./app/(app)/gradebook/page.tsx:256:6
Unterminated regexp literal
  254 |       </div>
  255 |
> 256 |     </div>
      |      ^^^^^
  257 |   )
  258 | }
  259 |

Parsing ecmascript source code failed

Import traces:
  Client Component Browser:
    ./app/(app)/gradebook/page.tsx [Client Component Browser]
    ./app/(app)/gradebook/page.tsx [Server Component]

  Client Component SSR:
    ./app/(app)/gradebook/page.tsx [Client Component SSR]
    ./app/(app)/gradebook/page.tsx [Server Component] @ http://localhost:3000/_next/static/chunks/node_modules_next_dist_0u_w_5s._.js:1945
[  136138ms] [ERROR] ./app/(app)/gradebook/page.tsx:256:6
Unterminated regexp literal
  254 |       </div>
  255 |
> 256 |     </div>
      |      ^^^^^
  257 |   )
  258 | }
  259 |

Parsing ecmascript source code failed

Import traces:
  Client Component Browser:
    ./app/(app)/gradebook/page.tsx [Client Component Browser]
    ./app/(app)/gradebook/page.tsx [Server Component]

  Client Component SSR:
    ./app/(app)/gradebook/page.tsx [Client Component SSR]
    ./app/(app)/gradebook/page.tsx [Server Component] @ http://localhost:3000/_next/static/chunks/node_modules_next_dist_0u_w_5s._.js:1945
[  136188ms] [ERROR] ./app/(app)/gradebook/page.tsx:256:6
Unterminated regexp literal
  254 |       </div>
  255 |
> 256 |     </div>
      |      ^^^^^
  257 |   )
  258 | }
  259 |

Parsing ecmascript source code failed

Import traces:
  Client Component Browser:
    ./app/(app)/gradebook/page.tsx [Client Component Browser]
    ./app/(app)/gradebook/page.tsx [Server Component]

  Client Component SSR:
    ./app/(app)/gradebook/page.tsx [Client Component SSR]
    ./app/(app)/gradebook/page.tsx [Server Component] @ http://localhost:3000/_next/static/chunks/node_modules_next_dist_0u_w_5s._.js:1945
[  136238ms] [ERROR] ./app/(app)/gradebook/page.tsx:256:6
Unterminated regexp literal
  254 |       </div>
  255 |
> 256 |     </div>
      |      ^^^^^
  257 |   )
  258 | }
  259 |

Parsing ecmascript source code failed

Import traces:
  Client Component Browser:
    ./app/(app)/gradebook/page.tsx [Client Component Browser]
    ./app/(app)/gradebook/page.tsx [Server Component]

  Client Component SSR:
    ./app/(app)/gradebook/page.tsx [Client Component SSR]
    ./app/(app)/gradebook/page.tsx [Server Component] @ http://localhost:3000/_next/static/chunks/node_modules_next_dist_0u_w_5s._.js:1945
[  136294ms] [ERROR] ./app/(app)/gradebook/page.tsx:256:6
Unterminated regexp literal
  254 |       </div>
  255 |
> 256 |     </div>
      |      ^^^^^
  257 |   )
  258 | }
  259 |

Parsing ecmascript source code failed

Import traces:
  Client Component Browser:
    ./app/(app)/gradebook/page.tsx [Client Component Browser]
    ./app/(app)/gradebook/page.tsx [Server Component]

  Client Component SSR:
    ./app/(app)/gradebook/page.tsx [Client Component SSR]
    ./app/(app)/gradebook/page.tsx [Server Component] @ http://localhost:3000/_next/static/chunks/node_modules_next_dist_0u_w_5s._.js:1945
[  136348ms] [ERROR] ./app/(app)/gradebook/page.tsx:256:6
Unterminated regexp literal
  254 |       </div>
  255 |
> 256 |     </div>
      |      ^^^^^
  257 |   )
  258 | }
  259 |

Parsing ecmascript source code failed

Import traces:
  Client Component Browser:
    ./app/(app)/gradebook/page.tsx [Client Component Browser]
    ./app/(app)/gradebook/page.tsx [Server Component]

  Client Component SSR:
    ./app/(app)/gradebook/page.tsx [Client Component SSR]
    ./app/(app)/gradebook/page.tsx [Server Component] @ http://localhost:3000/_next/static/chunks/node_modules_next_dist_0u_w_5s._.js:1945
[  136399ms] [ERROR] ./app/(app)/gradebook/page.tsx:256:6
Unterminated regexp literal
  254 |       </div>
  255 |
> 256 |     </div>
      |      ^^^^^
  257 |   )
  258 | }
  259 |

Parsing ecmascript source code failed

Import traces:
  Client Component Browser:
    ./app/(app)/gradebook/page.tsx [Client Component Browser]
    ./app/(app)/gradebook/page.tsx [Server Component]

  Client Component SSR:
    ./app/(app)/gradebook/page.tsx [Client Component SSR]
    ./app/(app)/gradebook/page.tsx [Server Component] @ http://localhost:3000/_next/static/chunks/node_modules_next_dist_0u_w_5s._.js:1945
[  136456ms] [ERROR] ./app/(app)/gradebook/page.tsx:256:6
Unterminated regexp literal
  254 |       </div>
  255 |
> 256 |     </div>
      |      ^^^^^
  257 |   )
  258 | }
  259 |

Parsing ecmascript source code failed

Import traces:
  Client Component Browser:
    ./app/(app)/gradebook/page.tsx [Client Component Browser]
    ./app/(app)/gradebook/page.tsx [Server Component]

  Client Component SSR:
    ./app/(app)/gradebook/page.tsx [Client Component SSR]
    ./app/(app)/gradebook/page.tsx [Server Component] @ http://localhost:3000/_next/static/chunks/node_modules_next_dist_0u_w_5s._.js:1945
[  136505ms] [ERROR] ./app/(app)/gradebook/page.tsx:256:6
Unterminated regexp literal
  254 |       </div>
  255 |
> 256 |     </div>
      |      ^^^^^
  257 |   )
  258 | }
  259 |

Parsing ecmascript source code failed

Import traces:
  Client Component Browser:
    ./app/(app)/gradebook/page.tsx [Client Component Browser]
    ./app/(app)/gradebook/page.tsx [Server Component]

  Client Component SSR:
    ./app/(app)/gradebook/page.tsx [Client Component SSR]
    ./app/(app)/gradebook/page.tsx [Server Component] @ http://localhost:3000/_next/static/chunks/node_modules_next_dist_0u_w_5s._.js:1945
[  136552ms] [ERROR] ./app/(app)/gradebook/page.tsx:256:6
Unterminated regexp literal
  254 |       </div>
  255 |
> 256 |     </div>
      |      ^^^^^
  257 |   )
  258 | }
  259 |

Parsing ecmascript source code failed

Import traces:
  Client Component Browser:
    ./app/(app)/gradebook/page.tsx [Client Component Browser]
    ./app/(app)/gradebook/page.tsx [Server Component]

  Client Component SSR:
    ./app/(app)/gradebook/page.tsx [Client Component SSR]
    ./app/(app)/gradebook/page.tsx [Server Component] @ http://localhost:3000/_next/static/chunks/node_modules_next_dist_0u_w_5s._.js:1945
[  136609ms] [ERROR] ./app/(app)/gradebook/page.tsx:256:6
Unterminated regexp literal
  254 |       </div>
  255 |
> 256 |     </div>
      |      ^^^^^
  257 |   )
  258 | }
  259 |

Parsing ecmascript source code failed

Import traces:
  Client Component Browser:
    ./app/(app)/gradebook/page.tsx [Client Component Browser]
    ./app/(app)/gradebook/page.tsx [Server Component]

  Client Component SSR:
    ./app/(app)/gradebook/page.tsx [Client Component SSR]
    ./app/(app)/gradebook/page.tsx [Server Component] @ http://localhost:3000/_next/static/chunks/node_modules_next_dist_0u_w_5s._.js:1945
[  136657ms] [ERROR] ./app/(app)/gradebook/page.tsx:256:6
Unterminated regexp literal
  254 |       </div>
  255 |
> 256 |     </div>
      |      ^^^^^
  257 |   )
  258 | }
  259 |

Parsing ecmascript source code failed

Import traces:
  Client Component Browser:
    ./app/(app)/gradebook/page.tsx [Client Component Browser]
    ./app/(app)/gradebook/page.tsx [Server Component]

  Client Component SSR:
    ./app/(app)/gradebook/page.tsx [Client Component SSR]
    ./app/(app)/gradebook/page.tsx [Server Component] @ http://localhost:3000/_next/static/chunks/node_modules_next_dist_0u_w_5s._.js:1945
[  136707ms] [ERROR] ./app/(app)/gradebook/page.tsx:256:6
Unterminated regexp literal
  254 |       </div>
  255 |
> 256 |     </div>
      |      ^^^^^
  257 |   )
  258 | }
  259 |

Parsing ecmascript source code failed

Import traces:
  Client Component Browser:
    ./app/(app)/gradebook/page.tsx [Client Component Browser]
    ./app/(app)/gradebook/page.tsx [Server Component]

  Client Component SSR:
    ./app/(app)/gradebook/page.tsx [Client Component SSR]
    ./app/(app)/gradebook/page.tsx [Server Component] @ http://localhost:3000/_next/static/chunks/node_modules_next_dist_0u_w_5s._.js:1945
[  136773ms] [ERROR] ./app/(app)/gradebook/page.tsx:256:6
Unterminated regexp literal
  254 |       </div>
  255 |
> 256 |     </div>
      |      ^^^^^
  257 |   )
  258 | }
  259 |

Parsing ecmascript source code failed

Import traces:
  Client Component Browser:
    ./app/(app)/gradebook/page.tsx [Client Component Browser]
    ./app/(app)/gradebook/page.tsx [Server Component]

  Client Component SSR:
    ./app/(app)/gradebook/page.tsx [Client Component SSR]
    ./app/(app)/gradebook/page.tsx [Server Component] @ http://localhost:3000/_next/static/chunks/node_modules_next_dist_0u_w_5s._.js:1945
[  136828ms] [ERROR] ./app/(app)/gradebook/page.tsx:256:6
Unterminated regexp literal
  254 |       </div>
  255 |
> 256 |     </div>
      |      ^^^^^
  257 |   )
  258 | }
  259 |

Parsing ecmascript source code failed

Import traces:
  Client Component Browser:
    ./app/(app)/gradebook/page.tsx [Client Component Browser]
    ./app/(app)/gradebook/page.tsx [Server Component]

  Client Component SSR:
    ./app/(app)/gradebook/page.tsx [Client Component SSR]
    ./app/(app)/gradebook/page.tsx [Server Component] @ http://localhost:3000/_next/static/chunks/node_modules_next_dist_0u_w_5s._.js:1945
[  136877ms] [ERROR] ./app/(app)/gradebook/page.tsx:256:6
Unterminated regexp literal
  254 |       </div>
  255 |
> 256 |     </div>
      |      ^^^^^
  257 |   )
  258 | }
  259 |

Parsing ecmascript source code failed

Import traces:
  Client Component Browser:
    ./app/(app)/gradebook/page.tsx [Client Component Browser]
    ./app/(app)/gradebook/page.tsx [Server Component]

  Client Component SSR:
    ./app/(app)/gradebook/page.tsx [Client Component SSR]
    ./app/(app)/gradebook/page.tsx [Server Component] @ http://localhost:3000/_next/static/chunks/node_modules_next_dist_0u_w_5s._.js:1945
[  136926ms] [ERROR] ./app/(app)/gradebook/page.tsx:256:6
Unterminated regexp literal
  254 |       </div>
  255 |
> 256 |     </div>
      |      ^^^^^
  257 |   )
  258 | }
  259 |

Parsing ecmascript source code failed

Import traces:
  Client Component Browser:
    ./app/(app)/gradebook/page.tsx [Client Component Browser]
    ./app/(app)/gradebook/page.tsx [Server Component]

  Client Component SSR:
    ./app/(app)/gradebook/page.tsx [Client Component SSR]
    ./app/(app)/gradebook/page.tsx [Server Component] @ http://localhost:3000/_next/static/chunks/node_modules_next_dist_0u_w_5s._.js:1945
[  136976ms] [ERROR] ./app/(app)/gradebook/page.tsx:256:6
Unterminated regexp literal
  254 |       </div>
  255 |
> 256 |     </div>
      |      ^^^^^
  257 |   )
  258 | }
  259 |

Parsing ecmascript source code failed

Import traces:
  Client Component Browser:
    ./app/(app)/gradebook/page.tsx [Client Component Browser]
    ./app/(app)/gradebook/page.tsx [Server Component]

  Client Component SSR:
    ./app/(app)/gradebook/page.tsx [Client Component SSR]
    ./app/(app)/gradebook/page.tsx [Server Component] @ http://localhost:3000/_next/static/chunks/node_modules_next_dist_0u_w_5s._.js:1945
[  137027ms] [ERROR] ./app/(app)/gradebook/page.tsx:256:6
Unterminated regexp literal
  254 |       </div>
  255 |
> 256 |     </div>
      |      ^^^^^
  257 |   )
  258 | }
  259 |

Parsing ecmascript source code failed

Import traces:
  Client Component Browser:
    ./app/(app)/gradebook/page.tsx [Client Component Browser]
    ./app/(app)/gradebook/page.tsx [Server Component]

  Client Component SSR:
    ./app/(app)/gradebook/page.tsx [Client Component SSR]
    ./app/(app)/gradebook/page.tsx [Server Component] @ http://localhost:3000/_next/static/chunks/node_modules_next_dist_0u_w_5s._.js:1945
[  137084ms] [ERROR] ./app/(app)/gradebook/page.tsx:256:6
Unterminated regexp literal
  254 |       </div>
  255 |
> 256 |     </div>
      |      ^^^^^
  257 |   )
  258 | }
  259 |

Parsing ecmascript source code failed

Import traces:
  Client Component Browser:
    ./app/(app)/gradebook/page.tsx [Client Component Browser]
    ./app/(app)/gradebook/page.tsx [Server Component]

  Client Component SSR:
    ./app/(app)/gradebook/page.tsx [Client Component SSR]
    ./app/(app)/gradebook/page.tsx [Server Component] @ http://localhost:3000/_next/static/chunks/node_modules_next_dist_0u_w_5s._.js:1945
[  137139ms] [ERROR] ./app/(app)/gradebook/page.tsx:256:6
Unterminated regexp literal
  254 |       </div>
  255 |
> 256 |     </div>
      |      ^^^^^
  257 |   )
  258 | }
  259 |

Parsing ecmascript source code failed

Import traces:
  Client Component Browser:
    ./app/(app)/gradebook/page.tsx [Client Component Browser]
    ./app/(app)/gradebook/page.tsx [Server Component]

  Client Component SSR:
    ./app/(app)/gradebook/page.tsx [Client Component SSR]
    ./app/(app)/gradebook/page.tsx [Server Component] @ http://localhost:3000/_next/static/chunks/node_modules_next_dist_0u_w_5s._.js:1945
[  137186ms] [ERROR] ./app/(app)/gradebook/page.tsx:256:6
Unterminated regexp literal
  254 |       </div>
  255 |
> 256 |     </div>
      |      ^^^^^
  257 |   )
  258 | }
  259 |

Parsing ecmascript source code failed

Import traces:
  Client Component Browser:
    ./app/(app)/gradebook/page.tsx [Client Component Browser]
    ./app/(app)/gradebook/page.tsx [Server Component]

  Client Component SSR:
    ./app/(app)/gradebook/page.tsx [Client Component SSR]
    ./app/(app)/gradebook/page.tsx [Server Component] @ http://localhost:3000/_next/static/chunks/node_modules_next_dist_0u_w_5s._.js:1945
[  137233ms] [ERROR] ./app/(app)/gradebook/page.tsx:256:6
Unterminated regexp literal
  254 |       </div>
  255 |
> 256 |     </div>
      |      ^^^^^
  257 |   )
  258 | }
  259 |

Parsing ecmascript source code failed

Import traces:
  Client Component Browser:
    ./app/(app)/gradebook/page.tsx [Client Component Browser]
    ./app/(app)/gradebook/page.tsx [Server Component]

  Client Component SSR:
    ./app/(app)/gradebook/page.tsx [Client Component SSR]
    ./app/(app)/gradebook/page.tsx [Server Component] @ http://localhost:3000/_next/static/chunks/node_modules_next_dist_0u_w_5s._.js:1945
[  137294ms] [ERROR] ./app/(app)/gradebook/page.tsx:256:6
Unterminated regexp literal
  254 |       </div>
  255 |
> 256 |     </div>
      |      ^^^^^
  257 |   )
  258 | }
  259 |

Parsing ecmascript source code failed

Import traces:
  Client Component Browser:
    ./app/(app)/gradebook/page.tsx [Client Component Browser]
    ./app/(app)/gradebook/page.tsx [Server Component]

  Client Component SSR:
    ./app/(app)/gradebook/page.tsx [Client Component SSR]
    ./app/(app)/gradebook/page.tsx [Server Component] @ http://localhost:3000/_next/static/chunks/node_modules_next_dist_0u_w_5s._.js:1945
[  137359ms] [ERROR] ./app/(app)/gradebook/page.tsx:256:6
Unterminated regexp literal
  254 |       </div>
  255 |
> 256 |     </div>
      |      ^^^^^
  257 |   )
  258 | }
  259 |

Parsing ecmascript source code failed

Import traces:
  Client Component Browser:
    ./app/(app)/gradebook/page.tsx [Client Component Browser]
    ./app/(app)/gradebook/page.tsx [Server Component]

  Client Component SSR:
    ./app/(app)/gradebook/page.tsx [Client Component SSR]
    ./app/(app)/gradebook/page.tsx [Server Component] @ http://localhost:3000/_next/static/chunks/node_modules_next_dist_0u_w_5s._.js:1945
[  137408ms] [ERROR] ./app/(app)/gradebook/page.tsx:256:6
Unterminated regexp literal
  254 |       </div>
  255 |
> 256 |     </div>
      |      ^^^^^
  257 |   )
  258 | }
  259 |

Parsing ecmascript source code failed

Import traces:
  Client Component Browser:
    ./app/(app)/gradebook/page.tsx [Client Component Browser]
    ./app/(app)/gradebook/page.tsx [Server Component]

  Client Component SSR:
    ./app/(app)/gradebook/page.tsx [Client Component SSR]
    ./app/(app)/gradebook/page.tsx [Server Component] @ http://localhost:3000/_next/static/chunks/node_modules_next_dist_0u_w_5s._.js:1945
[  137458ms] [ERROR] ./app/(app)/gradebook/page.tsx:256:6
Unterminated regexp literal
  254 |       </div>
  255 |
> 256 |     </div>
      |      ^^^^^
  257 |   )
  258 | }
  259 |

Parsing ecmascript source code failed

Import traces:
  Client Component Browser:
    ./app/(app)/gradebook/page.tsx [Client Component Browser]
    ./app/(app)/gradebook/page.tsx [Server Component]

  Client Component SSR:
    ./app/(app)/gradebook/page.tsx [Client Component SSR]
    ./app/(app)/gradebook/page.tsx [Server Component] @ http://localhost:3000/_next/static/chunks/node_modules_next_dist_0u_w_5s._.js:1945
[  137507ms] [ERROR] ./app/(app)/gradebook/page.tsx:256:6
Unterminated regexp literal
  254 |       </div>
  255 |
> 256 |     </div>
      |      ^^^^^
  257 |   )
  258 | }
  259 |

Parsing ecmascript source code failed

Import traces:
  Client Component Browser:
    ./app/(app)/gradebook/page.tsx [Client Component Browser]
    ./app/(app)/gradebook/page.tsx [Server Component]

  Client Component SSR:
    ./app/(app)/gradebook/page.tsx [Client Component SSR]
    ./app/(app)/gradebook/page.tsx [Server Component] @ http://localhost:3000/_next/static/chunks/node_modules_next_dist_0u_w_5s._.js:1945
[  137557ms] [ERROR] ./app/(app)/gradebook/page.tsx:256:6
Unterminated regexp literal
  254 |       </div>
  255 |
> 256 |     </div>
      |      ^^^^^
  257 |   )
  258 | }
  259 |

Parsing ecmascript source code failed

Import traces:
  Client Component Browser:
    ./app/(app)/gradebook/page.tsx [Client Component Browser]
    ./app/(app)/gradebook/page.tsx [Server Component]

  Client Component SSR:
    ./app/(app)/gradebook/page.tsx [Client Component SSR]
    ./app/(app)/gradebook/page.tsx [Server Component] @ http://localhost:3000/_next/static/chunks/node_modules_next_dist_0u_w_5s._.js:1945
[  137606ms] [ERROR] ./app/(app)/gradebook/page.tsx:256:6
Unterminated regexp literal
  254 |       </div>
  255 |
> 256 |     </div>
      |      ^^^^^
  257 |   )
  258 | }
  259 |

Parsing ecmascript source code failed

Import traces:
  Client Component Browser:
    ./app/(app)/gradebook/page.tsx [Client Component Browser]
    ./app/(app)/gradebook/page.tsx [Server Component]

  Client Component SSR:
    ./app/(app)/gradebook/page.tsx [Client Component SSR]
    ./app/(app)/gradebook/page.tsx [Server Component] @ http://localhost:3000/_next/static/chunks/node_modules_next_dist_0u_w_5s._.js:1945
[  137655ms] [ERROR] ./app/(app)/gradebook/page.tsx:256:6
Unterminated regexp literal
  254 |       </div>
  255 |
> 256 |     </div>
      |      ^^^^^
  257 |   )
  258 | }
  259 |

Parsing ecmascript source code failed

Import traces:
  Client Component Browser:
    ./app/(app)/gradebook/page.tsx [Client Component Browser]
    ./app/(app)/gradebook/page.tsx [Server Component]

  Client Component SSR:
    ./app/(app)/gradebook/page.tsx [Client Component SSR]
    ./app/(app)/gradebook/page.tsx [Server Component] @ http://localhost:3000/_next/static/chunks/node_modules_next_dist_0u_w_5s._.js:1945
[  137707ms] [ERROR] ./app/(app)/gradebook/page.tsx:256:6
Unterminated regexp literal
  254 |       </div>
  255 |
> 256 |     </div>
      |      ^^^^^
  257 |   )
  258 | }
  259 |

Parsing ecmascript source code failed

Import traces:
  Client Component Browser:
    ./app/(app)/gradebook/page.tsx [Client Component Browser]
    ./app/(app)/gradebook/page.tsx [Server Component]

  Client Component SSR:
    ./app/(app)/gradebook/page.tsx [Client Component SSR]
    ./app/(app)/gradebook/page.tsx [Server Component] @ http://localhost:3000/_next/static/chunks/node_modules_next_dist_0u_w_5s._.js:1945
[  137759ms] [ERROR] ./app/(app)/gradebook/page.tsx:256:6
Unterminated regexp literal
  254 |       </div>
  255 |
> 256 |     </div>
      |      ^^^^^
  257 |   )
  258 | }
  259 |

Parsing ecmascript source code failed

Import traces:
  Client Component Browser:
    ./app/(app)/gradebook/page.tsx [Client Component Browser]
    ./app/(app)/gradebook/page.tsx [Server Component]

  Client Component SSR:
    ./app/(app)/gradebook/page.tsx [Client Component SSR]
    ./app/(app)/gradebook/page.tsx [Server Component] @ http://localhost:3000/_next/static/chunks/node_modules_next_dist_0u_w_5s._.js:1945
[  137811ms] [ERROR] ./app/(app)/gradebook/page.tsx:256:6
Unterminated regexp literal
  254 |       </div>
  255 |
> 256 |     </div>
      |      ^^^^^
  257 |   )
  258 | }
  259 |

Parsing ecmascript source code failed

Import traces:
  Client Component Browser:
    ./app/(app)/gradebook/page.tsx [Client Component Browser]
    ./app/(app)/gradebook/page.tsx [Server Component]

  Client Component SSR:
    ./app/(app)/gradebook/page.tsx [Client Component SSR]
    ./app/(app)/gradebook/page.tsx [Server Component] @ http://localhost:3000/_next/static/chunks/node_modules_next_dist_0u_w_5s._.js:1945
[  137867ms] [ERROR] ./app/(app)/gradebook/page.tsx:256:6
Unterminated regexp literal
  254 |       </div>
  255 |
> 256 |     </div>
      |      ^^^^^
  257 |   )
  258 | }
  259 |

Parsing ecmascript source code failed

Import traces:
  Client Component Browser:
    ./app/(app)/gradebook/page.tsx [Client Component Browser]
    ./app/(app)/gradebook/page.tsx [Server Component]

  Client Component SSR:
    ./app/(app)/gradebook/page.tsx [Client Component SSR]
    ./app/(app)/gradebook/page.tsx [Server Component] @ http://localhost:3000/_next/static/chunks/node_modules_next_dist_0u_w_5s._.js:1945
[  137933ms] [ERROR] ./app/(app)/gradebook/page.tsx:256:6
Unterminated regexp literal
  254 |       </div>
  255 |
> 256 |     </div>
      |      ^^^^^
  257 |   )
  258 | }
  259 |

Parsing ecmascript source code failed

Import traces:
  Client Component Browser:
    ./app/(app)/gradebook/page.tsx [Client Component Browser]
    ./app/(app)/gradebook/page.tsx [Server Component]

  Client Component SSR:
    ./app/(app)/gradebook/page.tsx [Client Component SSR]
    ./app/(app)/gradebook/page.tsx [Server Component] @ http://localhost:3000/_next/static/chunks/node_modules_next_dist_0u_w_5s._.js:1945
[  137984ms] [ERROR] ./app/(app)/gradebook/page.tsx:256:6
Unterminated regexp literal
  254 |       </div>
  255 |
> 256 |     </div>
      |      ^^^^^
  257 |   )
  258 | }
  259 |

Parsing ecmascript source code failed

Import traces:
  Client Component Browser:
    ./app/(app)/gradebook/page.tsx [Client Component Browser]
    ./app/(app)/gradebook/page.tsx [Server Component]

  Client Component SSR:
    ./app/(app)/gradebook/page.tsx [Client Component SSR]
    ./app/(app)/gradebook/page.tsx [Server Component] @ http://localhost:3000/_next/static/chunks/node_modules_next_dist_0u_w_5s._.js:1945
[  138048ms] [ERROR] ./app/(app)/gradebook/page.tsx:256:6
Unterminated regexp literal
  254 |       </div>
  255 |
> 256 |     </div>
      |      ^^^^^
  257 |   )
  258 | }
  259 |

Parsing ecmascript source code failed

Import traces:
  Client Component Browser:
    ./app/(app)/gradebook/page.tsx [Client Component Browser]
    ./app/(app)/gradebook/page.tsx [Server Component]

  Client Component SSR:
    ./app/(app)/gradebook/page.tsx [Client Component SSR]
    ./app/(app)/gradebook/page.tsx [Server Component] @ http://localhost:3000/_next/static/chunks/node_modules_next_dist_0u_w_5s._.js:1945
[  138106ms] [ERROR] ./app/(app)/gradebook/page.tsx:256:6
Unterminated regexp literal
  254 |       </div>
  255 |
> 256 |     </div>
      |      ^^^^^
  257 |   )
  258 | }
  259 |

Parsing ecmascript source code failed

Import traces:
  Client Component Browser:
    ./app/(app)/gradebook/page.tsx [Client Component Browser]
    ./app/(app)/gradebook/page.tsx [Server Component]

  Client Component SSR:
    ./app/(app)/gradebook/page.tsx [Client Component SSR]
    ./app/(app)/gradebook/page.tsx [Server Component] @ http://localhost:3000/_next/static/chunks/node_modules_next_dist_0u_w_5s._.js:1945
[  138158ms] [ERROR] ./app/(app)/gradebook/page.tsx:256:6
Unterminated regexp literal
  254 |       </div>
  255 |
> 256 |     </div>
      |      ^^^^^
  257 |   )
  258 | }
  259 |

Parsing ecmascript source code failed

Import traces:
  Client Component Browser:
    ./app/(app)/gradebook/page.tsx [Client Component Browser]
    ./app/(app)/gradebook/page.tsx [Server Component]

  Client Component SSR:
    ./app/(app)/gradebook/page.tsx [Client Component SSR]
    ./app/(app)/gradebook/page.tsx [Server Component] @ http://localhost:3000/_next/static/chunks/node_modules_next_dist_0u_w_5s._.js:1945
[  138207ms] [ERROR] ./app/(app)/gradebook/page.tsx:256:6
Unterminated regexp literal
  254 |       </div>
  255 |
> 256 |     </div>
      |      ^^^^^
  257 |   )
  258 | }
  259 |

Parsing ecmascript source code failed

Import traces:
  Client Component Browser:
    ./app/(app)/gradebook/page.tsx [Client Component Browser]
    ./app/(app)/gradebook/page.tsx [Server Component]

  Client Component SSR:
    ./app/(app)/gradebook/page.tsx [Client Component SSR]
    ./app/(app)/gradebook/page.tsx [Server Component] @ http://localhost:3000/_next/static/chunks/node_modules_next_dist_0u_w_5s._.js:1945
[  138262ms] [ERROR] ./app/(app)/gradebook/page.tsx:256:6
Unterminated regexp literal
  254 |       </div>
  255 |
> 256 |     </div>
      |      ^^^^^
  257 |   )
  258 | }
  259 |

Parsing ecmascript source code failed

Import traces:
  Client Component Browser:
    ./app/(app)/gradebook/page.tsx [Client Component Browser]
    ./app/(app)/gradebook/page.tsx [Server Component]

  Client Component SSR:
    ./app/(app)/gradebook/page.tsx [Client Component SSR]
    ./app/(app)/gradebook/page.tsx [Server Component] @ http://localhost:3000/_next/static/chunks/node_modules_next_dist_0u_w_5s._.js:1945
[  138321ms] [ERROR] ./app/(app)/gradebook/page.tsx:256:6
Unterminated regexp literal
  254 |       </div>
  255 |
> 256 |     </div>
      |      ^^^^^
  257 |   )
  258 | }
  259 |

Parsing ecmascript source code failed

Import traces:
  Client Component Browser:
    ./app/(app)/gradebook/page.tsx [Client Component Browser]
    ./app/(app)/gradebook/page.tsx [Server Component]

  Client Component SSR:
    ./app/(app)/gradebook/page.tsx [Client Component SSR]
    ./app/(app)/gradebook/page.tsx [Server Component] @ http://localhost:3000/_next/static/chunks/node_modules_next_dist_0u_w_5s._.js:1945
[  138378ms] [ERROR] ./app/(app)/gradebook/page.tsx:256:6
Unterminated regexp literal
  254 |       </div>
  255 |
> 256 |     </div>
      |      ^^^^^
  257 |   )
  258 | }
  259 |

Parsing ecmascript source code failed

Import traces:
  Client Component Browser:
    ./app/(app)/gradebook/page.tsx [Client Component Browser]
    ./app/(app)/gradebook/page.tsx [Server Component]

  Client Component SSR:
    ./app/(app)/gradebook/page.tsx [Client Component SSR]
    ./app/(app)/gradebook/page.tsx [Server Component] @ http://localhost:3000/_next/static/chunks/node_modules_next_dist_0u_w_5s._.js:1945
[  138443ms] [ERROR] ./app/(app)/gradebook/page.tsx:256:6
Unterminated regexp literal
  254 |       </div>
  255 |
> 256 |     </div>
      |      ^^^^^
  257 |   )
  258 | }
  259 |

Parsing ecmascript source code failed

Import traces:
  Client Component Browser:
    ./app/(app)/gradebook/page.tsx [Client Component Browser]
    ./app/(app)/gradebook/page.tsx [Server Component]

  Client Component SSR:
    ./app/(app)/gradebook/page.tsx [Client Component SSR]
    ./app/(app)/gradebook/page.tsx [Server Component] @ http://localhost:3000/_next/static/chunks/node_modules_next_dist_0u_w_5s._.js:1945
[  138500ms] [ERROR] ./app/(app)/gradebook/page.tsx:256:6
Unterminated regexp literal
  254 |       </div>
  255 |
> 256 |     </div>
      |      ^^^^^
  257 |   )
  258 | }
  259 |

Parsing ecmascript source code failed

Import traces:
  Client Component Browser:
    ./app/(app)/gradebook/page.tsx [Client Component Browser]
    ./app/(app)/gradebook/page.tsx [Server Component]

  Client Component SSR:
    ./app/(app)/gradebook/page.tsx [Client Component SSR]
    ./app/(app)/gradebook/page.tsx [Server Component] @ http://localhost:3000/_next/static/chunks/node_modules_next_dist_0u_w_5s._.js:1945
[  138556ms] [ERROR] ./app/(app)/gradebook/page.tsx:256:6
Unterminated regexp literal
  254 |       </div>
  255 |
> 256 |     </div>
      |      ^^^^^
  257 |   )
  258 | }
  259 |

Parsing ecmascript source code failed

Import traces:
  Client Component Browser:
    ./app/(app)/gradebook/page.tsx [Client Component Browser]
    ./app/(app)/gradebook/page.tsx [Server Component]

  Client Component SSR:
    ./app/(app)/gradebook/page.tsx [Client Component SSR]
    ./app/(app)/gradebook/page.tsx [Server Component] @ http://localhost:3000/_next/static/chunks/node_modules_next_dist_0u_w_5s._.js:1945
[  138606ms] [ERROR] ./app/(app)/gradebook/page.tsx:256:6
Unterminated regexp literal
  254 |       </div>
  255 |
> 256 |     </div>
      |      ^^^^^
  257 |   )
  258 | }
  259 |

Parsing ecmascript source code failed

Import traces:
  Client Component Browser:
    ./app/(app)/gradebook/page.tsx [Client Component Browser]
    ./app/(app)/gradebook/page.tsx [Server Component]

  Client Component SSR:
    ./app/(app)/gradebook/page.tsx [Client Component SSR]
    ./app/(app)/gradebook/page.tsx [Server Component] @ http://localhost:3000/_next/static/chunks/node_modules_next_dist_0u_w_5s._.js:1945
[  138657ms] [ERROR] ./app/(app)/gradebook/page.tsx:256:6
Unterminated regexp literal
  254 |       </div>
  255 |
> 256 |     </div>
      |      ^^^^^
  257 |   )
  258 | }
  259 |

Parsing ecmascript source code failed

Import traces:
  Client Component Browser:
    ./app/(app)/gradebook/page.tsx [Client Component Browser]
    ./app/(app)/gradebook/page.tsx [Server Component]

  Client Component SSR:
    ./app/(app)/gradebook/page.tsx [Client Component SSR]
    ./app/(app)/gradebook/page.tsx [Server Component] @ http://localhost:3000/_next/static/chunks/node_modules_next_dist_0u_w_5s._.js:1945
[  138719ms] [ERROR] ./app/(app)/gradebook/page.tsx:256:6
Unterminated regexp literal
  254 |       </div>
  255 |
> 256 |     </div>
      |      ^^^^^
  257 |   )
  258 | }
  259 |

Parsing ecmascript source code failed

Import traces:
  Client Component Browser:
    ./app/(app)/gradebook/page.tsx [Client Component Browser]
    ./app/(app)/gradebook/page.tsx [Server Component]

  Client Component SSR:
    ./app/(app)/gradebook/page.tsx [Client Component SSR]
    ./app/(app)/gradebook/page.tsx [Server Component] @ http://localhost:3000/_next/static/chunks/node_modules_next_dist_0u_w_5s._.js:1945
[  138766ms] [ERROR] ./app/(app)/gradebook/page.tsx:256:6
Unterminated regexp literal
  254 |       </div>
  255 |
> 256 |     </div>
      |      ^^^^^
  257 |   )
  258 | }
  259 |

Parsing ecmascript source code failed

Import traces:
  Client Component Browser:
    ./app/(app)/gradebook/page.tsx [Client Component Browser]
    ./app/(app)/gradebook/page.tsx [Server Component]

  Client Component SSR:
    ./app/(app)/gradebook/page.tsx [Client Component SSR]
    ./app/(app)/gradebook/page.tsx [Server Component] @ http://localhost:3000/_next/static/chunks/node_modules_next_dist_0u_w_5s._.js:1945
[  138839ms] [ERROR] ./app/(app)/gradebook/page.tsx:256:6
Unterminated regexp literal
  254 |       </div>
  255 |
> 256 |     </div>
      |      ^^^^^
  257 |   )
  258 | }
  259 |

Parsing ecmascript source code failed

Import traces:
  Client Component Browser:
    ./app/(app)/gradebook/page.tsx [Client Component Browser]
    ./app/(app)/gradebook/page.tsx [Server Component]

  Client Component SSR:
    ./app/(app)/gradebook/page.tsx [Client Component SSR]
    ./app/(app)/gradebook/page.tsx [Server Component] @ http://localhost:3000/_next/static/chunks/node_modules_next_dist_0u_w_5s._.js:1945
[  138887ms] [ERROR] ./app/(app)/gradebook/page.tsx:256:6
Unterminated regexp literal
  254 |       </div>
  255 |
> 256 |     </div>
      |      ^^^^^
  257 |   )
  258 | }
  259 |

Parsing ecmascript source code failed

Import traces:
  Client Component Browser:
    ./app/(app)/gradebook/page.tsx [Client Component Browser]
    ./app/(app)/gradebook/page.tsx [Server Component]

  Client Component SSR:
    ./app/(app)/gradebook/page.tsx [Client Component SSR]
    ./app/(app)/gradebook/page.tsx [Server Component] @ http://localhost:3000/_next/static/chunks/node_modules_next_dist_0u_w_5s._.js:1945
[  138937ms] [ERROR] ./app/(app)/gradebook/page.tsx:256:6
Unterminated regexp literal
  254 |       </div>
  255 |
> 256 |     </div>
      |      ^^^^^
  257 |   )
  258 | }
  259 |

Parsing ecmascript source code failed

Import traces:
  Client Component Browser:
    ./app/(app)/gradebook/page.tsx [Client Component Browser]
    ./app/(app)/gradebook/page.tsx [Server Component]

  Client Component SSR:
    ./app/(app)/gradebook/page.tsx [Client Component SSR]
    ./app/(app)/gradebook/page.tsx [Server Component] @ http://localhost:3000/_next/static/chunks/node_modules_next_dist_0u_w_5s._.js:1945
[  138989ms] [ERROR] ./app/(app)/gradebook/page.tsx:256:6
Unterminated regexp literal
  254 |       </div>
  255 |
> 256 |     </div>
      |      ^^^^^
  257 |   )
  258 | }
  259 |

Parsing ecmascript source code failed

Import traces:
  Client Component Browser:
    ./app/(app)/gradebook/page.tsx [Client Component Browser]
    ./app/(app)/gradebook/page.tsx [Server Component]

  Client Component SSR:
    ./app/(app)/gradebook/page.tsx [Client Component SSR]
    ./app/(app)/gradebook/page.tsx [Server Component] @ http://localhost:3000/_next/static/chunks/node_modules_next_dist_0u_w_5s._.js:1945
[  139045ms] [ERROR] ./app/(app)/gradebook/page.tsx:256:6
Unterminated regexp literal
  254 |       </div>
  255 |
> 256 |     </div>
      |      ^^^^^
  257 |   )
  258 | }
  259 |

Parsing ecmascript source code failed

Import traces:
  Client Component Browser:
    ./app/(app)/gradebook/page.tsx [Client Component Browser]
    ./app/(app)/gradebook/page.tsx [Server Component]

  Client Component SSR:
    ./app/(app)/gradebook/page.tsx [Client Component SSR]
    ./app/(app)/gradebook/page.tsx [Server Component] @ http://localhost:3000/_next/static/chunks/node_modules_next_dist_0u_w_5s._.js:1945
[  139096ms] [ERROR] ./app/(app)/gradebook/page.tsx:256:6
Unterminated regexp literal
  254 |       </div>
  255 |
> 256 |     </div>
      |      ^^^^^
  257 |   )
  258 | }
  259 |

Parsing ecmascript source code failed

Import traces:
  Client Component Browser:
    ./app/(app)/gradebook/page.tsx [Client Component Browser]
    ./app/(app)/gradebook/page.tsx [Server Component]

  Client Component SSR:
    ./app/(app)/gradebook/page.tsx [Client Component SSR]
    ./app/(app)/gradebook/page.tsx [Server Component] @ http://localhost:3000/_next/static/chunks/node_modules_next_dist_0u_w_5s._.js:1945
[  139152ms] [ERROR] ./app/(app)/gradebook/page.tsx:256:6
Unterminated regexp literal
  254 |       </div>
  255 |
> 256 |     </div>
      |      ^^^^^
  257 |   )
  258 | }
  259 |

Parsing ecmascript source code failed

Import traces:
  Client Component Browser:
    ./app/(app)/gradebook/page.tsx [Client Component Browser]
    ./app/(app)/gradebook/page.tsx [Server Component]

  Client Component SSR:
    ./app/(app)/gradebook/page.tsx [Client Component SSR]
    ./app/(app)/gradebook/page.tsx [Server Component] @ http://localhost:3000/_next/static/chunks/node_modules_next_dist_0u_w_5s._.js:1945
[  139212ms] [ERROR] ./app/(app)/gradebook/page.tsx:256:6
Unterminated regexp literal
  254 |       </div>
  255 |
> 256 |     </div>
      |      ^^^^^
  257 |   )
  258 | }
  259 |

Parsing ecmascript source code failed

Import traces:
  Client Component Browser:
    ./app/(app)/gradebook/page.tsx [Client Component Browser]
    ./app/(app)/gradebook/page.tsx [Server Component]

  Client Component SSR:
    ./app/(app)/gradebook/page.tsx [Client Component SSR]
    ./app/(app)/gradebook/page.tsx [Server Component] @ http://localhost:3000/_next/static/chunks/node_modules_next_dist_0u_w_5s._.js:1945
[  139285ms] [ERROR] ./app/(app)/gradebook/page.tsx:256:6
Unterminated regexp literal
  254 |       </div>
  255 |
> 256 |     </div>
      |      ^^^^^
  257 |   )
  258 | }
  259 |

Parsing ecmascript source code failed

Import traces:
  Client Component Browser:
    ./app/(app)/gradebook/page.tsx [Client Component Browser]
    ./app/(app)/gradebook/page.tsx [Server Component]

  Client Component SSR:
    ./app/(app)/gradebook/page.tsx [Client Component SSR]
    ./app/(app)/gradebook/page.tsx [Server Component] @ http://localhost:3000/_next/static/chunks/node_modules_next_dist_0u_w_5s._.js:1945
[  139349ms] [ERROR] ./app/(app)/gradebook/page.tsx:256:6
Unterminated regexp literal
  254 |       </div>
  255 |
> 256 |     </div>
      |      ^^^^^
  257 |   )
  258 | }
  259 |

Parsing ecmascript source code failed

Import traces:
  Client Component Browser:
    ./app/(app)/gradebook/page.tsx [Client Component Browser]
    ./app/(app)/gradebook/page.tsx [Server Component]

  Client Component SSR:
    ./app/(app)/gradebook/page.tsx [Client Component SSR]
    ./app/(app)/gradebook/page.tsx [Server Component] @ http://localhost:3000/_next/static/chunks/node_modules_next_dist_0u_w_5s._.js:1945
[  139406ms] [ERROR] ./app/(app)/gradebook/page.tsx:256:6
Unterminated regexp literal
  254 |       </div>
  255 |
> 256 |     </div>
      |      ^^^^^
  257 |   )
  258 | }
  259 |

Parsing ecmascript source code failed

Import traces:
  Client Component Browser:
    ./app/(app)/gradebook/page.tsx [Client Component Browser]
    ./app/(app)/gradebook/page.tsx [Server Component]

  Client Component SSR:
    ./app/(app)/gradebook/page.tsx [Client Component SSR]
    ./app/(app)/gradebook/page.tsx [Server Component] @ http://localhost:3000/_next/static/chunks/node_modules_next_dist_0u_w_5s._.js:1945
[  139463ms] [ERROR] ./app/(app)/gradebook/page.tsx:256:6
Unterminated regexp literal
  254 |       </div>
  255 |
> 256 |     </div>
      |      ^^^^^
  257 |   )
  258 | }
  259 |

Parsing ecmascript source code failed

Import traces:
  Client Component Browser:
    ./app/(app)/gradebook/page.tsx [Client Component Browser]
    ./app/(app)/gradebook/page.tsx [Server Component]

  Client Component SSR:
    ./app/(app)/gradebook/page.tsx [Client Component SSR]
    ./app/(app)/gradebook/page.tsx [Server Component] @ http://localhost:3000/_next/static/chunks/node_modules_next_dist_0u_w_5s._.js:1945
[  139519ms] [ERROR] ./app/(app)/gradebook/page.tsx:256:6
Unterminated regexp literal
  254 |       </div>
  255 |
> 256 |     </div>
      |      ^^^^^
  257 |   )
  258 | }
  259 |

Parsing ecmascript source code failed

Import traces:
  Client Component Browser:
    ./app/(app)/gradebook/page.tsx [Client Component Browser]
    ./app/(app)/gradebook/page.tsx [Server Component]

  Client Component SSR:
    ./app/(app)/gradebook/page.tsx [Client Component SSR]
    ./app/(app)/gradebook/page.tsx [Server Component] @ http://localhost:3000/_next/static/chunks/node_modules_next_dist_0u_w_5s._.js:1945
[  139569ms] [ERROR] ./app/(app)/gradebook/page.tsx:256:6
Unterminated regexp literal
  254 |       </div>
  255 |
> 256 |     </div>
      |      ^^^^^
  257 |   )
  258 | }
  259 |

Parsing ecmascript source code failed

Import traces:
  Client Component Browser:
    ./app/(app)/gradebook/page.tsx [Client Component Browser]
    ./app/(app)/gradebook/page.tsx [Server Component]

  Client Component SSR:
    ./app/(app)/gradebook/page.tsx [Client Component SSR]
    ./app/(app)/gradebook/page.tsx [Server Component] @ http://localhost:3000/_next/static/chunks/node_modules_next_dist_0u_w_5s._.js:1945
[  139618ms] [ERROR] ./app/(app)/gradebook/page.tsx:256:6
Unterminated regexp literal
  254 |       </div>
  255 |
> 256 |     </div>
      |      ^^^^^
  257 |   )
  258 | }
  259 |

Parsing ecmascript source code failed

Import traces:
  Client Component Browser:
    ./app/(app)/gradebook/page.tsx [Client Component Browser]
    ./app/(app)/gradebook/page.tsx [Server Component]

  Client Component SSR:
    ./app/(app)/gradebook/page.tsx [Client Component SSR]
    ./app/(app)/gradebook/page.tsx [Server Component] @ http://localhost:3000/_next/static/chunks/node_modules_next_dist_0u_w_5s._.js:1945
[  139674ms] [ERROR] ./app/(app)/gradebook/page.tsx:256:6
Unterminated regexp literal
  254 |       </div>
  255 |
> 256 |     </div>
      |      ^^^^^
  257 |   )
  258 | }
  259 |

Parsing ecmascript source code failed

Import traces:
  Client Component Browser:
    ./app/(app)/gradebook/page.tsx [Client Component Browser]
    ./app/(app)/gradebook/page.tsx [Server Component]

  Client Component SSR:
    ./app/(app)/gradebook/page.tsx [Client Component SSR]
    ./app/(app)/gradebook/page.tsx [Server Component] @ http://localhost:3000/_next/static/chunks/node_modules_next_dist_0u_w_5s._.js:1945
[  139727ms] [ERROR] ./app/(app)/gradebook/page.tsx:256:6
Unterminated regexp literal
  254 |       </div>
  255 |
> 256 |     </div>
      |      ^^^^^
  257 |   )
  258 | }
  259 |

Parsing ecmascript source code failed

Import traces:
  Client Component Browser:
    ./app/(app)/gradebook/page.tsx [Client Component Browser]
    ./app/(app)/gradebook/page.tsx [Server Component]

  Client Component SSR:
    ./app/(app)/gradebook/page.tsx [Client Component SSR]
    ./app/(app)/gradebook/page.tsx [Server Component] @ http://localhost:3000/_next/static/chunks/node_modules_next_dist_0u_w_5s._.js:1945
[  139814ms] [ERROR] ./app/(app)/gradebook/page.tsx:256:6
Unterminated regexp literal
  254 |       </div>
  255 |
> 256 |     </div>
      |      ^^^^^
  257 |   )
  258 | }
  259 |

Parsing ecmascript source code failed

Import traces:
  Client Component Browser:
    ./app/(app)/gradebook/page.tsx [Client Component Browser]
    ./app/(app)/gradebook/page.tsx [Server Component]

  Client Component SSR:
    ./app/(app)/gradebook/page.tsx [Client Component SSR]
    ./app/(app)/gradebook/page.tsx [Server Component] @ http://localhost:3000/_next/static/chunks/node_modules_next_dist_0u_w_5s._.js:1945
[  139879ms] [ERROR] ./app/(app)/gradebook/page.tsx:256:6
Unterminated regexp literal
  254 |       </div>
  255 |
> 256 |     </div>
      |      ^^^^^
  257 |   )
  258 | }
  259 |

Parsing ecmascript source code failed

Import traces:
  Client Component Browser:
    ./app/(app)/gradebook/page.tsx [Client Component Browser]
    ./app/(app)/gradebook/page.tsx [Server Component]

  Client Component SSR:
    ./app/(app)/gradebook/page.tsx [Client Component SSR]
    ./app/(app)/gradebook/page.tsx [Server Component] @ http://localhost:3000/_next/static/chunks/node_modules_next_dist_0u_w_5s._.js:1945
[  139936ms] [ERROR] ./app/(app)/gradebook/page.tsx:256:6
Unterminated regexp literal
  254 |       </div>
  255 |
> 256 |     </div>
      |      ^^^^^
  257 |   )
  258 | }
  259 |

Parsing ecmascript source code failed

Import traces:
  Client Component Browser:
    ./app/(app)/gradebook/page.tsx [Client Component Browser]
    ./app/(app)/gradebook/page.tsx [Server Component]

  Client Component SSR:
    ./app/(app)/gradebook/page.tsx [Client Component SSR]
    ./app/(app)/gradebook/page.tsx [Server Component] @ http://localhost:3000/_next/static/chunks/node_modules_next_dist_0u_w_5s._.js:1945
[  140001ms] [ERROR] ./app/(app)/gradebook/page.tsx:256:6
Unterminated regexp literal
  254 |       </div>
  255 |
> 256 |     </div>
      |      ^^^^^
  257 |   )
  258 | }
  259 |

Parsing ecmascript source code failed

Import traces:
  Client Component Browser:
    ./app/(app)/gradebook/page.tsx [Client Component Browser]
    ./app/(app)/gradebook/page.tsx [Server Component]

  Client Component SSR:
    ./app/(app)/gradebook/page.tsx [Client Component SSR]
    ./app/(app)/gradebook/page.tsx [Server Component] @ http://localhost:3000/_next/static/chunks/node_modules_next_dist_0u_w_5s._.js:1945
[  140057ms] [ERROR] ./app/(app)/gradebook/page.tsx:256:6
Unterminated regexp literal
  254 |       </div>
  255 |
> 256 |     </div>
      |      ^^^^^
  257 |   )
  258 | }
  259 |

Parsing ecmascript source code failed

Import traces:
  Client Component Browser:
    ./app/(app)/gradebook/page.tsx [Client Component Browser]
    ./app/(app)/gradebook/page.tsx [Server Component]

  Client Component SSR:
    ./app/(app)/gradebook/page.tsx [Client Component SSR]
    ./app/(app)/gradebook/page.tsx [Server Component] @ http://localhost:3000/_next/static/chunks/node_modules_next_dist_0u_w_5s._.js:1945
[  140108ms] [ERROR] ./app/(app)/gradebook/page.tsx:256:6
Unterminated regexp literal
  254 |       </div>
  255 |
> 256 |     </div>
      |      ^^^^^
  257 |   )
  258 | }
  259 |

Parsing ecmascript source code failed

Import traces:
  Client Component Browser:
    ./app/(app)/gradebook/page.tsx [Client Component Browser]
    ./app/(app)/gradebook/page.tsx [Server Component]

  Client Component SSR:
    ./app/(app)/gradebook/page.tsx [Client Component SSR]
    ./app/(app)/gradebook/page.tsx [Server Component] @ http://localhost:3000/_next/static/chunks/node_modules_next_dist_0u_w_5s._.js:1945
[  140157ms] [ERROR] ./app/(app)/gradebook/page.tsx:256:6
Unterminated regexp literal
  254 |       </div>
  255 |
> 256 |     </div>
      |      ^^^^^
  257 |   )
  258 | }
  259 |

Parsing ecmascript source code failed

Import traces:
  Client Component Browser:
    ./app/(app)/gradebook/page.tsx [Client Component Browser]
    ./app/(app)/gradebook/page.tsx [Server Component]

  Client Component SSR:
    ./app/(app)/gradebook/page.tsx [Client Component SSR]
    ./app/(app)/gradebook/page.tsx [Server Component] @ http://localhost:3000/_next/static/chunks/node_modules_next_dist_0u_w_5s._.js:1945
[  140206ms] [ERROR] ./app/(app)/gradebook/page.tsx:256:6
Unterminated regexp literal
  254 |       </div>
  255 |
> 256 |     </div>
      |      ^^^^^
  257 |   )
  258 | }
  259 |

Parsing ecmascript source code failed

Import traces:
  Client Component Browser:
    ./app/(app)/gradebook/page.tsx [Client Component Browser]
    ./app/(app)/gradebook/page.tsx [Server Component]

  Client Component SSR:
    ./app/(app)/gradebook/page.tsx [Client Component SSR]
    ./app/(app)/gradebook/page.tsx [Server Component] @ http://localhost:3000/_next/static/chunks/node_modules_next_dist_0u_w_5s._.js:1945
[  140257ms] [ERROR] ./app/(app)/gradebook/page.tsx:256:6
Unterminated regexp literal
  254 |       </div>
  255 |
> 256 |     </div>
      |      ^^^^^
  257 |   )
  258 | }
  259 |

Parsing ecmascript source code failed

Import traces:
  Client Component Browser:
    ./app/(app)/gradebook/page.tsx [Client Component Browser]
    ./app/(app)/gradebook/page.tsx [Server Component]

  Client Component SSR:
    ./app/(app)/gradebook/page.tsx [Client Component SSR]
    ./app/(app)/gradebook/page.tsx [Server Component] @ http://localhost:3000/_next/static/chunks/node_modules_next_dist_0u_w_5s._.js:1945
[  140307ms] [ERROR] ./app/(app)/gradebook/page.tsx:256:6
Unterminated regexp literal
  254 |       </div>
  255 |
> 256 |     </div>
      |      ^^^^^
  257 |   )
  258 | }
  259 |

Parsing ecmascript source code failed

Import traces:
  Client Component Browser:
    ./app/(app)/gradebook/page.tsx [Client Component Browser]
    ./app/(app)/gradebook/page.tsx [Server Component]

  Client Component SSR:
    ./app/(app)/gradebook/page.tsx [Client Component SSR]
    ./app/(app)/gradebook/page.tsx [Server Component] @ http://localhost:3000/_next/static/chunks/node_modules_next_dist_0u_w_5s._.js:1945
[  140356ms] [ERROR] ./app/(app)/gradebook/page.tsx:256:6
Unterminated regexp literal
  254 |       </div>
  255 |
> 256 |     </div>
      |      ^^^^^
  257 |   )
  258 | }
  259 |

Parsing ecmascript source code failed

Import traces:
  Client Component Browser:
    ./app/(app)/gradebook/page.tsx [Client Component Browser]
    ./app/(app)/gradebook/page.tsx [Server Component]

  Client Component SSR:
    ./app/(app)/gradebook/page.tsx [Client Component SSR]
    ./app/(app)/gradebook/page.tsx [Server Component] @ http://localhost:3000/_next/static/chunks/node_modules_next_dist_0u_w_5s._.js:1945
[  140403ms] [ERROR] ./app/(app)/gradebook/page.tsx:256:6
Unterminated regexp literal
  254 |       </div>
  255 |
> 256 |     </div>
      |      ^^^^^
  257 |   )
  258 | }
  259 |

Parsing ecmascript source code failed

Import traces:
  Client Component Browser:
    ./app/(app)/gradebook/page.tsx [Client Component Browser]
    ./app/(app)/gradebook/page.tsx [Server Component]

  Client Component SSR:
    ./app/(app)/gradebook/page.tsx [Client Component SSR]
    ./app/(app)/gradebook/page.tsx [Server Component] @ http://localhost:3000/_next/static/chunks/node_modules_next_dist_0u_w_5s._.js:1945
[  140462ms] [ERROR] ./app/(app)/gradebook/page.tsx:256:6
Unterminated regexp literal
  254 |       </div>
  255 |
> 256 |     </div>
      |      ^^^^^
  257 |   )
  258 | }
  259 |

Parsing ecmascript source code failed

Import traces:
  Client Component Browser:
    ./app/(app)/gradebook/page.tsx [Client Component Browser]
    ./app/(app)/gradebook/page.tsx [Server Component]

  Client Component SSR:
    ./app/(app)/gradebook/page.tsx [Client Component SSR]
    ./app/(app)/gradebook/page.tsx [Server Component] @ http://localhost:3000/_next/static/chunks/node_modules_next_dist_0u_w_5s._.js:1945
[  140526ms] [ERROR] ./app/(app)/gradebook/page.tsx:256:6
Unterminated regexp literal
  254 |       </div>
  255 |
> 256 |     </div>
      |      ^^^^^
  257 |   )
  258 | }
  259 |

Parsing ecmascript source code failed

Import traces:
  Client Component Browser:
    ./app/(app)/gradebook/page.tsx [Client Component Browser]
    ./app/(app)/gradebook/page.tsx [Server Component]

  Client Component SSR:
    ./app/(app)/gradebook/page.tsx [Client Component SSR]
    ./app/(app)/gradebook/page.tsx [Server Component] @ http://localhost:3000/_next/static/chunks/node_modules_next_dist_0u_w_5s._.js:1945
[  140591ms] [ERROR] ./app/(app)/gradebook/page.tsx:256:6
Unterminated regexp literal
  254 |       </div>
  255 |
> 256 |     </div>
      |      ^^^^^
  257 |   )
  258 | }
  259 |

Parsing ecmascript source code failed

Import traces:
  Client Component Browser:
    ./app/(app)/gradebook/page.tsx [Client Component Browser]
    ./app/(app)/gradebook/page.tsx [Server Component]

  Client Component SSR:
    ./app/(app)/gradebook/page.tsx [Client Component SSR]
    ./app/(app)/gradebook/page.tsx [Server Component] @ http://localhost:3000/_next/static/chunks/node_modules_next_dist_0u_w_5s._.js:1945
[  140647ms] [ERROR] ./app/(app)/gradebook/page.tsx:256:6
Unterminated regexp literal
  254 |       </div>
  255 |
> 256 |     </div>
      |      ^^^^^
  257 |   )
  258 | }
  259 |

Parsing ecmascript source code failed

Import traces:
  Client Component Browser:
    ./app/(app)/gradebook/page.tsx [Client Component Browser]
    ./app/(app)/gradebook/page.tsx [Server Component]

  Client Component SSR:
    ./app/(app)/gradebook/page.tsx [Client Component SSR]
    ./app/(app)/gradebook/page.tsx [Server Component] @ http://localhost:3000/_next/static/chunks/node_modules_next_dist_0u_w_5s._.js:1945
[  140710ms] [ERROR] ./app/(app)/gradebook/page.tsx:256:6
Unterminated regexp literal
  254 |       </div>
  255 |
> 256 |     </div>
      |      ^^^^^
  257 |   )
  258 | }
  259 |

Parsing ecmascript source code failed

Import traces:
  Client Component Browser:
    ./app/(app)/gradebook/page.tsx [Client Component Browser]
    ./app/(app)/gradebook/page.tsx [Server Component]

  Client Component SSR:
    ./app/(app)/gradebook/page.tsx [Client Component SSR]
    ./app/(app)/gradebook/page.tsx [Server Component] @ http://localhost:3000/_next/static/chunks/node_modules_next_dist_0u_w_5s._.js:1945
[  140772ms] [ERROR] ./app/(app)/gradebook/page.tsx:256:6
Unterminated regexp literal
  254 |       </div>
  255 |
> 256 |     </div>
      |      ^^^^^
  257 |   )
  258 | }
  259 |

Parsing ecmascript source code failed

Import traces:
  Client Component Browser:
    ./app/(app)/gradebook/page.tsx [Client Component Browser]
    ./app/(app)/gradebook/page.tsx [Server Component]

  Client Component SSR:
    ./app/(app)/gradebook/page.tsx [Client Component SSR]
    ./app/(app)/gradebook/page.tsx [Server Component] @ http://localhost:3000/_next/static/chunks/node_modules_next_dist_0u_w_5s._.js:1945
[  140837ms] [ERROR] ./app/(app)/gradebook/page.tsx:256:6
Unterminated regexp literal
  254 |       </div>
  255 |
> 256 |     </div>
      |      ^^^^^
  257 |   )
  258 | }
  259 |

Parsing ecmascript source code failed

Import traces:
  Client Component Browser:
    ./app/(app)/gradebook/page.tsx [Client Component Browser]
    ./app/(app)/gradebook/page.tsx [Server Component]

  Client Component SSR:
    ./app/(app)/gradebook/page.tsx [Client Component SSR]
    ./app/(app)/gradebook/page.tsx [Server Component] @ http://localhost:3000/_next/static/chunks/node_modules_next_dist_0u_w_5s._.js:1945
[  140925ms] [ERROR] ./app/(app)/gradebook/page.tsx:256:6
Unterminated regexp literal
  254 |       </div>
  255 |
> 256 |     </div>
      |      ^^^^^
  257 |   )
  258 | }
  259 |

Parsing ecmascript source code failed

Import traces:
  Client Component Browser:
    ./app/(app)/gradebook/page.tsx [Client Component Browser]
    ./app/(app)/gradebook/page.tsx [Server Component]

  Client Component SSR:
    ./app/(app)/gradebook/page.tsx [Client Component SSR]
    ./app/(app)/gradebook/page.tsx [Server Component] @ http://localhost:3000/_next/static/chunks/node_modules_next_dist_0u_w_5s._.js:1945
[  140975ms] [ERROR] ./app/(app)/gradebook/page.tsx:256:6
Unterminated regexp literal
  254 |       </div>
  255 |
> 256 |     </div>
      |      ^^^^^
  257 |   )
  258 | }
  259 |

Parsing ecmascript source code failed

Import traces:
  Client Component Browser:
    ./app/(app)/gradebook/page.tsx [Client Component Browser]
    ./app/(app)/gradebook/page.tsx [Server Component]

  Client Component SSR:
    ./app/(app)/gradebook/page.tsx [Client Component SSR]
    ./app/(app)/gradebook/page.tsx [Server Component] @ http://localhost:3000/_next/static/chunks/node_modules_next_dist_0u_w_5s._.js:1945
[  141041ms] [ERROR] ./app/(app)/gradebook/page.tsx:256:6
Unterminated regexp literal
  254 |       </div>
  255 |
> 256 |     </div>
      |      ^^^^^
  257 |   )
  258 | }
  259 |

Parsing ecmascript source code failed

Import traces:
  Client Component Browser:
    ./app/(app)/gradebook/page.tsx [Client Component Browser]
    ./app/(app)/gradebook/page.tsx [Server Component]

  Client Component SSR:
    ./app/(app)/gradebook/page.tsx [Client Component SSR]
    ./app/(app)/gradebook/page.tsx [Server Component] @ http://localhost:3000/_next/static/chunks/node_modules_next_dist_0u_w_5s._.js:1945
[  141097ms] [ERROR] ./app/(app)/gradebook/page.tsx:256:6
Unterminated regexp literal
  254 |       </div>
  255 |
> 256 |     </div>
      |      ^^^^^
  257 |   )
  258 | }
  259 |

Parsing ecmascript source code failed

Import traces:
  Client Component Browser:
    ./app/(app)/gradebook/page.tsx [Client Component Browser]
    ./app/(app)/gradebook/page.tsx [Server Component]

  Client Component SSR:
    ./app/(app)/gradebook/page.tsx [Client Component SSR]
    ./app/(app)/gradebook/page.tsx [Server Component] @ http://localhost:3000/_next/static/chunks/node_modules_next_dist_0u_w_5s._.js:1945
[  141164ms] [ERROR] ./app/(app)/gradebook/page.tsx:256:6
Unterminated regexp literal
  254 |       </div>
  255 |
> 256 |     </div>
      |      ^^^^^
  257 |   )
  258 | }
  259 |

Parsing ecmascript source code failed

Import traces:
  Client Component Browser:
    ./app/(app)/gradebook/page.tsx [Client Component Browser]
    ./app/(app)/gradebook/page.tsx [Server Component]

  Client Component SSR:
    ./app/(app)/gradebook/page.tsx [Client Component SSR]
    ./app/(app)/gradebook/page.tsx [Server Component] @ http://localhost:3000/_next/static/chunks/node_modules_next_dist_0u_w_5s._.js:1945
[  141217ms] [ERROR] ./app/(app)/gradebook/page.tsx:256:6
Unterminated regexp literal
  254 |       </div>
  255 |
> 256 |     </div>
      |      ^^^^^
  257 |   )
  258 | }
  259 |

Parsing ecmascript source code failed

Import traces:
  Client Component Browser:
    ./app/(app)/gradebook/page.tsx [Client Component Browser]
    ./app/(app)/gradebook/page.tsx [Server Component]

  Client Component SSR:
    ./app/(app)/gradebook/page.tsx [Client Component SSR]
    ./app/(app)/gradebook/page.tsx [Server Component] @ http://localhost:3000/_next/static/chunks/node_modules_next_dist_0u_w_5s._.js:1945
[  141274ms] [ERROR] ./app/(app)/gradebook/page.tsx:256:6
Unterminated regexp literal
  254 |       </div>
  255 |
> 256 |     </div>
      |      ^^^^^
  257 |   )
  258 | }
  259 |

Parsing ecmascript source code failed

Import traces:
  Client Component Browser:
    ./app/(app)/gradebook/page.tsx [Client Component Browser]
    ./app/(app)/gradebook/page.tsx [Server Component]

  Client Component SSR:
    ./app/(app)/gradebook/page.tsx [Client Component SSR]
    ./app/(app)/gradebook/page.tsx [Server Component] @ http://localhost:3000/_next/static/chunks/node_modules_next_dist_0u_w_5s._.js:1945
[  141332ms] [ERROR] ./app/(app)/gradebook/page.tsx:256:6
Unterminated regexp literal
  254 |       </div>
  255 |
> 256 |     </div>
      |      ^^^^^
  257 |   )
  258 | }
  259 |

Parsing ecmascript source code failed

Import traces:
  Client Component Browser:
    ./app/(app)/gradebook/page.tsx [Client Component Browser]
    ./app/(app)/gradebook/page.tsx [Server Component]

  Client Component SSR:
    ./app/(app)/gradebook/page.tsx [Client Component SSR]
    ./app/(app)/gradebook/page.tsx [Server Component] @ http://localhost:3000/_next/static/chunks/node_modules_next_dist_0u_w_5s._.js:1945
[  141397ms] [ERROR] ./app/(app)/gradebook/page.tsx:256:6
Unterminated regexp literal
  254 |       </div>
  255 |
> 256 |     </div>
      |      ^^^^^
  257 |   )
  258 | }
  259 |

Parsing ecmascript source code failed

Import traces:
  Client Component Browser:
    ./app/(app)/gradebook/page.tsx [Client Component Browser]
    ./app/(app)/gradebook/page.tsx [Server Component]

  Client Component SSR:
    ./app/(app)/gradebook/page.tsx [Client Component SSR]
    ./app/(app)/gradebook/page.tsx [Server Component] @ http://localhost:3000/_next/static/chunks/node_modules_next_dist_0u_w_5s._.js:1945
[  141445ms] [ERROR] ./app/(app)/gradebook/page.tsx:256:6
Unterminated regexp literal
  254 |       </div>
  255 |
> 256 |     </div>
      |      ^^^^^
  257 |   )
  258 | }
  259 |

Parsing ecmascript source code failed

Import traces:
  Client Component Browser:
    ./app/(app)/gradebook/page.tsx [Client Component Browser]
    ./app/(app)/gradebook/page.tsx [Server Component]

  Client Component SSR:
    ./app/(app)/gradebook/page.tsx [Client Component SSR]
    ./app/(app)/gradebook/page.tsx [Server Component] @ http://localhost:3000/_next/static/chunks/node_modules_next_dist_0u_w_5s._.js:1945
[  141508ms] [ERROR] ./app/(app)/gradebook/page.tsx:256:6
Unterminated regexp literal
  254 |       </div>
  255 |
> 256 |     </div>
      |      ^^^^^
  257 |   )
  258 | }
  259 |

Parsing ecmascript source code failed

Import traces:
  Client Component Browser:
    ./app/(app)/gradebook/page.tsx [Client Component Browser]
    ./app/(app)/gradebook/page.tsx [Server Component]

  Client Component SSR:
    ./app/(app)/gradebook/page.tsx [Client Component SSR]
    ./app/(app)/gradebook/page.tsx [Server Component] @ http://localhost:3000/_next/static/chunks/node_modules_next_dist_0u_w_5s._.js:1945
[  141564ms] [ERROR] ./app/(app)/gradebook/page.tsx:256:6
Unterminated regexp literal
  254 |       </div>
  255 |
> 256 |     </div>
      |      ^^^^^
  257 |   )
  258 | }
  259 |

Parsing ecmascript source code failed

Import traces:
  Client Component Browser:
    ./app/(app)/gradebook/page.tsx [Client Component Browser]
    ./app/(app)/gradebook/page.tsx [Server Component]

  Client Component SSR:
    ./app/(app)/gradebook/page.tsx [Client Component SSR]
    ./app/(app)/gradebook/page.tsx [Server Component] @ http://localhost:3000/_next/static/chunks/node_modules_next_dist_0u_w_5s._.js:1945
[  141625ms] [ERROR] ./app/(app)/gradebook/page.tsx:256:6
Unterminated regexp literal
  254 |       </div>
  255 |
> 256 |     </div>
      |      ^^^^^
  257 |   )
  258 | }
  259 |

Parsing ecmascript source code failed

Import traces:
  Client Component Browser:
    ./app/(app)/gradebook/page.tsx [Client Component Browser]
    ./app/(app)/gradebook/page.tsx [Server Component]

  Client Component SSR:
    ./app/(app)/gradebook/page.tsx [Client Component SSR]
    ./app/(app)/gradebook/page.tsx [Server Component] @ http://localhost:3000/_next/static/chunks/node_modules_next_dist_0u_w_5s._.js:1945
[  141674ms] [ERROR] ./app/(app)/gradebook/page.tsx:256:6
Unterminated regexp literal
  254 |       </div>
  255 |
> 256 |     </div>
      |      ^^^^^
  257 |   )
  258 | }
  259 |

Parsing ecmascript source code failed

Import traces:
  Client Component Browser:
    ./app/(app)/gradebook/page.tsx [Client Component Browser]
    ./app/(app)/gradebook/page.tsx [Server Component]

  Client Component SSR:
    ./app/(app)/gradebook/page.tsx [Client Component SSR]
    ./app/(app)/gradebook/page.tsx [Server Component] @ http://localhost:3000/_next/static/chunks/node_modules_next_dist_0u_w_5s._.js:1945
[  141726ms] [ERROR] ./app/(app)/gradebook/page.tsx:256:6
Unterminated regexp literal
  254 |       </div>
  255 |
> 256 |     </div>
      |      ^^^^^
  257 |   )
  258 | }
  259 |

Parsing ecmascript source code failed

Import traces:
  Client Component Browser:
    ./app/(app)/gradebook/page.tsx [Client Component Browser]
    ./app/(app)/gradebook/page.tsx [Server Component]

  Client Component SSR:
    ./app/(app)/gradebook/page.tsx [Client Component SSR]
    ./app/(app)/gradebook/page.tsx [Server Component] @ http://localhost:3000/_next/static/chunks/node_modules_next_dist_0u_w_5s._.js:1945
[  141774ms] [ERROR] ./app/(app)/gradebook/page.tsx:256:6
Unterminated regexp literal
  254 |       </div>
  255 |
> 256 |     </div>
      |      ^^^^^
  257 |   )
  258 | }
  259 |

Parsing ecmascript source code failed

Import traces:
  Client Component Browser:
    ./app/(app)/gradebook/page.tsx [Client Component Browser]
    ./app/(app)/gradebook/page.tsx [Server Component]

  Client Component SSR:
    ./app/(app)/gradebook/page.tsx [Client Component SSR]
    ./app/(app)/gradebook/page.tsx [Server Component] @ http://localhost:3000/_next/static/chunks/node_modules_next_dist_0u_w_5s._.js:1945
[  141832ms] [ERROR] ./app/(app)/gradebook/page.tsx:256:6
Unterminated regexp literal
  254 |       </div>
  255 |
> 256 |     </div>
      |      ^^^^^
  257 |   )
  258 | }
  259 |

Parsing ecmascript source code failed

Import traces:
  Client Component Browser:
    ./app/(app)/gradebook/page.tsx [Client Component Browser]
    ./app/(app)/gradebook/page.tsx [Server Component]

  Client Component SSR:
    ./app/(app)/gradebook/page.tsx [Client Component SSR]
    ./app/(app)/gradebook/page.tsx [Server Component] @ http://localhost:3000/_next/static/chunks/node_modules_next_dist_0u_w_5s._.js:1945
[  141885ms] [ERROR] ./app/(app)/gradebook/page.tsx:256:6
Unterminated regexp literal
  254 |       </div>
  255 |
> 256 |     </div>
      |      ^^^^^
  257 |   )
  258 | }
  259 |

Parsing ecmascript source code failed

Import traces:
  Client Component Browser:
    ./app/(app)/gradebook/page.tsx [Client Component Browser]
    ./app/(app)/gradebook/page.tsx [Server Component]

  Client Component SSR:
    ./app/(app)/gradebook/page.tsx [Client Component SSR]
    ./app/(app)/gradebook/page.tsx [Server Component] @ http://localhost:3000/_next/static/chunks/node_modules_next_dist_0u_w_5s._.js:1945
[  141933ms] [ERROR] ./app/(app)/gradebook/page.tsx:256:6
Unterminated regexp literal
  254 |       </div>
  255 |
> 256 |     </div>
      |      ^^^^^
  257 |   )
  258 | }
  259 |

Parsing ecmascript source code failed

Import traces:
  Client Component Browser:
    ./app/(app)/gradebook/page.tsx [Client Component Browser]
    ./app/(app)/gradebook/page.tsx [Server Component]

  Client Component SSR:
    ./app/(app)/gradebook/page.tsx [Client Component SSR]
    ./app/(app)/gradebook/page.tsx [Server Component] @ http://localhost:3000/_next/static/chunks/node_modules_next_dist_0u_w_5s._.js:1945
[  142018ms] [ERROR] ./app/(app)/gradebook/page.tsx:256:6
Unterminated regexp literal
  254 |       </div>
  255 |
> 256 |     </div>
      |      ^^^^^
  257 |   )
  258 | }
  259 |

Parsing ecmascript source code failed

Import traces:
  Client Component Browser:
    ./app/(app)/gradebook/page.tsx [Client Component Browser]
    ./app/(app)/gradebook/page.tsx [Server Component]

  Client Component SSR:
    ./app/(app)/gradebook/page.tsx [Client Component SSR]
    ./app/(app)/gradebook/page.tsx [Server Component] @ http://localhost:3000/_next/static/chunks/node_modules_next_dist_0u_w_5s._.js:1945
[  142079ms] [ERROR] ./app/(app)/gradebook/page.tsx:256:6
Unterminated regexp literal
  254 |       </div>
  255 |
> 256 |     </div>
      |      ^^^^^
  257 |   )
  258 | }
  259 |

Parsing ecmascript source code failed

Import traces:
  Client Component Browser:
    ./app/(app)/gradebook/page.tsx [Client Component Browser]
    ./app/(app)/gradebook/page.tsx [Server Component]

  Client Component SSR:
    ./app/(app)/gradebook/page.tsx [Client Component SSR]
    ./app/(app)/gradebook/page.tsx [Server Component] @ http://localhost:3000/_next/static/chunks/node_modules_next_dist_0u_w_5s._.js:1945
[  142137ms] [ERROR] ./app/(app)/gradebook/page.tsx:256:6
Unterminated regexp literal
  254 |       </div>
  255 |
> 256 |     </div>
      |      ^^^^^
  257 |   )
  258 | }
  259 |

Parsing ecmascript source code failed

Import traces:
  Client Component Browser:
    ./app/(app)/gradebook/page.tsx [Client Component Browser]
    ./app/(app)/gradebook/page.tsx [Server Component]

  Client Component SSR:
    ./app/(app)/gradebook/page.tsx [Client Component SSR]
    ./app/(app)/gradebook/page.tsx [Server Component] @ http://localhost:3000/_next/static/chunks/node_modules_next_dist_0u_w_5s._.js:1945
[  142188ms] [ERROR] ./app/(app)/gradebook/page.tsx:256:6
Unterminated regexp literal
  254 |       </div>
  255 |
> 256 |     </div>
      |      ^^^^^
  257 |   )
  258 | }
  259 |

Parsing ecmascript source code failed

Import traces:
  Client Component Browser:
    ./app/(app)/gradebook/page.tsx [Client Component Browser]
    ./app/(app)/gradebook/page.tsx [Server Component]

  Client Component SSR:
    ./app/(app)/gradebook/page.tsx [Client Component SSR]
    ./app/(app)/gradebook/page.tsx [Server Component] @ http://localhost:3000/_next/static/chunks/node_modules_next_dist_0u_w_5s._.js:1945
[  142276ms] [ERROR] ./app/(app)/gradebook/page.tsx:256:6
Unterminated regexp literal
  254 |       </div>
  255 |
> 256 |     </div>
      |      ^^^^^
  257 |   )
  258 | }
  259 |

Parsing ecmascript source code failed

Import traces:
  Client Component Browser:
    ./app/(app)/gradebook/page.tsx [Client Component Browser]
    ./app/(app)/gradebook/page.tsx [Server Component]

  Client Component SSR:
    ./app/(app)/gradebook/page.tsx [Client Component SSR]
    ./app/(app)/gradebook/page.tsx [Server Component] @ http://localhost:3000/_next/static/chunks/node_modules_next_dist_0u_w_5s._.js:1945
[  142325ms] [ERROR] ./app/(app)/gradebook/page.tsx:256:6
Unterminated regexp literal
  254 |       </div>
  255 |
> 256 |     </div>
      |      ^^^^^
  257 |   )
  258 | }
  259 |

Parsing ecmascript source code failed

Import traces:
  Client Component Browser:
    ./app/(app)/gradebook/page.tsx [Client Component Browser]
    ./app/(app)/gradebook/page.tsx [Server Component]

  Client Component SSR:
    ./app/(app)/gradebook/page.tsx [Client Component SSR]
    ./app/(app)/gradebook/page.tsx [Server Component] @ http://localhost:3000/_next/static/chunks/node_modules_next_dist_0u_w_5s._.js:1945
[  142390ms] [ERROR] ./app/(app)/gradebook/page.tsx:256:6
Unterminated regexp literal
  254 |       </div>
  255 |
> 256 |     </div>
      |      ^^^^^
  257 |   )
  258 | }
  259 |

Parsing ecmascript source code failed

Import traces:
  Client Component Browser:
    ./app/(app)/gradebook/page.tsx [Client Component Browser]
    ./app/(app)/gradebook/page.tsx [Server Component]

  Client Component SSR:
    ./app/(app)/gradebook/page.tsx [Client Component SSR]
    ./app/(app)/gradebook/page.tsx [Server Component] @ http://localhost:3000/_next/static/chunks/node_modules_next_dist_0u_w_5s._.js:1945
[  142449ms] [ERROR] ./app/(app)/gradebook/page.tsx:256:6
Unterminated regexp literal
  254 |       </div>
  255 |
> 256 |     </div>
      |      ^^^^^
  257 |   )
  258 | }
  259 |

Parsing ecmascript source code failed

Import traces:
  Client Component Browser:
    ./app/(app)/gradebook/page.tsx [Client Component Browser]
    ./app/(app)/gradebook/page.tsx [Server Component]

  Client Component SSR:
    ./app/(app)/gradebook/page.tsx [Client Component SSR]
    ./app/(app)/gradebook/page.tsx [Server Component] @ http://localhost:3000/_next/static/chunks/node_modules_next_dist_0u_w_5s._.js:1945
[  142508ms] [ERROR] ./app/(app)/gradebook/page.tsx:256:6
Unterminated regexp literal
  254 |       </div>
  255 |
> 256 |     </div>
      |      ^^^^^
  257 |   )
  258 | }
  259 |

Parsing ecmascript source code failed

Import traces:
  Client Component Browser:
    ./app/(app)/gradebook/page.tsx [Client Component Browser]
    ./app/(app)/gradebook/page.tsx [Server Component]

  Client Component SSR:
    ./app/(app)/gradebook/page.tsx [Client Component SSR]
    ./app/(app)/gradebook/page.tsx [Server Component] @ http://localhost:3000/_next/static/chunks/node_modules_next_dist_0u_w_5s._.js:1945
[  142574ms] [ERROR] ./app/(app)/gradebook/page.tsx:256:6
Unterminated regexp literal
  254 |       </div>
  255 |
> 256 |     </div>
      |      ^^^^^
  257 |   )
  258 | }
  259 |

Parsing ecmascript source code failed

Import traces:
  Client Component Browser:
    ./app/(app)/gradebook/page.tsx [Client Component Browser]
    ./app/(app)/gradebook/page.tsx [Server Component]

  Client Component SSR:
    ./app/(app)/gradebook/page.tsx [Client Component SSR]
    ./app/(app)/gradebook/page.tsx [Server Component] @ http://localhost:3000/_next/static/chunks/node_modules_next_dist_0u_w_5s._.js:1945
[  142638ms] [ERROR] ./app/(app)/gradebook/page.tsx:256:6
Unterminated regexp literal
  254 |       </div>
  255 |
> 256 |     </div>
      |      ^^^^^
  257 |   )
  258 | }
  259 |

Parsing ecmascript source code failed

Import traces:
  Client Component Browser:
    ./app/(app)/gradebook/page.tsx [Client Component Browser]
    ./app/(app)/gradebook/page.tsx [Server Component]

  Client Component SSR:
    ./app/(app)/gradebook/page.tsx [Client Component SSR]
    ./app/(app)/gradebook/page.tsx [Server Component] @ http://localhost:3000/_next/static/chunks/node_modules_next_dist_0u_w_5s._.js:1945
[  142706ms] [ERROR] ./app/(app)/gradebook/page.tsx:256:6
Unterminated regexp literal
  254 |       </div>
  255 |
> 256 |     </div>
      |      ^^^^^
  257 |   )
  258 | }
  259 |

Parsing ecmascript source code failed

Import traces:
  Client Component Browser:
    ./app/(app)/gradebook/page.tsx [Client Component Browser]
    ./app/(app)/gradebook/page.tsx [Server Component]

  Client Component SSR:
    ./app/(app)/gradebook/page.tsx [Client Component SSR]
    ./app/(app)/gradebook/page.tsx [Server Component] @ http://localhost:3000/_next/static/chunks/node_modules_next_dist_0u_w_5s._.js:1945
[  142771ms] [ERROR] ./app/(app)/gradebook/page.tsx:256:6
Unterminated regexp literal
  254 |       </div>
  255 |
> 256 |     </div>
      |      ^^^^^
  257 |   )
  258 | }
  259 |

Parsing ecmascript source code failed

Import traces:
  Client Component Browser:
    ./app/(app)/gradebook/page.tsx [Client Component Browser]
    ./app/(app)/gradebook/page.tsx [Server Component]

  Client Component SSR:
    ./app/(app)/gradebook/page.tsx [Client Component SSR]
    ./app/(app)/gradebook/page.tsx [Server Component] @ http://localhost:3000/_next/static/chunks/node_modules_next_dist_0u_w_5s._.js:1945
[  142840ms] [ERROR] ./app/(app)/gradebook/page.tsx:256:6
Unterminated regexp literal
  254 |       </div>
  255 |
> 256 |     </div>
      |      ^^^^^
  257 |   )
  258 | }
  259 |

Parsing ecmascript source code failed

Import traces:
  Client Component Browser:
    ./app/(app)/gradebook/page.tsx [Client Component Browser]
    ./app/(app)/gradebook/page.tsx [Server Component]

  Client Component SSR:
    ./app/(app)/gradebook/page.tsx [Client Component SSR]
    ./app/(app)/gradebook/page.tsx [Server Component] @ http://localhost:3000/_next/static/chunks/node_modules_next_dist_0u_w_5s._.js:1945
[  142890ms] [ERROR] ./app/(app)/gradebook/page.tsx:256:6
Unterminated regexp literal
  254 |       </div>
  255 |
> 256 |     </div>
      |      ^^^^^
  257 |   )
  258 | }
  259 |

Parsing ecmascript source code failed

Import traces:
  Client Component Browser:
    ./app/(app)/gradebook/page.tsx [Client Component Browser]
    ./app/(app)/gradebook/page.tsx [Server Component]

  Client Component SSR:
    ./app/(app)/gradebook/page.tsx [Client Component SSR]
    ./app/(app)/gradebook/page.tsx [Server Component] @ http://localhost:3000/_next/static/chunks/node_modules_next_dist_0u_w_5s._.js:1945
[  142952ms] [ERROR] ./app/(app)/gradebook/page.tsx:256:6
Unterminated regexp literal
  254 |       </div>
  255 |
> 256 |     </div>
      |      ^^^^^
  257 |   )
  258 | }
  259 |

Parsing ecmascript source code failed

Import traces:
  Client Component Browser:
    ./app/(app)/gradebook/page.tsx [Client Component Browser]
    ./app/(app)/gradebook/page.tsx [Server Component]

  Client Component SSR:
    ./app/(app)/gradebook/page.tsx [Client Component SSR]
    ./app/(app)/gradebook/page.tsx [Server Component] @ http://localhost:3000/_next/static/chunks/node_modules_next_dist_0u_w_5s._.js:1945
[  143000ms] [ERROR] ./app/(app)/gradebook/page.tsx:256:6
Unterminated regexp literal
  254 |       </div>
  255 |
> 256 |     </div>
      |      ^^^^^
  257 |   )
  258 | }
  259 |

Parsing ecmascript source code failed

Import traces:
  Client Component Browser:
    ./app/(app)/gradebook/page.tsx [Client Component Browser]
    ./app/(app)/gradebook/page.tsx [Server Component]

  Client Component SSR:
    ./app/(app)/gradebook/page.tsx [Client Component SSR]
    ./app/(app)/gradebook/page.tsx [Server Component] @ http://localhost:3000/_next/static/chunks/node_modules_next_dist_0u_w_5s._.js:1945
[  143056ms] [ERROR] ./app/(app)/gradebook/page.tsx:256:6
Unterminated regexp literal
  254 |       </div>
  255 |
> 256 |     </div>
      |      ^^^^^
  257 |   )
  258 | }
  259 |

Parsing ecmascript source code failed

Import traces:
  Client Component Browser:
    ./app/(app)/gradebook/page.tsx [Client Component Browser]
    ./app/(app)/gradebook/page.tsx [Server Component]

  Client Component SSR:
    ./app/(app)/gradebook/page.tsx [Client Component SSR]
    ./app/(app)/gradebook/page.tsx [Server Component] @ http://localhost:3000/_next/static/chunks/node_modules_next_dist_0u_w_5s._.js:1945
[  143120ms] [ERROR] ./app/(app)/gradebook/page.tsx:256:6
Unterminated regexp literal
  254 |       </div>
  255 |
> 256 |     </div>
      |      ^^^^^
  257 |   )
  258 | }
  259 |

Parsing ecmascript source code failed

Import traces:
  Client Component Browser:
    ./app/(app)/gradebook/page.tsx [Client Component Browser]
    ./app/(app)/gradebook/page.tsx [Server Component]

  Client Component SSR:
    ./app/(app)/gradebook/page.tsx [Client Component SSR]
    ./app/(app)/gradebook/page.tsx [Server Component] @ http://localhost:3000/_next/static/chunks/node_modules_next_dist_0u_w_5s._.js:1945
[  143168ms] [ERROR] ./app/(app)/gradebook/page.tsx:256:6
Unterminated regexp literal
  254 |       </div>
  255 |
> 256 |     </div>
      |      ^^^^^
  257 |   )
  258 | }
  259 |

Parsing ecmascript source code failed

Import traces:
  Client Component Browser:
    ./app/(app)/gradebook/page.tsx [Client Component Browser]
    ./app/(app)/gradebook/page.tsx [Server Component]

  Client Component SSR:
    ./app/(app)/gradebook/page.tsx [Client Component SSR]
    ./app/(app)/gradebook/page.tsx [Server Component] @ http://localhost:3000/_next/static/chunks/node_modules_next_dist_0u_w_5s._.js:1945
[  143226ms] [ERROR] ./app/(app)/gradebook/page.tsx:256:6
Unterminated regexp literal
  254 |       </div>
  255 |
> 256 |     </div>
      |      ^^^^^
  257 |   )
  258 | }
  259 |

Parsing ecmascript source code failed

Import traces:
  Client Component Browser:
    ./app/(app)/gradebook/page.tsx [Client Component Browser]
    ./app/(app)/gradebook/page.tsx [Server Component]

  Client Component SSR:
    ./app/(app)/gradebook/page.tsx [Client Component SSR]
    ./app/(app)/gradebook/page.tsx [Server Component] @ http://localhost:3000/_next/static/chunks/node_modules_next_dist_0u_w_5s._.js:1945
[  143279ms] [ERROR] ./app/(app)/gradebook/page.tsx:256:6
Unterminated regexp literal
  254 |       </div>
  255 |
> 256 |     </div>
      |      ^^^^^
  257 |   )
  258 | }
  259 |

Parsing ecmascript source code failed

Import traces:
  Client Component Browser:
    ./app/(app)/gradebook/page.tsx [Client Component Browser]
    ./app/(app)/gradebook/page.tsx [Server Component]

  Client Component SSR:
    ./app/(app)/gradebook/page.tsx [Client Component SSR]
    ./app/(app)/gradebook/page.tsx [Server Component] @ http://localhost:3000/_next/static/chunks/node_modules_next_dist_0u_w_5s._.js:1945
[  143334ms] [ERROR] ./app/(app)/gradebook/page.tsx:256:6
Unterminated regexp literal
  254 |       </div>
  255 |
> 256 |     </div>
      |      ^^^^^
  257 |   )
  258 | }
  259 |

Parsing ecmascript source code failed

Import traces:
  Client Component Browser:
    ./app/(app)/gradebook/page.tsx [Client Component Browser]
    ./app/(app)/gradebook/page.tsx [Server Component]

  Client Component SSR:
    ./app/(app)/gradebook/page.tsx [Client Component SSR]
    ./app/(app)/gradebook/page.tsx [Server Component] @ http://localhost:3000/_next/static/chunks/node_modules_next_dist_0u_w_5s._.js:1945
[  143392ms] [ERROR] ./app/(app)/gradebook/page.tsx:256:6
Unterminated regexp literal
  254 |       </div>
  255 |
> 256 |     </div>
      |      ^^^^^
  257 |   )
  258 | }
  259 |

Parsing ecmascript source code failed

Import traces:
  Client Component Browser:
    ./app/(app)/gradebook/page.tsx [Client Component Browser]
    ./app/(app)/gradebook/page.tsx [Server Component]

  Client Component SSR:
    ./app/(app)/gradebook/page.tsx [Client Component SSR]
    ./app/(app)/gradebook/page.tsx [Server Component] @ http://localhost:3000/_next/static/chunks/node_modules_next_dist_0u_w_5s._.js:1945
[  143456ms] [ERROR] ./app/(app)/gradebook/page.tsx:256:6
Unterminated regexp literal
  254 |       </div>
  255 |
> 256 |     </div>
      |      ^^^^^
  257 |   )
  258 | }
  259 |

Parsing ecmascript source code failed

Import traces:
  Client Component Browser:
    ./app/(app)/gradebook/page.tsx [Client Component Browser]
    ./app/(app)/gradebook/page.tsx [Server Component]

  Client Component SSR:
    ./app/(app)/gradebook/page.tsx [Client Component SSR]
    ./app/(app)/gradebook/page.tsx [Server Component] @ http://localhost:3000/_next/static/chunks/node_modules_next_dist_0u_w_5s._.js:1945
[  143519ms] [ERROR] ./app/(app)/gradebook/page.tsx:256:6
Unterminated regexp literal
  254 |       </div>
  255 |
> 256 |     </div>
      |      ^^^^^
  257 |   )
  258 | }
  259 |

Parsing ecmascript source code failed

Import traces:
  Client Component Browser:
    ./app/(app)/gradebook/page.tsx [Client Component Browser]
    ./app/(app)/gradebook/page.tsx [Server Component]

  Client Component SSR:
    ./app/(app)/gradebook/page.tsx [Client Component SSR]
    ./app/(app)/gradebook/page.tsx [Server Component] @ http://localhost:3000/_next/static/chunks/node_modules_next_dist_0u_w_5s._.js:1945
[  143574ms] [ERROR] ./app/(app)/gradebook/page.tsx:256:6
Unterminated regexp literal
  254 |       </div>
  255 |
> 256 |     </div>
      |      ^^^^^
  257 |   )
  258 | }
  259 |

Parsing ecmascript source code failed

Import traces:
  Client Component Browser:
    ./app/(app)/gradebook/page.tsx [Client Component Browser]
    ./app/(app)/gradebook/page.tsx [Server Component]

  Client Component SSR:
    ./app/(app)/gradebook/page.tsx [Client Component SSR]
    ./app/(app)/gradebook/page.tsx [Server Component] @ http://localhost:3000/_next/static/chunks/node_modules_next_dist_0u_w_5s._.js:1945
[  143631ms] [ERROR] ./app/(app)/gradebook/page.tsx:256:6
Unterminated regexp literal
  254 |       </div>
  255 |
> 256 |     </div>
      |      ^^^^^
  257 |   )
  258 | }
  259 |

Parsing ecmascript source code failed

Import traces:
  Client Component Browser:
    ./app/(app)/gradebook/page.tsx [Client Component Browser]
    ./app/(app)/gradebook/page.tsx [Server Component]

  Client Component SSR:
    ./app/(app)/gradebook/page.tsx [Client Component SSR]
    ./app/(app)/gradebook/page.tsx [Server Component] @ http://localhost:3000/_next/static/chunks/node_modules_next_dist_0u_w_5s._.js:1945
[  143682ms] [ERROR] ./app/(app)/gradebook/page.tsx:256:6
Unterminated regexp literal
  254 |       </div>
  255 |
> 256 |     </div>
      |      ^^^^^
  257 |   )
  258 | }
  259 |

Parsing ecmascript source code failed

Import traces:
  Client Component Browser:
    ./app/(app)/gradebook/page.tsx [Client Component Browser]
    ./app/(app)/gradebook/page.tsx [Server Component]

  Client Component SSR:
    ./app/(app)/gradebook/page.tsx [Client Component SSR]
    ./app/(app)/gradebook/page.tsx [Server Component] @ http://localhost:3000/_next/static/chunks/node_modules_next_dist_0u_w_5s._.js:1945
[  143741ms] [ERROR] ./app/(app)/gradebook/page.tsx:256:6
Unterminated regexp literal
  254 |       </div>
  255 |
> 256 |     </div>
      |      ^^^^^
  257 |   )
  258 | }
  259 |

Parsing ecmascript source code failed

Import traces:
  Client Component Browser:
    ./app/(app)/gradebook/page.tsx [Client Component Browser]
    ./app/(app)/gradebook/page.tsx [Server Component]

  Client Component SSR:
    ./app/(app)/gradebook/page.tsx [Client Component SSR]
    ./app/(app)/gradebook/page.tsx [Server Component] @ http://localhost:3000/_next/static/chunks/node_modules_next_dist_0u_w_5s._.js:1945
[  143795ms] [ERROR] ./app/(app)/gradebook/page.tsx:256:6
Unterminated regexp literal
  254 |       </div>
  255 |
> 256 |     </div>
      |      ^^^^^
  257 |   )
  258 | }
  259 |

Parsing ecmascript source code failed

Import traces:
  Client Component Browser:
    ./app/(app)/gradebook/page.tsx [Client Component Browser]
    ./app/(app)/gradebook/page.tsx [Server Component]

  Client Component SSR:
    ./app/(app)/gradebook/page.tsx [Client Component SSR]
    ./app/(app)/gradebook/page.tsx [Server Component] @ http://localhost:3000/_next/static/chunks/node_modules_next_dist_0u_w_5s._.js:1945
[  143844ms] [ERROR] ./app/(app)/gradebook/page.tsx:256:6
Unterminated regexp literal
  254 |       </div>
  255 |
> 256 |     </div>
      |      ^^^^^
  257 |   )
  258 | }
  259 |

Parsing ecmascript source code failed

Import traces:
  Client Component Browser:
    ./app/(app)/gradebook/page.tsx [Client Component Browser]
    ./app/(app)/gradebook/page.tsx [Server Component]

  Client Component SSR:
    ./app/(app)/gradebook/page.tsx [Client Component SSR]
    ./app/(app)/gradebook/page.tsx [Server Component] @ http://localhost:3000/_next/static/chunks/node_modules_next_dist_0u_w_5s._.js:1945
[  143892ms] [ERROR] ./app/(app)/gradebook/page.tsx:256:6
Unterminated regexp literal
  254 |       </div>
  255 |
> 256 |     </div>
      |      ^^^^^
  257 |   )
  258 | }
  259 |

Parsing ecmascript source code failed

Import traces:
  Client Component Browser:
    ./app/(app)/gradebook/page.tsx [Client Component Browser]
    ./app/(app)/gradebook/page.tsx [Server Component]

  Client Component SSR:
    ./app/(app)/gradebook/page.tsx [Client Component SSR]
    ./app/(app)/gradebook/page.tsx [Server Component] @ http://localhost:3000/_next/static/chunks/node_modules_next_dist_0u_w_5s._.js:1945
[  143956ms] [ERROR] ./app/(app)/gradebook/page.tsx:256:6
Unterminated regexp literal
  254 |       </div>
  255 |
> 256 |     </div>
      |      ^^^^^
  257 |   )
  258 | }
  259 |

Parsing ecmascript source code failed

Import traces:
  Client Component Browser:
    ./app/(app)/gradebook/page.tsx [Client Component Browser]
    ./app/(app)/gradebook/page.tsx [Server Component]

  Client Component SSR:
    ./app/(app)/gradebook/page.tsx [Client Component SSR]
    ./app/(app)/gradebook/page.tsx [Server Component] @ http://localhost:3000/_next/static/chunks/node_modules_next_dist_0u_w_5s._.js:1945
[  144011ms] [ERROR] ./app/(app)/gradebook/page.tsx:256:6
Unterminated regexp literal
  254 |       </div>
  255 |
> 256 |     </div>
      |      ^^^^^
  257 |   )
  258 | }
  259 |

Parsing ecmascript source code failed

Import traces:
  Client Component Browser:
    ./app/(app)/gradebook/page.tsx [Client Component Browser]
    ./app/(app)/gradebook/page.tsx [Server Component]

  Client Component SSR:
    ./app/(app)/gradebook/page.tsx [Client Component SSR]
    ./app/(app)/gradebook/page.tsx [Server Component] @ http://localhost:3000/_next/static/chunks/node_modules_next_dist_0u_w_5s._.js:1945
[  144073ms] [ERROR] ./app/(app)/gradebook/page.tsx:256:6
Unterminated regexp literal
  254 |       </div>
  255 |
> 256 |     </div>
      |      ^^^^^
  257 |   )
  258 | }
  259 |

Parsing ecmascript source code failed

Import traces:
  Client Component Browser:
    ./app/(app)/gradebook/page.tsx [Client Component Browser]
    ./app/(app)/gradebook/page.tsx [Server Component]

  Client Component SSR:
    ./app/(app)/gradebook/page.tsx [Client Component SSR]
    ./app/(app)/gradebook/page.tsx [Server Component] @ http://localhost:3000/_next/static/chunks/node_modules_next_dist_0u_w_5s._.js:1945
[  144136ms] [ERROR] ./app/(app)/gradebook/page.tsx:256:6
Unterminated regexp literal
  254 |       </div>
  255 |
> 256 |     </div>
      |      ^^^^^
  257 |   )
  258 | }
  259 |

Parsing ecmascript source code failed

Import traces:
  Client Component Browser:
    ./app/(app)/gradebook/page.tsx [Client Component Browser]
    ./app/(app)/gradebook/page.tsx [Server Component]

  Client Component SSR:
    ./app/(app)/gradebook/page.tsx [Client Component SSR]
    ./app/(app)/gradebook/page.tsx [Server Component] @ http://localhost:3000/_next/static/chunks/node_modules_next_dist_0u_w_5s._.js:1945
[  144264ms] [LOG] [Fast Refresh] rebuilding @ http://localhost:3000/_next/static/chunks/node_modules_next_dist_0u_w_5s._.js:1226
[  144325ms] [LOG] [Fast Refresh] done in 137ms @ http://localhost:3000/_next/static/chunks/node_modules_next_dist_0u_w_5s._.js:1226
[  144460ms] [LOG] [Fast Refresh] rebuilding @ http://localhost:3000/_next/static/chunks/node_modules_next_dist_0u_w_5s._.js:1226
[  144612ms] [LOG] [Fast Refresh] done in 253ms @ http://localhost:3000/_next/static/chunks/node_modules_next_dist_0u_w_5s._.js:1226
[  145022ms] [VERBOSE] [DOM] Input elements should have autocomplete attributes (suggested: "current-password"): (More info: https://goo.gl/9p2vKq) %o @ http://localhost:3000/login:0
[  145071ms] [INFO] %cDownload the React DevTools for a better development experience: https://react.dev/link/react-devtools font-weight:bold @ http://localhost:3000/_next/static/chunks/node_modules_next_dist_115brz8._.js:2477
[  145116ms] [LOG] [HMR] connected @ http://localhost:3000/_next/static/chunks/node_modules_next_dist_115brz8._.js:2477
[  257163ms] [LOG] [Fast Refresh] rebuilding @ http://localhost:3000/_next/static/chunks/node_modules_next_dist_115brz8._.js:2477
[  257185ms] [LOG] [Fast Refresh] done in 84ms @ http://localhost:3000/_next/static/chunks/node_modules_next_dist_115brz8._.js:2477
[  257294ms] [LOG] [Fast Refresh] rebuilding @ http://localhost:3000/_next/static/chunks/node_modules_next_dist_115brz8._.js:2477
[  257435ms] [LOG] [Fast Refresh] done in 250ms @ http://localhost:3000/_next/static/chunks/node_modules_next_dist_115brz8._.js:2477
[  258172ms] [LOG] [Fast Refresh] rebuilding @ http://localhost:3000/_next/static/chunks/node_modules_next_dist_115brz8._.js:2477
[  258445ms] [LOG] [Fast Refresh] done in 90ms @ http://localhost:3000/_next/static/chunks/node_modules_next_dist_115brz8._.js:2477
[  259261ms] [LOG] [Fast Refresh] rebuilding @ http://localhost:3000/_next/static/chunks/node_modules_next_dist_115brz8._.js:2477
[  259461ms] [LOG] [Fast Refresh] done in 113ms @ http://localhost:3000/_next/static/chunks/node_modules_next_dist_115brz8._.js:2477
[  276471ms] [LOG] [Fast Refresh] rebuilding @ http://localhost:3000/_next/static/chunks/node_modules_next_dist_115brz8._.js:2477
[  276718ms] [LOG] [Fast Refresh] done in 147ms @ http://localhost:3000/_next/static/chunks/node_modules_next_dist_115brz8._.js:2477
[  324076ms] [LOG] [Fast Refresh] rebuilding @ http://localhost:3000/_next/static/chunks/node_modules_next_dist_115brz8._.js:2477
[  324325ms] [LOG] [Fast Refresh] done in 134ms @ http://localhost:3000/_next/static/chunks/node_modules_next_dist_115brz8._.js:2477
[  409302ms] [LOG] [Fast Refresh] rebuilding @ http://localhost:3000/_next/static/chunks/node_modules_next_dist_115brz8._.js:2477
[  409469ms] [LOG] [Fast Refresh] done in 135ms @ http://localhost:3000/_next/static/chunks/node_modules_next_dist_115brz8._.js:2477
[  409587ms] [LOG] [Fast Refresh] rebuilding @ http://localhost:3000/_next/static/chunks/node_modules_next_dist_115brz8._.js:2477
[  409638ms] [LOG] [Fast Refresh] done in 168ms @ http://localhost:3000/_next/static/chunks/node_modules_next_dist_115brz8._.js:2477
[  424376ms] [LOG] [Fast Refresh] rebuilding @ http://localhost:3000/_next/static/chunks/node_modules_next_dist_115brz8._.js:2477
[  424685ms] [LOG] [Fast Refresh] done in 198ms @ http://localhost:3000/_next/static/chunks/node_modules_next_dist_115brz8._.js:2477
[  530706ms] [LOG] [Fast Refresh] rebuilding @ http://localhost:3000/_next/static/chunks/node_modules_next_dist_115brz8._.js:2477
[  530787ms] [LOG] [Fast Refresh] done in 186ms @ http://localhost:3000/_next/static/chunks/node_modules_next_dist_115brz8._.js:2477
[  596820ms] [LOG] [Fast Refresh] rebuilding @ http://localhost:3000/_next/static/chunks/node_modules_next_dist_115brz8._.js:2477
[  597220ms] [LOG] [Fast Refresh] done in 157ms @ http://localhost:3000/_next/static/chunks/node_modules_next_dist_115brz8._.js:2477
[  626151ms] [LOG] [Fast Refresh] rebuilding @ http://localhost:3000/_next/static/chunks/node_modules_next_dist_115brz8._.js:2477
[  626156ms] [LOG] [Fast Refresh] done in 119ms @ http://localhost:3000/_next/static/chunks/node_modules_next_dist_115brz8._.js:2477
