[      38ms] [ERROR] Failed to load resource: the server responded with a status of 500 (Internal Server Error) @ http://localhost:3000/timetable:0
[      69ms] [INFO] %cDownload the React DevTools for a better development experience: https://react.dev/link/react-devtools font-weight:bold @ http://localhost:3000/_next/static/chunks/node_modules_react-dom_0bruynb._.js:15305
[      84ms] Error: ./app/(app)/timetable/page.tsx:245:21
Expected '</', got 'const'
  243 |                         ? cell.classes?.class_name || cell.class_name || cell.class_id
  244 |                         : cell.subjects?.subject_name || cell.subject_name || ''
> 245 |                     const sc = cell && subj ? subjectColor(subj as string) : null
      |                     ^^^^^
  246 |                     const isEmpty = !cell || !subj
  247 |
  248 |                     return (

Parsing ecmascript source code failed

Import traces:
  Client Component Browser:
    ./app/(app)/timetable/page.tsx [Client Component Browser]
    ./app/(app)/timetable/page.tsx [Server Component]

  Client Component SSR:
    ./app/(app)/timetable/page.tsx [Client Component SSR]
    ./app/(app)/timetable/page.tsx [Server Component]


    at <unknown> (Error: ./app/(app)/timetable/page.tsx:245:21)
    at Object.getCompilationErrors (file://C:\Users\phucn\Desktop\School-Management-Client\node_modules\next\dist\server\dev\hot-reloader-turbopack.js:1186:59)
    at DevBundlerService.getCompilationError (file://C:\Users\phucn\Desktop\School-Management-Client\node_modules\next\dist\server\lib\dev-bundler-service.js:44:55)
    at DevServer.getCompilationError (file://C:\Users\phucn\Desktop\School-Management-Client\node_modules\next\dist\server\dev\next-dev-server.js:720:42)
    at DevServer.findPageComponents (file://C:\Users\phucn\Desktop\School-Management-Client\node_modules\next\dist\server\dev\next-dev-server.js:690:43)
    at async DevServer.renderErrorToResponseImpl (file://C:\Users\phucn\Desktop\School-Management-Client\node_modules\next\dist\server\base-server.js:1753:26)
[      81ms] [LOG] [HMR] connected @ http://localhost:3000/_next/static/chunks/node_modules_next_dist_0u_w_5s._.js:1226
[      83ms] [ERROR] ./app/(app)/timetable/page.tsx:245:21
Expected '</', got 'const'
  243 |                         ? cell.classes?.class_name || cell.class_name || cell.class_id
  244 |                         : cell.subjects?.subject_name || cell.subject_name || ''
> 245 |                     const sc = cell && subj ? subjectColor(subj as string) : null
      |                     ^^^^^
  246 |                     const isEmpty = !cell || !subj
  247 |
  248 |                     return (

Parsing ecmascript source code failed

Import traces:
  Client Component Browser:
    ./app/(app)/timetable/page.tsx [Client Component Browser]
    ./app/(app)/timetable/page.tsx [Server Component]

  Client Component SSR:
    ./app/(app)/timetable/page.tsx [Client Component SSR]
    ./app/(app)/timetable/page.tsx [Server Component] @ http://localhost:3000/_next/static/chunks/node_modules_next_dist_0u_w_5s._.js:1945
[     148ms] [ERROR] ./app/(app)/timetable/page.tsx:245:21
Expected '</', got 'const'
  243 |                         ? cell.classes?.class_name || cell.class_name || cell.class_id
  244 |                         : cell.subjects?.subject_name || cell.subject_name || ''
> 245 |                     const sc = cell && subj ? subjectColor(subj as string) : null
      |                     ^^^^^
  246 |                     const isEmpty = !cell || !subj
  247 |
  248 |                     return (

Parsing ecmascript source code failed

Import traces:
  Client Component Browser:
    ./app/(app)/timetable/page.tsx [Client Component Browser]
    ./app/(app)/timetable/page.tsx [Server Component]

  Client Component SSR:
    ./app/(app)/timetable/page.tsx [Client Component SSR]
    ./app/(app)/timetable/page.tsx [Server Component] @ http://localhost:3000/_next/static/chunks/node_modules_next_dist_0u_w_5s._.js:1945
[     236ms] [ERROR] ./app/(app)/timetable/page.tsx:245:21
Expected '</', got 'const'
  243 |                         ? cell.classes?.class_name || cell.class_name || cell.class_id
  244 |                         : cell.subjects?.subject_name || cell.subject_name || ''
> 245 |                     const sc = cell && subj ? subjectColor(subj as string) : null
      |                     ^^^^^
  246 |                     const isEmpty = !cell || !subj
  247 |
  248 |                     return (

Parsing ecmascript source code failed

Import traces:
  Client Component Browser:
    ./app/(app)/timetable/page.tsx [Client Component Browser]
    ./app/(app)/timetable/page.tsx [Server Component]

  Client Component SSR:
    ./app/(app)/timetable/page.tsx [Client Component SSR]
    ./app/(app)/timetable/page.tsx [Server Component] @ http://localhost:3000/_next/static/chunks/node_modules_next_dist_0u_w_5s._.js:1945
[     251ms] [LOG] [Fast Refresh] rebuilding @ http://localhost:3000/_next/static/chunks/node_modules_next_dist_0u_w_5s._.js:1226
[     312ms] [ERROR] ./app/(app)/timetable/page.tsx:245:21
Expected '</', got 'const'
  243 |                         ? cell.classes?.class_name || cell.class_name || cell.class_id
  244 |                         : cell.subjects?.subject_name || cell.subject_name || ''
> 245 |                     const sc = cell && subj ? subjectColor(subj as string) : null
      |                     ^^^^^
  246 |                     const isEmpty = !cell || !subj
  247 |
  248 |                     return (

Parsing ecmascript source code failed

Import traces:
  Client Component Browser:
    ./app/(app)/timetable/page.tsx [Client Component Browser]
    ./app/(app)/timetable/page.tsx [Server Component]

  Client Component SSR:
    ./app/(app)/timetable/page.tsx [Client Component SSR]
    ./app/(app)/timetable/page.tsx [Server Component] @ http://localhost:3000/_next/static/chunks/node_modules_next_dist_0u_w_5s._.js:1945
[     362ms] [ERROR] ./app/(app)/timetable/page.tsx:245:21
Expected '</', got 'const'
  243 |                         ? cell.classes?.class_name || cell.class_name || cell.class_id
  244 |                         : cell.subjects?.subject_name || cell.subject_name || ''
> 245 |                     const sc = cell && subj ? subjectColor(subj as string) : null
      |                     ^^^^^
  246 |                     const isEmpty = !cell || !subj
  247 |
  248 |                     return (

Parsing ecmascript source code failed

Import traces:
  Client Component Browser:
    ./app/(app)/timetable/page.tsx [Client Component Browser]
    ./app/(app)/timetable/page.tsx [Server Component]

  Client Component SSR:
    ./app/(app)/timetable/page.tsx [Client Component SSR]
    ./app/(app)/timetable/page.tsx [Server Component] @ http://localhost:3000/_next/static/chunks/node_modules_next_dist_0u_w_5s._.js:1945
[     420ms] [ERROR] ./app/(app)/timetable/page.tsx:245:21
Expected '</', got 'const'
  243 |                         ? cell.classes?.class_name || cell.class_name || cell.class_id
  244 |                         : cell.subjects?.subject_name || cell.subject_name || ''
> 245 |                     const sc = cell && subj ? subjectColor(subj as string) : null
      |                     ^^^^^
  246 |                     const isEmpty = !cell || !subj
  247 |
  248 |                     return (

Parsing ecmascript source code failed

Import traces:
  Client Component Browser:
    ./app/(app)/timetable/page.tsx [Client Component Browser]
    ./app/(app)/timetable/page.tsx [Server Component]

  Client Component SSR:
    ./app/(app)/timetable/page.tsx [Client Component SSR]
    ./app/(app)/timetable/page.tsx [Server Component] @ http://localhost:3000/_next/static/chunks/node_modules_next_dist_0u_w_5s._.js:1945
[     474ms] [ERROR] ./app/(app)/timetable/page.tsx:245:21
Expected '</', got 'const'
  243 |                         ? cell.classes?.class_name || cell.class_name || cell.class_id
  244 |                         : cell.subjects?.subject_name || cell.subject_name || ''
> 245 |                     const sc = cell && subj ? subjectColor(subj as string) : null
      |                     ^^^^^
  246 |                     const isEmpty = !cell || !subj
  247 |
  248 |                     return (

Parsing ecmascript source code failed

Import traces:
  Client Component Browser:
    ./app/(app)/timetable/page.tsx [Client Component Browser]
    ./app/(app)/timetable/page.tsx [Server Component]

  Client Component SSR:
    ./app/(app)/timetable/page.tsx [Client Component SSR]
    ./app/(app)/timetable/page.tsx [Server Component] @ http://localhost:3000/_next/static/chunks/node_modules_next_dist_0u_w_5s._.js:1945
[     536ms] [ERROR] ./app/(app)/timetable/page.tsx:245:21
Expected '</', got 'const'
  243 |                         ? cell.classes?.class_name || cell.class_name || cell.class_id
  244 |                         : cell.subjects?.subject_name || cell.subject_name || ''
> 245 |                     const sc = cell && subj ? subjectColor(subj as string) : null
      |                     ^^^^^
  246 |                     const isEmpty = !cell || !subj
  247 |
  248 |                     return (

Parsing ecmascript source code failed

Import traces:
  Client Component Browser:
    ./app/(app)/timetable/page.tsx [Client Component Browser]
    ./app/(app)/timetable/page.tsx [Server Component]

  Client Component SSR:
    ./app/(app)/timetable/page.tsx [Client Component SSR]
    ./app/(app)/timetable/page.tsx [Server Component] @ http://localhost:3000/_next/static/chunks/node_modules_next_dist_0u_w_5s._.js:1945
[     591ms] [ERROR] ./app/(app)/timetable/page.tsx:245:21
Expected '</', got 'const'
  243 |                         ? cell.classes?.class_name || cell.class_name || cell.class_id
  244 |                         : cell.subjects?.subject_name || cell.subject_name || ''
> 245 |                     const sc = cell && subj ? subjectColor(subj as string) : null
      |                     ^^^^^
  246 |                     const isEmpty = !cell || !subj
  247 |
  248 |                     return (

Parsing ecmascript source code failed

Import traces:
  Client Component Browser:
    ./app/(app)/timetable/page.tsx [Client Component Browser]
    ./app/(app)/timetable/page.tsx [Server Component]

  Client Component SSR:
    ./app/(app)/timetable/page.tsx [Client Component SSR]
    ./app/(app)/timetable/page.tsx [Server Component] @ http://localhost:3000/_next/static/chunks/node_modules_next_dist_0u_w_5s._.js:1945
[     644ms] [ERROR] ./app/(app)/timetable/page.tsx:245:21
Expected '</', got 'const'
  243 |                         ? cell.classes?.class_name || cell.class_name || cell.class_id
  244 |                         : cell.subjects?.subject_name || cell.subject_name || ''
> 245 |                     const sc = cell && subj ? subjectColor(subj as string) : null
      |                     ^^^^^
  246 |                     const isEmpty = !cell || !subj
  247 |
  248 |                     return (

Parsing ecmascript source code failed

Import traces:
  Client Component Browser:
    ./app/(app)/timetable/page.tsx [Client Component Browser]
    ./app/(app)/timetable/page.tsx [Server Component]

  Client Component SSR:
    ./app/(app)/timetable/page.tsx [Client Component SSR]
    ./app/(app)/timetable/page.tsx [Server Component] @ http://localhost:3000/_next/static/chunks/node_modules_next_dist_0u_w_5s._.js:1945
[     706ms] [ERROR] ./app/(app)/timetable/page.tsx:245:21
Expected '</', got 'const'
  243 |                         ? cell.classes?.class_name || cell.class_name || cell.class_id
  244 |                         : cell.subjects?.subject_name || cell.subject_name || ''
> 245 |                     const sc = cell && subj ? subjectColor(subj as string) : null
      |                     ^^^^^
  246 |                     const isEmpty = !cell || !subj
  247 |
  248 |                     return (

Parsing ecmascript source code failed

Import traces:
  Client Component Browser:
    ./app/(app)/timetable/page.tsx [Client Component Browser]
    ./app/(app)/timetable/page.tsx [Server Component]

  Client Component SSR:
    ./app/(app)/timetable/page.tsx [Client Component SSR]
    ./app/(app)/timetable/page.tsx [Server Component] @ http://localhost:3000/_next/static/chunks/node_modules_next_dist_0u_w_5s._.js:1945
[     767ms] [ERROR] ./app/(app)/timetable/page.tsx:245:21
Expected '</', got 'const'
  243 |                         ? cell.classes?.class_name || cell.class_name || cell.class_id
  244 |                         : cell.subjects?.subject_name || cell.subject_name || ''
> 245 |                     const sc = cell && subj ? subjectColor(subj as string) : null
      |                     ^^^^^
  246 |                     const isEmpty = !cell || !subj
  247 |
  248 |                     return (

Parsing ecmascript source code failed

Import traces:
  Client Component Browser:
    ./app/(app)/timetable/page.tsx [Client Component Browser]
    ./app/(app)/timetable/page.tsx [Server Component]

  Client Component SSR:
    ./app/(app)/timetable/page.tsx [Client Component SSR]
    ./app/(app)/timetable/page.tsx [Server Component] @ http://localhost:3000/_next/static/chunks/node_modules_next_dist_0u_w_5s._.js:1945
[     826ms] [ERROR] ./app/(app)/timetable/page.tsx:245:21
Expected '</', got 'const'
  243 |                         ? cell.classes?.class_name || cell.class_name || cell.class_id
  244 |                         : cell.subjects?.subject_name || cell.subject_name || ''
> 245 |                     const sc = cell && subj ? subjectColor(subj as string) : null
      |                     ^^^^^
  246 |                     const isEmpty = !cell || !subj
  247 |
  248 |                     return (

Parsing ecmascript source code failed

Import traces:
  Client Component Browser:
    ./app/(app)/timetable/page.tsx [Client Component Browser]
    ./app/(app)/timetable/page.tsx [Server Component]

  Client Component SSR:
    ./app/(app)/timetable/page.tsx [Client Component SSR]
    ./app/(app)/timetable/page.tsx [Server Component] @ http://localhost:3000/_next/static/chunks/node_modules_next_dist_0u_w_5s._.js:1945
[     889ms] [ERROR] ./app/(app)/timetable/page.tsx:245:21
Expected '</', got 'const'
  243 |                         ? cell.classes?.class_name || cell.class_name || cell.class_id
  244 |                         : cell.subjects?.subject_name || cell.subject_name || ''
> 245 |                     const sc = cell && subj ? subjectColor(subj as string) : null
      |                     ^^^^^
  246 |                     const isEmpty = !cell || !subj
  247 |
  248 |                     return (

Parsing ecmascript source code failed

Import traces:
  Client Component Browser:
    ./app/(app)/timetable/page.tsx [Client Component Browser]
    ./app/(app)/timetable/page.tsx [Server Component]

  Client Component SSR:
    ./app/(app)/timetable/page.tsx [Client Component SSR]
    ./app/(app)/timetable/page.tsx [Server Component] @ http://localhost:3000/_next/static/chunks/node_modules_next_dist_0u_w_5s._.js:1945
[     945ms] [ERROR] ./app/(app)/timetable/page.tsx:245:21
Expected '</', got 'const'
  243 |                         ? cell.classes?.class_name || cell.class_name || cell.class_id
  244 |                         : cell.subjects?.subject_name || cell.subject_name || ''
> 245 |                     const sc = cell && subj ? subjectColor(subj as string) : null
      |                     ^^^^^
  246 |                     const isEmpty = !cell || !subj
  247 |
  248 |                     return (

Parsing ecmascript source code failed

Import traces:
  Client Component Browser:
    ./app/(app)/timetable/page.tsx [Client Component Browser]
    ./app/(app)/timetable/page.tsx [Server Component]

  Client Component SSR:
    ./app/(app)/timetable/page.tsx [Client Component SSR]
    ./app/(app)/timetable/page.tsx [Server Component] @ http://localhost:3000/_next/static/chunks/node_modules_next_dist_0u_w_5s._.js:1945
[     996ms] [ERROR] ./app/(app)/timetable/page.tsx:245:21
Expected '</', got 'const'
  243 |                         ? cell.classes?.class_name || cell.class_name || cell.class_id
  244 |                         : cell.subjects?.subject_name || cell.subject_name || ''
> 245 |                     const sc = cell && subj ? subjectColor(subj as string) : null
      |                     ^^^^^
  246 |                     const isEmpty = !cell || !subj
  247 |
  248 |                     return (

Parsing ecmascript source code failed

Import traces:
  Client Component Browser:
    ./app/(app)/timetable/page.tsx [Client Component Browser]
    ./app/(app)/timetable/page.tsx [Server Component]

  Client Component SSR:
    ./app/(app)/timetable/page.tsx [Client Component SSR]
    ./app/(app)/timetable/page.tsx [Server Component] @ http://localhost:3000/_next/static/chunks/node_modules_next_dist_0u_w_5s._.js:1945
[    1046ms] [ERROR] ./app/(app)/timetable/page.tsx:245:21
Expected '</', got 'const'
  243 |                         ? cell.classes?.class_name || cell.class_name || cell.class_id
  244 |                         : cell.subjects?.subject_name || cell.subject_name || ''
> 245 |                     const sc = cell && subj ? subjectColor(subj as string) : null
      |                     ^^^^^
  246 |                     const isEmpty = !cell || !subj
  247 |
  248 |                     return (

Parsing ecmascript source code failed

Import traces:
  Client Component Browser:
    ./app/(app)/timetable/page.tsx [Client Component Browser]
    ./app/(app)/timetable/page.tsx [Server Component]

  Client Component SSR:
    ./app/(app)/timetable/page.tsx [Client Component SSR]
    ./app/(app)/timetable/page.tsx [Server Component] @ http://localhost:3000/_next/static/chunks/node_modules_next_dist_0u_w_5s._.js:1945
[    1094ms] [ERROR] ./app/(app)/timetable/page.tsx:245:21
Expected '</', got 'const'
  243 |                         ? cell.classes?.class_name || cell.class_name || cell.class_id
  244 |                         : cell.subjects?.subject_name || cell.subject_name || ''
> 245 |                     const sc = cell && subj ? subjectColor(subj as string) : null
      |                     ^^^^^
  246 |                     const isEmpty = !cell || !subj
  247 |
  248 |                     return (

Parsing ecmascript source code failed

Import traces:
  Client Component Browser:
    ./app/(app)/timetable/page.tsx [Client Component Browser]
    ./app/(app)/timetable/page.tsx [Server Component]

  Client Component SSR:
    ./app/(app)/timetable/page.tsx [Client Component SSR]
    ./app/(app)/timetable/page.tsx [Server Component] @ http://localhost:3000/_next/static/chunks/node_modules_next_dist_0u_w_5s._.js:1945
[    1144ms] [ERROR] ./app/(app)/timetable/page.tsx:245:21
Expected '</', got 'const'
  243 |                         ? cell.classes?.class_name || cell.class_name || cell.class_id
  244 |                         : cell.subjects?.subject_name || cell.subject_name || ''
> 245 |                     const sc = cell && subj ? subjectColor(subj as string) : null
      |                     ^^^^^
  246 |                     const isEmpty = !cell || !subj
  247 |
  248 |                     return (

Parsing ecmascript source code failed

Import traces:
  Client Component Browser:
    ./app/(app)/timetable/page.tsx [Client Component Browser]
    ./app/(app)/timetable/page.tsx [Server Component]

  Client Component SSR:
    ./app/(app)/timetable/page.tsx [Client Component SSR]
    ./app/(app)/timetable/page.tsx [Server Component] @ http://localhost:3000/_next/static/chunks/node_modules_next_dist_0u_w_5s._.js:1945
[    1186ms] [ERROR] ./app/(app)/timetable/page.tsx:245:21
Expected '</', got 'const'
  243 |                         ? cell.classes?.class_name || cell.class_name || cell.class_id
  244 |                         : cell.subjects?.subject_name || cell.subject_name || ''
> 245 |                     const sc = cell && subj ? subjectColor(subj as string) : null
      |                     ^^^^^
  246 |                     const isEmpty = !cell || !subj
  247 |
  248 |                     return (

Parsing ecmascript source code failed

Import traces:
  Client Component Browser:
    ./app/(app)/timetable/page.tsx [Client Component Browser]
    ./app/(app)/timetable/page.tsx [Server Component]

  Client Component SSR:
    ./app/(app)/timetable/page.tsx [Client Component SSR]
    ./app/(app)/timetable/page.tsx [Server Component] @ http://localhost:3000/_next/static/chunks/node_modules_next_dist_0u_w_5s._.js:1945
[    1239ms] [ERROR] ./app/(app)/timetable/page.tsx:245:21
Expected '</', got 'const'
  243 |                         ? cell.classes?.class_name || cell.class_name || cell.class_id
  244 |                         : cell.subjects?.subject_name || cell.subject_name || ''
> 245 |                     const sc = cell && subj ? subjectColor(subj as string) : null
      |                     ^^^^^
  246 |                     const isEmpty = !cell || !subj
  247 |
  248 |                     return (

Parsing ecmascript source code failed

Import traces:
  Client Component Browser:
    ./app/(app)/timetable/page.tsx [Client Component Browser]
    ./app/(app)/timetable/page.tsx [Server Component]

  Client Component SSR:
    ./app/(app)/timetable/page.tsx [Client Component SSR]
    ./app/(app)/timetable/page.tsx [Server Component] @ http://localhost:3000/_next/static/chunks/node_modules_next_dist_0u_w_5s._.js:1945
[    1280ms] [ERROR] ./app/(app)/timetable/page.tsx:245:21
Expected '</', got 'const'
  243 |                         ? cell.classes?.class_name || cell.class_name || cell.class_id
  244 |                         : cell.subjects?.subject_name || cell.subject_name || ''
> 245 |                     const sc = cell && subj ? subjectColor(subj as string) : null
      |                     ^^^^^
  246 |                     const isEmpty = !cell || !subj
  247 |
  248 |                     return (

Parsing ecmascript source code failed

Import traces:
  Client Component Browser:
    ./app/(app)/timetable/page.tsx [Client Component Browser]
    ./app/(app)/timetable/page.tsx [Server Component]

  Client Component SSR:
    ./app/(app)/timetable/page.tsx [Client Component SSR]
    ./app/(app)/timetable/page.tsx [Server Component] @ http://localhost:3000/_next/static/chunks/node_modules_next_dist_0u_w_5s._.js:1945
[    1343ms] [ERROR] ./app/(app)/timetable/page.tsx:245:21
Expected '</', got 'const'
  243 |                         ? cell.classes?.class_name || cell.class_name || cell.class_id
  244 |                         : cell.subjects?.subject_name || cell.subject_name || ''
> 245 |                     const sc = cell && subj ? subjectColor(subj as string) : null
      |                     ^^^^^
  246 |                     const isEmpty = !cell || !subj
  247 |
  248 |                     return (

Parsing ecmascript source code failed

Import traces:
  Client Component Browser:
    ./app/(app)/timetable/page.tsx [Client Component Browser]
    ./app/(app)/timetable/page.tsx [Server Component]

  Client Component SSR:
    ./app/(app)/timetable/page.tsx [Client Component SSR]
    ./app/(app)/timetable/page.tsx [Server Component] @ http://localhost:3000/_next/static/chunks/node_modules_next_dist_0u_w_5s._.js:1945
[    1400ms] [ERROR] ./app/(app)/timetable/page.tsx:245:21
Expected '</', got 'const'
  243 |                         ? cell.classes?.class_name || cell.class_name || cell.class_id
  244 |                         : cell.subjects?.subject_name || cell.subject_name || ''
> 245 |                     const sc = cell && subj ? subjectColor(subj as string) : null
      |                     ^^^^^
  246 |                     const isEmpty = !cell || !subj
  247 |
  248 |                     return (

Parsing ecmascript source code failed

Import traces:
  Client Component Browser:
    ./app/(app)/timetable/page.tsx [Client Component Browser]
    ./app/(app)/timetable/page.tsx [Server Component]

  Client Component SSR:
    ./app/(app)/timetable/page.tsx [Client Component SSR]
    ./app/(app)/timetable/page.tsx [Server Component] @ http://localhost:3000/_next/static/chunks/node_modules_next_dist_0u_w_5s._.js:1945
[    1439ms] [ERROR] ./app/(app)/timetable/page.tsx:245:21
Expected '</', got 'const'
  243 |                         ? cell.classes?.class_name || cell.class_name || cell.class_id
  244 |                         : cell.subjects?.subject_name || cell.subject_name || ''
> 245 |                     const sc = cell && subj ? subjectColor(subj as string) : null
      |                     ^^^^^
  246 |                     const isEmpty = !cell || !subj
  247 |
  248 |                     return (

Parsing ecmascript source code failed

Import traces:
  Client Component Browser:
    ./app/(app)/timetable/page.tsx [Client Component Browser]
    ./app/(app)/timetable/page.tsx [Server Component]

  Client Component SSR:
    ./app/(app)/timetable/page.tsx [Client Component SSR]
    ./app/(app)/timetable/page.tsx [Server Component] @ http://localhost:3000/_next/static/chunks/node_modules_next_dist_0u_w_5s._.js:1945
[    1478ms] [ERROR] ./app/(app)/timetable/page.tsx:245:21
Expected '</', got 'const'
  243 |                         ? cell.classes?.class_name || cell.class_name || cell.class_id
  244 |                         : cell.subjects?.subject_name || cell.subject_name || ''
> 245 |                     const sc = cell && subj ? subjectColor(subj as string) : null
      |                     ^^^^^
  246 |                     const isEmpty = !cell || !subj
  247 |
  248 |                     return (

Parsing ecmascript source code failed

Import traces:
  Client Component Browser:
    ./app/(app)/timetable/page.tsx [Client Component Browser]
    ./app/(app)/timetable/page.tsx [Server Component]

  Client Component SSR:
    ./app/(app)/timetable/page.tsx [Client Component SSR]
    ./app/(app)/timetable/page.tsx [Server Component] @ http://localhost:3000/_next/static/chunks/node_modules_next_dist_0u_w_5s._.js:1945
[    1526ms] [ERROR] ./app/(app)/timetable/page.tsx:245:21
Expected '</', got 'const'
  243 |                         ? cell.classes?.class_name || cell.class_name || cell.class_id
  244 |                         : cell.subjects?.subject_name || cell.subject_name || ''
> 245 |                     const sc = cell && subj ? subjectColor(subj as string) : null
      |                     ^^^^^
  246 |                     const isEmpty = !cell || !subj
  247 |
  248 |                     return (

Parsing ecmascript source code failed

Import traces:
  Client Component Browser:
    ./app/(app)/timetable/page.tsx [Client Component Browser]
    ./app/(app)/timetable/page.tsx [Server Component]

  Client Component SSR:
    ./app/(app)/timetable/page.tsx [Client Component SSR]
    ./app/(app)/timetable/page.tsx [Server Component] @ http://localhost:3000/_next/static/chunks/node_modules_next_dist_0u_w_5s._.js:1945
[    1566ms] [ERROR] ./app/(app)/timetable/page.tsx:245:21
Expected '</', got 'const'
  243 |                         ? cell.classes?.class_name || cell.class_name || cell.class_id
  244 |                         : cell.subjects?.subject_name || cell.subject_name || ''
> 245 |                     const sc = cell && subj ? subjectColor(subj as string) : null
      |                     ^^^^^
  246 |                     const isEmpty = !cell || !subj
  247 |
  248 |                     return (

Parsing ecmascript source code failed

Import traces:
  Client Component Browser:
    ./app/(app)/timetable/page.tsx [Client Component Browser]
    ./app/(app)/timetable/page.tsx [Server Component]

  Client Component SSR:
    ./app/(app)/timetable/page.tsx [Client Component SSR]
    ./app/(app)/timetable/page.tsx [Server Component] @ http://localhost:3000/_next/static/chunks/node_modules_next_dist_0u_w_5s._.js:1945
[    1604ms] [ERROR] ./app/(app)/timetable/page.tsx:245:21
Expected '</', got 'const'
  243 |                         ? cell.classes?.class_name || cell.class_name || cell.class_id
  244 |                         : cell.subjects?.subject_name || cell.subject_name || ''
> 245 |                     const sc = cell && subj ? subjectColor(subj as string) : null
      |                     ^^^^^
  246 |                     const isEmpty = !cell || !subj
  247 |
  248 |                     return (

Parsing ecmascript source code failed

Import traces:
  Client Component Browser:
    ./app/(app)/timetable/page.tsx [Client Component Browser]
    ./app/(app)/timetable/page.tsx [Server Component]

  Client Component SSR:
    ./app/(app)/timetable/page.tsx [Client Component SSR]
    ./app/(app)/timetable/page.tsx [Server Component] @ http://localhost:3000/_next/static/chunks/node_modules_next_dist_0u_w_5s._.js:1945
[    1647ms] [ERROR] ./app/(app)/timetable/page.tsx:245:21
Expected '</', got 'const'
  243 |                         ? cell.classes?.class_name || cell.class_name || cell.class_id
  244 |                         : cell.subjects?.subject_name || cell.subject_name || ''
> 245 |                     const sc = cell && subj ? subjectColor(subj as string) : null
      |                     ^^^^^
  246 |                     const isEmpty = !cell || !subj
  247 |
  248 |                     return (

Parsing ecmascript source code failed

Import traces:
  Client Component Browser:
    ./app/(app)/timetable/page.tsx [Client Component Browser]
    ./app/(app)/timetable/page.tsx [Server Component]

  Client Component SSR:
    ./app/(app)/timetable/page.tsx [Client Component SSR]
    ./app/(app)/timetable/page.tsx [Server Component] @ http://localhost:3000/_next/static/chunks/node_modules_next_dist_0u_w_5s._.js:1945
[    1697ms] [ERROR] ./app/(app)/timetable/page.tsx:245:21
Expected '</', got 'const'
  243 |                         ? cell.classes?.class_name || cell.class_name || cell.class_id
  244 |                         : cell.subjects?.subject_name || cell.subject_name || ''
> 245 |                     const sc = cell && subj ? subjectColor(subj as string) : null
      |                     ^^^^^
  246 |                     const isEmpty = !cell || !subj
  247 |
  248 |                     return (

Parsing ecmascript source code failed

Import traces:
  Client Component Browser:
    ./app/(app)/timetable/page.tsx [Client Component Browser]
    ./app/(app)/timetable/page.tsx [Server Component]

  Client Component SSR:
    ./app/(app)/timetable/page.tsx [Client Component SSR]
    ./app/(app)/timetable/page.tsx [Server Component] @ http://localhost:3000/_next/static/chunks/node_modules_next_dist_0u_w_5s._.js:1945
[    1737ms] [ERROR] ./app/(app)/timetable/page.tsx:245:21
Expected '</', got 'const'
  243 |                         ? cell.classes?.class_name || cell.class_name || cell.class_id
  244 |                         : cell.subjects?.subject_name || cell.subject_name || ''
> 245 |                     const sc = cell && subj ? subjectColor(subj as string) : null
      |                     ^^^^^
  246 |                     const isEmpty = !cell || !subj
  247 |
  248 |                     return (

Parsing ecmascript source code failed

Import traces:
  Client Component Browser:
    ./app/(app)/timetable/page.tsx [Client Component Browser]
    ./app/(app)/timetable/page.tsx [Server Component]

  Client Component SSR:
    ./app/(app)/timetable/page.tsx [Client Component SSR]
    ./app/(app)/timetable/page.tsx [Server Component] @ http://localhost:3000/_next/static/chunks/node_modules_next_dist_0u_w_5s._.js:1945
[    1800ms] [ERROR] ./app/(app)/timetable/page.tsx:245:21
Expected '</', got 'const'
  243 |                         ? cell.classes?.class_name || cell.class_name || cell.class_id
  244 |                         : cell.subjects?.subject_name || cell.subject_name || ''
> 245 |                     const sc = cell && subj ? subjectColor(subj as string) : null
      |                     ^^^^^
  246 |                     const isEmpty = !cell || !subj
  247 |
  248 |                     return (

Parsing ecmascript source code failed

Import traces:
  Client Component Browser:
    ./app/(app)/timetable/page.tsx [Client Component Browser]
    ./app/(app)/timetable/page.tsx [Server Component]

  Client Component SSR:
    ./app/(app)/timetable/page.tsx [Client Component SSR]
    ./app/(app)/timetable/page.tsx [Server Component] @ http://localhost:3000/_next/static/chunks/node_modules_next_dist_0u_w_5s._.js:1945
[    1862ms] [ERROR] ./app/(app)/timetable/page.tsx:245:21
Expected '</', got 'const'
  243 |                         ? cell.classes?.class_name || cell.class_name || cell.class_id
  244 |                         : cell.subjects?.subject_name || cell.subject_name || ''
> 245 |                     const sc = cell && subj ? subjectColor(subj as string) : null
      |                     ^^^^^
  246 |                     const isEmpty = !cell || !subj
  247 |
  248 |                     return (

Parsing ecmascript source code failed

Import traces:
  Client Component Browser:
    ./app/(app)/timetable/page.tsx [Client Component Browser]
    ./app/(app)/timetable/page.tsx [Server Component]

  Client Component SSR:
    ./app/(app)/timetable/page.tsx [Client Component SSR]
    ./app/(app)/timetable/page.tsx [Server Component] @ http://localhost:3000/_next/static/chunks/node_modules_next_dist_0u_w_5s._.js:1945
[    1920ms] [ERROR] ./app/(app)/timetable/page.tsx:245:21
Expected '</', got 'const'
  243 |                         ? cell.classes?.class_name || cell.class_name || cell.class_id
  244 |                         : cell.subjects?.subject_name || cell.subject_name || ''
> 245 |                     const sc = cell && subj ? subjectColor(subj as string) : null
      |                     ^^^^^
  246 |                     const isEmpty = !cell || !subj
  247 |
  248 |                     return (

Parsing ecmascript source code failed

Import traces:
  Client Component Browser:
    ./app/(app)/timetable/page.tsx [Client Component Browser]
    ./app/(app)/timetable/page.tsx [Server Component]

  Client Component SSR:
    ./app/(app)/timetable/page.tsx [Client Component SSR]
    ./app/(app)/timetable/page.tsx [Server Component] @ http://localhost:3000/_next/static/chunks/node_modules_next_dist_0u_w_5s._.js:1945
[    1970ms] [ERROR] ./app/(app)/timetable/page.tsx:245:21
Expected '</', got 'const'
  243 |                         ? cell.classes?.class_name || cell.class_name || cell.class_id
  244 |                         : cell.subjects?.subject_name || cell.subject_name || ''
> 245 |                     const sc = cell && subj ? subjectColor(subj as string) : null
      |                     ^^^^^
  246 |                     const isEmpty = !cell || !subj
  247 |
  248 |                     return (

Parsing ecmascript source code failed

Import traces:
  Client Component Browser:
    ./app/(app)/timetable/page.tsx [Client Component Browser]
    ./app/(app)/timetable/page.tsx [Server Component]

  Client Component SSR:
    ./app/(app)/timetable/page.tsx [Client Component SSR]
    ./app/(app)/timetable/page.tsx [Server Component] @ http://localhost:3000/_next/static/chunks/node_modules_next_dist_0u_w_5s._.js:1945
[    2020ms] [ERROR] ./app/(app)/timetable/page.tsx:245:21
Expected '</', got 'const'
  243 |                         ? cell.classes?.class_name || cell.class_name || cell.class_id
  244 |                         : cell.subjects?.subject_name || cell.subject_name || ''
> 245 |                     const sc = cell && subj ? subjectColor(subj as string) : null
      |                     ^^^^^
  246 |                     const isEmpty = !cell || !subj
  247 |
  248 |                     return (

Parsing ecmascript source code failed

Import traces:
  Client Component Browser:
    ./app/(app)/timetable/page.tsx [Client Component Browser]
    ./app/(app)/timetable/page.tsx [Server Component]

  Client Component SSR:
    ./app/(app)/timetable/page.tsx [Client Component SSR]
    ./app/(app)/timetable/page.tsx [Server Component] @ http://localhost:3000/_next/static/chunks/node_modules_next_dist_0u_w_5s._.js:1945
[    2083ms] [ERROR] ./app/(app)/timetable/page.tsx:245:21
Expected '</', got 'const'
  243 |                         ? cell.classes?.class_name || cell.class_name || cell.class_id
  244 |                         : cell.subjects?.subject_name || cell.subject_name || ''
> 245 |                     const sc = cell && subj ? subjectColor(subj as string) : null
      |                     ^^^^^
  246 |                     const isEmpty = !cell || !subj
  247 |
  248 |                     return (

Parsing ecmascript source code failed

Import traces:
  Client Component Browser:
    ./app/(app)/timetable/page.tsx [Client Component Browser]
    ./app/(app)/timetable/page.tsx [Server Component]

  Client Component SSR:
    ./app/(app)/timetable/page.tsx [Client Component SSR]
    ./app/(app)/timetable/page.tsx [Server Component] @ http://localhost:3000/_next/static/chunks/node_modules_next_dist_0u_w_5s._.js:1945
[    2143ms] [ERROR] ./app/(app)/timetable/page.tsx:245:21
Expected '</', got 'const'
  243 |                         ? cell.classes?.class_name || cell.class_name || cell.class_id
  244 |                         : cell.subjects?.subject_name || cell.subject_name || ''
> 245 |                     const sc = cell && subj ? subjectColor(subj as string) : null
      |                     ^^^^^
  246 |                     const isEmpty = !cell || !subj
  247 |
  248 |                     return (

Parsing ecmascript source code failed

Import traces:
  Client Component Browser:
    ./app/(app)/timetable/page.tsx [Client Component Browser]
    ./app/(app)/timetable/page.tsx [Server Component]

  Client Component SSR:
    ./app/(app)/timetable/page.tsx [Client Component SSR]
    ./app/(app)/timetable/page.tsx [Server Component] @ http://localhost:3000/_next/static/chunks/node_modules_next_dist_0u_w_5s._.js:1945
[    2208ms] [ERROR] ./app/(app)/timetable/page.tsx:245:21
Expected '</', got 'const'
  243 |                         ? cell.classes?.class_name || cell.class_name || cell.class_id
  244 |                         : cell.subjects?.subject_name || cell.subject_name || ''
> 245 |                     const sc = cell && subj ? subjectColor(subj as string) : null
      |                     ^^^^^
  246 |                     const isEmpty = !cell || !subj
  247 |
  248 |                     return (

Parsing ecmascript source code failed

Import traces:
  Client Component Browser:
    ./app/(app)/timetable/page.tsx [Client Component Browser]
    ./app/(app)/timetable/page.tsx [Server Component]

  Client Component SSR:
    ./app/(app)/timetable/page.tsx [Client Component SSR]
    ./app/(app)/timetable/page.tsx [Server Component] @ http://localhost:3000/_next/static/chunks/node_modules_next_dist_0u_w_5s._.js:1945
[    2270ms] [ERROR] ./app/(app)/timetable/page.tsx:245:21
Expected '</', got 'const'
  243 |                         ? cell.classes?.class_name || cell.class_name || cell.class_id
  244 |                         : cell.subjects?.subject_name || cell.subject_name || ''
> 245 |                     const sc = cell && subj ? subjectColor(subj as string) : null
      |                     ^^^^^
  246 |                     const isEmpty = !cell || !subj
  247 |
  248 |                     return (

Parsing ecmascript source code failed

Import traces:
  Client Component Browser:
    ./app/(app)/timetable/page.tsx [Client Component Browser]
    ./app/(app)/timetable/page.tsx [Server Component]

  Client Component SSR:
    ./app/(app)/timetable/page.tsx [Client Component SSR]
    ./app/(app)/timetable/page.tsx [Server Component] @ http://localhost:3000/_next/static/chunks/node_modules_next_dist_0u_w_5s._.js:1945
[    2328ms] [ERROR] ./app/(app)/timetable/page.tsx:245:21
Expected '</', got 'const'
  243 |                         ? cell.classes?.class_name || cell.class_name || cell.class_id
  244 |                         : cell.subjects?.subject_name || cell.subject_name || ''
> 245 |                     const sc = cell && subj ? subjectColor(subj as string) : null
      |                     ^^^^^
  246 |                     const isEmpty = !cell || !subj
  247 |
  248 |                     return (

Parsing ecmascript source code failed

Import traces:
  Client Component Browser:
    ./app/(app)/timetable/page.tsx [Client Component Browser]
    ./app/(app)/timetable/page.tsx [Server Component]

  Client Component SSR:
    ./app/(app)/timetable/page.tsx [Client Component SSR]
    ./app/(app)/timetable/page.tsx [Server Component] @ http://localhost:3000/_next/static/chunks/node_modules_next_dist_0u_w_5s._.js:1945
[    2391ms] [ERROR] ./app/(app)/timetable/page.tsx:245:21
Expected '</', got 'const'
  243 |                         ? cell.classes?.class_name || cell.class_name || cell.class_id
  244 |                         : cell.subjects?.subject_name || cell.subject_name || ''
> 245 |                     const sc = cell && subj ? subjectColor(subj as string) : null
      |                     ^^^^^
  246 |                     const isEmpty = !cell || !subj
  247 |
  248 |                     return (

Parsing ecmascript source code failed

Import traces:
  Client Component Browser:
    ./app/(app)/timetable/page.tsx [Client Component Browser]
    ./app/(app)/timetable/page.tsx [Server Component]

  Client Component SSR:
    ./app/(app)/timetable/page.tsx [Client Component SSR]
    ./app/(app)/timetable/page.tsx [Server Component] @ http://localhost:3000/_next/static/chunks/node_modules_next_dist_0u_w_5s._.js:1945
[    2454ms] [ERROR] ./app/(app)/timetable/page.tsx:245:21
Expected '</', got 'const'
  243 |                         ? cell.classes?.class_name || cell.class_name || cell.class_id
  244 |                         : cell.subjects?.subject_name || cell.subject_name || ''
> 245 |                     const sc = cell && subj ? subjectColor(subj as string) : null
      |                     ^^^^^
  246 |                     const isEmpty = !cell || !subj
  247 |
  248 |                     return (

Parsing ecmascript source code failed

Import traces:
  Client Component Browser:
    ./app/(app)/timetable/page.tsx [Client Component Browser]
    ./app/(app)/timetable/page.tsx [Server Component]

  Client Component SSR:
    ./app/(app)/timetable/page.tsx [Client Component SSR]
    ./app/(app)/timetable/page.tsx [Server Component] @ http://localhost:3000/_next/static/chunks/node_modules_next_dist_0u_w_5s._.js:1945
[    2516ms] [ERROR] ./app/(app)/timetable/page.tsx:245:21
Expected '</', got 'const'
  243 |                         ? cell.classes?.class_name || cell.class_name || cell.class_id
  244 |                         : cell.subjects?.subject_name || cell.subject_name || ''
> 245 |                     const sc = cell && subj ? subjectColor(subj as string) : null
      |                     ^^^^^
  246 |                     const isEmpty = !cell || !subj
  247 |
  248 |                     return (

Parsing ecmascript source code failed

Import traces:
  Client Component Browser:
    ./app/(app)/timetable/page.tsx [Client Component Browser]
    ./app/(app)/timetable/page.tsx [Server Component]

  Client Component SSR:
    ./app/(app)/timetable/page.tsx [Client Component SSR]
    ./app/(app)/timetable/page.tsx [Server Component] @ http://localhost:3000/_next/static/chunks/node_modules_next_dist_0u_w_5s._.js:1945
[    2570ms] [ERROR] ./app/(app)/timetable/page.tsx:245:21
Expected '</', got 'const'
  243 |                         ? cell.classes?.class_name || cell.class_name || cell.class_id
  244 |                         : cell.subjects?.subject_name || cell.subject_name || ''
> 245 |                     const sc = cell && subj ? subjectColor(subj as string) : null
      |                     ^^^^^
  246 |                     const isEmpty = !cell || !subj
  247 |
  248 |                     return (

Parsing ecmascript source code failed

Import traces:
  Client Component Browser:
    ./app/(app)/timetable/page.tsx [Client Component Browser]
    ./app/(app)/timetable/page.tsx [Server Component]

  Client Component SSR:
    ./app/(app)/timetable/page.tsx [Client Component SSR]
    ./app/(app)/timetable/page.tsx [Server Component] @ http://localhost:3000/_next/static/chunks/node_modules_next_dist_0u_w_5s._.js:1945
[    2630ms] [ERROR] ./app/(app)/timetable/page.tsx:245:21
Expected '</', got 'const'
  243 |                         ? cell.classes?.class_name || cell.class_name || cell.class_id
  244 |                         : cell.subjects?.subject_name || cell.subject_name || ''
> 245 |                     const sc = cell && subj ? subjectColor(subj as string) : null
      |                     ^^^^^
  246 |                     const isEmpty = !cell || !subj
  247 |
  248 |                     return (

Parsing ecmascript source code failed

Import traces:
  Client Component Browser:
    ./app/(app)/timetable/page.tsx [Client Component Browser]
    ./app/(app)/timetable/page.tsx [Server Component]

  Client Component SSR:
    ./app/(app)/timetable/page.tsx [Client Component SSR]
    ./app/(app)/timetable/page.tsx [Server Component] @ http://localhost:3000/_next/static/chunks/node_modules_next_dist_0u_w_5s._.js:1945
[    2690ms] [ERROR] ./app/(app)/timetable/page.tsx:245:21
Expected '</', got 'const'
  243 |                         ? cell.classes?.class_name || cell.class_name || cell.class_id
  244 |                         : cell.subjects?.subject_name || cell.subject_name || ''
> 245 |                     const sc = cell && subj ? subjectColor(subj as string) : null
      |                     ^^^^^
  246 |                     const isEmpty = !cell || !subj
  247 |
  248 |                     return (

Parsing ecmascript source code failed

Import traces:
  Client Component Browser:
    ./app/(app)/timetable/page.tsx [Client Component Browser]
    ./app/(app)/timetable/page.tsx [Server Component]

  Client Component SSR:
    ./app/(app)/timetable/page.tsx [Client Component SSR]
    ./app/(app)/timetable/page.tsx [Server Component] @ http://localhost:3000/_next/static/chunks/node_modules_next_dist_0u_w_5s._.js:1945
[    2752ms] [ERROR] ./app/(app)/timetable/page.tsx:245:21
Expected '</', got 'const'
  243 |                         ? cell.classes?.class_name || cell.class_name || cell.class_id
  244 |                         : cell.subjects?.subject_name || cell.subject_name || ''
> 245 |                     const sc = cell && subj ? subjectColor(subj as string) : null
      |                     ^^^^^
  246 |                     const isEmpty = !cell || !subj
  247 |
  248 |                     return (

Parsing ecmascript source code failed

Import traces:
  Client Component Browser:
    ./app/(app)/timetable/page.tsx [Client Component Browser]
    ./app/(app)/timetable/page.tsx [Server Component]

  Client Component SSR:
    ./app/(app)/timetable/page.tsx [Client Component SSR]
    ./app/(app)/timetable/page.tsx [Server Component] @ http://localhost:3000/_next/static/chunks/node_modules_next_dist_0u_w_5s._.js:1945
[    2813ms] [ERROR] ./app/(app)/timetable/page.tsx:245:21
Expected '</', got 'const'
  243 |                         ? cell.classes?.class_name || cell.class_name || cell.class_id
  244 |                         : cell.subjects?.subject_name || cell.subject_name || ''
> 245 |                     const sc = cell && subj ? subjectColor(subj as string) : null
      |                     ^^^^^
  246 |                     const isEmpty = !cell || !subj
  247 |
  248 |                     return (

Parsing ecmascript source code failed

Import traces:
  Client Component Browser:
    ./app/(app)/timetable/page.tsx [Client Component Browser]
    ./app/(app)/timetable/page.tsx [Server Component]

  Client Component SSR:
    ./app/(app)/timetable/page.tsx [Client Component SSR]
    ./app/(app)/timetable/page.tsx [Server Component] @ http://localhost:3000/_next/static/chunks/node_modules_next_dist_0u_w_5s._.js:1945
[    2876ms] [ERROR] ./app/(app)/timetable/page.tsx:245:21
Expected '</', got 'const'
  243 |                         ? cell.classes?.class_name || cell.class_name || cell.class_id
  244 |                         : cell.subjects?.subject_name || cell.subject_name || ''
> 245 |                     const sc = cell && subj ? subjectColor(subj as string) : null
      |                     ^^^^^
  246 |                     const isEmpty = !cell || !subj
  247 |
  248 |                     return (

Parsing ecmascript source code failed

Import traces:
  Client Component Browser:
    ./app/(app)/timetable/page.tsx [Client Component Browser]
    ./app/(app)/timetable/page.tsx [Server Component]

  Client Component SSR:
    ./app/(app)/timetable/page.tsx [Client Component SSR]
    ./app/(app)/timetable/page.tsx [Server Component] @ http://localhost:3000/_next/static/chunks/node_modules_next_dist_0u_w_5s._.js:1945
[    2930ms] [ERROR] ./app/(app)/timetable/page.tsx:245:21
Expected '</', got 'const'
  243 |                         ? cell.classes?.class_name || cell.class_name || cell.class_id
  244 |                         : cell.subjects?.subject_name || cell.subject_name || ''
> 245 |                     const sc = cell && subj ? subjectColor(subj as string) : null
      |                     ^^^^^
  246 |                     const isEmpty = !cell || !subj
  247 |
  248 |                     return (

Parsing ecmascript source code failed

Import traces:
  Client Component Browser:
    ./app/(app)/timetable/page.tsx [Client Component Browser]
    ./app/(app)/timetable/page.tsx [Server Component]

  Client Component SSR:
    ./app/(app)/timetable/page.tsx [Client Component SSR]
    ./app/(app)/timetable/page.tsx [Server Component] @ http://localhost:3000/_next/static/chunks/node_modules_next_dist_0u_w_5s._.js:1945
[    2991ms] [ERROR] ./app/(app)/timetable/page.tsx:245:21
Expected '</', got 'const'
  243 |                         ? cell.classes?.class_name || cell.class_name || cell.class_id
  244 |                         : cell.subjects?.subject_name || cell.subject_name || ''
> 245 |                     const sc = cell && subj ? subjectColor(subj as string) : null
      |                     ^^^^^
  246 |                     const isEmpty = !cell || !subj
  247 |
  248 |                     return (

Parsing ecmascript source code failed

Import traces:
  Client Component Browser:
    ./app/(app)/timetable/page.tsx [Client Component Browser]
    ./app/(app)/timetable/page.tsx [Server Component]

  Client Component SSR:
    ./app/(app)/timetable/page.tsx [Client Component SSR]
    ./app/(app)/timetable/page.tsx [Server Component] @ http://localhost:3000/_next/static/chunks/node_modules_next_dist_0u_w_5s._.js:1945
[    3116ms] [LOG] [Fast Refresh] rebuilding @ http://localhost:3000/_next/static/chunks/node_modules_next_dist_0u_w_5s._.js:1226
[    3166ms] [ERROR] ./app/(app)/timetable/page.tsx:245:21
Expected '</', got 'const'
  243 |                         ? cell.classes?.class_name || cell.class_name || cell.class_id
  244 |                         : cell.subjects?.subject_name || cell.subject_name || ''
> 245 |                     const sc = cell && subj ? subjectColor(subj as string) : null
      |                     ^^^^^
  246 |                     const isEmpty = !cell || !subj
  247 |
  248 |                     return (

Parsing ecmascript source code failed

Import traces:
  Client Component Browser:
    ./app/(app)/timetable/page.tsx [Client Component Browser]
    ./app/(app)/timetable/page.tsx [Server Component]

  Client Component SSR:
    ./app/(app)/timetable/page.tsx [Client Component SSR]
    ./app/(app)/timetable/page.tsx [Server Component] @ http://localhost:3000/_next/static/chunks/node_modules_next_dist_0u_w_5s._.js:1945
[    3167ms] [ERROR] ./app/(app)/timetable/page.tsx:245:21
Expected '</', got 'const'
  243 |                         ? cell.classes?.class_name || cell.class_name || cell.class_id
  244 |                         : cell.subjects?.subject_name || cell.subject_name || ''
> 245 |                     const sc = cell && subj ? subjectColor(subj as string) : null
      |                     ^^^^^
  246 |                     const isEmpty = !cell || !subj
  247 |
  248 |                     return (

Parsing ecmascript source code failed

Import traces:
  Client Component Browser:
    ./app/(app)/timetable/page.tsx [Client Component Browser]
    ./app/(app)/timetable/page.tsx [Server Component]

  Client Component SSR:
    ./app/(app)/timetable/page.tsx [Client Component SSR]
    ./app/(app)/timetable/page.tsx [Server Component] @ http://localhost:3000/_next/static/chunks/node_modules_next_dist_0u_w_5s._.js:1945
[    3207ms] [ERROR] ./app/(app)/timetable/page.tsx:245:21
Expected '</', got 'const'
  243 |                         ? cell.classes?.class_name || cell.class_name || cell.class_id
  244 |                         : cell.subjects?.subject_name || cell.subject_name || ''
> 245 |                     const sc = cell && subj ? subjectColor(subj as string) : null
      |                     ^^^^^
  246 |                     const isEmpty = !cell || !subj
  247 |
  248 |                     return (

Parsing ecmascript source code failed

Import traces:
  Client Component Browser:
    ./app/(app)/timetable/page.tsx [Client Component Browser]
    ./app/(app)/timetable/page.tsx [Server Component]

  Client Component SSR:
    ./app/(app)/timetable/page.tsx [Client Component SSR]
    ./app/(app)/timetable/page.tsx [Server Component] @ http://localhost:3000/_next/static/chunks/node_modules_next_dist_0u_w_5s._.js:1945
[    3249ms] [ERROR] ./app/(app)/timetable/page.tsx:245:21
Expected '</', got 'const'
  243 |                         ? cell.classes?.class_name || cell.class_name || cell.class_id
  244 |                         : cell.subjects?.subject_name || cell.subject_name || ''
> 245 |                     const sc = cell && subj ? subjectColor(subj as string) : null
      |                     ^^^^^
  246 |                     const isEmpty = !cell || !subj
  247 |
  248 |                     return (

Parsing ecmascript source code failed

Import traces:
  Client Component Browser:
    ./app/(app)/timetable/page.tsx [Client Component Browser]
    ./app/(app)/timetable/page.tsx [Server Component]

  Client Component SSR:
    ./app/(app)/timetable/page.tsx [Client Component SSR]
    ./app/(app)/timetable/page.tsx [Server Component] @ http://localhost:3000/_next/static/chunks/node_modules_next_dist_0u_w_5s._.js:1945
[    3293ms] [ERROR] ./app/(app)/timetable/page.tsx:245:21
Expected '</', got 'const'
  243 |                         ? cell.classes?.class_name || cell.class_name || cell.class_id
  244 |                         : cell.subjects?.subject_name || cell.subject_name || ''
> 245 |                     const sc = cell && subj ? subjectColor(subj as string) : null
      |                     ^^^^^
  246 |                     const isEmpty = !cell || !subj
  247 |
  248 |                     return (

Parsing ecmascript source code failed

Import traces:
  Client Component Browser:
    ./app/(app)/timetable/page.tsx [Client Component Browser]
    ./app/(app)/timetable/page.tsx [Server Component]

  Client Component SSR:
    ./app/(app)/timetable/page.tsx [Client Component SSR]
    ./app/(app)/timetable/page.tsx [Server Component] @ http://localhost:3000/_next/static/chunks/node_modules_next_dist_0u_w_5s._.js:1945
[    3355ms] [ERROR] ./app/(app)/timetable/page.tsx:245:21
Expected '</', got 'const'
  243 |                         ? cell.classes?.class_name || cell.class_name || cell.class_id
  244 |                         : cell.subjects?.subject_name || cell.subject_name || ''
> 245 |                     const sc = cell && subj ? subjectColor(subj as string) : null
      |                     ^^^^^
  246 |                     const isEmpty = !cell || !subj
  247 |
  248 |                     return (

Parsing ecmascript source code failed

Import traces:
  Client Component Browser:
    ./app/(app)/timetable/page.tsx [Client Component Browser]
    ./app/(app)/timetable/page.tsx [Server Component]

  Client Component SSR:
    ./app/(app)/timetable/page.tsx [Client Component SSR]
    ./app/(app)/timetable/page.tsx [Server Component] @ http://localhost:3000/_next/static/chunks/node_modules_next_dist_0u_w_5s._.js:1945
[    3417ms] [ERROR] ./app/(app)/timetable/page.tsx:245:21
Expected '</', got 'const'
  243 |                         ? cell.classes?.class_name || cell.class_name || cell.class_id
  244 |                         : cell.subjects?.subject_name || cell.subject_name || ''
> 245 |                     const sc = cell && subj ? subjectColor(subj as string) : null
      |                     ^^^^^
  246 |                     const isEmpty = !cell || !subj
  247 |
  248 |                     return (

Parsing ecmascript source code failed

Import traces:
  Client Component Browser:
    ./app/(app)/timetable/page.tsx [Client Component Browser]
    ./app/(app)/timetable/page.tsx [Server Component]

  Client Component SSR:
    ./app/(app)/timetable/page.tsx [Client Component SSR]
    ./app/(app)/timetable/page.tsx [Server Component] @ http://localhost:3000/_next/static/chunks/node_modules_next_dist_0u_w_5s._.js:1945
[    3466ms] [ERROR] ./app/(app)/timetable/page.tsx:245:21
Expected '</', got 'const'
  243 |                         ? cell.classes?.class_name || cell.class_name || cell.class_id
  244 |                         : cell.subjects?.subject_name || cell.subject_name || ''
> 245 |                     const sc = cell && subj ? subjectColor(subj as string) : null
      |                     ^^^^^
  246 |                     const isEmpty = !cell || !subj
  247 |
  248 |                     return (

Parsing ecmascript source code failed

Import traces:
  Client Component Browser:
    ./app/(app)/timetable/page.tsx [Client Component Browser]
    ./app/(app)/timetable/page.tsx [Server Component]

  Client Component SSR:
    ./app/(app)/timetable/page.tsx [Client Component SSR]
    ./app/(app)/timetable/page.tsx [Server Component] @ http://localhost:3000/_next/static/chunks/node_modules_next_dist_0u_w_5s._.js:1945
[    3506ms] [ERROR] ./app/(app)/timetable/page.tsx:245:21
Expected '</', got 'const'
  243 |                         ? cell.classes?.class_name || cell.class_name || cell.class_id
  244 |                         : cell.subjects?.subject_name || cell.subject_name || ''
> 245 |                     const sc = cell && subj ? subjectColor(subj as string) : null
      |                     ^^^^^
  246 |                     const isEmpty = !cell || !subj
  247 |
  248 |                     return (

Parsing ecmascript source code failed

Import traces:
  Client Component Browser:
    ./app/(app)/timetable/page.tsx [Client Component Browser]
    ./app/(app)/timetable/page.tsx [Server Component]

  Client Component SSR:
    ./app/(app)/timetable/page.tsx [Client Component SSR]
    ./app/(app)/timetable/page.tsx [Server Component] @ http://localhost:3000/_next/static/chunks/node_modules_next_dist_0u_w_5s._.js:1945
[    3557ms] [ERROR] ./app/(app)/timetable/page.tsx:245:21
Expected '</', got 'const'
  243 |                         ? cell.classes?.class_name || cell.class_name || cell.class_id
  244 |                         : cell.subjects?.subject_name || cell.subject_name || ''
> 245 |                     const sc = cell && subj ? subjectColor(subj as string) : null
      |                     ^^^^^
  246 |                     const isEmpty = !cell || !subj
  247 |
  248 |                     return (

Parsing ecmascript source code failed

Import traces:
  Client Component Browser:
    ./app/(app)/timetable/page.tsx [Client Component Browser]
    ./app/(app)/timetable/page.tsx [Server Component]

  Client Component SSR:
    ./app/(app)/timetable/page.tsx [Client Component SSR]
    ./app/(app)/timetable/page.tsx [Server Component] @ http://localhost:3000/_next/static/chunks/node_modules_next_dist_0u_w_5s._.js:1945
[    3627ms] [ERROR] ./app/(app)/timetable/page.tsx:245:21
Expected '</', got 'const'
  243 |                         ? cell.classes?.class_name || cell.class_name || cell.class_id
  244 |                         : cell.subjects?.subject_name || cell.subject_name || ''
> 245 |                     const sc = cell && subj ? subjectColor(subj as string) : null
      |                     ^^^^^
  246 |                     const isEmpty = !cell || !subj
  247 |
  248 |                     return (

Parsing ecmascript source code failed

Import traces:
  Client Component Browser:
    ./app/(app)/timetable/page.tsx [Client Component Browser]
    ./app/(app)/timetable/page.tsx [Server Component]

  Client Component SSR:
    ./app/(app)/timetable/page.tsx [Client Component SSR]
    ./app/(app)/timetable/page.tsx [Server Component] @ http://localhost:3000/_next/static/chunks/node_modules_next_dist_0u_w_5s._.js:1945
[    3690ms] [ERROR] ./app/(app)/timetable/page.tsx:245:21
Expected '</', got 'const'
  243 |                         ? cell.classes?.class_name || cell.class_name || cell.class_id
  244 |                         : cell.subjects?.subject_name || cell.subject_name || ''
> 245 |                     const sc = cell && subj ? subjectColor(subj as string) : null
      |                     ^^^^^
  246 |                     const isEmpty = !cell || !subj
  247 |
  248 |                     return (

Parsing ecmascript source code failed

Import traces:
  Client Component Browser:
    ./app/(app)/timetable/page.tsx [Client Component Browser]
    ./app/(app)/timetable/page.tsx [Server Component]

  Client Component SSR:
    ./app/(app)/timetable/page.tsx [Client Component SSR]
    ./app/(app)/timetable/page.tsx [Server Component] @ http://localhost:3000/_next/static/chunks/node_modules_next_dist_0u_w_5s._.js:1945
[    3746ms] [ERROR] ./app/(app)/timetable/page.tsx:245:21
Expected '</', got 'const'
  243 |                         ? cell.classes?.class_name || cell.class_name || cell.class_id
  244 |                         : cell.subjects?.subject_name || cell.subject_name || ''
> 245 |                     const sc = cell && subj ? subjectColor(subj as string) : null
      |                     ^^^^^
  246 |                     const isEmpty = !cell || !subj
  247 |
  248 |                     return (

Parsing ecmascript source code failed

Import traces:
  Client Component Browser:
    ./app/(app)/timetable/page.tsx [Client Component Browser]
    ./app/(app)/timetable/page.tsx [Server Component]

  Client Component SSR:
    ./app/(app)/timetable/page.tsx [Client Component SSR]
    ./app/(app)/timetable/page.tsx [Server Component] @ http://localhost:3000/_next/static/chunks/node_modules_next_dist_0u_w_5s._.js:1945
[    3807ms] [ERROR] ./app/(app)/timetable/page.tsx:245:21
Expected '</', got 'const'
  243 |                         ? cell.classes?.class_name || cell.class_name || cell.class_id
  244 |                         : cell.subjects?.subject_name || cell.subject_name || ''
> 245 |                     const sc = cell && subj ? subjectColor(subj as string) : null
      |                     ^^^^^
  246 |                     const isEmpty = !cell || !subj
  247 |
  248 |                     return (

Parsing ecmascript source code failed

Import traces:
  Client Component Browser:
    ./app/(app)/timetable/page.tsx [Client Component Browser]
    ./app/(app)/timetable/page.tsx [Server Component]

  Client Component SSR:
    ./app/(app)/timetable/page.tsx [Client Component SSR]
    ./app/(app)/timetable/page.tsx [Server Component] @ http://localhost:3000/_next/static/chunks/node_modules_next_dist_0u_w_5s._.js:1945
[    3861ms] [ERROR] ./app/(app)/timetable/page.tsx:245:21
Expected '</', got 'const'
  243 |                         ? cell.classes?.class_name || cell.class_name || cell.class_id
  244 |                         : cell.subjects?.subject_name || cell.subject_name || ''
> 245 |                     const sc = cell && subj ? subjectColor(subj as string) : null
      |                     ^^^^^
  246 |                     const isEmpty = !cell || !subj
  247 |
  248 |                     return (

Parsing ecmascript source code failed

Import traces:
  Client Component Browser:
    ./app/(app)/timetable/page.tsx [Client Component Browser]
    ./app/(app)/timetable/page.tsx [Server Component]

  Client Component SSR:
    ./app/(app)/timetable/page.tsx [Client Component SSR]
    ./app/(app)/timetable/page.tsx [Server Component] @ http://localhost:3000/_next/static/chunks/node_modules_next_dist_0u_w_5s._.js:1945
[    3916ms] [ERROR] ./app/(app)/timetable/page.tsx:245:21
Expected '</', got 'const'
  243 |                         ? cell.classes?.class_name || cell.class_name || cell.class_id
  244 |                         : cell.subjects?.subject_name || cell.subject_name || ''
> 245 |                     const sc = cell && subj ? subjectColor(subj as string) : null
      |                     ^^^^^
  246 |                     const isEmpty = !cell || !subj
  247 |
  248 |                     return (

Parsing ecmascript source code failed

Import traces:
  Client Component Browser:
    ./app/(app)/timetable/page.tsx [Client Component Browser]
    ./app/(app)/timetable/page.tsx [Server Component]

  Client Component SSR:
    ./app/(app)/timetable/page.tsx [Client Component SSR]
    ./app/(app)/timetable/page.tsx [Server Component] @ http://localhost:3000/_next/static/chunks/node_modules_next_dist_0u_w_5s._.js:1945
[    3978ms] [ERROR] ./app/(app)/timetable/page.tsx:245:21
Expected '</', got 'const'
  243 |                         ? cell.classes?.class_name || cell.class_name || cell.class_id
  244 |                         : cell.subjects?.subject_name || cell.subject_name || ''
> 245 |                     const sc = cell && subj ? subjectColor(subj as string) : null
      |                     ^^^^^
  246 |                     const isEmpty = !cell || !subj
  247 |
  248 |                     return (

Parsing ecmascript source code failed

Import traces:
  Client Component Browser:
    ./app/(app)/timetable/page.tsx [Client Component Browser]
    ./app/(app)/timetable/page.tsx [Server Component]

  Client Component SSR:
    ./app/(app)/timetable/page.tsx [Client Component SSR]
    ./app/(app)/timetable/page.tsx [Server Component] @ http://localhost:3000/_next/static/chunks/node_modules_next_dist_0u_w_5s._.js:1945
[    4039ms] [ERROR] ./app/(app)/timetable/page.tsx:245:21
Expected '</', got 'const'
  243 |                         ? cell.classes?.class_name || cell.class_name || cell.class_id
  244 |                         : cell.subjects?.subject_name || cell.subject_name || ''
> 245 |                     const sc = cell && subj ? subjectColor(subj as string) : null
      |                     ^^^^^
  246 |                     const isEmpty = !cell || !subj
  247 |
  248 |                     return (

Parsing ecmascript source code failed

Import traces:
  Client Component Browser:
    ./app/(app)/timetable/page.tsx [Client Component Browser]
    ./app/(app)/timetable/page.tsx [Server Component]

  Client Component SSR:
    ./app/(app)/timetable/page.tsx [Client Component SSR]
    ./app/(app)/timetable/page.tsx [Server Component] @ http://localhost:3000/_next/static/chunks/node_modules_next_dist_0u_w_5s._.js:1945
[    4101ms] [ERROR] ./app/(app)/timetable/page.tsx:245:21
Expected '</', got 'const'
  243 |                         ? cell.classes?.class_name || cell.class_name || cell.class_id
  244 |                         : cell.subjects?.subject_name || cell.subject_name || ''
> 245 |                     const sc = cell && subj ? subjectColor(subj as string) : null
      |                     ^^^^^
  246 |                     const isEmpty = !cell || !subj
  247 |
  248 |                     return (

Parsing ecmascript source code failed

Import traces:
  Client Component Browser:
    ./app/(app)/timetable/page.tsx [Client Component Browser]
    ./app/(app)/timetable/page.tsx [Server Component]

  Client Component SSR:
    ./app/(app)/timetable/page.tsx [Client Component SSR]
    ./app/(app)/timetable/page.tsx [Server Component] @ http://localhost:3000/_next/static/chunks/node_modules_next_dist_0u_w_5s._.js:1945
[    4162ms] [ERROR] ./app/(app)/timetable/page.tsx:245:21
Expected '</', got 'const'
  243 |                         ? cell.classes?.class_name || cell.class_name || cell.class_id
  244 |                         : cell.subjects?.subject_name || cell.subject_name || ''
> 245 |                     const sc = cell && subj ? subjectColor(subj as string) : null
      |                     ^^^^^
  246 |                     const isEmpty = !cell || !subj
  247 |
  248 |                     return (

Parsing ecmascript source code failed

Import traces:
  Client Component Browser:
    ./app/(app)/timetable/page.tsx [Client Component Browser]
    ./app/(app)/timetable/page.tsx [Server Component]

  Client Component SSR:
    ./app/(app)/timetable/page.tsx [Client Component SSR]
    ./app/(app)/timetable/page.tsx [Server Component] @ http://localhost:3000/_next/static/chunks/node_modules_next_dist_0u_w_5s._.js:1945
[    4224ms] [ERROR] ./app/(app)/timetable/page.tsx:245:21
Expected '</', got 'const'
  243 |                         ? cell.classes?.class_name || cell.class_name || cell.class_id
  244 |                         : cell.subjects?.subject_name || cell.subject_name || ''
> 245 |                     const sc = cell && subj ? subjectColor(subj as string) : null
      |                     ^^^^^
  246 |                     const isEmpty = !cell || !subj
  247 |
  248 |                     return (

Parsing ecmascript source code failed

Import traces:
  Client Component Browser:
    ./app/(app)/timetable/page.tsx [Client Component Browser]
    ./app/(app)/timetable/page.tsx [Server Component]

  Client Component SSR:
    ./app/(app)/timetable/page.tsx [Client Component SSR]
    ./app/(app)/timetable/page.tsx [Server Component] @ http://localhost:3000/_next/static/chunks/node_modules_next_dist_0u_w_5s._.js:1945
[    4285ms] [ERROR] ./app/(app)/timetable/page.tsx:245:21
Expected '</', got 'const'
  243 |                         ? cell.classes?.class_name || cell.class_name || cell.class_id
  244 |                         : cell.subjects?.subject_name || cell.subject_name || ''
> 245 |                     const sc = cell && subj ? subjectColor(subj as string) : null
      |                     ^^^^^
  246 |                     const isEmpty = !cell || !subj
  247 |
  248 |                     return (

Parsing ecmascript source code failed

Import traces:
  Client Component Browser:
    ./app/(app)/timetable/page.tsx [Client Component Browser]
    ./app/(app)/timetable/page.tsx [Server Component]

  Client Component SSR:
    ./app/(app)/timetable/page.tsx [Client Component SSR]
    ./app/(app)/timetable/page.tsx [Server Component] @ http://localhost:3000/_next/static/chunks/node_modules_next_dist_0u_w_5s._.js:1945
[    4347ms] [ERROR] ./app/(app)/timetable/page.tsx:245:21
Expected '</', got 'const'
  243 |                         ? cell.classes?.class_name || cell.class_name || cell.class_id
  244 |                         : cell.subjects?.subject_name || cell.subject_name || ''
> 245 |                     const sc = cell && subj ? subjectColor(subj as string) : null
      |                     ^^^^^
  246 |                     const isEmpty = !cell || !subj
  247 |
  248 |                     return (

Parsing ecmascript source code failed

Import traces:
  Client Component Browser:
    ./app/(app)/timetable/page.tsx [Client Component Browser]
    ./app/(app)/timetable/page.tsx [Server Component]

  Client Component SSR:
    ./app/(app)/timetable/page.tsx [Client Component SSR]
    ./app/(app)/timetable/page.tsx [Server Component] @ http://localhost:3000/_next/static/chunks/node_modules_next_dist_0u_w_5s._.js:1945
[    4408ms] [ERROR] ./app/(app)/timetable/page.tsx:245:21
Expected '</', got 'const'
  243 |                         ? cell.classes?.class_name || cell.class_name || cell.class_id
  244 |                         : cell.subjects?.subject_name || cell.subject_name || ''
> 245 |                     const sc = cell && subj ? subjectColor(subj as string) : null
      |                     ^^^^^
  246 |                     const isEmpty = !cell || !subj
  247 |
  248 |                     return (

Parsing ecmascript source code failed

Import traces:
  Client Component Browser:
    ./app/(app)/timetable/page.tsx [Client Component Browser]
    ./app/(app)/timetable/page.tsx [Server Component]

  Client Component SSR:
    ./app/(app)/timetable/page.tsx [Client Component SSR]
    ./app/(app)/timetable/page.tsx [Server Component] @ http://localhost:3000/_next/static/chunks/node_modules_next_dist_0u_w_5s._.js:1945
[    4459ms] [ERROR] ./app/(app)/timetable/page.tsx:245:21
Expected '</', got 'const'
  243 |                         ? cell.classes?.class_name || cell.class_name || cell.class_id
  244 |                         : cell.subjects?.subject_name || cell.subject_name || ''
> 245 |                     const sc = cell && subj ? subjectColor(subj as string) : null
      |                     ^^^^^
  246 |                     const isEmpty = !cell || !subj
  247 |
  248 |                     return (

Parsing ecmascript source code failed

Import traces:
  Client Component Browser:
    ./app/(app)/timetable/page.tsx [Client Component Browser]
    ./app/(app)/timetable/page.tsx [Server Component]

  Client Component SSR:
    ./app/(app)/timetable/page.tsx [Client Component SSR]
    ./app/(app)/timetable/page.tsx [Server Component] @ http://localhost:3000/_next/static/chunks/node_modules_next_dist_0u_w_5s._.js:1945
[    4520ms] [ERROR] ./app/(app)/timetable/page.tsx:245:21
Expected '</', got 'const'
  243 |                         ? cell.classes?.class_name || cell.class_name || cell.class_id
  244 |                         : cell.subjects?.subject_name || cell.subject_name || ''
> 245 |                     const sc = cell && subj ? subjectColor(subj as string) : null
      |                     ^^^^^
  246 |                     const isEmpty = !cell || !subj
  247 |
  248 |                     return (

Parsing ecmascript source code failed

Import traces:
  Client Component Browser:
    ./app/(app)/timetable/page.tsx [Client Component Browser]
    ./app/(app)/timetable/page.tsx [Server Component]

  Client Component SSR:
    ./app/(app)/timetable/page.tsx [Client Component SSR]
    ./app/(app)/timetable/page.tsx [Server Component] @ http://localhost:3000/_next/static/chunks/node_modules_next_dist_0u_w_5s._.js:1945
[    4582ms] [ERROR] ./app/(app)/timetable/page.tsx:245:21
Expected '</', got 'const'
  243 |                         ? cell.classes?.class_name || cell.class_name || cell.class_id
  244 |                         : cell.subjects?.subject_name || cell.subject_name || ''
> 245 |                     const sc = cell && subj ? subjectColor(subj as string) : null
      |                     ^^^^^
  246 |                     const isEmpty = !cell || !subj
  247 |
  248 |                     return (

Parsing ecmascript source code failed

Import traces:
  Client Component Browser:
    ./app/(app)/timetable/page.tsx [Client Component Browser]
    ./app/(app)/timetable/page.tsx [Server Component]

  Client Component SSR:
    ./app/(app)/timetable/page.tsx [Client Component SSR]
    ./app/(app)/timetable/page.tsx [Server Component] @ http://localhost:3000/_next/static/chunks/node_modules_next_dist_0u_w_5s._.js:1945
[    4636ms] [ERROR] ./app/(app)/timetable/page.tsx:245:21
Expected '</', got 'const'
  243 |                         ? cell.classes?.class_name || cell.class_name || cell.class_id
  244 |                         : cell.subjects?.subject_name || cell.subject_name || ''
> 245 |                     const sc = cell && subj ? subjectColor(subj as string) : null
      |                     ^^^^^
  246 |                     const isEmpty = !cell || !subj
  247 |
  248 |                     return (

Parsing ecmascript source code failed

Import traces:
  Client Component Browser:
    ./app/(app)/timetable/page.tsx [Client Component Browser]
    ./app/(app)/timetable/page.tsx [Server Component]

  Client Component SSR:
    ./app/(app)/timetable/page.tsx [Client Component SSR]
    ./app/(app)/timetable/page.tsx [Server Component] @ http://localhost:3000/_next/static/chunks/node_modules_next_dist_0u_w_5s._.js:1945
[    4676ms] [ERROR] ./app/(app)/timetable/page.tsx:245:21
Expected '</', got 'const'
  243 |                         ? cell.classes?.class_name || cell.class_name || cell.class_id
  244 |                         : cell.subjects?.subject_name || cell.subject_name || ''
> 245 |                     const sc = cell && subj ? subjectColor(subj as string) : null
      |                     ^^^^^
  246 |                     const isEmpty = !cell || !subj
  247 |
  248 |                     return (

Parsing ecmascript source code failed

Import traces:
  Client Component Browser:
    ./app/(app)/timetable/page.tsx [Client Component Browser]
    ./app/(app)/timetable/page.tsx [Server Component]

  Client Component SSR:
    ./app/(app)/timetable/page.tsx [Client Component SSR]
    ./app/(app)/timetable/page.tsx [Server Component] @ http://localhost:3000/_next/static/chunks/node_modules_next_dist_0u_w_5s._.js:1945
[    4722ms] [ERROR] ./app/(app)/timetable/page.tsx:245:21
Expected '</', got 'const'
  243 |                         ? cell.classes?.class_name || cell.class_name || cell.class_id
  244 |                         : cell.subjects?.subject_name || cell.subject_name || ''
> 245 |                     const sc = cell && subj ? subjectColor(subj as string) : null
      |                     ^^^^^
  246 |                     const isEmpty = !cell || !subj
  247 |
  248 |                     return (

Parsing ecmascript source code failed

Import traces:
  Client Component Browser:
    ./app/(app)/timetable/page.tsx [Client Component Browser]
    ./app/(app)/timetable/page.tsx [Server Component]

  Client Component SSR:
    ./app/(app)/timetable/page.tsx [Client Component SSR]
    ./app/(app)/timetable/page.tsx [Server Component] @ http://localhost:3000/_next/static/chunks/node_modules_next_dist_0u_w_5s._.js:1945
[    4774ms] [ERROR] ./app/(app)/timetable/page.tsx:245:21
Expected '</', got 'const'
  243 |                         ? cell.classes?.class_name || cell.class_name || cell.class_id
  244 |                         : cell.subjects?.subject_name || cell.subject_name || ''
> 245 |                     const sc = cell && subj ? subjectColor(subj as string) : null
      |                     ^^^^^
  246 |                     const isEmpty = !cell || !subj
  247 |
  248 |                     return (

Parsing ecmascript source code failed

Import traces:
  Client Component Browser:
    ./app/(app)/timetable/page.tsx [Client Component Browser]
    ./app/(app)/timetable/page.tsx [Server Component]

  Client Component SSR:
    ./app/(app)/timetable/page.tsx [Client Component SSR]
    ./app/(app)/timetable/page.tsx [Server Component] @ http://localhost:3000/_next/static/chunks/node_modules_next_dist_0u_w_5s._.js:1945
[    4838ms] [ERROR] ./app/(app)/timetable/page.tsx:245:21
Expected '</', got 'const'
  243 |                         ? cell.classes?.class_name || cell.class_name || cell.class_id
  244 |                         : cell.subjects?.subject_name || cell.subject_name || ''
> 245 |                     const sc = cell && subj ? subjectColor(subj as string) : null
      |                     ^^^^^
  246 |                     const isEmpty = !cell || !subj
  247 |
  248 |                     return (

Parsing ecmascript source code failed

Import traces:
  Client Component Browser:
    ./app/(app)/timetable/page.tsx [Client Component Browser]
    ./app/(app)/timetable/page.tsx [Server Component]

  Client Component SSR:
    ./app/(app)/timetable/page.tsx [Client Component SSR]
    ./app/(app)/timetable/page.tsx [Server Component] @ http://localhost:3000/_next/static/chunks/node_modules_next_dist_0u_w_5s._.js:1945
[    4891ms] [ERROR] ./app/(app)/timetable/page.tsx:245:21
Expected '</', got 'const'
  243 |                         ? cell.classes?.class_name || cell.class_name || cell.class_id
  244 |                         : cell.subjects?.subject_name || cell.subject_name || ''
> 245 |                     const sc = cell && subj ? subjectColor(subj as string) : null
      |                     ^^^^^
  246 |                     const isEmpty = !cell || !subj
  247 |
  248 |                     return (

Parsing ecmascript source code failed

Import traces:
  Client Component Browser:
    ./app/(app)/timetable/page.tsx [Client Component Browser]
    ./app/(app)/timetable/page.tsx [Server Component]

  Client Component SSR:
    ./app/(app)/timetable/page.tsx [Client Component SSR]
    ./app/(app)/timetable/page.tsx [Server Component] @ http://localhost:3000/_next/static/chunks/node_modules_next_dist_0u_w_5s._.js:1945
[    4946ms] [ERROR] ./app/(app)/timetable/page.tsx:245:21
Expected '</', got 'const'
  243 |                         ? cell.classes?.class_name || cell.class_name || cell.class_id
  244 |                         : cell.subjects?.subject_name || cell.subject_name || ''
> 245 |                     const sc = cell && subj ? subjectColor(subj as string) : null
      |                     ^^^^^
  246 |                     const isEmpty = !cell || !subj
  247 |
  248 |                     return (

Parsing ecmascript source code failed

Import traces:
  Client Component Browser:
    ./app/(app)/timetable/page.tsx [Client Component Browser]
    ./app/(app)/timetable/page.tsx [Server Component]

  Client Component SSR:
    ./app/(app)/timetable/page.tsx [Client Component SSR]
    ./app/(app)/timetable/page.tsx [Server Component] @ http://localhost:3000/_next/static/chunks/node_modules_next_dist_0u_w_5s._.js:1945
[    4990ms] [ERROR] ./app/(app)/timetable/page.tsx:245:21
Expected '</', got 'const'
  243 |                         ? cell.classes?.class_name || cell.class_name || cell.class_id
  244 |                         : cell.subjects?.subject_name || cell.subject_name || ''
> 245 |                     const sc = cell && subj ? subjectColor(subj as string) : null
      |                     ^^^^^
  246 |                     const isEmpty = !cell || !subj
  247 |
  248 |                     return (

Parsing ecmascript source code failed

Import traces:
  Client Component Browser:
    ./app/(app)/timetable/page.tsx [Client Component Browser]
    ./app/(app)/timetable/page.tsx [Server Component]

  Client Component SSR:
    ./app/(app)/timetable/page.tsx [Client Component SSR]
    ./app/(app)/timetable/page.tsx [Server Component] @ http://localhost:3000/_next/static/chunks/node_modules_next_dist_0u_w_5s._.js:1945
[    5053ms] [ERROR] ./app/(app)/timetable/page.tsx:245:21
Expected '</', got 'const'
  243 |                         ? cell.classes?.class_name || cell.class_name || cell.class_id
  244 |                         : cell.subjects?.subject_name || cell.subject_name || ''
> 245 |                     const sc = cell && subj ? subjectColor(subj as string) : null
      |                     ^^^^^
  246 |                     const isEmpty = !cell || !subj
  247 |
  248 |                     return (

Parsing ecmascript source code failed

Import traces:
  Client Component Browser:
    ./app/(app)/timetable/page.tsx [Client Component Browser]
    ./app/(app)/timetable/page.tsx [Server Component]

  Client Component SSR:
    ./app/(app)/timetable/page.tsx [Client Component SSR]
    ./app/(app)/timetable/page.tsx [Server Component] @ http://localhost:3000/_next/static/chunks/node_modules_next_dist_0u_w_5s._.js:1945
[    5115ms] [ERROR] ./app/(app)/timetable/page.tsx:245:21
Expected '</', got 'const'
  243 |                         ? cell.classes?.class_name || cell.class_name || cell.class_id
  244 |                         : cell.subjects?.subject_name || cell.subject_name || ''
> 245 |                     const sc = cell && subj ? subjectColor(subj as string) : null
      |                     ^^^^^
  246 |                     const isEmpty = !cell || !subj
  247 |
  248 |                     return (

Parsing ecmascript source code failed

Import traces:
  Client Component Browser:
    ./app/(app)/timetable/page.tsx [Client Component Browser]
    ./app/(app)/timetable/page.tsx [Server Component]

  Client Component SSR:
    ./app/(app)/timetable/page.tsx [Client Component SSR]
    ./app/(app)/timetable/page.tsx [Server Component] @ http://localhost:3000/_next/static/chunks/node_modules_next_dist_0u_w_5s._.js:1945
[    5165ms] [ERROR] ./app/(app)/timetable/page.tsx:245:21
Expected '</', got 'const'
  243 |                         ? cell.classes?.class_name || cell.class_name || cell.class_id
  244 |                         : cell.subjects?.subject_name || cell.subject_name || ''
> 245 |                     const sc = cell && subj ? subjectColor(subj as string) : null
      |                     ^^^^^
  246 |                     const isEmpty = !cell || !subj
  247 |
  248 |                     return (

Parsing ecmascript source code failed

Import traces:
  Client Component Browser:
    ./app/(app)/timetable/page.tsx [Client Component Browser]
    ./app/(app)/timetable/page.tsx [Server Component]

  Client Component SSR:
    ./app/(app)/timetable/page.tsx [Client Component SSR]
    ./app/(app)/timetable/page.tsx [Server Component] @ http://localhost:3000/_next/static/chunks/node_modules_next_dist_0u_w_5s._.js:1945
[    5215ms] [ERROR] ./app/(app)/timetable/page.tsx:245:21
Expected '</', got 'const'
  243 |                         ? cell.classes?.class_name || cell.class_name || cell.class_id
  244 |                         : cell.subjects?.subject_name || cell.subject_name || ''
> 245 |                     const sc = cell && subj ? subjectColor(subj as string) : null
      |                     ^^^^^
  246 |                     const isEmpty = !cell || !subj
  247 |
  248 |                     return (

Parsing ecmascript source code failed

Import traces:
  Client Component Browser:
    ./app/(app)/timetable/page.tsx [Client Component Browser]
    ./app/(app)/timetable/page.tsx [Server Component]

  Client Component SSR:
    ./app/(app)/timetable/page.tsx [Client Component SSR]
    ./app/(app)/timetable/page.tsx [Server Component] @ http://localhost:3000/_next/static/chunks/node_modules_next_dist_0u_w_5s._.js:1945
[    5276ms] [ERROR] ./app/(app)/timetable/page.tsx:245:21
Expected '</', got 'const'
  243 |                         ? cell.classes?.class_name || cell.class_name || cell.class_id
  244 |                         : cell.subjects?.subject_name || cell.subject_name || ''
> 245 |                     const sc = cell && subj ? subjectColor(subj as string) : null
      |                     ^^^^^
  246 |                     const isEmpty = !cell || !subj
  247 |
  248 |                     return (

Parsing ecmascript source code failed

Import traces:
  Client Component Browser:
    ./app/(app)/timetable/page.tsx [Client Component Browser]
    ./app/(app)/timetable/page.tsx [Server Component]

  Client Component SSR:
    ./app/(app)/timetable/page.tsx [Client Component SSR]
    ./app/(app)/timetable/page.tsx [Server Component] @ http://localhost:3000/_next/static/chunks/node_modules_next_dist_0u_w_5s._.js:1945
[    5329ms] [ERROR] ./app/(app)/timetable/page.tsx:245:21
Expected '</', got 'const'
  243 |                         ? cell.classes?.class_name || cell.class_name || cell.class_id
  244 |                         : cell.subjects?.subject_name || cell.subject_name || ''
> 245 |                     const sc = cell && subj ? subjectColor(subj as string) : null
      |                     ^^^^^
  246 |                     const isEmpty = !cell || !subj
  247 |
  248 |                     return (

Parsing ecmascript source code failed

Import traces:
  Client Component Browser:
    ./app/(app)/timetable/page.tsx [Client Component Browser]
    ./app/(app)/timetable/page.tsx [Server Component]

  Client Component SSR:
    ./app/(app)/timetable/page.tsx [Client Component SSR]
    ./app/(app)/timetable/page.tsx [Server Component] @ http://localhost:3000/_next/static/chunks/node_modules_next_dist_0u_w_5s._.js:1945
[    5380ms] [ERROR] ./app/(app)/timetable/page.tsx:245:21
Expected '</', got 'const'
  243 |                         ? cell.classes?.class_name || cell.class_name || cell.class_id
  244 |                         : cell.subjects?.subject_name || cell.subject_name || ''
> 245 |                     const sc = cell && subj ? subjectColor(subj as string) : null
      |                     ^^^^^
  246 |                     const isEmpty = !cell || !subj
  247 |
  248 |                     return (

Parsing ecmascript source code failed

Import traces:
  Client Component Browser:
    ./app/(app)/timetable/page.tsx [Client Component Browser]
    ./app/(app)/timetable/page.tsx [Server Component]

  Client Component SSR:
    ./app/(app)/timetable/page.tsx [Client Component SSR]
    ./app/(app)/timetable/page.tsx [Server Component] @ http://localhost:3000/_next/static/chunks/node_modules_next_dist_0u_w_5s._.js:1945
[    5443ms] [ERROR] ./app/(app)/timetable/page.tsx:245:21
Expected '</', got 'const'
  243 |                         ? cell.classes?.class_name || cell.class_name || cell.class_id
  244 |                         : cell.subjects?.subject_name || cell.subject_name || ''
> 245 |                     const sc = cell && subj ? subjectColor(subj as string) : null
      |                     ^^^^^
  246 |                     const isEmpty = !cell || !subj
  247 |
  248 |                     return (

Parsing ecmascript source code failed

Import traces:
  Client Component Browser:
    ./app/(app)/timetable/page.tsx [Client Component Browser]
    ./app/(app)/timetable/page.tsx [Server Component]

  Client Component SSR:
    ./app/(app)/timetable/page.tsx [Client Component SSR]
    ./app/(app)/timetable/page.tsx [Server Component] @ http://localhost:3000/_next/static/chunks/node_modules_next_dist_0u_w_5s._.js:1945
[    5496ms] [ERROR] ./app/(app)/timetable/page.tsx:245:21
Expected '</', got 'const'
  243 |                         ? cell.classes?.class_name || cell.class_name || cell.class_id
  244 |                         : cell.subjects?.subject_name || cell.subject_name || ''
> 245 |                     const sc = cell && subj ? subjectColor(subj as string) : null
      |                     ^^^^^
  246 |                     const isEmpty = !cell || !subj
  247 |
  248 |                     return (

Parsing ecmascript source code failed

Import traces:
  Client Component Browser:
    ./app/(app)/timetable/page.tsx [Client Component Browser]
    ./app/(app)/timetable/page.tsx [Server Component]

  Client Component SSR:
    ./app/(app)/timetable/page.tsx [Client Component SSR]
    ./app/(app)/timetable/page.tsx [Server Component] @ http://localhost:3000/_next/static/chunks/node_modules_next_dist_0u_w_5s._.js:1945
[    5554ms] [ERROR] ./app/(app)/timetable/page.tsx:245:21
Expected '</', got 'const'
  243 |                         ? cell.classes?.class_name || cell.class_name || cell.class_id
  244 |                         : cell.subjects?.subject_name || cell.subject_name || ''
> 245 |                     const sc = cell && subj ? subjectColor(subj as string) : null
      |                     ^^^^^
  246 |                     const isEmpty = !cell || !subj
  247 |
  248 |                     return (

Parsing ecmascript source code failed

Import traces:
  Client Component Browser:
    ./app/(app)/timetable/page.tsx [Client Component Browser]
    ./app/(app)/timetable/page.tsx [Server Component]

  Client Component SSR:
    ./app/(app)/timetable/page.tsx [Client Component SSR]
    ./app/(app)/timetable/page.tsx [Server Component] @ http://localhost:3000/_next/static/chunks/node_modules_next_dist_0u_w_5s._.js:1945
[    5608ms] [ERROR] ./app/(app)/timetable/page.tsx:245:21
Expected '</', got 'const'
  243 |                         ? cell.classes?.class_name || cell.class_name || cell.class_id
  244 |                         : cell.subjects?.subject_name || cell.subject_name || ''
> 245 |                     const sc = cell && subj ? subjectColor(subj as string) : null
      |                     ^^^^^
  246 |                     const isEmpty = !cell || !subj
  247 |
  248 |                     return (

Parsing ecmascript source code failed

Import traces:
  Client Component Browser:
    ./app/(app)/timetable/page.tsx [Client Component Browser]
    ./app/(app)/timetable/page.tsx [Server Component]

  Client Component SSR:
    ./app/(app)/timetable/page.tsx [Client Component SSR]
    ./app/(app)/timetable/page.tsx [Server Component] @ http://localhost:3000/_next/static/chunks/node_modules_next_dist_0u_w_5s._.js:1945
[    5672ms] [ERROR] ./app/(app)/timetable/page.tsx:245:21
Expected '</', got 'const'
  243 |                         ? cell.classes?.class_name || cell.class_name || cell.class_id
  244 |                         : cell.subjects?.subject_name || cell.subject_name || ''
> 245 |                     const sc = cell && subj ? subjectColor(subj as string) : null
      |                     ^^^^^
  246 |                     const isEmpty = !cell || !subj
  247 |
  248 |                     return (

Parsing ecmascript source code failed

Import traces:
  Client Component Browser:
    ./app/(app)/timetable/page.tsx [Client Component Browser]
    ./app/(app)/timetable/page.tsx [Server Component]

  Client Component SSR:
    ./app/(app)/timetable/page.tsx [Client Component SSR]
    ./app/(app)/timetable/page.tsx [Server Component] @ http://localhost:3000/_next/static/chunks/node_modules_next_dist_0u_w_5s._.js:1945
[    5732ms] [ERROR] ./app/(app)/timetable/page.tsx:245:21
Expected '</', got 'const'
  243 |                         ? cell.classes?.class_name || cell.class_name || cell.class_id
  244 |                         : cell.subjects?.subject_name || cell.subject_name || ''
> 245 |                     const sc = cell && subj ? subjectColor(subj as string) : null
      |                     ^^^^^
  246 |                     const isEmpty = !cell || !subj
  247 |
  248 |                     return (

Parsing ecmascript source code failed

Import traces:
  Client Component Browser:
    ./app/(app)/timetable/page.tsx [Client Component Browser]
    ./app/(app)/timetable/page.tsx [Server Component]

  Client Component SSR:
    ./app/(app)/timetable/page.tsx [Client Component SSR]
    ./app/(app)/timetable/page.tsx [Server Component] @ http://localhost:3000/_next/static/chunks/node_modules_next_dist_0u_w_5s._.js:1945
[    5795ms] [ERROR] ./app/(app)/timetable/page.tsx:245:21
Expected '</', got 'const'
  243 |                         ? cell.classes?.class_name || cell.class_name || cell.class_id
  244 |                         : cell.subjects?.subject_name || cell.subject_name || ''
> 245 |                     const sc = cell && subj ? subjectColor(subj as string) : null
      |                     ^^^^^
  246 |                     const isEmpty = !cell || !subj
  247 |
  248 |                     return (

Parsing ecmascript source code failed

Import traces:
  Client Component Browser:
    ./app/(app)/timetable/page.tsx [Client Component Browser]
    ./app/(app)/timetable/page.tsx [Server Component]

  Client Component SSR:
    ./app/(app)/timetable/page.tsx [Client Component SSR]
    ./app/(app)/timetable/page.tsx [Server Component] @ http://localhost:3000/_next/static/chunks/node_modules_next_dist_0u_w_5s._.js:1945
[    5857ms] [ERROR] ./app/(app)/timetable/page.tsx:245:21
Expected '</', got 'const'
  243 |                         ? cell.classes?.class_name || cell.class_name || cell.class_id
  244 |                         : cell.subjects?.subject_name || cell.subject_name || ''
> 245 |                     const sc = cell && subj ? subjectColor(subj as string) : null
      |                     ^^^^^
  246 |                     const isEmpty = !cell || !subj
  247 |
  248 |                     return (

Parsing ecmascript source code failed

Import traces:
  Client Component Browser:
    ./app/(app)/timetable/page.tsx [Client Component Browser]
    ./app/(app)/timetable/page.tsx [Server Component]

  Client Component SSR:
    ./app/(app)/timetable/page.tsx [Client Component SSR]
    ./app/(app)/timetable/page.tsx [Server Component] @ http://localhost:3000/_next/static/chunks/node_modules_next_dist_0u_w_5s._.js:1945
[    5919ms] [ERROR] ./app/(app)/timetable/page.tsx:245:21
Expected '</', got 'const'
  243 |                         ? cell.classes?.class_name || cell.class_name || cell.class_id
  244 |                         : cell.subjects?.subject_name || cell.subject_name || ''
> 245 |                     const sc = cell && subj ? subjectColor(subj as string) : null
      |                     ^^^^^
  246 |                     const isEmpty = !cell || !subj
  247 |
  248 |                     return (

Parsing ecmascript source code failed

Import traces:
  Client Component Browser:
    ./app/(app)/timetable/page.tsx [Client Component Browser]
    ./app/(app)/timetable/page.tsx [Server Component]

  Client Component SSR:
    ./app/(app)/timetable/page.tsx [Client Component SSR]
    ./app/(app)/timetable/page.tsx [Server Component] @ http://localhost:3000/_next/static/chunks/node_modules_next_dist_0u_w_5s._.js:1945
[    5969ms] [ERROR] ./app/(app)/timetable/page.tsx:245:21
Expected '</', got 'const'
  243 |                         ? cell.classes?.class_name || cell.class_name || cell.class_id
  244 |                         : cell.subjects?.subject_name || cell.subject_name || ''
> 245 |                     const sc = cell && subj ? subjectColor(subj as string) : null
      |                     ^^^^^
  246 |                     const isEmpty = !cell || !subj
  247 |
  248 |                     return (

Parsing ecmascript source code failed

Import traces:
  Client Component Browser:
    ./app/(app)/timetable/page.tsx [Client Component Browser]
    ./app/(app)/timetable/page.tsx [Server Component]

  Client Component SSR:
    ./app/(app)/timetable/page.tsx [Client Component SSR]
    ./app/(app)/timetable/page.tsx [Server Component] @ http://localhost:3000/_next/static/chunks/node_modules_next_dist_0u_w_5s._.js:1945
[    6023ms] [ERROR] ./app/(app)/timetable/page.tsx:245:21
Expected '</', got 'const'
  243 |                         ? cell.classes?.class_name || cell.class_name || cell.class_id
  244 |                         : cell.subjects?.subject_name || cell.subject_name || ''
> 245 |                     const sc = cell && subj ? subjectColor(subj as string) : null
      |                     ^^^^^
  246 |                     const isEmpty = !cell || !subj
  247 |
  248 |                     return (

Parsing ecmascript source code failed

Import traces:
  Client Component Browser:
    ./app/(app)/timetable/page.tsx [Client Component Browser]
    ./app/(app)/timetable/page.tsx [Server Component]

  Client Component SSR:
    ./app/(app)/timetable/page.tsx [Client Component SSR]
    ./app/(app)/timetable/page.tsx [Server Component] @ http://localhost:3000/_next/static/chunks/node_modules_next_dist_0u_w_5s._.js:1945
[    6086ms] [ERROR] ./app/(app)/timetable/page.tsx:245:21
Expected '</', got 'const'
  243 |                         ? cell.classes?.class_name || cell.class_name || cell.class_id
  244 |                         : cell.subjects?.subject_name || cell.subject_name || ''
> 245 |                     const sc = cell && subj ? subjectColor(subj as string) : null
      |                     ^^^^^
  246 |                     const isEmpty = !cell || !subj
  247 |
  248 |                     return (

Parsing ecmascript source code failed

Import traces:
  Client Component Browser:
    ./app/(app)/timetable/page.tsx [Client Component Browser]
    ./app/(app)/timetable/page.tsx [Server Component]

  Client Component SSR:
    ./app/(app)/timetable/page.tsx [Client Component SSR]
    ./app/(app)/timetable/page.tsx [Server Component] @ http://localhost:3000/_next/static/chunks/node_modules_next_dist_0u_w_5s._.js:1945
[    6147ms] [ERROR] ./app/(app)/timetable/page.tsx:245:21
Expected '</', got 'const'
  243 |                         ? cell.classes?.class_name || cell.class_name || cell.class_id
  244 |                         : cell.subjects?.subject_name || cell.subject_name || ''
> 245 |                     const sc = cell && subj ? subjectColor(subj as string) : null
      |                     ^^^^^
  246 |                     const isEmpty = !cell || !subj
  247 |
  248 |                     return (

Parsing ecmascript source code failed

Import traces:
  Client Component Browser:
    ./app/(app)/timetable/page.tsx [Client Component Browser]
    ./app/(app)/timetable/page.tsx [Server Component]

  Client Component SSR:
    ./app/(app)/timetable/page.tsx [Client Component SSR]
    ./app/(app)/timetable/page.tsx [Server Component] @ http://localhost:3000/_next/static/chunks/node_modules_next_dist_0u_w_5s._.js:1945
[    6200ms] [ERROR] ./app/(app)/timetable/page.tsx:245:21
Expected '</', got 'const'
  243 |                         ? cell.classes?.class_name || cell.class_name || cell.class_id
  244 |                         : cell.subjects?.subject_name || cell.subject_name || ''
> 245 |                     const sc = cell && subj ? subjectColor(subj as string) : null
      |                     ^^^^^
  246 |                     const isEmpty = !cell || !subj
  247 |
  248 |                     return (

Parsing ecmascript source code failed

Import traces:
  Client Component Browser:
    ./app/(app)/timetable/page.tsx [Client Component Browser]
    ./app/(app)/timetable/page.tsx [Server Component]

  Client Component SSR:
    ./app/(app)/timetable/page.tsx [Client Component SSR]
    ./app/(app)/timetable/page.tsx [Server Component] @ http://localhost:3000/_next/static/chunks/node_modules_next_dist_0u_w_5s._.js:1945
[    6253ms] [ERROR] ./app/(app)/timetable/page.tsx:245:21
Expected '</', got 'const'
  243 |                         ? cell.classes?.class_name || cell.class_name || cell.class_id
  244 |                         : cell.subjects?.subject_name || cell.subject_name || ''
> 245 |                     const sc = cell && subj ? subjectColor(subj as string) : null
      |                     ^^^^^
  246 |                     const isEmpty = !cell || !subj
  247 |
  248 |                     return (

Parsing ecmascript source code failed

Import traces:
  Client Component Browser:
    ./app/(app)/timetable/page.tsx [Client Component Browser]
    ./app/(app)/timetable/page.tsx [Server Component]

  Client Component SSR:
    ./app/(app)/timetable/page.tsx [Client Component SSR]
    ./app/(app)/timetable/page.tsx [Server Component] @ http://localhost:3000/_next/static/chunks/node_modules_next_dist_0u_w_5s._.js:1945
[    6309ms] [ERROR] ./app/(app)/timetable/page.tsx:245:21
Expected '</', got 'const'
  243 |                         ? cell.classes?.class_name || cell.class_name || cell.class_id
  244 |                         : cell.subjects?.subject_name || cell.subject_name || ''
> 245 |                     const sc = cell && subj ? subjectColor(subj as string) : null
      |                     ^^^^^
  246 |                     const isEmpty = !cell || !subj
  247 |
  248 |                     return (

Parsing ecmascript source code failed

Import traces:
  Client Component Browser:
    ./app/(app)/timetable/page.tsx [Client Component Browser]
    ./app/(app)/timetable/page.tsx [Server Component]

  Client Component SSR:
    ./app/(app)/timetable/page.tsx [Client Component SSR]
    ./app/(app)/timetable/page.tsx [Server Component] @ http://localhost:3000/_next/static/chunks/node_modules_next_dist_0u_w_5s._.js:1945
[    6359ms] [ERROR] ./app/(app)/timetable/page.tsx:245:21
Expected '</', got 'const'
  243 |                         ? cell.classes?.class_name || cell.class_name || cell.class_id
  244 |                         : cell.subjects?.subject_name || cell.subject_name || ''
> 245 |                     const sc = cell && subj ? subjectColor(subj as string) : null
      |                     ^^^^^
  246 |                     const isEmpty = !cell || !subj
  247 |
  248 |                     return (

Parsing ecmascript source code failed

Import traces:
  Client Component Browser:
    ./app/(app)/timetable/page.tsx [Client Component Browser]
    ./app/(app)/timetable/page.tsx [Server Component]

  Client Component SSR:
    ./app/(app)/timetable/page.tsx [Client Component SSR]
    ./app/(app)/timetable/page.tsx [Server Component] @ http://localhost:3000/_next/static/chunks/node_modules_next_dist_0u_w_5s._.js:1945
[    6418ms] [ERROR] ./app/(app)/timetable/page.tsx:245:21
Expected '</', got 'const'
  243 |                         ? cell.classes?.class_name || cell.class_name || cell.class_id
  244 |                         : cell.subjects?.subject_name || cell.subject_name || ''
> 245 |                     const sc = cell && subj ? subjectColor(subj as string) : null
      |                     ^^^^^
  246 |                     const isEmpty = !cell || !subj
  247 |
  248 |                     return (

Parsing ecmascript source code failed

Import traces:
  Client Component Browser:
    ./app/(app)/timetable/page.tsx [Client Component Browser]
    ./app/(app)/timetable/page.tsx [Server Component]

  Client Component SSR:
    ./app/(app)/timetable/page.tsx [Client Component SSR]
    ./app/(app)/timetable/page.tsx [Server Component] @ http://localhost:3000/_next/static/chunks/node_modules_next_dist_0u_w_5s._.js:1945
[    6480ms] [ERROR] ./app/(app)/timetable/page.tsx:245:21
Expected '</', got 'const'
  243 |                         ? cell.classes?.class_name || cell.class_name || cell.class_id
  244 |                         : cell.subjects?.subject_name || cell.subject_name || ''
> 245 |                     const sc = cell && subj ? subjectColor(subj as string) : null
      |                     ^^^^^
  246 |                     const isEmpty = !cell || !subj
  247 |
  248 |                     return (

Parsing ecmascript source code failed

Import traces:
  Client Component Browser:
    ./app/(app)/timetable/page.tsx [Client Component Browser]
    ./app/(app)/timetable/page.tsx [Server Component]

  Client Component SSR:
    ./app/(app)/timetable/page.tsx [Client Component SSR]
    ./app/(app)/timetable/page.tsx [Server Component] @ http://localhost:3000/_next/static/chunks/node_modules_next_dist_0u_w_5s._.js:1945
[    6535ms] [ERROR] ./app/(app)/timetable/page.tsx:245:21
Expected '</', got 'const'
  243 |                         ? cell.classes?.class_name || cell.class_name || cell.class_id
  244 |                         : cell.subjects?.subject_name || cell.subject_name || ''
> 245 |                     const sc = cell && subj ? subjectColor(subj as string) : null
      |                     ^^^^^
  246 |                     const isEmpty = !cell || !subj
  247 |
  248 |                     return (

Parsing ecmascript source code failed

Import traces:
  Client Component Browser:
    ./app/(app)/timetable/page.tsx [Client Component Browser]
    ./app/(app)/timetable/page.tsx [Server Component]

  Client Component SSR:
    ./app/(app)/timetable/page.tsx [Client Component SSR]
    ./app/(app)/timetable/page.tsx [Server Component] @ http://localhost:3000/_next/static/chunks/node_modules_next_dist_0u_w_5s._.js:1945
[    6594ms] [ERROR] ./app/(app)/timetable/page.tsx:245:21
Expected '</', got 'const'
  243 |                         ? cell.classes?.class_name || cell.class_name || cell.class_id
  244 |                         : cell.subjects?.subject_name || cell.subject_name || ''
> 245 |                     const sc = cell && subj ? subjectColor(subj as string) : null
      |                     ^^^^^
  246 |                     const isEmpty = !cell || !subj
  247 |
  248 |                     return (

Parsing ecmascript source code failed

Import traces:
  Client Component Browser:
    ./app/(app)/timetable/page.tsx [Client Component Browser]
    ./app/(app)/timetable/page.tsx [Server Component]

  Client Component SSR:
    ./app/(app)/timetable/page.tsx [Client Component SSR]
    ./app/(app)/timetable/page.tsx [Server Component] @ http://localhost:3000/_next/static/chunks/node_modules_next_dist_0u_w_5s._.js:1945
[    6658ms] [ERROR] ./app/(app)/timetable/page.tsx:245:21
Expected '</', got 'const'
  243 |                         ? cell.classes?.class_name || cell.class_name || cell.class_id
  244 |                         : cell.subjects?.subject_name || cell.subject_name || ''
> 245 |                     const sc = cell && subj ? subjectColor(subj as string) : null
      |                     ^^^^^
  246 |                     const isEmpty = !cell || !subj
  247 |
  248 |                     return (

Parsing ecmascript source code failed

Import traces:
  Client Component Browser:
    ./app/(app)/timetable/page.tsx [Client Component Browser]
    ./app/(app)/timetable/page.tsx [Server Component]

  Client Component SSR:
    ./app/(app)/timetable/page.tsx [Client Component SSR]
    ./app/(app)/timetable/page.tsx [Server Component] @ http://localhost:3000/_next/static/chunks/node_modules_next_dist_0u_w_5s._.js:1945
[    6716ms] [ERROR] ./app/(app)/timetable/page.tsx:245:21
Expected '</', got 'const'
  243 |                         ? cell.classes?.class_name || cell.class_name || cell.class_id
  244 |                         : cell.subjects?.subject_name || cell.subject_name || ''
> 245 |                     const sc = cell && subj ? subjectColor(subj as string) : null
      |                     ^^^^^
  246 |                     const isEmpty = !cell || !subj
  247 |
  248 |                     return (

Parsing ecmascript source code failed

Import traces:
  Client Component Browser:
    ./app/(app)/timetable/page.tsx [Client Component Browser]
    ./app/(app)/timetable/page.tsx [Server Component]

  Client Component SSR:
    ./app/(app)/timetable/page.tsx [Client Component SSR]
    ./app/(app)/timetable/page.tsx [Server Component] @ http://localhost:3000/_next/static/chunks/node_modules_next_dist_0u_w_5s._.js:1945
[    6776ms] [ERROR] ./app/(app)/timetable/page.tsx:245:21
Expected '</', got 'const'
  243 |                         ? cell.classes?.class_name || cell.class_name || cell.class_id
  244 |                         : cell.subjects?.subject_name || cell.subject_name || ''
> 245 |                     const sc = cell && subj ? subjectColor(subj as string) : null
      |                     ^^^^^
  246 |                     const isEmpty = !cell || !subj
  247 |
  248 |                     return (

Parsing ecmascript source code failed

Import traces:
  Client Component Browser:
    ./app/(app)/timetable/page.tsx [Client Component Browser]
    ./app/(app)/timetable/page.tsx [Server Component]

  Client Component SSR:
    ./app/(app)/timetable/page.tsx [Client Component SSR]
    ./app/(app)/timetable/page.tsx [Server Component] @ http://localhost:3000/_next/static/chunks/node_modules_next_dist_0u_w_5s._.js:1945
[    6830ms] [ERROR] ./app/(app)/timetable/page.tsx:245:21
Expected '</', got 'const'
  243 |                         ? cell.classes?.class_name || cell.class_name || cell.class_id
  244 |                         : cell.subjects?.subject_name || cell.subject_name || ''
> 245 |                     const sc = cell && subj ? subjectColor(subj as string) : null
      |                     ^^^^^
  246 |                     const isEmpty = !cell || !subj
  247 |
  248 |                     return (

Parsing ecmascript source code failed

Import traces:
  Client Component Browser:
    ./app/(app)/timetable/page.tsx [Client Component Browser]
    ./app/(app)/timetable/page.tsx [Server Component]

  Client Component SSR:
    ./app/(app)/timetable/page.tsx [Client Component SSR]
    ./app/(app)/timetable/page.tsx [Server Component] @ http://localhost:3000/_next/static/chunks/node_modules_next_dist_0u_w_5s._.js:1945
[    6885ms] [ERROR] ./app/(app)/timetable/page.tsx:245:21
Expected '</', got 'const'
  243 |                         ? cell.classes?.class_name || cell.class_name || cell.class_id
  244 |                         : cell.subjects?.subject_name || cell.subject_name || ''
> 245 |                     const sc = cell && subj ? subjectColor(subj as string) : null
      |                     ^^^^^
  246 |                     const isEmpty = !cell || !subj
  247 |
  248 |                     return (

Parsing ecmascript source code failed

Import traces:
  Client Component Browser:
    ./app/(app)/timetable/page.tsx [Client Component Browser]
    ./app/(app)/timetable/page.tsx [Server Component]

  Client Component SSR:
    ./app/(app)/timetable/page.tsx [Client Component SSR]
    ./app/(app)/timetable/page.tsx [Server Component] @ http://localhost:3000/_next/static/chunks/node_modules_next_dist_0u_w_5s._.js:1945
[    6932ms] [ERROR] ./app/(app)/timetable/page.tsx:245:21
Expected '</', got 'const'
  243 |                         ? cell.classes?.class_name || cell.class_name || cell.class_id
  244 |                         : cell.subjects?.subject_name || cell.subject_name || ''
> 245 |                     const sc = cell && subj ? subjectColor(subj as string) : null
      |                     ^^^^^
  246 |                     const isEmpty = !cell || !subj
  247 |
  248 |                     return (

Parsing ecmascript source code failed

Import traces:
  Client Component Browser:
    ./app/(app)/timetable/page.tsx [Client Component Browser]
    ./app/(app)/timetable/page.tsx [Server Component]

  Client Component SSR:
    ./app/(app)/timetable/page.tsx [Client Component SSR]
    ./app/(app)/timetable/page.tsx [Server Component] @ http://localhost:3000/_next/static/chunks/node_modules_next_dist_0u_w_5s._.js:1945
[    6982ms] [ERROR] ./app/(app)/timetable/page.tsx:245:21
Expected '</', got 'const'
  243 |                         ? cell.classes?.class_name || cell.class_name || cell.class_id
  244 |                         : cell.subjects?.subject_name || cell.subject_name || ''
> 245 |                     const sc = cell && subj ? subjectColor(subj as string) : null
      |                     ^^^^^
  246 |                     const isEmpty = !cell || !subj
  247 |
  248 |                     return (

Parsing ecmascript source code failed

Import traces:
  Client Component Browser:
    ./app/(app)/timetable/page.tsx [Client Component Browser]
    ./app/(app)/timetable/page.tsx [Server Component]

  Client Component SSR:
    ./app/(app)/timetable/page.tsx [Client Component SSR]
    ./app/(app)/timetable/page.tsx [Server Component] @ http://localhost:3000/_next/static/chunks/node_modules_next_dist_0u_w_5s._.js:1945
[    7020ms] [ERROR] ./app/(app)/timetable/page.tsx:245:21
Expected '</', got 'const'
  243 |                         ? cell.classes?.class_name || cell.class_name || cell.class_id
  244 |                         : cell.subjects?.subject_name || cell.subject_name || ''
> 245 |                     const sc = cell && subj ? subjectColor(subj as string) : null
      |                     ^^^^^
  246 |                     const isEmpty = !cell || !subj
  247 |
  248 |                     return (

Parsing ecmascript source code failed

Import traces:
  Client Component Browser:
    ./app/(app)/timetable/page.tsx [Client Component Browser]
    ./app/(app)/timetable/page.tsx [Server Component]

  Client Component SSR:
    ./app/(app)/timetable/page.tsx [Client Component SSR]
    ./app/(app)/timetable/page.tsx [Server Component] @ http://localhost:3000/_next/static/chunks/node_modules_next_dist_0u_w_5s._.js:1945
[    7070ms] [ERROR] ./app/(app)/timetable/page.tsx:245:21
Expected '</', got 'const'
  243 |                         ? cell.classes?.class_name || cell.class_name || cell.class_id
  244 |                         : cell.subjects?.subject_name || cell.subject_name || ''
> 245 |                     const sc = cell && subj ? subjectColor(subj as string) : null
      |                     ^^^^^
  246 |                     const isEmpty = !cell || !subj
  247 |
  248 |                     return (

Parsing ecmascript source code failed

Import traces:
  Client Component Browser:
    ./app/(app)/timetable/page.tsx [Client Component Browser]
    ./app/(app)/timetable/page.tsx [Server Component]

  Client Component SSR:
    ./app/(app)/timetable/page.tsx [Client Component SSR]
    ./app/(app)/timetable/page.tsx [Server Component] @ http://localhost:3000/_next/static/chunks/node_modules_next_dist_0u_w_5s._.js:1945
[    7121ms] [ERROR] ./app/(app)/timetable/page.tsx:245:21
Expected '</', got 'const'
  243 |                         ? cell.classes?.class_name || cell.class_name || cell.class_id
  244 |                         : cell.subjects?.subject_name || cell.subject_name || ''
> 245 |                     const sc = cell && subj ? subjectColor(subj as string) : null
      |                     ^^^^^
  246 |                     const isEmpty = !cell || !subj
  247 |
  248 |                     return (

Parsing ecmascript source code failed

Import traces:
  Client Component Browser:
    ./app/(app)/timetable/page.tsx [Client Component Browser]
    ./app/(app)/timetable/page.tsx [Server Component]

  Client Component SSR:
    ./app/(app)/timetable/page.tsx [Client Component SSR]
    ./app/(app)/timetable/page.tsx [Server Component] @ http://localhost:3000/_next/static/chunks/node_modules_next_dist_0u_w_5s._.js:1945
[    7161ms] [ERROR] ./app/(app)/timetable/page.tsx:245:21
Expected '</', got 'const'
  243 |                         ? cell.classes?.class_name || cell.class_name || cell.class_id
  244 |                         : cell.subjects?.subject_name || cell.subject_name || ''
> 245 |                     const sc = cell && subj ? subjectColor(subj as string) : null
      |                     ^^^^^
  246 |                     const isEmpty = !cell || !subj
  247 |
  248 |                     return (

Parsing ecmascript source code failed

Import traces:
  Client Component Browser:
    ./app/(app)/timetable/page.tsx [Client Component Browser]
    ./app/(app)/timetable/page.tsx [Server Component]

  Client Component SSR:
    ./app/(app)/timetable/page.tsx [Client Component SSR]
    ./app/(app)/timetable/page.tsx [Server Component] @ http://localhost:3000/_next/static/chunks/node_modules_next_dist_0u_w_5s._.js:1945
[    7218ms] [ERROR] ./app/(app)/timetable/page.tsx:245:21
Expected '</', got 'const'
  243 |                         ? cell.classes?.class_name || cell.class_name || cell.class_id
  244 |                         : cell.subjects?.subject_name || cell.subject_name || ''
> 245 |                     const sc = cell && subj ? subjectColor(subj as string) : null
      |                     ^^^^^
  246 |                     const isEmpty = !cell || !subj
  247 |
  248 |                     return (

Parsing ecmascript source code failed

Import traces:
  Client Component Browser:
    ./app/(app)/timetable/page.tsx [Client Component Browser]
    ./app/(app)/timetable/page.tsx [Server Component]

  Client Component SSR:
    ./app/(app)/timetable/page.tsx [Client Component SSR]
    ./app/(app)/timetable/page.tsx [Server Component] @ http://localhost:3000/_next/static/chunks/node_modules_next_dist_0u_w_5s._.js:1945
[    7257ms] [ERROR] ./app/(app)/timetable/page.tsx:245:21
Expected '</', got 'const'
  243 |                         ? cell.classes?.class_name || cell.class_name || cell.class_id
  244 |                         : cell.subjects?.subject_name || cell.subject_name || ''
> 245 |                     const sc = cell && subj ? subjectColor(subj as string) : null
      |                     ^^^^^
  246 |                     const isEmpty = !cell || !subj
  247 |
  248 |                     return (

Parsing ecmascript source code failed

Import traces:
  Client Component Browser:
    ./app/(app)/timetable/page.tsx [Client Component Browser]
    ./app/(app)/timetable/page.tsx [Server Component]

  Client Component SSR:
    ./app/(app)/timetable/page.tsx [Client Component SSR]
    ./app/(app)/timetable/page.tsx [Server Component] @ http://localhost:3000/_next/static/chunks/node_modules_next_dist_0u_w_5s._.js:1945
[    7309ms] [ERROR] ./app/(app)/timetable/page.tsx:245:21
Expected '</', got 'const'
  243 |                         ? cell.classes?.class_name || cell.class_name || cell.class_id
  244 |                         : cell.subjects?.subject_name || cell.subject_name || ''
> 245 |                     const sc = cell && subj ? subjectColor(subj as string) : null
      |                     ^^^^^
  246 |                     const isEmpty = !cell || !subj
  247 |
  248 |                     return (

Parsing ecmascript source code failed

Import traces:
  Client Component Browser:
    ./app/(app)/timetable/page.tsx [Client Component Browser]
    ./app/(app)/timetable/page.tsx [Server Component]

  Client Component SSR:
    ./app/(app)/timetable/page.tsx [Client Component SSR]
    ./app/(app)/timetable/page.tsx [Server Component] @ http://localhost:3000/_next/static/chunks/node_modules_next_dist_0u_w_5s._.js:1945
[    7352ms] [ERROR] ./app/(app)/timetable/page.tsx:245:21
Expected '</', got 'const'
  243 |                         ? cell.classes?.class_name || cell.class_name || cell.class_id
  244 |                         : cell.subjects?.subject_name || cell.subject_name || ''
> 245 |                     const sc = cell && subj ? subjectColor(subj as string) : null
      |                     ^^^^^
  246 |                     const isEmpty = !cell || !subj
  247 |
  248 |                     return (

Parsing ecmascript source code failed

Import traces:
  Client Component Browser:
    ./app/(app)/timetable/page.tsx [Client Component Browser]
    ./app/(app)/timetable/page.tsx [Server Component]

  Client Component SSR:
    ./app/(app)/timetable/page.tsx [Client Component SSR]
    ./app/(app)/timetable/page.tsx [Server Component] @ http://localhost:3000/_next/static/chunks/node_modules_next_dist_0u_w_5s._.js:1945
[    7414ms] [ERROR] ./app/(app)/timetable/page.tsx:245:21
Expected '</', got 'const'
  243 |                         ? cell.classes?.class_name || cell.class_name || cell.class_id
  244 |                         : cell.subjects?.subject_name || cell.subject_name || ''
> 245 |                     const sc = cell && subj ? subjectColor(subj as string) : null
      |                     ^^^^^
  246 |                     const isEmpty = !cell || !subj
  247 |
  248 |                     return (

Parsing ecmascript source code failed

Import traces:
  Client Component Browser:
    ./app/(app)/timetable/page.tsx [Client Component Browser]
    ./app/(app)/timetable/page.tsx [Server Component]

  Client Component SSR:
    ./app/(app)/timetable/page.tsx [Client Component SSR]
    ./app/(app)/timetable/page.tsx [Server Component] @ http://localhost:3000/_next/static/chunks/node_modules_next_dist_0u_w_5s._.js:1945
[    7469ms] [ERROR] ./app/(app)/timetable/page.tsx:245:21
Expected '</', got 'const'
  243 |                         ? cell.classes?.class_name || cell.class_name || cell.class_id
  244 |                         : cell.subjects?.subject_name || cell.subject_name || ''
> 245 |                     const sc = cell && subj ? subjectColor(subj as string) : null
      |                     ^^^^^
  246 |                     const isEmpty = !cell || !subj
  247 |
  248 |                     return (

Parsing ecmascript source code failed

Import traces:
  Client Component Browser:
    ./app/(app)/timetable/page.tsx [Client Component Browser]
    ./app/(app)/timetable/page.tsx [Server Component]

  Client Component SSR:
    ./app/(app)/timetable/page.tsx [Client Component SSR]
    ./app/(app)/timetable/page.tsx [Server Component] @ http://localhost:3000/_next/static/chunks/node_modules_next_dist_0u_w_5s._.js:1945
[    7530ms] [ERROR] ./app/(app)/timetable/page.tsx:245:21
Expected '</', got 'const'
  243 |                         ? cell.classes?.class_name || cell.class_name || cell.class_id
  244 |                         : cell.subjects?.subject_name || cell.subject_name || ''
> 245 |                     const sc = cell && subj ? subjectColor(subj as string) : null
      |                     ^^^^^
  246 |                     const isEmpty = !cell || !subj
  247 |
  248 |                     return (

Parsing ecmascript source code failed

Import traces:
  Client Component Browser:
    ./app/(app)/timetable/page.tsx [Client Component Browser]
    ./app/(app)/timetable/page.tsx [Server Component]

  Client Component SSR:
    ./app/(app)/timetable/page.tsx [Client Component SSR]
    ./app/(app)/timetable/page.tsx [Server Component] @ http://localhost:3000/_next/static/chunks/node_modules_next_dist_0u_w_5s._.js:1945
[    7587ms] [ERROR] ./app/(app)/timetable/page.tsx:245:21
Expected '</', got 'const'
  243 |                         ? cell.classes?.class_name || cell.class_name || cell.class_id
  244 |                         : cell.subjects?.subject_name || cell.subject_name || ''
> 245 |                     const sc = cell && subj ? subjectColor(subj as string) : null
      |                     ^^^^^
  246 |                     const isEmpty = !cell || !subj
  247 |
  248 |                     return (

Parsing ecmascript source code failed

Import traces:
  Client Component Browser:
    ./app/(app)/timetable/page.tsx [Client Component Browser]
    ./app/(app)/timetable/page.tsx [Server Component]

  Client Component SSR:
    ./app/(app)/timetable/page.tsx [Client Component SSR]
    ./app/(app)/timetable/page.tsx [Server Component] @ http://localhost:3000/_next/static/chunks/node_modules_next_dist_0u_w_5s._.js:1945
[    7630ms] [ERROR] ./app/(app)/timetable/page.tsx:245:21
Expected '</', got 'const'
  243 |                         ? cell.classes?.class_name || cell.class_name || cell.class_id
  244 |                         : cell.subjects?.subject_name || cell.subject_name || ''
> 245 |                     const sc = cell && subj ? subjectColor(subj as string) : null
      |                     ^^^^^
  246 |                     const isEmpty = !cell || !subj
  247 |
  248 |                     return (

Parsing ecmascript source code failed

Import traces:
  Client Component Browser:
    ./app/(app)/timetable/page.tsx [Client Component Browser]
    ./app/(app)/timetable/page.tsx [Server Component]

  Client Component SSR:
    ./app/(app)/timetable/page.tsx [Client Component SSR]
    ./app/(app)/timetable/page.tsx [Server Component] @ http://localhost:3000/_next/static/chunks/node_modules_next_dist_0u_w_5s._.js:1945
[    7693ms] [ERROR] ./app/(app)/timetable/page.tsx:245:21
Expected '</', got 'const'
  243 |                         ? cell.classes?.class_name || cell.class_name || cell.class_id
  244 |                         : cell.subjects?.subject_name || cell.subject_name || ''
> 245 |                     const sc = cell && subj ? subjectColor(subj as string) : null
      |                     ^^^^^
  246 |                     const isEmpty = !cell || !subj
  247 |
  248 |                     return (

Parsing ecmascript source code failed

Import traces:
  Client Component Browser:
    ./app/(app)/timetable/page.tsx [Client Component Browser]
    ./app/(app)/timetable/page.tsx [Server Component]

  Client Component SSR:
    ./app/(app)/timetable/page.tsx [Client Component SSR]
    ./app/(app)/timetable/page.tsx [Server Component] @ http://localhost:3000/_next/static/chunks/node_modules_next_dist_0u_w_5s._.js:1945
[    7742ms] [ERROR] ./app/(app)/timetable/page.tsx:245:21
Expected '</', got 'const'
  243 |                         ? cell.classes?.class_name || cell.class_name || cell.class_id
  244 |                         : cell.subjects?.subject_name || cell.subject_name || ''
> 245 |                     const sc = cell && subj ? subjectColor(subj as string) : null
      |                     ^^^^^
  246 |                     const isEmpty = !cell || !subj
  247 |
  248 |                     return (

Parsing ecmascript source code failed

Import traces:
  Client Component Browser:
    ./app/(app)/timetable/page.tsx [Client Component Browser]
    ./app/(app)/timetable/page.tsx [Server Component]

  Client Component SSR:
    ./app/(app)/timetable/page.tsx [Client Component SSR]
    ./app/(app)/timetable/page.tsx [Server Component] @ http://localhost:3000/_next/static/chunks/node_modules_next_dist_0u_w_5s._.js:1945
[    7802ms] [ERROR] ./app/(app)/timetable/page.tsx:245:21
Expected '</', got 'const'
  243 |                         ? cell.classes?.class_name || cell.class_name || cell.class_id
  244 |                         : cell.subjects?.subject_name || cell.subject_name || ''
> 245 |                     const sc = cell && subj ? subjectColor(subj as string) : null
      |                     ^^^^^
  246 |                     const isEmpty = !cell || !subj
  247 |
  248 |                     return (

Parsing ecmascript source code failed

Import traces:
  Client Component Browser:
    ./app/(app)/timetable/page.tsx [Client Component Browser]
    ./app/(app)/timetable/page.tsx [Server Component]

  Client Component SSR:
    ./app/(app)/timetable/page.tsx [Client Component SSR]
    ./app/(app)/timetable/page.tsx [Server Component] @ http://localhost:3000/_next/static/chunks/node_modules_next_dist_0u_w_5s._.js:1945
[    7864ms] [ERROR] ./app/(app)/timetable/page.tsx:245:21
Expected '</', got 'const'
  243 |                         ? cell.classes?.class_name || cell.class_name || cell.class_id
  244 |                         : cell.subjects?.subject_name || cell.subject_name || ''
> 245 |                     const sc = cell && subj ? subjectColor(subj as string) : null
      |                     ^^^^^
  246 |                     const isEmpty = !cell || !subj
  247 |
  248 |                     return (

Parsing ecmascript source code failed

Import traces:
  Client Component Browser:
    ./app/(app)/timetable/page.tsx [Client Component Browser]
    ./app/(app)/timetable/page.tsx [Server Component]

  Client Component SSR:
    ./app/(app)/timetable/page.tsx [Client Component SSR]
    ./app/(app)/timetable/page.tsx [Server Component] @ http://localhost:3000/_next/static/chunks/node_modules_next_dist_0u_w_5s._.js:1945
[    7924ms] [ERROR] ./app/(app)/timetable/page.tsx:245:21
Expected '</', got 'const'
  243 |                         ? cell.classes?.class_name || cell.class_name || cell.class_id
  244 |                         : cell.subjects?.subject_name || cell.subject_name || ''
> 245 |                     const sc = cell && subj ? subjectColor(subj as string) : null
      |                     ^^^^^
  246 |                     const isEmpty = !cell || !subj
  247 |
  248 |                     return (

Parsing ecmascript source code failed

Import traces:
  Client Component Browser:
    ./app/(app)/timetable/page.tsx [Client Component Browser]
    ./app/(app)/timetable/page.tsx [Server Component]

  Client Component SSR:
    ./app/(app)/timetable/page.tsx [Client Component SSR]
    ./app/(app)/timetable/page.tsx [Server Component] @ http://localhost:3000/_next/static/chunks/node_modules_next_dist_0u_w_5s._.js:1945
[    7977ms] [ERROR] ./app/(app)/timetable/page.tsx:245:21
Expected '</', got 'const'
  243 |                         ? cell.classes?.class_name || cell.class_name || cell.class_id
  244 |                         : cell.subjects?.subject_name || cell.subject_name || ''
> 245 |                     const sc = cell && subj ? subjectColor(subj as string) : null
      |                     ^^^^^
  246 |                     const isEmpty = !cell || !subj
  247 |
  248 |                     return (

Parsing ecmascript source code failed

Import traces:
  Client Component Browser:
    ./app/(app)/timetable/page.tsx [Client Component Browser]
    ./app/(app)/timetable/page.tsx [Server Component]

  Client Component SSR:
    ./app/(app)/timetable/page.tsx [Client Component SSR]
    ./app/(app)/timetable/page.tsx [Server Component] @ http://localhost:3000/_next/static/chunks/node_modules_next_dist_0u_w_5s._.js:1945
[    8032ms] [ERROR] ./app/(app)/timetable/page.tsx:245:21
Expected '</', got 'const'
  243 |                         ? cell.classes?.class_name || cell.class_name || cell.class_id
  244 |                         : cell.subjects?.subject_name || cell.subject_name || ''
> 245 |                     const sc = cell && subj ? subjectColor(subj as string) : null
      |                     ^^^^^
  246 |                     const isEmpty = !cell || !subj
  247 |
  248 |                     return (

Parsing ecmascript source code failed

Import traces:
  Client Component Browser:
    ./app/(app)/timetable/page.tsx [Client Component Browser]
    ./app/(app)/timetable/page.tsx [Server Component]

  Client Component SSR:
    ./app/(app)/timetable/page.tsx [Client Component SSR]
    ./app/(app)/timetable/page.tsx [Server Component] @ http://localhost:3000/_next/static/chunks/node_modules_next_dist_0u_w_5s._.js:1945
[    8094ms] [ERROR] ./app/(app)/timetable/page.tsx:245:21
Expected '</', got 'const'
  243 |                         ? cell.classes?.class_name || cell.class_name || cell.class_id
  244 |                         : cell.subjects?.subject_name || cell.subject_name || ''
> 245 |                     const sc = cell && subj ? subjectColor(subj as string) : null
      |                     ^^^^^
  246 |                     const isEmpty = !cell || !subj
  247 |
  248 |                     return (

Parsing ecmascript source code failed

Import traces:
  Client Component Browser:
    ./app/(app)/timetable/page.tsx [Client Component Browser]
    ./app/(app)/timetable/page.tsx [Server Component]

  Client Component SSR:
    ./app/(app)/timetable/page.tsx [Client Component SSR]
    ./app/(app)/timetable/page.tsx [Server Component] @ http://localhost:3000/_next/static/chunks/node_modules_next_dist_0u_w_5s._.js:1945
[    8158ms] [ERROR] ./app/(app)/timetable/page.tsx:245:21
Expected '</', got 'const'
  243 |                         ? cell.classes?.class_name || cell.class_name || cell.class_id
  244 |                         : cell.subjects?.subject_name || cell.subject_name || ''
> 245 |                     const sc = cell && subj ? subjectColor(subj as string) : null
      |                     ^^^^^
  246 |                     const isEmpty = !cell || !subj
  247 |
  248 |                     return (

Parsing ecmascript source code failed

Import traces:
  Client Component Browser:
    ./app/(app)/timetable/page.tsx [Client Component Browser]
    ./app/(app)/timetable/page.tsx [Server Component]

  Client Component SSR:
    ./app/(app)/timetable/page.tsx [Client Component SSR]
    ./app/(app)/timetable/page.tsx [Server Component] @ http://localhost:3000/_next/static/chunks/node_modules_next_dist_0u_w_5s._.js:1945
[    8203ms] [ERROR] ./app/(app)/timetable/page.tsx:245:21
Expected '</', got 'const'
  243 |                         ? cell.classes?.class_name || cell.class_name || cell.class_id
  244 |                         : cell.subjects?.subject_name || cell.subject_name || ''
> 245 |                     const sc = cell && subj ? subjectColor(subj as string) : null
      |                     ^^^^^
  246 |                     const isEmpty = !cell || !subj
  247 |
  248 |                     return (

Parsing ecmascript source code failed

Import traces:
  Client Component Browser:
    ./app/(app)/timetable/page.tsx [Client Component Browser]
    ./app/(app)/timetable/page.tsx [Server Component]

  Client Component SSR:
    ./app/(app)/timetable/page.tsx [Client Component SSR]
    ./app/(app)/timetable/page.tsx [Server Component] @ http://localhost:3000/_next/static/chunks/node_modules_next_dist_0u_w_5s._.js:1945
[    8266ms] [ERROR] ./app/(app)/timetable/page.tsx:245:21
Expected '</', got 'const'
  243 |                         ? cell.classes?.class_name || cell.class_name || cell.class_id
  244 |                         : cell.subjects?.subject_name || cell.subject_name || ''
> 245 |                     const sc = cell && subj ? subjectColor(subj as string) : null
      |                     ^^^^^
  246 |                     const isEmpty = !cell || !subj
  247 |
  248 |                     return (

Parsing ecmascript source code failed

Import traces:
  Client Component Browser:
    ./app/(app)/timetable/page.tsx [Client Component Browser]
    ./app/(app)/timetable/page.tsx [Server Component]

  Client Component SSR:
    ./app/(app)/timetable/page.tsx [Client Component SSR]
    ./app/(app)/timetable/page.tsx [Server Component] @ http://localhost:3000/_next/static/chunks/node_modules_next_dist_0u_w_5s._.js:1945
[    8318ms] [ERROR] ./app/(app)/timetable/page.tsx:245:21
Expected '</', got 'const'
  243 |                         ? cell.classes?.class_name || cell.class_name || cell.class_id
  244 |                         : cell.subjects?.subject_name || cell.subject_name || ''
> 245 |                     const sc = cell && subj ? subjectColor(subj as string) : null
      |                     ^^^^^
  246 |                     const isEmpty = !cell || !subj
  247 |
  248 |                     return (

Parsing ecmascript source code failed

Import traces:
  Client Component Browser:
    ./app/(app)/timetable/page.tsx [Client Component Browser]
    ./app/(app)/timetable/page.tsx [Server Component]

  Client Component SSR:
    ./app/(app)/timetable/page.tsx [Client Component SSR]
    ./app/(app)/timetable/page.tsx [Server Component] @ http://localhost:3000/_next/static/chunks/node_modules_next_dist_0u_w_5s._.js:1945
[    8380ms] [ERROR] ./app/(app)/timetable/page.tsx:245:21
Expected '</', got 'const'
  243 |                         ? cell.classes?.class_name || cell.class_name || cell.class_id
  244 |                         : cell.subjects?.subject_name || cell.subject_name || ''
> 245 |                     const sc = cell && subj ? subjectColor(subj as string) : null
      |                     ^^^^^
  246 |                     const isEmpty = !cell || !subj
  247 |
  248 |                     return (

Parsing ecmascript source code failed

Import traces:
  Client Component Browser:
    ./app/(app)/timetable/page.tsx [Client Component Browser]
    ./app/(app)/timetable/page.tsx [Server Component]

  Client Component SSR:
    ./app/(app)/timetable/page.tsx [Client Component SSR]
    ./app/(app)/timetable/page.tsx [Server Component] @ http://localhost:3000/_next/static/chunks/node_modules_next_dist_0u_w_5s._.js:1945
[    8432ms] [ERROR] ./app/(app)/timetable/page.tsx:245:21
Expected '</', got 'const'
  243 |                         ? cell.classes?.class_name || cell.class_name || cell.class_id
  244 |                         : cell.subjects?.subject_name || cell.subject_name || ''
> 245 |                     const sc = cell && subj ? subjectColor(subj as string) : null
      |                     ^^^^^
  246 |                     const isEmpty = !cell || !subj
  247 |
  248 |                     return (

Parsing ecmascript source code failed

Import traces:
  Client Component Browser:
    ./app/(app)/timetable/page.tsx [Client Component Browser]
    ./app/(app)/timetable/page.tsx [Server Component]

  Client Component SSR:
    ./app/(app)/timetable/page.tsx [Client Component SSR]
    ./app/(app)/timetable/page.tsx [Server Component] @ http://localhost:3000/_next/static/chunks/node_modules_next_dist_0u_w_5s._.js:1945
[    8485ms] [ERROR] ./app/(app)/timetable/page.tsx:245:21
Expected '</', got 'const'
  243 |                         ? cell.classes?.class_name || cell.class_name || cell.class_id
  244 |                         : cell.subjects?.subject_name || cell.subject_name || ''
> 245 |                     const sc = cell && subj ? subjectColor(subj as string) : null
      |                     ^^^^^
  246 |                     const isEmpty = !cell || !subj
  247 |
  248 |                     return (

Parsing ecmascript source code failed

Import traces:
  Client Component Browser:
    ./app/(app)/timetable/page.tsx [Client Component Browser]
    ./app/(app)/timetable/page.tsx [Server Component]

  Client Component SSR:
    ./app/(app)/timetable/page.tsx [Client Component SSR]
    ./app/(app)/timetable/page.tsx [Server Component] @ http://localhost:3000/_next/static/chunks/node_modules_next_dist_0u_w_5s._.js:1945
[    8536ms] [ERROR] ./app/(app)/timetable/page.tsx:245:21
Expected '</', got 'const'
  243 |                         ? cell.classes?.class_name || cell.class_name || cell.class_id
  244 |                         : cell.subjects?.subject_name || cell.subject_name || ''
> 245 |                     const sc = cell && subj ? subjectColor(subj as string) : null
      |                     ^^^^^
  246 |                     const isEmpty = !cell || !subj
  247 |
  248 |                     return (

Parsing ecmascript source code failed

Import traces:
  Client Component Browser:
    ./app/(app)/timetable/page.tsx [Client Component Browser]
    ./app/(app)/timetable/page.tsx [Server Component]

  Client Component SSR:
    ./app/(app)/timetable/page.tsx [Client Component SSR]
    ./app/(app)/timetable/page.tsx [Server Component] @ http://localhost:3000/_next/static/chunks/node_modules_next_dist_0u_w_5s._.js:1945
[    8592ms] [ERROR] ./app/(app)/timetable/page.tsx:245:21
Expected '</', got 'const'
  243 |                         ? cell.classes?.class_name || cell.class_name || cell.class_id
  244 |                         : cell.subjects?.subject_name || cell.subject_name || ''
> 245 |                     const sc = cell && subj ? subjectColor(subj as string) : null
      |                     ^^^^^
  246 |                     const isEmpty = !cell || !subj
  247 |
  248 |                     return (

Parsing ecmascript source code failed

Import traces:
  Client Component Browser:
    ./app/(app)/timetable/page.tsx [Client Component Browser]
    ./app/(app)/timetable/page.tsx [Server Component]

  Client Component SSR:
    ./app/(app)/timetable/page.tsx [Client Component SSR]
    ./app/(app)/timetable/page.tsx [Server Component] @ http://localhost:3000/_next/static/chunks/node_modules_next_dist_0u_w_5s._.js:1945
[    8654ms] [ERROR] ./app/(app)/timetable/page.tsx:245:21
Expected '</', got 'const'
  243 |                         ? cell.classes?.class_name || cell.class_name || cell.class_id
  244 |                         : cell.subjects?.subject_name || cell.subject_name || ''
> 245 |                     const sc = cell && subj ? subjectColor(subj as string) : null
      |                     ^^^^^
  246 |                     const isEmpty = !cell || !subj
  247 |
  248 |                     return (

Parsing ecmascript source code failed

Import traces:
  Client Component Browser:
    ./app/(app)/timetable/page.tsx [Client Component Browser]
    ./app/(app)/timetable/page.tsx [Server Component]

  Client Component SSR:
    ./app/(app)/timetable/page.tsx [Client Component SSR]
    ./app/(app)/timetable/page.tsx [Server Component] @ http://localhost:3000/_next/static/chunks/node_modules_next_dist_0u_w_5s._.js:1945
[    8713ms] [ERROR] ./app/(app)/timetable/page.tsx:245:21
Expected '</', got 'const'
  243 |                         ? cell.classes?.class_name || cell.class_name || cell.class_id
  244 |                         : cell.subjects?.subject_name || cell.subject_name || ''
> 245 |                     const sc = cell && subj ? subjectColor(subj as string) : null
      |                     ^^^^^
  246 |                     const isEmpty = !cell || !subj
  247 |
  248 |                     return (

Parsing ecmascript source code failed

Import traces:
  Client Component Browser:
    ./app/(app)/timetable/page.tsx [Client Component Browser]
    ./app/(app)/timetable/page.tsx [Server Component]

  Client Component SSR:
    ./app/(app)/timetable/page.tsx [Client Component SSR]
    ./app/(app)/timetable/page.tsx [Server Component] @ http://localhost:3000/_next/static/chunks/node_modules_next_dist_0u_w_5s._.js:1945
[    8775ms] [ERROR] ./app/(app)/timetable/page.tsx:245:21
Expected '</', got 'const'
  243 |                         ? cell.classes?.class_name || cell.class_name || cell.class_id
  244 |                         : cell.subjects?.subject_name || cell.subject_name || ''
> 245 |                     const sc = cell && subj ? subjectColor(subj as string) : null
      |                     ^^^^^
  246 |                     const isEmpty = !cell || !subj
  247 |
  248 |                     return (

Parsing ecmascript source code failed

Import traces:
  Client Component Browser:
    ./app/(app)/timetable/page.tsx [Client Component Browser]
    ./app/(app)/timetable/page.tsx [Server Component]

  Client Component SSR:
    ./app/(app)/timetable/page.tsx [Client Component SSR]
    ./app/(app)/timetable/page.tsx [Server Component] @ http://localhost:3000/_next/static/chunks/node_modules_next_dist_0u_w_5s._.js:1945
[    8831ms] [ERROR] ./app/(app)/timetable/page.tsx:245:21
Expected '</', got 'const'
  243 |                         ? cell.classes?.class_name || cell.class_name || cell.class_id
  244 |                         : cell.subjects?.subject_name || cell.subject_name || ''
> 245 |                     const sc = cell && subj ? subjectColor(subj as string) : null
      |                     ^^^^^
  246 |                     const isEmpty = !cell || !subj
  247 |
  248 |                     return (

Parsing ecmascript source code failed

Import traces:
  Client Component Browser:
    ./app/(app)/timetable/page.tsx [Client Component Browser]
    ./app/(app)/timetable/page.tsx [Server Component]

  Client Component SSR:
    ./app/(app)/timetable/page.tsx [Client Component SSR]
    ./app/(app)/timetable/page.tsx [Server Component] @ http://localhost:3000/_next/static/chunks/node_modules_next_dist_0u_w_5s._.js:1945
[    8894ms] [ERROR] ./app/(app)/timetable/page.tsx:245:21
Expected '</', got 'const'
  243 |                         ? cell.classes?.class_name || cell.class_name || cell.class_id
  244 |                         : cell.subjects?.subject_name || cell.subject_name || ''
> 245 |                     const sc = cell && subj ? subjectColor(subj as string) : null
      |                     ^^^^^
  246 |                     const isEmpty = !cell || !subj
  247 |
  248 |                     return (

Parsing ecmascript source code failed

Import traces:
  Client Component Browser:
    ./app/(app)/timetable/page.tsx [Client Component Browser]
    ./app/(app)/timetable/page.tsx [Server Component]

  Client Component SSR:
    ./app/(app)/timetable/page.tsx [Client Component SSR]
    ./app/(app)/timetable/page.tsx [Server Component] @ http://localhost:3000/_next/static/chunks/node_modules_next_dist_0u_w_5s._.js:1945
[    8948ms] [ERROR] ./app/(app)/timetable/page.tsx:245:21
Expected '</', got 'const'
  243 |                         ? cell.classes?.class_name || cell.class_name || cell.class_id
  244 |                         : cell.subjects?.subject_name || cell.subject_name || ''
> 245 |                     const sc = cell && subj ? subjectColor(subj as string) : null
      |                     ^^^^^
  246 |                     const isEmpty = !cell || !subj
  247 |
  248 |                     return (

Parsing ecmascript source code failed

Import traces:
  Client Component Browser:
    ./app/(app)/timetable/page.tsx [Client Component Browser]
    ./app/(app)/timetable/page.tsx [Server Component]

  Client Component SSR:
    ./app/(app)/timetable/page.tsx [Client Component SSR]
    ./app/(app)/timetable/page.tsx [Server Component] @ http://localhost:3000/_next/static/chunks/node_modules_next_dist_0u_w_5s._.js:1945
[    9005ms] [ERROR] ./app/(app)/timetable/page.tsx:245:21
Expected '</', got 'const'
  243 |                         ? cell.classes?.class_name || cell.class_name || cell.class_id
  244 |                         : cell.subjects?.subject_name || cell.subject_name || ''
> 245 |                     const sc = cell && subj ? subjectColor(subj as string) : null
      |                     ^^^^^
  246 |                     const isEmpty = !cell || !subj
  247 |
  248 |                     return (

Parsing ecmascript source code failed

Import traces:
  Client Component Browser:
    ./app/(app)/timetable/page.tsx [Client Component Browser]
    ./app/(app)/timetable/page.tsx [Server Component]

  Client Component SSR:
    ./app/(app)/timetable/page.tsx [Client Component SSR]
    ./app/(app)/timetable/page.tsx [Server Component] @ http://localhost:3000/_next/static/chunks/node_modules_next_dist_0u_w_5s._.js:1945
[    9064ms] [ERROR] ./app/(app)/timetable/page.tsx:245:21
Expected '</', got 'const'
  243 |                         ? cell.classes?.class_name || cell.class_name || cell.class_id
  244 |                         : cell.subjects?.subject_name || cell.subject_name || ''
> 245 |                     const sc = cell && subj ? subjectColor(subj as string) : null
      |                     ^^^^^
  246 |                     const isEmpty = !cell || !subj
  247 |
  248 |                     return (

Parsing ecmascript source code failed

Import traces:
  Client Component Browser:
    ./app/(app)/timetable/page.tsx [Client Component Browser]
    ./app/(app)/timetable/page.tsx [Server Component]

  Client Component SSR:
    ./app/(app)/timetable/page.tsx [Client Component SSR]
    ./app/(app)/timetable/page.tsx [Server Component] @ http://localhost:3000/_next/static/chunks/node_modules_next_dist_0u_w_5s._.js:1945
[    9122ms] [ERROR] ./app/(app)/timetable/page.tsx:245:21
Expected '</', got 'const'
  243 |                         ? cell.classes?.class_name || cell.class_name || cell.class_id
  244 |                         : cell.subjects?.subject_name || cell.subject_name || ''
> 245 |                     const sc = cell && subj ? subjectColor(subj as string) : null
      |                     ^^^^^
  246 |                     const isEmpty = !cell || !subj
  247 |
  248 |                     return (

Parsing ecmascript source code failed

Import traces:
  Client Component Browser:
    ./app/(app)/timetable/page.tsx [Client Component Browser]
    ./app/(app)/timetable/page.tsx [Server Component]

  Client Component SSR:
    ./app/(app)/timetable/page.tsx [Client Component SSR]
    ./app/(app)/timetable/page.tsx [Server Component] @ http://localhost:3000/_next/static/chunks/node_modules_next_dist_0u_w_5s._.js:1945
[    9183ms] [ERROR] ./app/(app)/timetable/page.tsx:245:21
Expected '</', got 'const'
  243 |                         ? cell.classes?.class_name || cell.class_name || cell.class_id
  244 |                         : cell.subjects?.subject_name || cell.subject_name || ''
> 245 |                     const sc = cell && subj ? subjectColor(subj as string) : null
      |                     ^^^^^
  246 |                     const isEmpty = !cell || !subj
  247 |
  248 |                     return (

Parsing ecmascript source code failed

Import traces:
  Client Component Browser:
    ./app/(app)/timetable/page.tsx [Client Component Browser]
    ./app/(app)/timetable/page.tsx [Server Component]

  Client Component SSR:
    ./app/(app)/timetable/page.tsx [Client Component SSR]
    ./app/(app)/timetable/page.tsx [Server Component] @ http://localhost:3000/_next/static/chunks/node_modules_next_dist_0u_w_5s._.js:1945
[    9242ms] [ERROR] ./app/(app)/timetable/page.tsx:245:21
Expected '</', got 'const'
  243 |                         ? cell.classes?.class_name || cell.class_name || cell.class_id
  244 |                         : cell.subjects?.subject_name || cell.subject_name || ''
> 245 |                     const sc = cell && subj ? subjectColor(subj as string) : null
      |                     ^^^^^
  246 |                     const isEmpty = !cell || !subj
  247 |
  248 |                     return (

Parsing ecmascript source code failed

Import traces:
  Client Component Browser:
    ./app/(app)/timetable/page.tsx [Client Component Browser]
    ./app/(app)/timetable/page.tsx [Server Component]

  Client Component SSR:
    ./app/(app)/timetable/page.tsx [Client Component SSR]
    ./app/(app)/timetable/page.tsx [Server Component] @ http://localhost:3000/_next/static/chunks/node_modules_next_dist_0u_w_5s._.js:1945
[    9302ms] [ERROR] ./app/(app)/timetable/page.tsx:245:21
Expected '</', got 'const'
  243 |                         ? cell.classes?.class_name || cell.class_name || cell.class_id
  244 |                         : cell.subjects?.subject_name || cell.subject_name || ''
> 245 |                     const sc = cell && subj ? subjectColor(subj as string) : null
      |                     ^^^^^
  246 |                     const isEmpty = !cell || !subj
  247 |
  248 |                     return (

Parsing ecmascript source code failed

Import traces:
  Client Component Browser:
    ./app/(app)/timetable/page.tsx [Client Component Browser]
    ./app/(app)/timetable/page.tsx [Server Component]

  Client Component SSR:
    ./app/(app)/timetable/page.tsx [Client Component SSR]
    ./app/(app)/timetable/page.tsx [Server Component] @ http://localhost:3000/_next/static/chunks/node_modules_next_dist_0u_w_5s._.js:1945
[    9365ms] [ERROR] ./app/(app)/timetable/page.tsx:245:21
Expected '</', got 'const'
  243 |                         ? cell.classes?.class_name || cell.class_name || cell.class_id
  244 |                         : cell.subjects?.subject_name || cell.subject_name || ''
> 245 |                     const sc = cell && subj ? subjectColor(subj as string) : null
      |                     ^^^^^
  246 |                     const isEmpty = !cell || !subj
  247 |
  248 |                     return (

Parsing ecmascript source code failed

Import traces:
  Client Component Browser:
    ./app/(app)/timetable/page.tsx [Client Component Browser]
    ./app/(app)/timetable/page.tsx [Server Component]

  Client Component SSR:
    ./app/(app)/timetable/page.tsx [Client Component SSR]
    ./app/(app)/timetable/page.tsx [Server Component] @ http://localhost:3000/_next/static/chunks/node_modules_next_dist_0u_w_5s._.js:1945
[    9416ms] [ERROR] ./app/(app)/timetable/page.tsx:245:21
Expected '</', got 'const'
  243 |                         ? cell.classes?.class_name || cell.class_name || cell.class_id
  244 |                         : cell.subjects?.subject_name || cell.subject_name || ''
> 245 |                     const sc = cell && subj ? subjectColor(subj as string) : null
      |                     ^^^^^
  246 |                     const isEmpty = !cell || !subj
  247 |
  248 |                     return (

Parsing ecmascript source code failed

Import traces:
  Client Component Browser:
    ./app/(app)/timetable/page.tsx [Client Component Browser]
    ./app/(app)/timetable/page.tsx [Server Component]

  Client Component SSR:
    ./app/(app)/timetable/page.tsx [Client Component SSR]
    ./app/(app)/timetable/page.tsx [Server Component] @ http://localhost:3000/_next/static/chunks/node_modules_next_dist_0u_w_5s._.js:1945
[    9469ms] [ERROR] ./app/(app)/timetable/page.tsx:245:21
Expected '</', got 'const'
  243 |                         ? cell.classes?.class_name || cell.class_name || cell.class_id
  244 |                         : cell.subjects?.subject_name || cell.subject_name || ''
> 245 |                     const sc = cell && subj ? subjectColor(subj as string) : null
      |                     ^^^^^
  246 |                     const isEmpty = !cell || !subj
  247 |
  248 |                     return (

Parsing ecmascript source code failed

Import traces:
  Client Component Browser:
    ./app/(app)/timetable/page.tsx [Client Component Browser]
    ./app/(app)/timetable/page.tsx [Server Component]

  Client Component SSR:
    ./app/(app)/timetable/page.tsx [Client Component SSR]
    ./app/(app)/timetable/page.tsx [Server Component] @ http://localhost:3000/_next/static/chunks/node_modules_next_dist_0u_w_5s._.js:1945
[    9511ms] [ERROR] ./app/(app)/timetable/page.tsx:245:21
Expected '</', got 'const'
  243 |                         ? cell.classes?.class_name || cell.class_name || cell.class_id
  244 |                         : cell.subjects?.subject_name || cell.subject_name || ''
> 245 |                     const sc = cell && subj ? subjectColor(subj as string) : null
      |                     ^^^^^
  246 |                     const isEmpty = !cell || !subj
  247 |
  248 |                     return (

Parsing ecmascript source code failed

Import traces:
  Client Component Browser:
    ./app/(app)/timetable/page.tsx [Client Component Browser]
    ./app/(app)/timetable/page.tsx [Server Component]

  Client Component SSR:
    ./app/(app)/timetable/page.tsx [Client Component SSR]
    ./app/(app)/timetable/page.tsx [Server Component] @ http://localhost:3000/_next/static/chunks/node_modules_next_dist_0u_w_5s._.js:1945
[    9567ms] [ERROR] ./app/(app)/timetable/page.tsx:245:21
Expected '</', got 'const'
  243 |                         ? cell.classes?.class_name || cell.class_name || cell.class_id
  244 |                         : cell.subjects?.subject_name || cell.subject_name || ''
> 245 |                     const sc = cell && subj ? subjectColor(subj as string) : null
      |                     ^^^^^
  246 |                     const isEmpty = !cell || !subj
  247 |
  248 |                     return (

Parsing ecmascript source code failed

Import traces:
  Client Component Browser:
    ./app/(app)/timetable/page.tsx [Client Component Browser]
    ./app/(app)/timetable/page.tsx [Server Component]

  Client Component SSR:
    ./app/(app)/timetable/page.tsx [Client Component SSR]
    ./app/(app)/timetable/page.tsx [Server Component] @ http://localhost:3000/_next/static/chunks/node_modules_next_dist_0u_w_5s._.js:1945
[    9618ms] [ERROR] ./app/(app)/timetable/page.tsx:245:21
Expected '</', got 'const'
  243 |                         ? cell.classes?.class_name || cell.class_name || cell.class_id
  244 |                         : cell.subjects?.subject_name || cell.subject_name || ''
> 245 |                     const sc = cell && subj ? subjectColor(subj as string) : null
      |                     ^^^^^
  246 |                     const isEmpty = !cell || !subj
  247 |
  248 |                     return (

Parsing ecmascript source code failed

Import traces:
  Client Component Browser:
    ./app/(app)/timetable/page.tsx [Client Component Browser]
    ./app/(app)/timetable/page.tsx [Server Component]

  Client Component SSR:
    ./app/(app)/timetable/page.tsx [Client Component SSR]
    ./app/(app)/timetable/page.tsx [Server Component] @ http://localhost:3000/_next/static/chunks/node_modules_next_dist_0u_w_5s._.js:1945
[    9680ms] [ERROR] ./app/(app)/timetable/page.tsx:245:21
Expected '</', got 'const'
  243 |                         ? cell.classes?.class_name || cell.class_name || cell.class_id
  244 |                         : cell.subjects?.subject_name || cell.subject_name || ''
> 245 |                     const sc = cell && subj ? subjectColor(subj as string) : null
      |                     ^^^^^
  246 |                     const isEmpty = !cell || !subj
  247 |
  248 |                     return (

Parsing ecmascript source code failed

Import traces:
  Client Component Browser:
    ./app/(app)/timetable/page.tsx [Client Component Browser]
    ./app/(app)/timetable/page.tsx [Server Component]

  Client Component SSR:
    ./app/(app)/timetable/page.tsx [Client Component SSR]
    ./app/(app)/timetable/page.tsx [Server Component] @ http://localhost:3000/_next/static/chunks/node_modules_next_dist_0u_w_5s._.js:1945
[    9732ms] [ERROR] ./app/(app)/timetable/page.tsx:245:21
Expected '</', got 'const'
  243 |                         ? cell.classes?.class_name || cell.class_name || cell.class_id
  244 |                         : cell.subjects?.subject_name || cell.subject_name || ''
> 245 |                     const sc = cell && subj ? subjectColor(subj as string) : null
      |                     ^^^^^
  246 |                     const isEmpty = !cell || !subj
  247 |
  248 |                     return (

Parsing ecmascript source code failed

Import traces:
  Client Component Browser:
    ./app/(app)/timetable/page.tsx [Client Component Browser]
    ./app/(app)/timetable/page.tsx [Server Component]

  Client Component SSR:
    ./app/(app)/timetable/page.tsx [Client Component SSR]
    ./app/(app)/timetable/page.tsx [Server Component] @ http://localhost:3000/_next/static/chunks/node_modules_next_dist_0u_w_5s._.js:1945
[    9794ms] [ERROR] ./app/(app)/timetable/page.tsx:245:21
Expected '</', got 'const'
  243 |                         ? cell.classes?.class_name || cell.class_name || cell.class_id
  244 |                         : cell.subjects?.subject_name || cell.subject_name || ''
> 245 |                     const sc = cell && subj ? subjectColor(subj as string) : null
      |                     ^^^^^
  246 |                     const isEmpty = !cell || !subj
  247 |
  248 |                     return (

Parsing ecmascript source code failed

Import traces:
  Client Component Browser:
    ./app/(app)/timetable/page.tsx [Client Component Browser]
    ./app/(app)/timetable/page.tsx [Server Component]

  Client Component SSR:
    ./app/(app)/timetable/page.tsx [Client Component SSR]
    ./app/(app)/timetable/page.tsx [Server Component] @ http://localhost:3000/_next/static/chunks/node_modules_next_dist_0u_w_5s._.js:1945
[    9848ms] [ERROR] ./app/(app)/timetable/page.tsx:245:21
Expected '</', got 'const'
  243 |                         ? cell.classes?.class_name || cell.class_name || cell.class_id
  244 |                         : cell.subjects?.subject_name || cell.subject_name || ''
> 245 |                     const sc = cell && subj ? subjectColor(subj as string) : null
      |                     ^^^^^
  246 |                     const isEmpty = !cell || !subj
  247 |
  248 |                     return (

Parsing ecmascript source code failed

Import traces:
  Client Component Browser:
    ./app/(app)/timetable/page.tsx [Client Component Browser]
    ./app/(app)/timetable/page.tsx [Server Component]

  Client Component SSR:
    ./app/(app)/timetable/page.tsx [Client Component SSR]
    ./app/(app)/timetable/page.tsx [Server Component] @ http://localhost:3000/_next/static/chunks/node_modules_next_dist_0u_w_5s._.js:1945
[    9909ms] [ERROR] ./app/(app)/timetable/page.tsx:245:21
Expected '</', got 'const'
  243 |                         ? cell.classes?.class_name || cell.class_name || cell.class_id
  244 |                         : cell.subjects?.subject_name || cell.subject_name || ''
> 245 |                     const sc = cell && subj ? subjectColor(subj as string) : null
      |                     ^^^^^
  246 |                     const isEmpty = !cell || !subj
  247 |
  248 |                     return (

Parsing ecmascript source code failed

Import traces:
  Client Component Browser:
    ./app/(app)/timetable/page.tsx [Client Component Browser]
    ./app/(app)/timetable/page.tsx [Server Component]

  Client Component SSR:
    ./app/(app)/timetable/page.tsx [Client Component SSR]
    ./app/(app)/timetable/page.tsx [Server Component] @ http://localhost:3000/_next/static/chunks/node_modules_next_dist_0u_w_5s._.js:1945
[    9971ms] [ERROR] ./app/(app)/timetable/page.tsx:245:21
Expected '</', got 'const'
  243 |                         ? cell.classes?.class_name || cell.class_name || cell.class_id
  244 |                         : cell.subjects?.subject_name || cell.subject_name || ''
> 245 |                     const sc = cell && subj ? subjectColor(subj as string) : null
      |                     ^^^^^
  246 |                     const isEmpty = !cell || !subj
  247 |
  248 |                     return (

Parsing ecmascript source code failed

Import traces:
  Client Component Browser:
    ./app/(app)/timetable/page.tsx [Client Component Browser]
    ./app/(app)/timetable/page.tsx [Server Component]

  Client Component SSR:
    ./app/(app)/timetable/page.tsx [Client Component SSR]
    ./app/(app)/timetable/page.tsx [Server Component] @ http://localhost:3000/_next/static/chunks/node_modules_next_dist_0u_w_5s._.js:1945
[   10024ms] [ERROR] ./app/(app)/timetable/page.tsx:245:21
Expected '</', got 'const'
  243 |                         ? cell.classes?.class_name || cell.class_name || cell.class_id
  244 |                         : cell.subjects?.subject_name || cell.subject_name || ''
> 245 |                     const sc = cell && subj ? subjectColor(subj as string) : null
      |                     ^^^^^
  246 |                     const isEmpty = !cell || !subj
  247 |
  248 |                     return (

Parsing ecmascript source code failed

Import traces:
  Client Component Browser:
    ./app/(app)/timetable/page.tsx [Client Component Browser]
    ./app/(app)/timetable/page.tsx [Server Component]

  Client Component SSR:
    ./app/(app)/timetable/page.tsx [Client Component SSR]
    ./app/(app)/timetable/page.tsx [Server Component] @ http://localhost:3000/_next/static/chunks/node_modules_next_dist_0u_w_5s._.js:1945
[   10081ms] [ERROR] ./app/(app)/timetable/page.tsx:245:21
Expected '</', got 'const'
  243 |                         ? cell.classes?.class_name || cell.class_name || cell.class_id
  244 |                         : cell.subjects?.subject_name || cell.subject_name || ''
> 245 |                     const sc = cell && subj ? subjectColor(subj as string) : null
      |                     ^^^^^
  246 |                     const isEmpty = !cell || !subj
  247 |
  248 |                     return (

Parsing ecmascript source code failed

Import traces:
  Client Component Browser:
    ./app/(app)/timetable/page.tsx [Client Component Browser]
    ./app/(app)/timetable/page.tsx [Server Component]

  Client Component SSR:
    ./app/(app)/timetable/page.tsx [Client Component SSR]
    ./app/(app)/timetable/page.tsx [Server Component] @ http://localhost:3000/_next/static/chunks/node_modules_next_dist_0u_w_5s._.js:1945
[   10130ms] [ERROR] ./app/(app)/timetable/page.tsx:245:21
Expected '</', got 'const'
  243 |                         ? cell.classes?.class_name || cell.class_name || cell.class_id
  244 |                         : cell.subjects?.subject_name || cell.subject_name || ''
> 245 |                     const sc = cell && subj ? subjectColor(subj as string) : null
      |                     ^^^^^
  246 |                     const isEmpty = !cell || !subj
  247 |
  248 |                     return (

Parsing ecmascript source code failed

Import traces:
  Client Component Browser:
    ./app/(app)/timetable/page.tsx [Client Component Browser]
    ./app/(app)/timetable/page.tsx [Server Component]

  Client Component SSR:
    ./app/(app)/timetable/page.tsx [Client Component SSR]
    ./app/(app)/timetable/page.tsx [Server Component] @ http://localhost:3000/_next/static/chunks/node_modules_next_dist_0u_w_5s._.js:1945
[   10193ms] [ERROR] ./app/(app)/timetable/page.tsx:245:21
Expected '</', got 'const'
  243 |                         ? cell.classes?.class_name || cell.class_name || cell.class_id
  244 |                         : cell.subjects?.subject_name || cell.subject_name || ''
> 245 |                     const sc = cell && subj ? subjectColor(subj as string) : null
      |                     ^^^^^
  246 |                     const isEmpty = !cell || !subj
  247 |
  248 |                     return (

Parsing ecmascript source code failed

Import traces:
  Client Component Browser:
    ./app/(app)/timetable/page.tsx [Client Component Browser]
    ./app/(app)/timetable/page.tsx [Server Component]

  Client Component SSR:
    ./app/(app)/timetable/page.tsx [Client Component SSR]
    ./app/(app)/timetable/page.tsx [Server Component] @ http://localhost:3000/_next/static/chunks/node_modules_next_dist_0u_w_5s._.js:1945
[   10254ms] [ERROR] ./app/(app)/timetable/page.tsx:245:21
Expected '</', got 'const'
  243 |                         ? cell.classes?.class_name || cell.class_name || cell.class_id
  244 |                         : cell.subjects?.subject_name || cell.subject_name || ''
> 245 |                     const sc = cell && subj ? subjectColor(subj as string) : null
      |                     ^^^^^
  246 |                     const isEmpty = !cell || !subj
  247 |
  248 |                     return (

Parsing ecmascript source code failed

Import traces:
  Client Component Browser:
    ./app/(app)/timetable/page.tsx [Client Component Browser]
    ./app/(app)/timetable/page.tsx [Server Component]

  Client Component SSR:
    ./app/(app)/timetable/page.tsx [Client Component SSR]
    ./app/(app)/timetable/page.tsx [Server Component] @ http://localhost:3000/_next/static/chunks/node_modules_next_dist_0u_w_5s._.js:1945
[   10318ms] [ERROR] ./app/(app)/timetable/page.tsx:245:21
Expected '</', got 'const'
  243 |                         ? cell.classes?.class_name || cell.class_name || cell.class_id
  244 |                         : cell.subjects?.subject_name || cell.subject_name || ''
> 245 |                     const sc = cell && subj ? subjectColor(subj as string) : null
      |                     ^^^^^
  246 |                     const isEmpty = !cell || !subj
  247 |
  248 |                     return (

Parsing ecmascript source code failed

Import traces:
  Client Component Browser:
    ./app/(app)/timetable/page.tsx [Client Component Browser]
    ./app/(app)/timetable/page.tsx [Server Component]

  Client Component SSR:
    ./app/(app)/timetable/page.tsx [Client Component SSR]
    ./app/(app)/timetable/page.tsx [Server Component] @ http://localhost:3000/_next/static/chunks/node_modules_next_dist_0u_w_5s._.js:1945
[   10381ms] [ERROR] ./app/(app)/timetable/page.tsx:245:21
Expected '</', got 'const'
  243 |                         ? cell.classes?.class_name || cell.class_name || cell.class_id
  244 |                         : cell.subjects?.subject_name || cell.subject_name || ''
> 245 |                     const sc = cell && subj ? subjectColor(subj as string) : null
      |                     ^^^^^
  246 |                     const isEmpty = !cell || !subj
  247 |
  248 |                     return (

Parsing ecmascript source code failed

Import traces:
  Client Component Browser:
    ./app/(app)/timetable/page.tsx [Client Component Browser]
    ./app/(app)/timetable/page.tsx [Server Component]

  Client Component SSR:
    ./app/(app)/timetable/page.tsx [Client Component SSR]
    ./app/(app)/timetable/page.tsx [Server Component] @ http://localhost:3000/_next/static/chunks/node_modules_next_dist_0u_w_5s._.js:1945
[   10434ms] [ERROR] ./app/(app)/timetable/page.tsx:245:21
Expected '</', got 'const'
  243 |                         ? cell.classes?.class_name || cell.class_name || cell.class_id
  244 |                         : cell.subjects?.subject_name || cell.subject_name || ''
> 245 |                     const sc = cell && subj ? subjectColor(subj as string) : null
      |                     ^^^^^
  246 |                     const isEmpty = !cell || !subj
  247 |
  248 |                     return (

Parsing ecmascript source code failed

Import traces:
  Client Component Browser:
    ./app/(app)/timetable/page.tsx [Client Component Browser]
    ./app/(app)/timetable/page.tsx [Server Component]

  Client Component SSR:
    ./app/(app)/timetable/page.tsx [Client Component SSR]
    ./app/(app)/timetable/page.tsx [Server Component] @ http://localhost:3000/_next/static/chunks/node_modules_next_dist_0u_w_5s._.js:1945
[   10488ms] [ERROR] ./app/(app)/timetable/page.tsx:245:21
Expected '</', got 'const'
  243 |                         ? cell.classes?.class_name || cell.class_name || cell.class_id
  244 |                         : cell.subjects?.subject_name || cell.subject_name || ''
> 245 |                     const sc = cell && subj ? subjectColor(subj as string) : null
      |                     ^^^^^
  246 |                     const isEmpty = !cell || !subj
  247 |
  248 |                     return (

Parsing ecmascript source code failed

Import traces:
  Client Component Browser:
    ./app/(app)/timetable/page.tsx [Client Component Browser]
    ./app/(app)/timetable/page.tsx [Server Component]

  Client Component SSR:
    ./app/(app)/timetable/page.tsx [Client Component SSR]
    ./app/(app)/timetable/page.tsx [Server Component] @ http://localhost:3000/_next/static/chunks/node_modules_next_dist_0u_w_5s._.js:1945
[   10533ms] [ERROR] ./app/(app)/timetable/page.tsx:245:21
Expected '</', got 'const'
  243 |                         ? cell.classes?.class_name || cell.class_name || cell.class_id
  244 |                         : cell.subjects?.subject_name || cell.subject_name || ''
> 245 |                     const sc = cell && subj ? subjectColor(subj as string) : null
      |                     ^^^^^
  246 |                     const isEmpty = !cell || !subj
  247 |
  248 |                     return (

Parsing ecmascript source code failed

Import traces:
  Client Component Browser:
    ./app/(app)/timetable/page.tsx [Client Component Browser]
    ./app/(app)/timetable/page.tsx [Server Component]

  Client Component SSR:
    ./app/(app)/timetable/page.tsx [Client Component SSR]
    ./app/(app)/timetable/page.tsx [Server Component] @ http://localhost:3000/_next/static/chunks/node_modules_next_dist_0u_w_5s._.js:1945
[   10583ms] [ERROR] ./app/(app)/timetable/page.tsx:245:21
Expected '</', got 'const'
  243 |                         ? cell.classes?.class_name || cell.class_name || cell.class_id
  244 |                         : cell.subjects?.subject_name || cell.subject_name || ''
> 245 |                     const sc = cell && subj ? subjectColor(subj as string) : null
      |                     ^^^^^
  246 |                     const isEmpty = !cell || !subj
  247 |
  248 |                     return (

Parsing ecmascript source code failed

Import traces:
  Client Component Browser:
    ./app/(app)/timetable/page.tsx [Client Component Browser]
    ./app/(app)/timetable/page.tsx [Server Component]

  Client Component SSR:
    ./app/(app)/timetable/page.tsx [Client Component SSR]
    ./app/(app)/timetable/page.tsx [Server Component] @ http://localhost:3000/_next/static/chunks/node_modules_next_dist_0u_w_5s._.js:1945
[   10644ms] [ERROR] ./app/(app)/timetable/page.tsx:245:21
Expected '</', got 'const'
  243 |                         ? cell.classes?.class_name || cell.class_name || cell.class_id
  244 |                         : cell.subjects?.subject_name || cell.subject_name || ''
> 245 |                     const sc = cell && subj ? subjectColor(subj as string) : null
      |                     ^^^^^
  246 |                     const isEmpty = !cell || !subj
  247 |
  248 |                     return (

Parsing ecmascript source code failed

Import traces:
  Client Component Browser:
    ./app/(app)/timetable/page.tsx [Client Component Browser]
    ./app/(app)/timetable/page.tsx [Server Component]

  Client Component SSR:
    ./app/(app)/timetable/page.tsx [Client Component SSR]
    ./app/(app)/timetable/page.tsx [Server Component] @ http://localhost:3000/_next/static/chunks/node_modules_next_dist_0u_w_5s._.js:1945
[   10700ms] [ERROR] ./app/(app)/timetable/page.tsx:245:21
Expected '</', got 'const'
  243 |                         ? cell.classes?.class_name || cell.class_name || cell.class_id
  244 |                         : cell.subjects?.subject_name || cell.subject_name || ''
> 245 |                     const sc = cell && subj ? subjectColor(subj as string) : null
      |                     ^^^^^
  246 |                     const isEmpty = !cell || !subj
  247 |
  248 |                     return (

Parsing ecmascript source code failed

Import traces:
  Client Component Browser:
    ./app/(app)/timetable/page.tsx [Client Component Browser]
    ./app/(app)/timetable/page.tsx [Server Component]

  Client Component SSR:
    ./app/(app)/timetable/page.tsx [Client Component SSR]
    ./app/(app)/timetable/page.tsx [Server Component] @ http://localhost:3000/_next/static/chunks/node_modules_next_dist_0u_w_5s._.js:1945
[   10763ms] [ERROR] ./app/(app)/timetable/page.tsx:245:21
Expected '</', got 'const'
  243 |                         ? cell.classes?.class_name || cell.class_name || cell.class_id
  244 |                         : cell.subjects?.subject_name || cell.subject_name || ''
> 245 |                     const sc = cell && subj ? subjectColor(subj as string) : null
      |                     ^^^^^
  246 |                     const isEmpty = !cell || !subj
  247 |
  248 |                     return (

Parsing ecmascript source code failed

Import traces:
  Client Component Browser:
    ./app/(app)/timetable/page.tsx [Client Component Browser]
    ./app/(app)/timetable/page.tsx [Server Component]

  Client Component SSR:
    ./app/(app)/timetable/page.tsx [Client Component SSR]
    ./app/(app)/timetable/page.tsx [Server Component] @ http://localhost:3000/_next/static/chunks/node_modules_next_dist_0u_w_5s._.js:1945
[   10823ms] [ERROR] ./app/(app)/timetable/page.tsx:245:21
Expected '</', got 'const'
  243 |                         ? cell.classes?.class_name || cell.class_name || cell.class_id
  244 |                         : cell.subjects?.subject_name || cell.subject_name || ''
> 245 |                     const sc = cell && subj ? subjectColor(subj as string) : null
      |                     ^^^^^
  246 |                     const isEmpty = !cell || !subj
  247 |
  248 |                     return (

Parsing ecmascript source code failed

Import traces:
  Client Component Browser:
    ./app/(app)/timetable/page.tsx [Client Component Browser]
    ./app/(app)/timetable/page.tsx [Server Component]

  Client Component SSR:
    ./app/(app)/timetable/page.tsx [Client Component SSR]
    ./app/(app)/timetable/page.tsx [Server Component] @ http://localhost:3000/_next/static/chunks/node_modules_next_dist_0u_w_5s._.js:1945
[   10886ms] [ERROR] ./app/(app)/timetable/page.tsx:245:21
Expected '</', got 'const'
  243 |                         ? cell.classes?.class_name || cell.class_name || cell.class_id
  244 |                         : cell.subjects?.subject_name || cell.subject_name || ''
> 245 |                     const sc = cell && subj ? subjectColor(subj as string) : null
      |                     ^^^^^
  246 |                     const isEmpty = !cell || !subj
  247 |
  248 |                     return (

Parsing ecmascript source code failed

Import traces:
  Client Component Browser:
    ./app/(app)/timetable/page.tsx [Client Component Browser]
    ./app/(app)/timetable/page.tsx [Server Component]

  Client Component SSR:
    ./app/(app)/timetable/page.tsx [Client Component SSR]
    ./app/(app)/timetable/page.tsx [Server Component] @ http://localhost:3000/_next/static/chunks/node_modules_next_dist_0u_w_5s._.js:1945
[   10943ms] [ERROR] ./app/(app)/timetable/page.tsx:245:21
Expected '</', got 'const'
  243 |                         ? cell.classes?.class_name || cell.class_name || cell.class_id
  244 |                         : cell.subjects?.subject_name || cell.subject_name || ''
> 245 |                     const sc = cell && subj ? subjectColor(subj as string) : null
      |                     ^^^^^
  246 |                     const isEmpty = !cell || !subj
  247 |
  248 |                     return (

Parsing ecmascript source code failed

Import traces:
  Client Component Browser:
    ./app/(app)/timetable/page.tsx [Client Component Browser]
    ./app/(app)/timetable/page.tsx [Server Component]

  Client Component SSR:
    ./app/(app)/timetable/page.tsx [Client Component SSR]
    ./app/(app)/timetable/page.tsx [Server Component] @ http://localhost:3000/_next/static/chunks/node_modules_next_dist_0u_w_5s._.js:1945
[   10997ms] [ERROR] ./app/(app)/timetable/page.tsx:245:21
Expected '</', got 'const'
  243 |                         ? cell.classes?.class_name || cell.class_name || cell.class_id
  244 |                         : cell.subjects?.subject_name || cell.subject_name || ''
> 245 |                     const sc = cell && subj ? subjectColor(subj as string) : null
      |                     ^^^^^
  246 |                     const isEmpty = !cell || !subj
  247 |
  248 |                     return (

Parsing ecmascript source code failed

Import traces:
  Client Component Browser:
    ./app/(app)/timetable/page.tsx [Client Component Browser]
    ./app/(app)/timetable/page.tsx [Server Component]

  Client Component SSR:
    ./app/(app)/timetable/page.tsx [Client Component SSR]
    ./app/(app)/timetable/page.tsx [Server Component] @ http://localhost:3000/_next/static/chunks/node_modules_next_dist_0u_w_5s._.js:1945
[   11046ms] [ERROR] ./app/(app)/timetable/page.tsx:245:21
Expected '</', got 'const'
  243 |                         ? cell.classes?.class_name || cell.class_name || cell.class_id
  244 |                         : cell.subjects?.subject_name || cell.subject_name || ''
> 245 |                     const sc = cell && subj ? subjectColor(subj as string) : null
      |                     ^^^^^
  246 |                     const isEmpty = !cell || !subj
  247 |
  248 |                     return (

Parsing ecmascript source code failed

Import traces:
  Client Component Browser:
    ./app/(app)/timetable/page.tsx [Client Component Browser]
    ./app/(app)/timetable/page.tsx [Server Component]

  Client Component SSR:
    ./app/(app)/timetable/page.tsx [Client Component SSR]
    ./app/(app)/timetable/page.tsx [Server Component] @ http://localhost:3000/_next/static/chunks/node_modules_next_dist_0u_w_5s._.js:1945
[   11107ms] [ERROR] ./app/(app)/timetable/page.tsx:245:21
Expected '</', got 'const'
  243 |                         ? cell.classes?.class_name || cell.class_name || cell.class_id
  244 |                         : cell.subjects?.subject_name || cell.subject_name || ''
> 245 |                     const sc = cell && subj ? subjectColor(subj as string) : null
      |                     ^^^^^
  246 |                     const isEmpty = !cell || !subj
  247 |
  248 |                     return (

Parsing ecmascript source code failed

Import traces:
  Client Component Browser:
    ./app/(app)/timetable/page.tsx [Client Component Browser]
    ./app/(app)/timetable/page.tsx [Server Component]

  Client Component SSR:
    ./app/(app)/timetable/page.tsx [Client Component SSR]
    ./app/(app)/timetable/page.tsx [Server Component] @ http://localhost:3000/_next/static/chunks/node_modules_next_dist_0u_w_5s._.js:1945
[   11170ms] [ERROR] ./app/(app)/timetable/page.tsx:245:21
Expected '</', got 'const'
  243 |                         ? cell.classes?.class_name || cell.class_name || cell.class_id
  244 |                         : cell.subjects?.subject_name || cell.subject_name || ''
> 245 |                     const sc = cell && subj ? subjectColor(subj as string) : null
      |                     ^^^^^
  246 |                     const isEmpty = !cell || !subj
  247 |
  248 |                     return (

Parsing ecmascript source code failed

Import traces:
  Client Component Browser:
    ./app/(app)/timetable/page.tsx [Client Component Browser]
    ./app/(app)/timetable/page.tsx [Server Component]

  Client Component SSR:
    ./app/(app)/timetable/page.tsx [Client Component SSR]
    ./app/(app)/timetable/page.tsx [Server Component] @ http://localhost:3000/_next/static/chunks/node_modules_next_dist_0u_w_5s._.js:1945
[   11232ms] [ERROR] ./app/(app)/timetable/page.tsx:245:21
Expected '</', got 'const'
  243 |                         ? cell.classes?.class_name || cell.class_name || cell.class_id
  244 |                         : cell.subjects?.subject_name || cell.subject_name || ''
> 245 |                     const sc = cell && subj ? subjectColor(subj as string) : null
      |                     ^^^^^
  246 |                     const isEmpty = !cell || !subj
  247 |
  248 |                     return (

Parsing ecmascript source code failed

Import traces:
  Client Component Browser:
    ./app/(app)/timetable/page.tsx [Client Component Browser]
    ./app/(app)/timetable/page.tsx [Server Component]

  Client Component SSR:
    ./app/(app)/timetable/page.tsx [Client Component SSR]
    ./app/(app)/timetable/page.tsx [Server Component] @ http://localhost:3000/_next/static/chunks/node_modules_next_dist_0u_w_5s._.js:1945
[   11294ms] [ERROR] ./app/(app)/timetable/page.tsx:245:21
Expected '</', got 'const'
  243 |                         ? cell.classes?.class_name || cell.class_name || cell.class_id
  244 |                         : cell.subjects?.subject_name || cell.subject_name || ''
> 245 |                     const sc = cell && subj ? subjectColor(subj as string) : null
      |                     ^^^^^
  246 |                     const isEmpty = !cell || !subj
  247 |
  248 |                     return (

Parsing ecmascript source code failed

Import traces:
  Client Component Browser:
    ./app/(app)/timetable/page.tsx [Client Component Browser]
    ./app/(app)/timetable/page.tsx [Server Component]

  Client Component SSR:
    ./app/(app)/timetable/page.tsx [Client Component SSR]
    ./app/(app)/timetable/page.tsx [Server Component] @ http://localhost:3000/_next/static/chunks/node_modules_next_dist_0u_w_5s._.js:1945
[   11352ms] [ERROR] ./app/(app)/timetable/page.tsx:245:21
Expected '</', got 'const'
  243 |                         ? cell.classes?.class_name || cell.class_name || cell.class_id
  244 |                         : cell.subjects?.subject_name || cell.subject_name || ''
> 245 |                     const sc = cell && subj ? subjectColor(subj as string) : null
      |                     ^^^^^
  246 |                     const isEmpty = !cell || !subj
  247 |
  248 |                     return (

Parsing ecmascript source code failed

Import traces:
  Client Component Browser:
    ./app/(app)/timetable/page.tsx [Client Component Browser]
    ./app/(app)/timetable/page.tsx [Server Component]

  Client Component SSR:
    ./app/(app)/timetable/page.tsx [Client Component SSR]
    ./app/(app)/timetable/page.tsx [Server Component] @ http://localhost:3000/_next/static/chunks/node_modules_next_dist_0u_w_5s._.js:1945
[   11414ms] [ERROR] ./app/(app)/timetable/page.tsx:245:21
Expected '</', got 'const'
  243 |                         ? cell.classes?.class_name || cell.class_name || cell.class_id
  244 |                         : cell.subjects?.subject_name || cell.subject_name || ''
> 245 |                     const sc = cell && subj ? subjectColor(subj as string) : null
      |                     ^^^^^
  246 |                     const isEmpty = !cell || !subj
  247 |
  248 |                     return (

Parsing ecmascript source code failed

Import traces:
  Client Component Browser:
    ./app/(app)/timetable/page.tsx [Client Component Browser]
    ./app/(app)/timetable/page.tsx [Server Component]

  Client Component SSR:
    ./app/(app)/timetable/page.tsx [Client Component SSR]
    ./app/(app)/timetable/page.tsx [Server Component] @ http://localhost:3000/_next/static/chunks/node_modules_next_dist_0u_w_5s._.js:1945
[   11473ms] [ERROR] ./app/(app)/timetable/page.tsx:245:21
Expected '</', got 'const'
  243 |                         ? cell.classes?.class_name || cell.class_name || cell.class_id
  244 |                         : cell.subjects?.subject_name || cell.subject_name || ''
> 245 |                     const sc = cell && subj ? subjectColor(subj as string) : null
      |                     ^^^^^
  246 |                     const isEmpty = !cell || !subj
  247 |
  248 |                     return (

Parsing ecmascript source code failed

Import traces:
  Client Component Browser:
    ./app/(app)/timetable/page.tsx [Client Component Browser]
    ./app/(app)/timetable/page.tsx [Server Component]

  Client Component SSR:
    ./app/(app)/timetable/page.tsx [Client Component SSR]
    ./app/(app)/timetable/page.tsx [Server Component] @ http://localhost:3000/_next/static/chunks/node_modules_next_dist_0u_w_5s._.js:1945
[   11526ms] [ERROR] ./app/(app)/timetable/page.tsx:245:21
Expected '</', got 'const'
  243 |                         ? cell.classes?.class_name || cell.class_name || cell.class_id
  244 |                         : cell.subjects?.subject_name || cell.subject_name || ''
> 245 |                     const sc = cell && subj ? subjectColor(subj as string) : null
      |                     ^^^^^
  246 |                     const isEmpty = !cell || !subj
  247 |
  248 |                     return (

Parsing ecmascript source code failed

Import traces:
  Client Component Browser:
    ./app/(app)/timetable/page.tsx [Client Component Browser]
    ./app/(app)/timetable/page.tsx [Server Component]

  Client Component SSR:
    ./app/(app)/timetable/page.tsx [Client Component SSR]
    ./app/(app)/timetable/page.tsx [Server Component] @ http://localhost:3000/_next/static/chunks/node_modules_next_dist_0u_w_5s._.js:1945
[   11578ms] [ERROR] ./app/(app)/timetable/page.tsx:245:21
Expected '</', got 'const'
  243 |                         ? cell.classes?.class_name || cell.class_name || cell.class_id
  244 |                         : cell.subjects?.subject_name || cell.subject_name || ''
> 245 |                     const sc = cell && subj ? subjectColor(subj as string) : null
      |                     ^^^^^
  246 |                     const isEmpty = !cell || !subj
  247 |
  248 |                     return (

Parsing ecmascript source code failed

Import traces:
  Client Component Browser:
    ./app/(app)/timetable/page.tsx [Client Component Browser]
    ./app/(app)/timetable/page.tsx [Server Component]

  Client Component SSR:
    ./app/(app)/timetable/page.tsx [Client Component SSR]
    ./app/(app)/timetable/page.tsx [Server Component] @ http://localhost:3000/_next/static/chunks/node_modules_next_dist_0u_w_5s._.js:1945
[   11632ms] [ERROR] ./app/(app)/timetable/page.tsx:245:21
Expected '</', got 'const'
  243 |                         ? cell.classes?.class_name || cell.class_name || cell.class_id
  244 |                         : cell.subjects?.subject_name || cell.subject_name || ''
> 245 |                     const sc = cell && subj ? subjectColor(subj as string) : null
      |                     ^^^^^
  246 |                     const isEmpty = !cell || !subj
  247 |
  248 |                     return (

Parsing ecmascript source code failed

Import traces:
  Client Component Browser:
    ./app/(app)/timetable/page.tsx [Client Component Browser]
    ./app/(app)/timetable/page.tsx [Server Component]

  Client Component SSR:
    ./app/(app)/timetable/page.tsx [Client Component SSR]
    ./app/(app)/timetable/page.tsx [Server Component] @ http://localhost:3000/_next/static/chunks/node_modules_next_dist_0u_w_5s._.js:1945
[   11694ms] [ERROR] ./app/(app)/timetable/page.tsx:245:21
Expected '</', got 'const'
  243 |                         ? cell.classes?.class_name || cell.class_name || cell.class_id
  244 |                         : cell.subjects?.subject_name || cell.subject_name || ''
> 245 |                     const sc = cell && subj ? subjectColor(subj as string) : null
      |                     ^^^^^
  246 |                     const isEmpty = !cell || !subj
  247 |
  248 |                     return (

Parsing ecmascript source code failed

Import traces:
  Client Component Browser:
    ./app/(app)/timetable/page.tsx [Client Component Browser]
    ./app/(app)/timetable/page.tsx [Server Component]

  Client Component SSR:
    ./app/(app)/timetable/page.tsx [Client Component SSR]
    ./app/(app)/timetable/page.tsx [Server Component] @ http://localhost:3000/_next/static/chunks/node_modules_next_dist_0u_w_5s._.js:1945
[   11755ms] [ERROR] ./app/(app)/timetable/page.tsx:245:21
Expected '</', got 'const'
  243 |                         ? cell.classes?.class_name || cell.class_name || cell.class_id
  244 |                         : cell.subjects?.subject_name || cell.subject_name || ''
> 245 |                     const sc = cell && subj ? subjectColor(subj as string) : null
      |                     ^^^^^
  246 |                     const isEmpty = !cell || !subj
  247 |
  248 |                     return (

Parsing ecmascript source code failed

Import traces:
  Client Component Browser:
    ./app/(app)/timetable/page.tsx [Client Component Browser]
    ./app/(app)/timetable/page.tsx [Server Component]

  Client Component SSR:
    ./app/(app)/timetable/page.tsx [Client Component SSR]
    ./app/(app)/timetable/page.tsx [Server Component] @ http://localhost:3000/_next/static/chunks/node_modules_next_dist_0u_w_5s._.js:1945
[   11812ms] [ERROR] ./app/(app)/timetable/page.tsx:245:21
Expected '</', got 'const'
  243 |                         ? cell.classes?.class_name || cell.class_name || cell.class_id
  244 |                         : cell.subjects?.subject_name || cell.subject_name || ''
> 245 |                     const sc = cell && subj ? subjectColor(subj as string) : null
      |                     ^^^^^
  246 |                     const isEmpty = !cell || !subj
  247 |
  248 |                     return (

Parsing ecmascript source code failed

Import traces:
  Client Component Browser:
    ./app/(app)/timetable/page.tsx [Client Component Browser]
    ./app/(app)/timetable/page.tsx [Server Component]

  Client Component SSR:
    ./app/(app)/timetable/page.tsx [Client Component SSR]
    ./app/(app)/timetable/page.tsx [Server Component] @ http://localhost:3000/_next/static/chunks/node_modules_next_dist_0u_w_5s._.js:1945
[   11867ms] [ERROR] ./app/(app)/timetable/page.tsx:245:21
Expected '</', got 'const'
  243 |                         ? cell.classes?.class_name || cell.class_name || cell.class_id
  244 |                         : cell.subjects?.subject_name || cell.subject_name || ''
> 245 |                     const sc = cell && subj ? subjectColor(subj as string) : null
      |                     ^^^^^
  246 |                     const isEmpty = !cell || !subj
  247 |
  248 |                     return (

Parsing ecmascript source code failed

Import traces:
  Client Component Browser:
    ./app/(app)/timetable/page.tsx [Client Component Browser]
    ./app/(app)/timetable/page.tsx [Server Component]

  Client Component SSR:
    ./app/(app)/timetable/page.tsx [Client Component SSR]
    ./app/(app)/timetable/page.tsx [Server Component] @ http://localhost:3000/_next/static/chunks/node_modules_next_dist_0u_w_5s._.js:1945
[   11930ms] [ERROR] ./app/(app)/timetable/page.tsx:245:21
Expected '</', got 'const'
  243 |                         ? cell.classes?.class_name || cell.class_name || cell.class_id
  244 |                         : cell.subjects?.subject_name || cell.subject_name || ''
> 245 |                     const sc = cell && subj ? subjectColor(subj as string) : null
      |                     ^^^^^
  246 |                     const isEmpty = !cell || !subj
  247 |
  248 |                     return (

Parsing ecmascript source code failed

Import traces:
  Client Component Browser:
    ./app/(app)/timetable/page.tsx [Client Component Browser]
    ./app/(app)/timetable/page.tsx [Server Component]

  Client Component SSR:
    ./app/(app)/timetable/page.tsx [Client Component SSR]
    ./app/(app)/timetable/page.tsx [Server Component] @ http://localhost:3000/_next/static/chunks/node_modules_next_dist_0u_w_5s._.js:1945
[   11984ms] [ERROR] ./app/(app)/timetable/page.tsx:245:21
Expected '</', got 'const'
  243 |                         ? cell.classes?.class_name || cell.class_name || cell.class_id
  244 |                         : cell.subjects?.subject_name || cell.subject_name || ''
> 245 |                     const sc = cell && subj ? subjectColor(subj as string) : null
      |                     ^^^^^
  246 |                     const isEmpty = !cell || !subj
  247 |
  248 |                     return (

Parsing ecmascript source code failed

Import traces:
  Client Component Browser:
    ./app/(app)/timetable/page.tsx [Client Component Browser]
    ./app/(app)/timetable/page.tsx [Server Component]

  Client Component SSR:
    ./app/(app)/timetable/page.tsx [Client Component SSR]
    ./app/(app)/timetable/page.tsx [Server Component] @ http://localhost:3000/_next/static/chunks/node_modules_next_dist_0u_w_5s._.js:1945
[   12035ms] [ERROR] ./app/(app)/timetable/page.tsx:245:21
Expected '</', got 'const'
  243 |                         ? cell.classes?.class_name || cell.class_name || cell.class_id
  244 |                         : cell.subjects?.subject_name || cell.subject_name || ''
> 245 |                     const sc = cell && subj ? subjectColor(subj as string) : null
      |                     ^^^^^
  246 |                     const isEmpty = !cell || !subj
  247 |
  248 |                     return (

Parsing ecmascript source code failed

Import traces:
  Client Component Browser:
    ./app/(app)/timetable/page.tsx [Client Component Browser]
    ./app/(app)/timetable/page.tsx [Server Component]

  Client Component SSR:
    ./app/(app)/timetable/page.tsx [Client Component SSR]
    ./app/(app)/timetable/page.tsx [Server Component] @ http://localhost:3000/_next/static/chunks/node_modules_next_dist_0u_w_5s._.js:1945
[   12093ms] [ERROR] ./app/(app)/timetable/page.tsx:245:21
Expected '</', got 'const'
  243 |                         ? cell.classes?.class_name || cell.class_name || cell.class_id
  244 |                         : cell.subjects?.subject_name || cell.subject_name || ''
> 245 |                     const sc = cell && subj ? subjectColor(subj as string) : null
      |                     ^^^^^
  246 |                     const isEmpty = !cell || !subj
  247 |
  248 |                     return (

Parsing ecmascript source code failed

Import traces:
  Client Component Browser:
    ./app/(app)/timetable/page.tsx [Client Component Browser]
    ./app/(app)/timetable/page.tsx [Server Component]

  Client Component SSR:
    ./app/(app)/timetable/page.tsx [Client Component SSR]
    ./app/(app)/timetable/page.tsx [Server Component] @ http://localhost:3000/_next/static/chunks/node_modules_next_dist_0u_w_5s._.js:1945
[   12161ms] [ERROR] ./app/(app)/timetable/page.tsx:245:21
Expected '</', got 'const'
  243 |                         ? cell.classes?.class_name || cell.class_name || cell.class_id
  244 |                         : cell.subjects?.subject_name || cell.subject_name || ''
> 245 |                     const sc = cell && subj ? subjectColor(subj as string) : null
      |                     ^^^^^
  246 |                     const isEmpty = !cell || !subj
  247 |
  248 |                     return (

Parsing ecmascript source code failed

Import traces:
  Client Component Browser:
    ./app/(app)/timetable/page.tsx [Client Component Browser]
    ./app/(app)/timetable/page.tsx [Server Component]

  Client Component SSR:
    ./app/(app)/timetable/page.tsx [Client Component SSR]
    ./app/(app)/timetable/page.tsx [Server Component] @ http://localhost:3000/_next/static/chunks/node_modules_next_dist_0u_w_5s._.js:1945
[   12215ms] [ERROR] ./app/(app)/timetable/page.tsx:245:21
Expected '</', got 'const'
  243 |                         ? cell.classes?.class_name || cell.class_name || cell.class_id
  244 |                         : cell.subjects?.subject_name || cell.subject_name || ''
> 245 |                     const sc = cell && subj ? subjectColor(subj as string) : null
      |                     ^^^^^
  246 |                     const isEmpty = !cell || !subj
  247 |
  248 |                     return (

Parsing ecmascript source code failed

Import traces:
  Client Component Browser:
    ./app/(app)/timetable/page.tsx [Client Component Browser]
    ./app/(app)/timetable/page.tsx [Server Component]

  Client Component SSR:
    ./app/(app)/timetable/page.tsx [Client Component SSR]
    ./app/(app)/timetable/page.tsx [Server Component] @ http://localhost:3000/_next/static/chunks/node_modules_next_dist_0u_w_5s._.js:1945
[   12272ms] [ERROR] ./app/(app)/timetable/page.tsx:245:21
Expected '</', got 'const'
  243 |                         ? cell.classes?.class_name || cell.class_name || cell.class_id
  244 |                         : cell.subjects?.subject_name || cell.subject_name || ''
> 245 |                     const sc = cell && subj ? subjectColor(subj as string) : null
      |                     ^^^^^
  246 |                     const isEmpty = !cell || !subj
  247 |
  248 |                     return (

Parsing ecmascript source code failed

Import traces:
  Client Component Browser:
    ./app/(app)/timetable/page.tsx [Client Component Browser]
    ./app/(app)/timetable/page.tsx [Server Component]

  Client Component SSR:
    ./app/(app)/timetable/page.tsx [Client Component SSR]
    ./app/(app)/timetable/page.tsx [Server Component] @ http://localhost:3000/_next/static/chunks/node_modules_next_dist_0u_w_5s._.js:1945
[   12333ms] [ERROR] ./app/(app)/timetable/page.tsx:245:21
Expected '</', got 'const'
  243 |                         ? cell.classes?.class_name || cell.class_name || cell.class_id
  244 |                         : cell.subjects?.subject_name || cell.subject_name || ''
> 245 |                     const sc = cell && subj ? subjectColor(subj as string) : null
      |                     ^^^^^
  246 |                     const isEmpty = !cell || !subj
  247 |
  248 |                     return (

Parsing ecmascript source code failed

Import traces:
  Client Component Browser:
    ./app/(app)/timetable/page.tsx [Client Component Browser]
    ./app/(app)/timetable/page.tsx [Server Component]

  Client Component SSR:
    ./app/(app)/timetable/page.tsx [Client Component SSR]
    ./app/(app)/timetable/page.tsx [Server Component] @ http://localhost:3000/_next/static/chunks/node_modules_next_dist_0u_w_5s._.js:1945
[   12396ms] [ERROR] ./app/(app)/timetable/page.tsx:245:21
Expected '</', got 'const'
  243 |                         ? cell.classes?.class_name || cell.class_name || cell.class_id
  244 |                         : cell.subjects?.subject_name || cell.subject_name || ''
> 245 |                     const sc = cell && subj ? subjectColor(subj as string) : null
      |                     ^^^^^
  246 |                     const isEmpty = !cell || !subj
  247 |
  248 |                     return (

Parsing ecmascript source code failed

Import traces:
  Client Component Browser:
    ./app/(app)/timetable/page.tsx [Client Component Browser]
    ./app/(app)/timetable/page.tsx [Server Component]

  Client Component SSR:
    ./app/(app)/timetable/page.tsx [Client Component SSR]
    ./app/(app)/timetable/page.tsx [Server Component] @ http://localhost:3000/_next/static/chunks/node_modules_next_dist_0u_w_5s._.js:1945
[   12451ms] [ERROR] ./app/(app)/timetable/page.tsx:245:21
Expected '</', got 'const'
  243 |                         ? cell.classes?.class_name || cell.class_name || cell.class_id
  244 |                         : cell.subjects?.subject_name || cell.subject_name || ''
> 245 |                     const sc = cell && subj ? subjectColor(subj as string) : null
      |                     ^^^^^
  246 |                     const isEmpty = !cell || !subj
  247 |
  248 |                     return (

Parsing ecmascript source code failed

Import traces:
  Client Component Browser:
    ./app/(app)/timetable/page.tsx [Client Component Browser]
    ./app/(app)/timetable/page.tsx [Server Component]

  Client Component SSR:
    ./app/(app)/timetable/page.tsx [Client Component SSR]
    ./app/(app)/timetable/page.tsx [Server Component] @ http://localhost:3000/_next/static/chunks/node_modules_next_dist_0u_w_5s._.js:1945
[   12513ms] [ERROR] ./app/(app)/timetable/page.tsx:245:21
Expected '</', got 'const'
  243 |                         ? cell.classes?.class_name || cell.class_name || cell.class_id
  244 |                         : cell.subjects?.subject_name || cell.subject_name || ''
> 245 |                     const sc = cell && subj ? subjectColor(subj as string) : null
      |                     ^^^^^
  246 |                     const isEmpty = !cell || !subj
  247 |
  248 |                     return (

Parsing ecmascript source code failed

Import traces:
  Client Component Browser:
    ./app/(app)/timetable/page.tsx [Client Component Browser]
    ./app/(app)/timetable/page.tsx [Server Component]

  Client Component SSR:
    ./app/(app)/timetable/page.tsx [Client Component SSR]
    ./app/(app)/timetable/page.tsx [Server Component] @ http://localhost:3000/_next/static/chunks/node_modules_next_dist_0u_w_5s._.js:1945
[   12574ms] [ERROR] ./app/(app)/timetable/page.tsx:245:21
Expected '</', got 'const'
  243 |                         ? cell.classes?.class_name || cell.class_name || cell.class_id
  244 |                         : cell.subjects?.subject_name || cell.subject_name || ''
> 245 |                     const sc = cell && subj ? subjectColor(subj as string) : null
      |                     ^^^^^
  246 |                     const isEmpty = !cell || !subj
  247 |
  248 |                     return (

Parsing ecmascript source code failed

Import traces:
  Client Component Browser:
    ./app/(app)/timetable/page.tsx [Client Component Browser]
    ./app/(app)/timetable/page.tsx [Server Component]

  Client Component SSR:
    ./app/(app)/timetable/page.tsx [Client Component SSR]
    ./app/(app)/timetable/page.tsx [Server Component] @ http://localhost:3000/_next/static/chunks/node_modules_next_dist_0u_w_5s._.js:1945
[   12635ms] [ERROR] ./app/(app)/timetable/page.tsx:245:21
Expected '</', got 'const'
  243 |                         ? cell.classes?.class_name || cell.class_name || cell.class_id
  244 |                         : cell.subjects?.subject_name || cell.subject_name || ''
> 245 |                     const sc = cell && subj ? subjectColor(subj as string) : null
      |                     ^^^^^
  246 |                     const isEmpty = !cell || !subj
  247 |
  248 |                     return (

Parsing ecmascript source code failed

Import traces:
  Client Component Browser:
    ./app/(app)/timetable/page.tsx [Client Component Browser]
    ./app/(app)/timetable/page.tsx [Server Component]

  Client Component SSR:
    ./app/(app)/timetable/page.tsx [Client Component SSR]
    ./app/(app)/timetable/page.tsx [Server Component] @ http://localhost:3000/_next/static/chunks/node_modules_next_dist_0u_w_5s._.js:1945
[   12686ms] [ERROR] ./app/(app)/timetable/page.tsx:245:21
Expected '</', got 'const'
  243 |                         ? cell.classes?.class_name || cell.class_name || cell.class_id
  244 |                         : cell.subjects?.subject_name || cell.subject_name || ''
> 245 |                     const sc = cell && subj ? subjectColor(subj as string) : null
      |                     ^^^^^
  246 |                     const isEmpty = !cell || !subj
  247 |
  248 |                     return (

Parsing ecmascript source code failed

Import traces:
  Client Component Browser:
    ./app/(app)/timetable/page.tsx [Client Component Browser]
    ./app/(app)/timetable/page.tsx [Server Component]

  Client Component SSR:
    ./app/(app)/timetable/page.tsx [Client Component SSR]
    ./app/(app)/timetable/page.tsx [Server Component] @ http://localhost:3000/_next/static/chunks/node_modules_next_dist_0u_w_5s._.js:1945
[   12735ms] [ERROR] ./app/(app)/timetable/page.tsx:245:21
Expected '</', got 'const'
  243 |                         ? cell.classes?.class_name || cell.class_name || cell.class_id
  244 |                         : cell.subjects?.subject_name || cell.subject_name || ''
> 245 |                     const sc = cell && subj ? subjectColor(subj as string) : null
      |                     ^^^^^
  246 |                     const isEmpty = !cell || !subj
  247 |
  248 |                     return (

Parsing ecmascript source code failed

Import traces:
  Client Component Browser:
    ./app/(app)/timetable/page.tsx [Client Component Browser]
    ./app/(app)/timetable/page.tsx [Server Component]

  Client Component SSR:
    ./app/(app)/timetable/page.tsx [Client Component SSR]
    ./app/(app)/timetable/page.tsx [Server Component] @ http://localhost:3000/_next/static/chunks/node_modules_next_dist_0u_w_5s._.js:1945
[   12785ms] [ERROR] ./app/(app)/timetable/page.tsx:245:21
Expected '</', got 'const'
  243 |                         ? cell.classes?.class_name || cell.class_name || cell.class_id
  244 |                         : cell.subjects?.subject_name || cell.subject_name || ''
> 245 |                     const sc = cell && subj ? subjectColor(subj as string) : null
      |                     ^^^^^
  246 |                     const isEmpty = !cell || !subj
  247 |
  248 |                     return (

Parsing ecmascript source code failed

Import traces:
  Client Component Browser:
    ./app/(app)/timetable/page.tsx [Client Component Browser]
    ./app/(app)/timetable/page.tsx [Server Component]

  Client Component SSR:
    ./app/(app)/timetable/page.tsx [Client Component SSR]
    ./app/(app)/timetable/page.tsx [Server Component] @ http://localhost:3000/_next/static/chunks/node_modules_next_dist_0u_w_5s._.js:1945
[   12838ms] [ERROR] ./app/(app)/timetable/page.tsx:245:21
Expected '</', got 'const'
  243 |                         ? cell.classes?.class_name || cell.class_name || cell.class_id
  244 |                         : cell.subjects?.subject_name || cell.subject_name || ''
> 245 |                     const sc = cell && subj ? subjectColor(subj as string) : null
      |                     ^^^^^
  246 |                     const isEmpty = !cell || !subj
  247 |
  248 |                     return (

Parsing ecmascript source code failed

Import traces:
  Client Component Browser:
    ./app/(app)/timetable/page.tsx [Client Component Browser]
    ./app/(app)/timetable/page.tsx [Server Component]

  Client Component SSR:
    ./app/(app)/timetable/page.tsx [Client Component SSR]
    ./app/(app)/timetable/page.tsx [Server Component] @ http://localhost:3000/_next/static/chunks/node_modules_next_dist_0u_w_5s._.js:1945
[   12901ms] [ERROR] ./app/(app)/timetable/page.tsx:245:21
Expected '</', got 'const'
  243 |                         ? cell.classes?.class_name || cell.class_name || cell.class_id
  244 |                         : cell.subjects?.subject_name || cell.subject_name || ''
> 245 |                     const sc = cell && subj ? subjectColor(subj as string) : null
      |                     ^^^^^
  246 |                     const isEmpty = !cell || !subj
  247 |
  248 |                     return (

Parsing ecmascript source code failed

Import traces:
  Client Component Browser:
    ./app/(app)/timetable/page.tsx [Client Component Browser]
    ./app/(app)/timetable/page.tsx [Server Component]

  Client Component SSR:
    ./app/(app)/timetable/page.tsx [Client Component SSR]
    ./app/(app)/timetable/page.tsx [Server Component] @ http://localhost:3000/_next/static/chunks/node_modules_next_dist_0u_w_5s._.js:1945
[   12963ms] [ERROR] ./app/(app)/timetable/page.tsx:245:21
Expected '</', got 'const'
  243 |                         ? cell.classes?.class_name || cell.class_name || cell.class_id
  244 |                         : cell.subjects?.subject_name || cell.subject_name || ''
> 245 |                     const sc = cell && subj ? subjectColor(subj as string) : null
      |                     ^^^^^
  246 |                     const isEmpty = !cell || !subj
  247 |
  248 |                     return (

Parsing ecmascript source code failed

Import traces:
  Client Component Browser:
    ./app/(app)/timetable/page.tsx [Client Component Browser]
    ./app/(app)/timetable/page.tsx [Server Component]

  Client Component SSR:
    ./app/(app)/timetable/page.tsx [Client Component SSR]
    ./app/(app)/timetable/page.tsx [Server Component] @ http://localhost:3000/_next/static/chunks/node_modules_next_dist_0u_w_5s._.js:1945
[   13025ms] [ERROR] ./app/(app)/timetable/page.tsx:245:21
Expected '</', got 'const'
  243 |                         ? cell.classes?.class_name || cell.class_name || cell.class_id
  244 |                         : cell.subjects?.subject_name || cell.subject_name || ''
> 245 |                     const sc = cell && subj ? subjectColor(subj as string) : null
      |                     ^^^^^
  246 |                     const isEmpty = !cell || !subj
  247 |
  248 |                     return (

Parsing ecmascript source code failed

Import traces:
  Client Component Browser:
    ./app/(app)/timetable/page.tsx [Client Component Browser]
    ./app/(app)/timetable/page.tsx [Server Component]

  Client Component SSR:
    ./app/(app)/timetable/page.tsx [Client Component SSR]
    ./app/(app)/timetable/page.tsx [Server Component] @ http://localhost:3000/_next/static/chunks/node_modules_next_dist_0u_w_5s._.js:1945
[   13077ms] [ERROR] ./app/(app)/timetable/page.tsx:245:21
Expected '</', got 'const'
  243 |                         ? cell.classes?.class_name || cell.class_name || cell.class_id
  244 |                         : cell.subjects?.subject_name || cell.subject_name || ''
> 245 |                     const sc = cell && subj ? subjectColor(subj as string) : null
      |                     ^^^^^
  246 |                     const isEmpty = !cell || !subj
  247 |
  248 |                     return (

Parsing ecmascript source code failed

Import traces:
  Client Component Browser:
    ./app/(app)/timetable/page.tsx [Client Component Browser]
    ./app/(app)/timetable/page.tsx [Server Component]

  Client Component SSR:
    ./app/(app)/timetable/page.tsx [Client Component SSR]
    ./app/(app)/timetable/page.tsx [Server Component] @ http://localhost:3000/_next/static/chunks/node_modules_next_dist_0u_w_5s._.js:1945
[   13127ms] [ERROR] ./app/(app)/timetable/page.tsx:245:21
Expected '</', got 'const'
  243 |                         ? cell.classes?.class_name || cell.class_name || cell.class_id
  244 |                         : cell.subjects?.subject_name || cell.subject_name || ''
> 245 |                     const sc = cell && subj ? subjectColor(subj as string) : null
      |                     ^^^^^
  246 |                     const isEmpty = !cell || !subj
  247 |
  248 |                     return (

Parsing ecmascript source code failed

Import traces:
  Client Component Browser:
    ./app/(app)/timetable/page.tsx [Client Component Browser]
    ./app/(app)/timetable/page.tsx [Server Component]

  Client Component SSR:
    ./app/(app)/timetable/page.tsx [Client Component SSR]
    ./app/(app)/timetable/page.tsx [Server Component] @ http://localhost:3000/_next/static/chunks/node_modules_next_dist_0u_w_5s._.js:1945
[   13180ms] [ERROR] ./app/(app)/timetable/page.tsx:245:21
Expected '</', got 'const'
  243 |                         ? cell.classes?.class_name || cell.class_name || cell.class_id
  244 |                         : cell.subjects?.subject_name || cell.subject_name || ''
> 245 |                     const sc = cell && subj ? subjectColor(subj as string) : null
      |                     ^^^^^
  246 |                     const isEmpty = !cell || !subj
  247 |
  248 |                     return (

Parsing ecmascript source code failed

Import traces:
  Client Component Browser:
    ./app/(app)/timetable/page.tsx [Client Component Browser]
    ./app/(app)/timetable/page.tsx [Server Component]

  Client Component SSR:
    ./app/(app)/timetable/page.tsx [Client Component SSR]
    ./app/(app)/timetable/page.tsx [Server Component] @ http://localhost:3000/_next/static/chunks/node_modules_next_dist_0u_w_5s._.js:1945
[   13241ms] [ERROR] ./app/(app)/timetable/page.tsx:245:21
Expected '</', got 'const'
  243 |                         ? cell.classes?.class_name || cell.class_name || cell.class_id
  244 |                         : cell.subjects?.subject_name || cell.subject_name || ''
> 245 |                     const sc = cell && subj ? subjectColor(subj as string) : null
      |                     ^^^^^
  246 |                     const isEmpty = !cell || !subj
  247 |
  248 |                     return (

Parsing ecmascript source code failed

Import traces:
  Client Component Browser:
    ./app/(app)/timetable/page.tsx [Client Component Browser]
    ./app/(app)/timetable/page.tsx [Server Component]

  Client Component SSR:
    ./app/(app)/timetable/page.tsx [Client Component SSR]
    ./app/(app)/timetable/page.tsx [Server Component] @ http://localhost:3000/_next/static/chunks/node_modules_next_dist_0u_w_5s._.js:1945
[   13300ms] [ERROR] ./app/(app)/timetable/page.tsx:245:21
Expected '</', got 'const'
  243 |                         ? cell.classes?.class_name || cell.class_name || cell.class_id
  244 |                         : cell.subjects?.subject_name || cell.subject_name || ''
> 245 |                     const sc = cell && subj ? subjectColor(subj as string) : null
      |                     ^^^^^
  246 |                     const isEmpty = !cell || !subj
  247 |
  248 |                     return (

Parsing ecmascript source code failed

Import traces:
  Client Component Browser:
    ./app/(app)/timetable/page.tsx [Client Component Browser]
    ./app/(app)/timetable/page.tsx [Server Component]

  Client Component SSR:
    ./app/(app)/timetable/page.tsx [Client Component SSR]
    ./app/(app)/timetable/page.tsx [Server Component] @ http://localhost:3000/_next/static/chunks/node_modules_next_dist_0u_w_5s._.js:1945
[   13364ms] [ERROR] ./app/(app)/timetable/page.tsx:245:21
Expected '</', got 'const'
  243 |                         ? cell.classes?.class_name || cell.class_name || cell.class_id
  244 |                         : cell.subjects?.subject_name || cell.subject_name || ''
> 245 |                     const sc = cell && subj ? subjectColor(subj as string) : null
      |                     ^^^^^
  246 |                     const isEmpty = !cell || !subj
  247 |
  248 |                     return (

Parsing ecmascript source code failed

Import traces:
  Client Component Browser:
    ./app/(app)/timetable/page.tsx [Client Component Browser]
    ./app/(app)/timetable/page.tsx [Server Component]

  Client Component SSR:
    ./app/(app)/timetable/page.tsx [Client Component SSR]
    ./app/(app)/timetable/page.tsx [Server Component] @ http://localhost:3000/_next/static/chunks/node_modules_next_dist_0u_w_5s._.js:1945
[   13426ms] [ERROR] ./app/(app)/timetable/page.tsx:245:21
Expected '</', got 'const'
  243 |                         ? cell.classes?.class_name || cell.class_name || cell.class_id
  244 |                         : cell.subjects?.subject_name || cell.subject_name || ''
> 245 |                     const sc = cell && subj ? subjectColor(subj as string) : null
      |                     ^^^^^
  246 |                     const isEmpty = !cell || !subj
  247 |
  248 |                     return (

Parsing ecmascript source code failed

Import traces:
  Client Component Browser:
    ./app/(app)/timetable/page.tsx [Client Component Browser]
    ./app/(app)/timetable/page.tsx [Server Component]

  Client Component SSR:
    ./app/(app)/timetable/page.tsx [Client Component SSR]
    ./app/(app)/timetable/page.tsx [Server Component] @ http://localhost:3000/_next/static/chunks/node_modules_next_dist_0u_w_5s._.js:1945
[   13486ms] [ERROR] ./app/(app)/timetable/page.tsx:245:21
Expected '</', got 'const'
  243 |                         ? cell.classes?.class_name || cell.class_name || cell.class_id
  244 |                         : cell.subjects?.subject_name || cell.subject_name || ''
> 245 |                     const sc = cell && subj ? subjectColor(subj as string) : null
      |                     ^^^^^
  246 |                     const isEmpty = !cell || !subj
  247 |
  248 |                     return (

Parsing ecmascript source code failed

Import traces:
  Client Component Browser:
    ./app/(app)/timetable/page.tsx [Client Component Browser]
    ./app/(app)/timetable/page.tsx [Server Component]

  Client Component SSR:
    ./app/(app)/timetable/page.tsx [Client Component SSR]
    ./app/(app)/timetable/page.tsx [Server Component] @ http://localhost:3000/_next/static/chunks/node_modules_next_dist_0u_w_5s._.js:1945
[   13542ms] [ERROR] ./app/(app)/timetable/page.tsx:245:21
Expected '</', got 'const'
  243 |                         ? cell.classes?.class_name || cell.class_name || cell.class_id
  244 |                         : cell.subjects?.subject_name || cell.subject_name || ''
> 245 |                     const sc = cell && subj ? subjectColor(subj as string) : null
      |                     ^^^^^
  246 |                     const isEmpty = !cell || !subj
  247 |
  248 |                     return (

Parsing ecmascript source code failed

Import traces:
  Client Component Browser:
    ./app/(app)/timetable/page.tsx [Client Component Browser]
    ./app/(app)/timetable/page.tsx [Server Component]

  Client Component SSR:
    ./app/(app)/timetable/page.tsx [Client Component SSR]
    ./app/(app)/timetable/page.tsx [Server Component] @ http://localhost:3000/_next/static/chunks/node_modules_next_dist_0u_w_5s._.js:1945
[   13594ms] [ERROR] ./app/(app)/timetable/page.tsx:245:21
Expected '</', got 'const'
  243 |                         ? cell.classes?.class_name || cell.class_name || cell.class_id
  244 |                         : cell.subjects?.subject_name || cell.subject_name || ''
> 245 |                     const sc = cell && subj ? subjectColor(subj as string) : null
      |                     ^^^^^
  246 |                     const isEmpty = !cell || !subj
  247 |
  248 |                     return (

Parsing ecmascript source code failed

Import traces:
  Client Component Browser:
    ./app/(app)/timetable/page.tsx [Client Component Browser]
    ./app/(app)/timetable/page.tsx [Server Component]

  Client Component SSR:
    ./app/(app)/timetable/page.tsx [Client Component SSR]
    ./app/(app)/timetable/page.tsx [Server Component] @ http://localhost:3000/_next/static/chunks/node_modules_next_dist_0u_w_5s._.js:1945
[   13647ms] [ERROR] ./app/(app)/timetable/page.tsx:245:21
Expected '</', got 'const'
  243 |                         ? cell.classes?.class_name || cell.class_name || cell.class_id
  244 |                         : cell.subjects?.subject_name || cell.subject_name || ''
> 245 |                     const sc = cell && subj ? subjectColor(subj as string) : null
      |                     ^^^^^
  246 |                     const isEmpty = !cell || !subj
  247 |
  248 |                     return (

Parsing ecmascript source code failed

Import traces:
  Client Component Browser:
    ./app/(app)/timetable/page.tsx [Client Component Browser]
    ./app/(app)/timetable/page.tsx [Server Component]

  Client Component SSR:
    ./app/(app)/timetable/page.tsx [Client Component SSR]
    ./app/(app)/timetable/page.tsx [Server Component] @ http://localhost:3000/_next/static/chunks/node_modules_next_dist_0u_w_5s._.js:1945
[   13707ms] [ERROR] ./app/(app)/timetable/page.tsx:245:21
Expected '</', got 'const'
  243 |                         ? cell.classes?.class_name || cell.class_name || cell.class_id
  244 |                         : cell.subjects?.subject_name || cell.subject_name || ''
> 245 |                     const sc = cell && subj ? subjectColor(subj as string) : null
      |                     ^^^^^
  246 |                     const isEmpty = !cell || !subj
  247 |
  248 |                     return (

Parsing ecmascript source code failed

Import traces:
  Client Component Browser:
    ./app/(app)/timetable/page.tsx [Client Component Browser]
    ./app/(app)/timetable/page.tsx [Server Component]

  Client Component SSR:
    ./app/(app)/timetable/page.tsx [Client Component SSR]
    ./app/(app)/timetable/page.tsx [Server Component] @ http://localhost:3000/_next/static/chunks/node_modules_next_dist_0u_w_5s._.js:1945
[   13768ms] [ERROR] ./app/(app)/timetable/page.tsx:245:21
Expected '</', got 'const'
  243 |                         ? cell.classes?.class_name || cell.class_name || cell.class_id
  244 |                         : cell.subjects?.subject_name || cell.subject_name || ''
> 245 |                     const sc = cell && subj ? subjectColor(subj as string) : null
      |                     ^^^^^
  246 |                     const isEmpty = !cell || !subj
  247 |
  248 |                     return (

Parsing ecmascript source code failed

Import traces:
  Client Component Browser:
    ./app/(app)/timetable/page.tsx [Client Component Browser]
    ./app/(app)/timetable/page.tsx [Server Component]

  Client Component SSR:
    ./app/(app)/timetable/page.tsx [Client Component SSR]
    ./app/(app)/timetable/page.tsx [Server Component] @ http://localhost:3000/_next/static/chunks/node_modules_next_dist_0u_w_5s._.js:1945
[   13830ms] [ERROR] ./app/(app)/timetable/page.tsx:245:21
Expected '</', got 'const'
  243 |                         ? cell.classes?.class_name || cell.class_name || cell.class_id
  244 |                         : cell.subjects?.subject_name || cell.subject_name || ''
> 245 |                     const sc = cell && subj ? subjectColor(subj as string) : null
      |                     ^^^^^
  246 |                     const isEmpty = !cell || !subj
  247 |
  248 |                     return (

Parsing ecmascript source code failed

Import traces:
  Client Component Browser:
    ./app/(app)/timetable/page.tsx [Client Component Browser]
    ./app/(app)/timetable/page.tsx [Server Component]

  Client Component SSR:
    ./app/(app)/timetable/page.tsx [Client Component SSR]
    ./app/(app)/timetable/page.tsx [Server Component] @ http://localhost:3000/_next/static/chunks/node_modules_next_dist_0u_w_5s._.js:1945
[   13881ms] [ERROR] ./app/(app)/timetable/page.tsx:245:21
Expected '</', got 'const'
  243 |                         ? cell.classes?.class_name || cell.class_name || cell.class_id
  244 |                         : cell.subjects?.subject_name || cell.subject_name || ''
> 245 |                     const sc = cell && subj ? subjectColor(subj as string) : null
      |                     ^^^^^
  246 |                     const isEmpty = !cell || !subj
  247 |
  248 |                     return (

Parsing ecmascript source code failed

Import traces:
  Client Component Browser:
    ./app/(app)/timetable/page.tsx [Client Component Browser]
    ./app/(app)/timetable/page.tsx [Server Component]

  Client Component SSR:
    ./app/(app)/timetable/page.tsx [Client Component SSR]
    ./app/(app)/timetable/page.tsx [Server Component] @ http://localhost:3000/_next/static/chunks/node_modules_next_dist_0u_w_5s._.js:1945
[   13942ms] [ERROR] ./app/(app)/timetable/page.tsx:245:21
Expected '</', got 'const'
  243 |                         ? cell.classes?.class_name || cell.class_name || cell.class_id
  244 |                         : cell.subjects?.subject_name || cell.subject_name || ''
> 245 |                     const sc = cell && subj ? subjectColor(subj as string) : null
      |                     ^^^^^
  246 |                     const isEmpty = !cell || !subj
  247 |
  248 |                     return (

Parsing ecmascript source code failed

Import traces:
  Client Component Browser:
    ./app/(app)/timetable/page.tsx [Client Component Browser]
    ./app/(app)/timetable/page.tsx [Server Component]

  Client Component SSR:
    ./app/(app)/timetable/page.tsx [Client Component SSR]
    ./app/(app)/timetable/page.tsx [Server Component] @ http://localhost:3000/_next/static/chunks/node_modules_next_dist_0u_w_5s._.js:1945
[   13994ms] [ERROR] ./app/(app)/timetable/page.tsx:245:21
Expected '</', got 'const'
  243 |                         ? cell.classes?.class_name || cell.class_name || cell.class_id
  244 |                         : cell.subjects?.subject_name || cell.subject_name || ''
> 245 |                     const sc = cell && subj ? subjectColor(subj as string) : null
      |                     ^^^^^
  246 |                     const isEmpty = !cell || !subj
  247 |
  248 |                     return (

Parsing ecmascript source code failed

Import traces:
  Client Component Browser:
    ./app/(app)/timetable/page.tsx [Client Component Browser]
    ./app/(app)/timetable/page.tsx [Server Component]

  Client Component SSR:
    ./app/(app)/timetable/page.tsx [Client Component SSR]
    ./app/(app)/timetable/page.tsx [Server Component] @ http://localhost:3000/_next/static/chunks/node_modules_next_dist_0u_w_5s._.js:1945
[   14037ms] [ERROR] ./app/(app)/timetable/page.tsx:245:21
Expected '</', got 'const'
  243 |                         ? cell.classes?.class_name || cell.class_name || cell.class_id
  244 |                         : cell.subjects?.subject_name || cell.subject_name || ''
> 245 |                     const sc = cell && subj ? subjectColor(subj as string) : null
      |                     ^^^^^
  246 |                     const isEmpty = !cell || !subj
  247 |
  248 |                     return (

Parsing ecmascript source code failed

Import traces:
  Client Component Browser:
    ./app/(app)/timetable/page.tsx [Client Component Browser]
    ./app/(app)/timetable/page.tsx [Server Component]

  Client Component SSR:
    ./app/(app)/timetable/page.tsx [Client Component SSR]
    ./app/(app)/timetable/page.tsx [Server Component] @ http://localhost:3000/_next/static/chunks/node_modules_next_dist_0u_w_5s._.js:1945
[   14086ms] [ERROR] ./app/(app)/timetable/page.tsx:245:21
Expected '</', got 'const'
  243 |                         ? cell.classes?.class_name || cell.class_name || cell.class_id
  244 |                         : cell.subjects?.subject_name || cell.subject_name || ''
> 245 |                     const sc = cell && subj ? subjectColor(subj as string) : null
      |                     ^^^^^
  246 |                     const isEmpty = !cell || !subj
  247 |
  248 |                     return (

Parsing ecmascript source code failed

Import traces:
  Client Component Browser:
    ./app/(app)/timetable/page.tsx [Client Component Browser]
    ./app/(app)/timetable/page.tsx [Server Component]

  Client Component SSR:
    ./app/(app)/timetable/page.tsx [Client Component SSR]
    ./app/(app)/timetable/page.tsx [Server Component] @ http://localhost:3000/_next/static/chunks/node_modules_next_dist_0u_w_5s._.js:1945
[   14139ms] [ERROR] ./app/(app)/timetable/page.tsx:245:21
Expected '</', got 'const'
  243 |                         ? cell.classes?.class_name || cell.class_name || cell.class_id
  244 |                         : cell.subjects?.subject_name || cell.subject_name || ''
> 245 |                     const sc = cell && subj ? subjectColor(subj as string) : null
      |                     ^^^^^
  246 |                     const isEmpty = !cell || !subj
  247 |
  248 |                     return (

Parsing ecmascript source code failed

Import traces:
  Client Component Browser:
    ./app/(app)/timetable/page.tsx [Client Component Browser]
    ./app/(app)/timetable/page.tsx [Server Component]

  Client Component SSR:
    ./app/(app)/timetable/page.tsx [Client Component SSR]
    ./app/(app)/timetable/page.tsx [Server Component] @ http://localhost:3000/_next/static/chunks/node_modules_next_dist_0u_w_5s._.js:1945
[   14200ms] [ERROR] ./app/(app)/timetable/page.tsx:245:21
Expected '</', got 'const'
  243 |                         ? cell.classes?.class_name || cell.class_name || cell.class_id
  244 |                         : cell.subjects?.subject_name || cell.subject_name || ''
> 245 |                     const sc = cell && subj ? subjectColor(subj as string) : null
      |                     ^^^^^
  246 |                     const isEmpty = !cell || !subj
  247 |
  248 |                     return (

Parsing ecmascript source code failed

Import traces:
  Client Component Browser:
    ./app/(app)/timetable/page.tsx [Client Component Browser]
    ./app/(app)/timetable/page.tsx [Server Component]

  Client Component SSR:
    ./app/(app)/timetable/page.tsx [Client Component SSR]
    ./app/(app)/timetable/page.tsx [Server Component] @ http://localhost:3000/_next/static/chunks/node_modules_next_dist_0u_w_5s._.js:1945
[   14262ms] [ERROR] ./app/(app)/timetable/page.tsx:245:21
Expected '</', got 'const'
  243 |                         ? cell.classes?.class_name || cell.class_name || cell.class_id
  244 |                         : cell.subjects?.subject_name || cell.subject_name || ''
> 245 |                     const sc = cell && subj ? subjectColor(subj as string) : null
      |                     ^^^^^
  246 |                     const isEmpty = !cell || !subj
  247 |
  248 |                     return (

Parsing ecmascript source code failed

Import traces:
  Client Component Browser:
    ./app/(app)/timetable/page.tsx [Client Component Browser]
    ./app/(app)/timetable/page.tsx [Server Component]

  Client Component SSR:
    ./app/(app)/timetable/page.tsx [Client Component SSR]
    ./app/(app)/timetable/page.tsx [Server Component] @ http://localhost:3000/_next/static/chunks/node_modules_next_dist_0u_w_5s._.js:1945
[   14306ms] [ERROR] ./app/(app)/timetable/page.tsx:245:21
Expected '</', got 'const'
  243 |                         ? cell.classes?.class_name || cell.class_name || cell.class_id
  244 |                         : cell.subjects?.subject_name || cell.subject_name || ''
> 245 |                     const sc = cell && subj ? subjectColor(subj as string) : null
      |                     ^^^^^
  246 |                     const isEmpty = !cell || !subj
  247 |
  248 |                     return (

Parsing ecmascript source code failed

Import traces:
  Client Component Browser:
    ./app/(app)/timetable/page.tsx [Client Component Browser]
    ./app/(app)/timetable/page.tsx [Server Component]

  Client Component SSR:
    ./app/(app)/timetable/page.tsx [Client Component SSR]
    ./app/(app)/timetable/page.tsx [Server Component] @ http://localhost:3000/_next/static/chunks/node_modules_next_dist_0u_w_5s._.js:1945
[   14358ms] [ERROR] ./app/(app)/timetable/page.tsx:245:21
Expected '</', got 'const'
  243 |                         ? cell.classes?.class_name || cell.class_name || cell.class_id
  244 |                         : cell.subjects?.subject_name || cell.subject_name || ''
> 245 |                     const sc = cell && subj ? subjectColor(subj as string) : null
      |                     ^^^^^
  246 |                     const isEmpty = !cell || !subj
  247 |
  248 |                     return (

Parsing ecmascript source code failed

Import traces:
  Client Component Browser:
    ./app/(app)/timetable/page.tsx [Client Component Browser]
    ./app/(app)/timetable/page.tsx [Server Component]

  Client Component SSR:
    ./app/(app)/timetable/page.tsx [Client Component SSR]
    ./app/(app)/timetable/page.tsx [Server Component] @ http://localhost:3000/_next/static/chunks/node_modules_next_dist_0u_w_5s._.js:1945
[   14408ms] [ERROR] ./app/(app)/timetable/page.tsx:245:21
Expected '</', got 'const'
  243 |                         ? cell.classes?.class_name || cell.class_name || cell.class_id
  244 |                         : cell.subjects?.subject_name || cell.subject_name || ''
> 245 |                     const sc = cell && subj ? subjectColor(subj as string) : null
      |                     ^^^^^
  246 |                     const isEmpty = !cell || !subj
  247 |
  248 |                     return (

Parsing ecmascript source code failed

Import traces:
  Client Component Browser:
    ./app/(app)/timetable/page.tsx [Client Component Browser]
    ./app/(app)/timetable/page.tsx [Server Component]

  Client Component SSR:
    ./app/(app)/timetable/page.tsx [Client Component SSR]
    ./app/(app)/timetable/page.tsx [Server Component] @ http://localhost:3000/_next/static/chunks/node_modules_next_dist_0u_w_5s._.js:1945
[   14466ms] [ERROR] ./app/(app)/timetable/page.tsx:245:21
Expected '</', got 'const'
  243 |                         ? cell.classes?.class_name || cell.class_name || cell.class_id
  244 |                         : cell.subjects?.subject_name || cell.subject_name || ''
> 245 |                     const sc = cell && subj ? subjectColor(subj as string) : null
      |                     ^^^^^
  246 |                     const isEmpty = !cell || !subj
  247 |
  248 |                     return (

Parsing ecmascript source code failed

Import traces:
  Client Component Browser:
    ./app/(app)/timetable/page.tsx [Client Component Browser]
    ./app/(app)/timetable/page.tsx [Server Component]

  Client Component SSR:
    ./app/(app)/timetable/page.tsx [Client Component SSR]
    ./app/(app)/timetable/page.tsx [Server Component] @ http://localhost:3000/_next/static/chunks/node_modules_next_dist_0u_w_5s._.js:1945
[   14520ms] [ERROR] ./app/(app)/timetable/page.tsx:245:21
Expected '</', got 'const'
  243 |                         ? cell.classes?.class_name || cell.class_name || cell.class_id
  244 |                         : cell.subjects?.subject_name || cell.subject_name || ''
> 245 |                     const sc = cell && subj ? subjectColor(subj as string) : null
      |                     ^^^^^
  246 |                     const isEmpty = !cell || !subj
  247 |
  248 |                     return (

Parsing ecmascript source code failed

Import traces:
  Client Component Browser:
    ./app/(app)/timetable/page.tsx [Client Component Browser]
    ./app/(app)/timetable/page.tsx [Server Component]

  Client Component SSR:
    ./app/(app)/timetable/page.tsx [Client Component SSR]
    ./app/(app)/timetable/page.tsx [Server Component] @ http://localhost:3000/_next/static/chunks/node_modules_next_dist_0u_w_5s._.js:1945
[   14571ms] [ERROR] ./app/(app)/timetable/page.tsx:245:21
Expected '</', got 'const'
  243 |                         ? cell.classes?.class_name || cell.class_name || cell.class_id
  244 |                         : cell.subjects?.subject_name || cell.subject_name || ''
> 245 |                     const sc = cell && subj ? subjectColor(subj as string) : null
      |                     ^^^^^
  246 |                     const isEmpty = !cell || !subj
  247 |
  248 |                     return (

Parsing ecmascript source code failed

Import traces:
  Client Component Browser:
    ./app/(app)/timetable/page.tsx [Client Component Browser]
    ./app/(app)/timetable/page.tsx [Server Component]

  Client Component SSR:
    ./app/(app)/timetable/page.tsx [Client Component SSR]
    ./app/(app)/timetable/page.tsx [Server Component] @ http://localhost:3000/_next/static/chunks/node_modules_next_dist_0u_w_5s._.js:1945
[   14622ms] [ERROR] ./app/(app)/timetable/page.tsx:245:21
Expected '</', got 'const'
  243 |                         ? cell.classes?.class_name || cell.class_name || cell.class_id
  244 |                         : cell.subjects?.subject_name || cell.subject_name || ''
> 245 |                     const sc = cell && subj ? subjectColor(subj as string) : null
      |                     ^^^^^
  246 |                     const isEmpty = !cell || !subj
  247 |
  248 |                     return (

Parsing ecmascript source code failed

Import traces:
  Client Component Browser:
    ./app/(app)/timetable/page.tsx [Client Component Browser]
    ./app/(app)/timetable/page.tsx [Server Component]

  Client Component SSR:
    ./app/(app)/timetable/page.tsx [Client Component SSR]
    ./app/(app)/timetable/page.tsx [Server Component] @ http://localhost:3000/_next/static/chunks/node_modules_next_dist_0u_w_5s._.js:1945
[   14684ms] [ERROR] ./app/(app)/timetable/page.tsx:245:21
Expected '</', got 'const'
  243 |                         ? cell.classes?.class_name || cell.class_name || cell.class_id
  244 |                         : cell.subjects?.subject_name || cell.subject_name || ''
> 245 |                     const sc = cell && subj ? subjectColor(subj as string) : null
      |                     ^^^^^
  246 |                     const isEmpty = !cell || !subj
  247 |
  248 |                     return (

Parsing ecmascript source code failed

Import traces:
  Client Component Browser:
    ./app/(app)/timetable/page.tsx [Client Component Browser]
    ./app/(app)/timetable/page.tsx [Server Component]

  Client Component SSR:
    ./app/(app)/timetable/page.tsx [Client Component SSR]
    ./app/(app)/timetable/page.tsx [Server Component] @ http://localhost:3000/_next/static/chunks/node_modules_next_dist_0u_w_5s._.js:1945
[   14745ms] [ERROR] ./app/(app)/timetable/page.tsx:245:21
Expected '</', got 'const'
  243 |                         ? cell.classes?.class_name || cell.class_name || cell.class_id
  244 |                         : cell.subjects?.subject_name || cell.subject_name || ''
> 245 |                     const sc = cell && subj ? subjectColor(subj as string) : null
      |                     ^^^^^
  246 |                     const isEmpty = !cell || !subj
  247 |
  248 |                     return (

Parsing ecmascript source code failed

Import traces:
  Client Component Browser:
    ./app/(app)/timetable/page.tsx [Client Component Browser]
    ./app/(app)/timetable/page.tsx [Server Component]

  Client Component SSR:
    ./app/(app)/timetable/page.tsx [Client Component SSR]
    ./app/(app)/timetable/page.tsx [Server Component] @ http://localhost:3000/_next/static/chunks/node_modules_next_dist_0u_w_5s._.js:1945
[   14800ms] [ERROR] ./app/(app)/timetable/page.tsx:245:21
Expected '</', got 'const'
  243 |                         ? cell.classes?.class_name || cell.class_name || cell.class_id
  244 |                         : cell.subjects?.subject_name || cell.subject_name || ''
> 245 |                     const sc = cell && subj ? subjectColor(subj as string) : null
      |                     ^^^^^
  246 |                     const isEmpty = !cell || !subj
  247 |
  248 |                     return (

Parsing ecmascript source code failed

Import traces:
  Client Component Browser:
    ./app/(app)/timetable/page.tsx [Client Component Browser]
    ./app/(app)/timetable/page.tsx [Server Component]

  Client Component SSR:
    ./app/(app)/timetable/page.tsx [Client Component SSR]
    ./app/(app)/timetable/page.tsx [Server Component] @ http://localhost:3000/_next/static/chunks/node_modules_next_dist_0u_w_5s._.js:1945
[   14861ms] [ERROR] ./app/(app)/timetable/page.tsx:245:21
Expected '</', got 'const'
  243 |                         ? cell.classes?.class_name || cell.class_name || cell.class_id
  244 |                         : cell.subjects?.subject_name || cell.subject_name || ''
> 245 |                     const sc = cell && subj ? subjectColor(subj as string) : null
      |                     ^^^^^
  246 |                     const isEmpty = !cell || !subj
  247 |
  248 |                     return (

Parsing ecmascript source code failed

Import traces:
  Client Component Browser:
    ./app/(app)/timetable/page.tsx [Client Component Browser]
    ./app/(app)/timetable/page.tsx [Server Component]

  Client Component SSR:
    ./app/(app)/timetable/page.tsx [Client Component SSR]
    ./app/(app)/timetable/page.tsx [Server Component] @ http://localhost:3000/_next/static/chunks/node_modules_next_dist_0u_w_5s._.js:1945
[   14923ms] [ERROR] ./app/(app)/timetable/page.tsx:245:21
Expected '</', got 'const'
  243 |                         ? cell.classes?.class_name || cell.class_name || cell.class_id
  244 |                         : cell.subjects?.subject_name || cell.subject_name || ''
> 245 |                     const sc = cell && subj ? subjectColor(subj as string) : null
      |                     ^^^^^
  246 |                     const isEmpty = !cell || !subj
  247 |
  248 |                     return (

Parsing ecmascript source code failed

Import traces:
  Client Component Browser:
    ./app/(app)/timetable/page.tsx [Client Component Browser]
    ./app/(app)/timetable/page.tsx [Server Component]

  Client Component SSR:
    ./app/(app)/timetable/page.tsx [Client Component SSR]
    ./app/(app)/timetable/page.tsx [Server Component] @ http://localhost:3000/_next/static/chunks/node_modules_next_dist_0u_w_5s._.js:1945
[   14984ms] [ERROR] ./app/(app)/timetable/page.tsx:245:21
Expected '</', got 'const'
  243 |                         ? cell.classes?.class_name || cell.class_name || cell.class_id
  244 |                         : cell.subjects?.subject_name || cell.subject_name || ''
> 245 |                     const sc = cell && subj ? subjectColor(subj as string) : null
      |                     ^^^^^
  246 |                     const isEmpty = !cell || !subj
  247 |
  248 |                     return (

Parsing ecmascript source code failed

Import traces:
  Client Component Browser:
    ./app/(app)/timetable/page.tsx [Client Component Browser]
    ./app/(app)/timetable/page.tsx [Server Component]

  Client Component SSR:
    ./app/(app)/timetable/page.tsx [Client Component SSR]
    ./app/(app)/timetable/page.tsx [Server Component] @ http://localhost:3000/_next/static/chunks/node_modules_next_dist_0u_w_5s._.js:1945
[   15038ms] [ERROR] ./app/(app)/timetable/page.tsx:245:21
Expected '</', got 'const'
  243 |                         ? cell.classes?.class_name || cell.class_name || cell.class_id
  244 |                         : cell.subjects?.subject_name || cell.subject_name || ''
> 245 |                     const sc = cell && subj ? subjectColor(subj as string) : null
      |                     ^^^^^
  246 |                     const isEmpty = !cell || !subj
  247 |
  248 |                     return (

Parsing ecmascript source code failed

Import traces:
  Client Component Browser:
    ./app/(app)/timetable/page.tsx [Client Component Browser]
    ./app/(app)/timetable/page.tsx [Server Component]

  Client Component SSR:
    ./app/(app)/timetable/page.tsx [Client Component SSR]
    ./app/(app)/timetable/page.tsx [Server Component] @ http://localhost:3000/_next/static/chunks/node_modules_next_dist_0u_w_5s._.js:1945
[   15102ms] [ERROR] ./app/(app)/timetable/page.tsx:245:21
Expected '</', got 'const'
  243 |                         ? cell.classes?.class_name || cell.class_name || cell.class_id
  244 |                         : cell.subjects?.subject_name || cell.subject_name || ''
> 245 |                     const sc = cell && subj ? subjectColor(subj as string) : null
      |                     ^^^^^
  246 |                     const isEmpty = !cell || !subj
  247 |
  248 |                     return (

Parsing ecmascript source code failed

Import traces:
  Client Component Browser:
    ./app/(app)/timetable/page.tsx [Client Component Browser]
    ./app/(app)/timetable/page.tsx [Server Component]

  Client Component SSR:
    ./app/(app)/timetable/page.tsx [Client Component SSR]
    ./app/(app)/timetable/page.tsx [Server Component] @ http://localhost:3000/_next/static/chunks/node_modules_next_dist_0u_w_5s._.js:1945
[   15165ms] [ERROR] ./app/(app)/timetable/page.tsx:245:21
Expected '</', got 'const'
  243 |                         ? cell.classes?.class_name || cell.class_name || cell.class_id
  244 |                         : cell.subjects?.subject_name || cell.subject_name || ''
> 245 |                     const sc = cell && subj ? subjectColor(subj as string) : null
      |                     ^^^^^
  246 |                     const isEmpty = !cell || !subj
  247 |
  248 |                     return (

Parsing ecmascript source code failed

Import traces:
  Client Component Browser:
    ./app/(app)/timetable/page.tsx [Client Component Browser]
    ./app/(app)/timetable/page.tsx [Server Component]

  Client Component SSR:
    ./app/(app)/timetable/page.tsx [Client Component SSR]
    ./app/(app)/timetable/page.tsx [Server Component] @ http://localhost:3000/_next/static/chunks/node_modules_next_dist_0u_w_5s._.js:1945
[   15227ms] [ERROR] ./app/(app)/timetable/page.tsx:245:21
Expected '</', got 'const'
  243 |                         ? cell.classes?.class_name || cell.class_name || cell.class_id
  244 |                         : cell.subjects?.subject_name || cell.subject_name || ''
> 245 |                     const sc = cell && subj ? subjectColor(subj as string) : null
      |                     ^^^^^
  246 |                     const isEmpty = !cell || !subj
  247 |
  248 |                     return (

Parsing ecmascript source code failed

Import traces:
  Client Component Browser:
    ./app/(app)/timetable/page.tsx [Client Component Browser]
    ./app/(app)/timetable/page.tsx [Server Component]

  Client Component SSR:
    ./app/(app)/timetable/page.tsx [Client Component SSR]
    ./app/(app)/timetable/page.tsx [Server Component] @ http://localhost:3000/_next/static/chunks/node_modules_next_dist_0u_w_5s._.js:1945
[   15289ms] [ERROR] ./app/(app)/timetable/page.tsx:245:21
Expected '</', got 'const'
  243 |                         ? cell.classes?.class_name || cell.class_name || cell.class_id
  244 |                         : cell.subjects?.subject_name || cell.subject_name || ''
> 245 |                     const sc = cell && subj ? subjectColor(subj as string) : null
      |                     ^^^^^
  246 |                     const isEmpty = !cell || !subj
  247 |
  248 |                     return (

Parsing ecmascript source code failed

Import traces:
  Client Component Browser:
    ./app/(app)/timetable/page.tsx [Client Component Browser]
    ./app/(app)/timetable/page.tsx [Server Component]

  Client Component SSR:
    ./app/(app)/timetable/page.tsx [Client Component SSR]
    ./app/(app)/timetable/page.tsx [Server Component] @ http://localhost:3000/_next/static/chunks/node_modules_next_dist_0u_w_5s._.js:1945
[   15351ms] [ERROR] ./app/(app)/timetable/page.tsx:245:21
Expected '</', got 'const'
  243 |                         ? cell.classes?.class_name || cell.class_name || cell.class_id
  244 |                         : cell.subjects?.subject_name || cell.subject_name || ''
> 245 |                     const sc = cell && subj ? subjectColor(subj as string) : null
      |                     ^^^^^
  246 |                     const isEmpty = !cell || !subj
  247 |
  248 |                     return (

Parsing ecmascript source code failed

Import traces:
  Client Component Browser:
    ./app/(app)/timetable/page.tsx [Client Component Browser]
    ./app/(app)/timetable/page.tsx [Server Component]

  Client Component SSR:
    ./app/(app)/timetable/page.tsx [Client Component SSR]
    ./app/(app)/timetable/page.tsx [Server Component] @ http://localhost:3000/_next/static/chunks/node_modules_next_dist_0u_w_5s._.js:1945
[   15411ms] [ERROR] ./app/(app)/timetable/page.tsx:245:21
Expected '</', got 'const'
  243 |                         ? cell.classes?.class_name || cell.class_name || cell.class_id
  244 |                         : cell.subjects?.subject_name || cell.subject_name || ''
> 245 |                     const sc = cell && subj ? subjectColor(subj as string) : null
      |                     ^^^^^
  246 |                     const isEmpty = !cell || !subj
  247 |
  248 |                     return (

Parsing ecmascript source code failed

Import traces:
  Client Component Browser:
    ./app/(app)/timetable/page.tsx [Client Component Browser]
    ./app/(app)/timetable/page.tsx [Server Component]

  Client Component SSR:
    ./app/(app)/timetable/page.tsx [Client Component SSR]
    ./app/(app)/timetable/page.tsx [Server Component] @ http://localhost:3000/_next/static/chunks/node_modules_next_dist_0u_w_5s._.js:1945
[   15469ms] [ERROR] ./app/(app)/timetable/page.tsx:245:21
Expected '</', got 'const'
  243 |                         ? cell.classes?.class_name || cell.class_name || cell.class_id
  244 |                         : cell.subjects?.subject_name || cell.subject_name || ''
> 245 |                     const sc = cell && subj ? subjectColor(subj as string) : null
      |                     ^^^^^
  246 |                     const isEmpty = !cell || !subj
  247 |
  248 |                     return (

Parsing ecmascript source code failed

Import traces:
  Client Component Browser:
    ./app/(app)/timetable/page.tsx [Client Component Browser]
    ./app/(app)/timetable/page.tsx [Server Component]

  Client Component SSR:
    ./app/(app)/timetable/page.tsx [Client Component SSR]
    ./app/(app)/timetable/page.tsx [Server Component] @ http://localhost:3000/_next/static/chunks/node_modules_next_dist_0u_w_5s._.js:1945
[   15526ms] [ERROR] ./app/(app)/timetable/page.tsx:245:21
Expected '</', got 'const'
  243 |                         ? cell.classes?.class_name || cell.class_name || cell.class_id
  244 |                         : cell.subjects?.subject_name || cell.subject_name || ''
> 245 |                     const sc = cell && subj ? subjectColor(subj as string) : null
      |                     ^^^^^
  246 |                     const isEmpty = !cell || !subj
  247 |
  248 |                     return (

Parsing ecmascript source code failed

Import traces:
  Client Component Browser:
    ./app/(app)/timetable/page.tsx [Client Component Browser]
    ./app/(app)/timetable/page.tsx [Server Component]

  Client Component SSR:
    ./app/(app)/timetable/page.tsx [Client Component SSR]
    ./app/(app)/timetable/page.tsx [Server Component] @ http://localhost:3000/_next/static/chunks/node_modules_next_dist_0u_w_5s._.js:1945
[   15581ms] [ERROR] ./app/(app)/timetable/page.tsx:245:21
Expected '</', got 'const'
  243 |                         ? cell.classes?.class_name || cell.class_name || cell.class_id
  244 |                         : cell.subjects?.subject_name || cell.subject_name || ''
> 245 |                     const sc = cell && subj ? subjectColor(subj as string) : null
      |                     ^^^^^
  246 |                     const isEmpty = !cell || !subj
  247 |
  248 |                     return (

Parsing ecmascript source code failed

Import traces:
  Client Component Browser:
    ./app/(app)/timetable/page.tsx [Client Component Browser]
    ./app/(app)/timetable/page.tsx [Server Component]

  Client Component SSR:
    ./app/(app)/timetable/page.tsx [Client Component SSR]
    ./app/(app)/timetable/page.tsx [Server Component] @ http://localhost:3000/_next/static/chunks/node_modules_next_dist_0u_w_5s._.js:1945
[   15635ms] [ERROR] ./app/(app)/timetable/page.tsx:245:21
Expected '</', got 'const'
  243 |                         ? cell.classes?.class_name || cell.class_name || cell.class_id
  244 |                         : cell.subjects?.subject_name || cell.subject_name || ''
> 245 |                     const sc = cell && subj ? subjectColor(subj as string) : null
      |                     ^^^^^
  246 |                     const isEmpty = !cell || !subj
  247 |
  248 |                     return (

Parsing ecmascript source code failed

Import traces:
  Client Component Browser:
    ./app/(app)/timetable/page.tsx [Client Component Browser]
    ./app/(app)/timetable/page.tsx [Server Component]

  Client Component SSR:
    ./app/(app)/timetable/page.tsx [Client Component SSR]
    ./app/(app)/timetable/page.tsx [Server Component] @ http://localhost:3000/_next/static/chunks/node_modules_next_dist_0u_w_5s._.js:1945
[   15698ms] [ERROR] ./app/(app)/timetable/page.tsx:245:21
Expected '</', got 'const'
  243 |                         ? cell.classes?.class_name || cell.class_name || cell.class_id
  244 |                         : cell.subjects?.subject_name || cell.subject_name || ''
> 245 |                     const sc = cell && subj ? subjectColor(subj as string) : null
      |                     ^^^^^
  246 |                     const isEmpty = !cell || !subj
  247 |
  248 |                     return (

Parsing ecmascript source code failed

Import traces:
  Client Component Browser:
    ./app/(app)/timetable/page.tsx [Client Component Browser]
    ./app/(app)/timetable/page.tsx [Server Component]

  Client Component SSR:
    ./app/(app)/timetable/page.tsx [Client Component SSR]
    ./app/(app)/timetable/page.tsx [Server Component] @ http://localhost:3000/_next/static/chunks/node_modules_next_dist_0u_w_5s._.js:1945
[   15755ms] [ERROR] ./app/(app)/timetable/page.tsx:245:21
Expected '</', got 'const'
  243 |                         ? cell.classes?.class_name || cell.class_name || cell.class_id
  244 |                         : cell.subjects?.subject_name || cell.subject_name || ''
> 245 |                     const sc = cell && subj ? subjectColor(subj as string) : null
      |                     ^^^^^
  246 |                     const isEmpty = !cell || !subj
  247 |
  248 |                     return (

Parsing ecmascript source code failed

Import traces:
  Client Component Browser:
    ./app/(app)/timetable/page.tsx [Client Component Browser]
    ./app/(app)/timetable/page.tsx [Server Component]

  Client Component SSR:
    ./app/(app)/timetable/page.tsx [Client Component SSR]
    ./app/(app)/timetable/page.tsx [Server Component] @ http://localhost:3000/_next/static/chunks/node_modules_next_dist_0u_w_5s._.js:1945
[   15816ms] [ERROR] ./app/(app)/timetable/page.tsx:245:21
Expected '</', got 'const'
  243 |                         ? cell.classes?.class_name || cell.class_name || cell.class_id
  244 |                         : cell.subjects?.subject_name || cell.subject_name || ''
> 245 |                     const sc = cell && subj ? subjectColor(subj as string) : null
      |                     ^^^^^
  246 |                     const isEmpty = !cell || !subj
  247 |
  248 |                     return (

Parsing ecmascript source code failed

Import traces:
  Client Component Browser:
    ./app/(app)/timetable/page.tsx [Client Component Browser]
    ./app/(app)/timetable/page.tsx [Server Component]

  Client Component SSR:
    ./app/(app)/timetable/page.tsx [Client Component SSR]
    ./app/(app)/timetable/page.tsx [Server Component] @ http://localhost:3000/_next/static/chunks/node_modules_next_dist_0u_w_5s._.js:1945
[   15872ms] [ERROR] ./app/(app)/timetable/page.tsx:245:21
Expected '</', got 'const'
  243 |                         ? cell.classes?.class_name || cell.class_name || cell.class_id
  244 |                         : cell.subjects?.subject_name || cell.subject_name || ''
> 245 |                     const sc = cell && subj ? subjectColor(subj as string) : null
      |                     ^^^^^
  246 |                     const isEmpty = !cell || !subj
  247 |
  248 |                     return (

Parsing ecmascript source code failed

Import traces:
  Client Component Browser:
    ./app/(app)/timetable/page.tsx [Client Component Browser]
    ./app/(app)/timetable/page.tsx [Server Component]

  Client Component SSR:
    ./app/(app)/timetable/page.tsx [Client Component SSR]
    ./app/(app)/timetable/page.tsx [Server Component] @ http://localhost:3000/_next/static/chunks/node_modules_next_dist_0u_w_5s._.js:1945
[   15929ms] [ERROR] ./app/(app)/timetable/page.tsx:245:21
Expected '</', got 'const'
  243 |                         ? cell.classes?.class_name || cell.class_name || cell.class_id
  244 |                         : cell.subjects?.subject_name || cell.subject_name || ''
> 245 |                     const sc = cell && subj ? subjectColor(subj as string) : null
      |                     ^^^^^
  246 |                     const isEmpty = !cell || !subj
  247 |
  248 |                     return (

Parsing ecmascript source code failed

Import traces:
  Client Component Browser:
    ./app/(app)/timetable/page.tsx [Client Component Browser]
    ./app/(app)/timetable/page.tsx [Server Component]

  Client Component SSR:
    ./app/(app)/timetable/page.tsx [Client Component SSR]
    ./app/(app)/timetable/page.tsx [Server Component] @ http://localhost:3000/_next/static/chunks/node_modules_next_dist_0u_w_5s._.js:1945
[   15990ms] [ERROR] ./app/(app)/timetable/page.tsx:245:21
Expected '</', got 'const'
  243 |                         ? cell.classes?.class_name || cell.class_name || cell.class_id
  244 |                         : cell.subjects?.subject_name || cell.subject_name || ''
> 245 |                     const sc = cell && subj ? subjectColor(subj as string) : null
      |                     ^^^^^
  246 |                     const isEmpty = !cell || !subj
  247 |
  248 |                     return (

Parsing ecmascript source code failed

Import traces:
  Client Component Browser:
    ./app/(app)/timetable/page.tsx [Client Component Browser]
    ./app/(app)/timetable/page.tsx [Server Component]

  Client Component SSR:
    ./app/(app)/timetable/page.tsx [Client Component SSR]
    ./app/(app)/timetable/page.tsx [Server Component] @ http://localhost:3000/_next/static/chunks/node_modules_next_dist_0u_w_5s._.js:1945
[   16051ms] [ERROR] ./app/(app)/timetable/page.tsx:245:21
Expected '</', got 'const'
  243 |                         ? cell.classes?.class_name || cell.class_name || cell.class_id
  244 |                         : cell.subjects?.subject_name || cell.subject_name || ''
> 245 |                     const sc = cell && subj ? subjectColor(subj as string) : null
      |                     ^^^^^
  246 |                     const isEmpty = !cell || !subj
  247 |
  248 |                     return (

Parsing ecmascript source code failed

Import traces:
  Client Component Browser:
    ./app/(app)/timetable/page.tsx [Client Component Browser]
    ./app/(app)/timetable/page.tsx [Server Component]

  Client Component SSR:
    ./app/(app)/timetable/page.tsx [Client Component SSR]
    ./app/(app)/timetable/page.tsx [Server Component] @ http://localhost:3000/_next/static/chunks/node_modules_next_dist_0u_w_5s._.js:1945
[   16114ms] [ERROR] ./app/(app)/timetable/page.tsx:245:21
Expected '</', got 'const'
  243 |                         ? cell.classes?.class_name || cell.class_name || cell.class_id
  244 |                         : cell.subjects?.subject_name || cell.subject_name || ''
> 245 |                     const sc = cell && subj ? subjectColor(subj as string) : null
      |                     ^^^^^
  246 |                     const isEmpty = !cell || !subj
  247 |
  248 |                     return (

Parsing ecmascript source code failed

Import traces:
  Client Component Browser:
    ./app/(app)/timetable/page.tsx [Client Component Browser]
    ./app/(app)/timetable/page.tsx [Server Component]

  Client Component SSR:
    ./app/(app)/timetable/page.tsx [Client Component SSR]
    ./app/(app)/timetable/page.tsx [Server Component] @ http://localhost:3000/_next/static/chunks/node_modules_next_dist_0u_w_5s._.js:1945
[   16156ms] [ERROR] ./app/(app)/timetable/page.tsx:245:21
Expected '</', got 'const'
  243 |                         ? cell.classes?.class_name || cell.class_name || cell.class_id
  244 |                         : cell.subjects?.subject_name || cell.subject_name || ''
> 245 |                     const sc = cell && subj ? subjectColor(subj as string) : null
      |                     ^^^^^
  246 |                     const isEmpty = !cell || !subj
  247 |
  248 |                     return (

Parsing ecmascript source code failed

Import traces:
  Client Component Browser:
    ./app/(app)/timetable/page.tsx [Client Component Browser]
    ./app/(app)/timetable/page.tsx [Server Component]

  Client Component SSR:
    ./app/(app)/timetable/page.tsx [Client Component SSR]
    ./app/(app)/timetable/page.tsx [Server Component] @ http://localhost:3000/_next/static/chunks/node_modules_next_dist_0u_w_5s._.js:1945
[   16219ms] [ERROR] ./app/(app)/timetable/page.tsx:245:21
Expected '</', got 'const'
  243 |                         ? cell.classes?.class_name || cell.class_name || cell.class_id
  244 |                         : cell.subjects?.subject_name || cell.subject_name || ''
> 245 |                     const sc = cell && subj ? subjectColor(subj as string) : null
      |                     ^^^^^
  246 |                     const isEmpty = !cell || !subj
  247 |
  248 |                     return (

Parsing ecmascript source code failed

Import traces:
  Client Component Browser:
    ./app/(app)/timetable/page.tsx [Client Component Browser]
    ./app/(app)/timetable/page.tsx [Server Component]

  Client Component SSR:
    ./app/(app)/timetable/page.tsx [Client Component SSR]
    ./app/(app)/timetable/page.tsx [Server Component] @ http://localhost:3000/_next/static/chunks/node_modules_next_dist_0u_w_5s._.js:1945
[   16274ms] [ERROR] ./app/(app)/timetable/page.tsx:245:21
Expected '</', got 'const'
  243 |                         ? cell.classes?.class_name || cell.class_name || cell.class_id
  244 |                         : cell.subjects?.subject_name || cell.subject_name || ''
> 245 |                     const sc = cell && subj ? subjectColor(subj as string) : null
      |                     ^^^^^
  246 |                     const isEmpty = !cell || !subj
  247 |
  248 |                     return (

Parsing ecmascript source code failed

Import traces:
  Client Component Browser:
    ./app/(app)/timetable/page.tsx [Client Component Browser]
    ./app/(app)/timetable/page.tsx [Server Component]

  Client Component SSR:
    ./app/(app)/timetable/page.tsx [Client Component SSR]
    ./app/(app)/timetable/page.tsx [Server Component] @ http://localhost:3000/_next/static/chunks/node_modules_next_dist_0u_w_5s._.js:1945
[   16332ms] [ERROR] ./app/(app)/timetable/page.tsx:245:21
Expected '</', got 'const'
  243 |                         ? cell.classes?.class_name || cell.class_name || cell.class_id
  244 |                         : cell.subjects?.subject_name || cell.subject_name || ''
> 245 |                     const sc = cell && subj ? subjectColor(subj as string) : null
      |                     ^^^^^
  246 |                     const isEmpty = !cell || !subj
  247 |
  248 |                     return (

Parsing ecmascript source code failed

Import traces:
  Client Component Browser:
    ./app/(app)/timetable/page.tsx [Client Component Browser]
    ./app/(app)/timetable/page.tsx [Server Component]

  Client Component SSR:
    ./app/(app)/timetable/page.tsx [Client Component SSR]
    ./app/(app)/timetable/page.tsx [Server Component] @ http://localhost:3000/_next/static/chunks/node_modules_next_dist_0u_w_5s._.js:1945
[   16385ms] [ERROR] ./app/(app)/timetable/page.tsx:245:21
Expected '</', got 'const'
  243 |                         ? cell.classes?.class_name || cell.class_name || cell.class_id
  244 |                         : cell.subjects?.subject_name || cell.subject_name || ''
> 245 |                     const sc = cell && subj ? subjectColor(subj as string) : null
      |                     ^^^^^
  246 |                     const isEmpty = !cell || !subj
  247 |
  248 |                     return (

Parsing ecmascript source code failed

Import traces:
  Client Component Browser:
    ./app/(app)/timetable/page.tsx [Client Component Browser]
    ./app/(app)/timetable/page.tsx [Server Component]

  Client Component SSR:
    ./app/(app)/timetable/page.tsx [Client Component SSR]
    ./app/(app)/timetable/page.tsx [Server Component] @ http://localhost:3000/_next/static/chunks/node_modules_next_dist_0u_w_5s._.js:1945
[   16435ms] [ERROR] ./app/(app)/timetable/page.tsx:245:21
Expected '</', got 'const'
  243 |                         ? cell.classes?.class_name || cell.class_name || cell.class_id
  244 |                         : cell.subjects?.subject_name || cell.subject_name || ''
> 245 |                     const sc = cell && subj ? subjectColor(subj as string) : null
      |                     ^^^^^
  246 |                     const isEmpty = !cell || !subj
  247 |
  248 |                     return (

Parsing ecmascript source code failed

Import traces:
  Client Component Browser:
    ./app/(app)/timetable/page.tsx [Client Component Browser]
    ./app/(app)/timetable/page.tsx [Server Component]

  Client Component SSR:
    ./app/(app)/timetable/page.tsx [Client Component SSR]
    ./app/(app)/timetable/page.tsx [Server Component] @ http://localhost:3000/_next/static/chunks/node_modules_next_dist_0u_w_5s._.js:1945
[   16496ms] [ERROR] ./app/(app)/timetable/page.tsx:245:21
Expected '</', got 'const'
  243 |                         ? cell.classes?.class_name || cell.class_name || cell.class_id
  244 |                         : cell.subjects?.subject_name || cell.subject_name || ''
> 245 |                     const sc = cell && subj ? subjectColor(subj as string) : null
      |                     ^^^^^
  246 |                     const isEmpty = !cell || !subj
  247 |
  248 |                     return (

Parsing ecmascript source code failed

Import traces:
  Client Component Browser:
    ./app/(app)/timetable/page.tsx [Client Component Browser]
    ./app/(app)/timetable/page.tsx [Server Component]

  Client Component SSR:
    ./app/(app)/timetable/page.tsx [Client Component SSR]
    ./app/(app)/timetable/page.tsx [Server Component] @ http://localhost:3000/_next/static/chunks/node_modules_next_dist_0u_w_5s._.js:1945
[   16557ms] [ERROR] ./app/(app)/timetable/page.tsx:245:21
Expected '</', got 'const'
  243 |                         ? cell.classes?.class_name || cell.class_name || cell.class_id
  244 |                         : cell.subjects?.subject_name || cell.subject_name || ''
> 245 |                     const sc = cell && subj ? subjectColor(subj as string) : null
      |                     ^^^^^
  246 |                     const isEmpty = !cell || !subj
  247 |
  248 |                     return (

Parsing ecmascript source code failed

Import traces:
  Client Component Browser:
    ./app/(app)/timetable/page.tsx [Client Component Browser]
    ./app/(app)/timetable/page.tsx [Server Component]

  Client Component SSR:
    ./app/(app)/timetable/page.tsx [Client Component SSR]
    ./app/(app)/timetable/page.tsx [Server Component] @ http://localhost:3000/_next/static/chunks/node_modules_next_dist_0u_w_5s._.js:1945
[   16617ms] [ERROR] ./app/(app)/timetable/page.tsx:245:21
Expected '</', got 'const'
  243 |                         ? cell.classes?.class_name || cell.class_name || cell.class_id
  244 |                         : cell.subjects?.subject_name || cell.subject_name || ''
> 245 |                     const sc = cell && subj ? subjectColor(subj as string) : null
      |                     ^^^^^
  246 |                     const isEmpty = !cell || !subj
  247 |
  248 |                     return (

Parsing ecmascript source code failed

Import traces:
  Client Component Browser:
    ./app/(app)/timetable/page.tsx [Client Component Browser]
    ./app/(app)/timetable/page.tsx [Server Component]

  Client Component SSR:
    ./app/(app)/timetable/page.tsx [Client Component SSR]
    ./app/(app)/timetable/page.tsx [Server Component] @ http://localhost:3000/_next/static/chunks/node_modules_next_dist_0u_w_5s._.js:1945
[   16665ms] [ERROR] ./app/(app)/timetable/page.tsx:245:21
Expected '</', got 'const'
  243 |                         ? cell.classes?.class_name || cell.class_name || cell.class_id
  244 |                         : cell.subjects?.subject_name || cell.subject_name || ''
> 245 |                     const sc = cell && subj ? subjectColor(subj as string) : null
      |                     ^^^^^
  246 |                     const isEmpty = !cell || !subj
  247 |
  248 |                     return (

Parsing ecmascript source code failed

Import traces:
  Client Component Browser:
    ./app/(app)/timetable/page.tsx [Client Component Browser]
    ./app/(app)/timetable/page.tsx [Server Component]

  Client Component SSR:
    ./app/(app)/timetable/page.tsx [Client Component SSR]
    ./app/(app)/timetable/page.tsx [Server Component] @ http://localhost:3000/_next/static/chunks/node_modules_next_dist_0u_w_5s._.js:1945
[   16727ms] [ERROR] ./app/(app)/timetable/page.tsx:245:21
Expected '</', got 'const'
  243 |                         ? cell.classes?.class_name || cell.class_name || cell.class_id
  244 |                         : cell.subjects?.subject_name || cell.subject_name || ''
> 245 |                     const sc = cell && subj ? subjectColor(subj as string) : null
      |                     ^^^^^
  246 |                     const isEmpty = !cell || !subj
  247 |
  248 |                     return (

Parsing ecmascript source code failed

Import traces:
  Client Component Browser:
    ./app/(app)/timetable/page.tsx [Client Component Browser]
    ./app/(app)/timetable/page.tsx [Server Component]

  Client Component SSR:
    ./app/(app)/timetable/page.tsx [Client Component SSR]
    ./app/(app)/timetable/page.tsx [Server Component] @ http://localhost:3000/_next/static/chunks/node_modules_next_dist_0u_w_5s._.js:1945
[   16790ms] [ERROR] ./app/(app)/timetable/page.tsx:245:21
Expected '</', got 'const'
  243 |                         ? cell.classes?.class_name || cell.class_name || cell.class_id
  244 |                         : cell.subjects?.subject_name || cell.subject_name || ''
> 245 |                     const sc = cell && subj ? subjectColor(subj as string) : null
      |                     ^^^^^
  246 |                     const isEmpty = !cell || !subj
  247 |
  248 |                     return (

Parsing ecmascript source code failed

Import traces:
  Client Component Browser:
    ./app/(app)/timetable/page.tsx [Client Component Browser]
    ./app/(app)/timetable/page.tsx [Server Component]

  Client Component SSR:
    ./app/(app)/timetable/page.tsx [Client Component SSR]
    ./app/(app)/timetable/page.tsx [Server Component] @ http://localhost:3000/_next/static/chunks/node_modules_next_dist_0u_w_5s._.js:1945
[   16852ms] [ERROR] ./app/(app)/timetable/page.tsx:245:21
Expected '</', got 'const'
  243 |                         ? cell.classes?.class_name || cell.class_name || cell.class_id
  244 |                         : cell.subjects?.subject_name || cell.subject_name || ''
> 245 |                     const sc = cell && subj ? subjectColor(subj as string) : null
      |                     ^^^^^
  246 |                     const isEmpty = !cell || !subj
  247 |
  248 |                     return (

Parsing ecmascript source code failed

Import traces:
  Client Component Browser:
    ./app/(app)/timetable/page.tsx [Client Component Browser]
    ./app/(app)/timetable/page.tsx [Server Component]

  Client Component SSR:
    ./app/(app)/timetable/page.tsx [Client Component SSR]
    ./app/(app)/timetable/page.tsx [Server Component] @ http://localhost:3000/_next/static/chunks/node_modules_next_dist_0u_w_5s._.js:1945
[   16908ms] [ERROR] ./app/(app)/timetable/page.tsx:245:21
Expected '</', got 'const'
  243 |                         ? cell.classes?.class_name || cell.class_name || cell.class_id
  244 |                         : cell.subjects?.subject_name || cell.subject_name || ''
> 245 |                     const sc = cell && subj ? subjectColor(subj as string) : null
      |                     ^^^^^
  246 |                     const isEmpty = !cell || !subj
  247 |
  248 |                     return (

Parsing ecmascript source code failed

Import traces:
  Client Component Browser:
    ./app/(app)/timetable/page.tsx [Client Component Browser]
    ./app/(app)/timetable/page.tsx [Server Component]

  Client Component SSR:
    ./app/(app)/timetable/page.tsx [Client Component SSR]
    ./app/(app)/timetable/page.tsx [Server Component] @ http://localhost:3000/_next/static/chunks/node_modules_next_dist_0u_w_5s._.js:1945
[   16965ms] [ERROR] ./app/(app)/timetable/page.tsx:245:21
Expected '</', got 'const'
  243 |                         ? cell.classes?.class_name || cell.class_name || cell.class_id
  244 |                         : cell.subjects?.subject_name || cell.subject_name || ''
> 245 |                     const sc = cell && subj ? subjectColor(subj as string) : null
      |                     ^^^^^
  246 |                     const isEmpty = !cell || !subj
  247 |
  248 |                     return (

Parsing ecmascript source code failed

Import traces:
  Client Component Browser:
    ./app/(app)/timetable/page.tsx [Client Component Browser]
    ./app/(app)/timetable/page.tsx [Server Component]

  Client Component SSR:
    ./app/(app)/timetable/page.tsx [Client Component SSR]
    ./app/(app)/timetable/page.tsx [Server Component] @ http://localhost:3000/_next/static/chunks/node_modules_next_dist_0u_w_5s._.js:1945
[   17028ms] [ERROR] ./app/(app)/timetable/page.tsx:245:21
Expected '</', got 'const'
  243 |                         ? cell.classes?.class_name || cell.class_name || cell.class_id
  244 |                         : cell.subjects?.subject_name || cell.subject_name || ''
> 245 |                     const sc = cell && subj ? subjectColor(subj as string) : null
      |                     ^^^^^
  246 |                     const isEmpty = !cell || !subj
  247 |
  248 |                     return (

Parsing ecmascript source code failed

Import traces:
  Client Component Browser:
    ./app/(app)/timetable/page.tsx [Client Component Browser]
    ./app/(app)/timetable/page.tsx [Server Component]

  Client Component SSR:
    ./app/(app)/timetable/page.tsx [Client Component SSR]
    ./app/(app)/timetable/page.tsx [Server Component] @ http://localhost:3000/_next/static/chunks/node_modules_next_dist_0u_w_5s._.js:1945
[   17083ms] [ERROR] ./app/(app)/timetable/page.tsx:245:21
Expected '</', got 'const'
  243 |                         ? cell.classes?.class_name || cell.class_name || cell.class_id
  244 |                         : cell.subjects?.subject_name || cell.subject_name || ''
> 245 |                     const sc = cell && subj ? subjectColor(subj as string) : null
      |                     ^^^^^
  246 |                     const isEmpty = !cell || !subj
  247 |
  248 |                     return (

Parsing ecmascript source code failed

Import traces:
  Client Component Browser:
    ./app/(app)/timetable/page.tsx [Client Component Browser]
    ./app/(app)/timetable/page.tsx [Server Component]

  Client Component SSR:
    ./app/(app)/timetable/page.tsx [Client Component SSR]
    ./app/(app)/timetable/page.tsx [Server Component] @ http://localhost:3000/_next/static/chunks/node_modules_next_dist_0u_w_5s._.js:1945
[   17145ms] [ERROR] ./app/(app)/timetable/page.tsx:245:21
Expected '</', got 'const'
  243 |                         ? cell.classes?.class_name || cell.class_name || cell.class_id
  244 |                         : cell.subjects?.subject_name || cell.subject_name || ''
> 245 |                     const sc = cell && subj ? subjectColor(subj as string) : null
      |                     ^^^^^
  246 |                     const isEmpty = !cell || !subj
  247 |
  248 |                     return (

Parsing ecmascript source code failed

Import traces:
  Client Component Browser:
    ./app/(app)/timetable/page.tsx [Client Component Browser]
    ./app/(app)/timetable/page.tsx [Server Component]

  Client Component SSR:
    ./app/(app)/timetable/page.tsx [Client Component SSR]
    ./app/(app)/timetable/page.tsx [Server Component] @ http://localhost:3000/_next/static/chunks/node_modules_next_dist_0u_w_5s._.js:1945
[   17206ms] [ERROR] ./app/(app)/timetable/page.tsx:245:21
Expected '</', got 'const'
  243 |                         ? cell.classes?.class_name || cell.class_name || cell.class_id
  244 |                         : cell.subjects?.subject_name || cell.subject_name || ''
> 245 |                     const sc = cell && subj ? subjectColor(subj as string) : null
      |                     ^^^^^
  246 |                     const isEmpty = !cell || !subj
  247 |
  248 |                     return (

Parsing ecmascript source code failed

Import traces:
  Client Component Browser:
    ./app/(app)/timetable/page.tsx [Client Component Browser]
    ./app/(app)/timetable/page.tsx [Server Component]

  Client Component SSR:
    ./app/(app)/timetable/page.tsx [Client Component SSR]
    ./app/(app)/timetable/page.tsx [Server Component] @ http://localhost:3000/_next/static/chunks/node_modules_next_dist_0u_w_5s._.js:1945
[   17267ms] [ERROR] ./app/(app)/timetable/page.tsx:245:21
Expected '</', got 'const'
  243 |                         ? cell.classes?.class_name || cell.class_name || cell.class_id
  244 |                         : cell.subjects?.subject_name || cell.subject_name || ''
> 245 |                     const sc = cell && subj ? subjectColor(subj as string) : null
      |                     ^^^^^
  246 |                     const isEmpty = !cell || !subj
  247 |
  248 |                     return (

Parsing ecmascript source code failed

Import traces:
  Client Component Browser:
    ./app/(app)/timetable/page.tsx [Client Component Browser]
    ./app/(app)/timetable/page.tsx [Server Component]

  Client Component SSR:
    ./app/(app)/timetable/page.tsx [Client Component SSR]
    ./app/(app)/timetable/page.tsx [Server Component] @ http://localhost:3000/_next/static/chunks/node_modules_next_dist_0u_w_5s._.js:1945
[   17330ms] [ERROR] ./app/(app)/timetable/page.tsx:245:21
Expected '</', got 'const'
  243 |                         ? cell.classes?.class_name || cell.class_name || cell.class_id
  244 |                         : cell.subjects?.subject_name || cell.subject_name || ''
> 245 |                     const sc = cell && subj ? subjectColor(subj as string) : null
      |                     ^^^^^
  246 |                     const isEmpty = !cell || !subj
  247 |
  248 |                     return (

Parsing ecmascript source code failed

Import traces:
  Client Component Browser:
    ./app/(app)/timetable/page.tsx [Client Component Browser]
    ./app/(app)/timetable/page.tsx [Server Component]

  Client Component SSR:
    ./app/(app)/timetable/page.tsx [Client Component SSR]
    ./app/(app)/timetable/page.tsx [Server Component] @ http://localhost:3000/_next/static/chunks/node_modules_next_dist_0u_w_5s._.js:1945
[   17392ms] [ERROR] ./app/(app)/timetable/page.tsx:245:21
Expected '</', got 'const'
  243 |                         ? cell.classes?.class_name || cell.class_name || cell.class_id
  244 |                         : cell.subjects?.subject_name || cell.subject_name || ''
> 245 |                     const sc = cell && subj ? subjectColor(subj as string) : null
      |                     ^^^^^
  246 |                     const isEmpty = !cell || !subj
  247 |
  248 |                     return (

Parsing ecmascript source code failed

Import traces:
  Client Component Browser:
    ./app/(app)/timetable/page.tsx [Client Component Browser]
    ./app/(app)/timetable/page.tsx [Server Component]

  Client Component SSR:
    ./app/(app)/timetable/page.tsx [Client Component SSR]
    ./app/(app)/timetable/page.tsx [Server Component] @ http://localhost:3000/_next/static/chunks/node_modules_next_dist_0u_w_5s._.js:1945
[   17442ms] [ERROR] ./app/(app)/timetable/page.tsx:245:21
Expected '</', got 'const'
  243 |                         ? cell.classes?.class_name || cell.class_name || cell.class_id
  244 |                         : cell.subjects?.subject_name || cell.subject_name || ''
> 245 |                     const sc = cell && subj ? subjectColor(subj as string) : null
      |                     ^^^^^
  246 |                     const isEmpty = !cell || !subj
  247 |
  248 |                     return (

Parsing ecmascript source code failed

Import traces:
  Client Component Browser:
    ./app/(app)/timetable/page.tsx [Client Component Browser]
    ./app/(app)/timetable/page.tsx [Server Component]

  Client Component SSR:
    ./app/(app)/timetable/page.tsx [Client Component SSR]
    ./app/(app)/timetable/page.tsx [Server Component] @ http://localhost:3000/_next/static/chunks/node_modules_next_dist_0u_w_5s._.js:1945
[   17504ms] [ERROR] ./app/(app)/timetable/page.tsx:245:21
Expected '</', got 'const'
  243 |                         ? cell.classes?.class_name || cell.class_name || cell.class_id
  244 |                         : cell.subjects?.subject_name || cell.subject_name || ''
> 245 |                     const sc = cell && subj ? subjectColor(subj as string) : null
      |                     ^^^^^
  246 |                     const isEmpty = !cell || !subj
  247 |
  248 |                     return (

Parsing ecmascript source code failed

Import traces:
  Client Component Browser:
    ./app/(app)/timetable/page.tsx [Client Component Browser]
    ./app/(app)/timetable/page.tsx [Server Component]

  Client Component SSR:
    ./app/(app)/timetable/page.tsx [Client Component SSR]
    ./app/(app)/timetable/page.tsx [Server Component] @ http://localhost:3000/_next/static/chunks/node_modules_next_dist_0u_w_5s._.js:1945
[   17565ms] [ERROR] ./app/(app)/timetable/page.tsx:245:21
Expected '</', got 'const'
  243 |                         ? cell.classes?.class_name || cell.class_name || cell.class_id
  244 |                         : cell.subjects?.subject_name || cell.subject_name || ''
> 245 |                     const sc = cell && subj ? subjectColor(subj as string) : null
      |                     ^^^^^
  246 |                     const isEmpty = !cell || !subj
  247 |
  248 |                     return (

Parsing ecmascript source code failed

Import traces:
  Client Component Browser:
    ./app/(app)/timetable/page.tsx [Client Component Browser]
    ./app/(app)/timetable/page.tsx [Server Component]

  Client Component SSR:
    ./app/(app)/timetable/page.tsx [Client Component SSR]
    ./app/(app)/timetable/page.tsx [Server Component] @ http://localhost:3000/_next/static/chunks/node_modules_next_dist_0u_w_5s._.js:1945
[   17616ms] [ERROR] ./app/(app)/timetable/page.tsx:245:21
Expected '</', got 'const'
  243 |                         ? cell.classes?.class_name || cell.class_name || cell.class_id
  244 |                         : cell.subjects?.subject_name || cell.subject_name || ''
> 245 |                     const sc = cell && subj ? subjectColor(subj as string) : null
      |                     ^^^^^
  246 |                     const isEmpty = !cell || !subj
  247 |
  248 |                     return (

Parsing ecmascript source code failed

Import traces:
  Client Component Browser:
    ./app/(app)/timetable/page.tsx [Client Component Browser]
    ./app/(app)/timetable/page.tsx [Server Component]

  Client Component SSR:
    ./app/(app)/timetable/page.tsx [Client Component SSR]
    ./app/(app)/timetable/page.tsx [Server Component] @ http://localhost:3000/_next/static/chunks/node_modules_next_dist_0u_w_5s._.js:1945
[   17666ms] [ERROR] ./app/(app)/timetable/page.tsx:245:21
Expected '</', got 'const'
  243 |                         ? cell.classes?.class_name || cell.class_name || cell.class_id
  244 |                         : cell.subjects?.subject_name || cell.subject_name || ''
> 245 |                     const sc = cell && subj ? subjectColor(subj as string) : null
      |                     ^^^^^
  246 |                     const isEmpty = !cell || !subj
  247 |
  248 |                     return (

Parsing ecmascript source code failed

Import traces:
  Client Component Browser:
    ./app/(app)/timetable/page.tsx [Client Component Browser]
    ./app/(app)/timetable/page.tsx [Server Component]

  Client Component SSR:
    ./app/(app)/timetable/page.tsx [Client Component SSR]
    ./app/(app)/timetable/page.tsx [Server Component] @ http://localhost:3000/_next/static/chunks/node_modules_next_dist_0u_w_5s._.js:1945
[   17728ms] [ERROR] ./app/(app)/timetable/page.tsx:245:21
Expected '</', got 'const'
  243 |                         ? cell.classes?.class_name || cell.class_name || cell.class_id
  244 |                         : cell.subjects?.subject_name || cell.subject_name || ''
> 245 |                     const sc = cell && subj ? subjectColor(subj as string) : null
      |                     ^^^^^
  246 |                     const isEmpty = !cell || !subj
  247 |
  248 |                     return (

Parsing ecmascript source code failed

Import traces:
  Client Component Browser:
    ./app/(app)/timetable/page.tsx [Client Component Browser]
    ./app/(app)/timetable/page.tsx [Server Component]

  Client Component SSR:
    ./app/(app)/timetable/page.tsx [Client Component SSR]
    ./app/(app)/timetable/page.tsx [Server Component] @ http://localhost:3000/_next/static/chunks/node_modules_next_dist_0u_w_5s._.js:1945
[   17790ms] [ERROR] ./app/(app)/timetable/page.tsx:245:21
Expected '</', got 'const'
  243 |                         ? cell.classes?.class_name || cell.class_name || cell.class_id
  244 |                         : cell.subjects?.subject_name || cell.subject_name || ''
> 245 |                     const sc = cell && subj ? subjectColor(subj as string) : null
      |                     ^^^^^
  246 |                     const isEmpty = !cell || !subj
  247 |
  248 |                     return (

Parsing ecmascript source code failed

Import traces:
  Client Component Browser:
    ./app/(app)/timetable/page.tsx [Client Component Browser]
    ./app/(app)/timetable/page.tsx [Server Component]

  Client Component SSR:
    ./app/(app)/timetable/page.tsx [Client Component SSR]
    ./app/(app)/timetable/page.tsx [Server Component] @ http://localhost:3000/_next/static/chunks/node_modules_next_dist_0u_w_5s._.js:1945
[   17851ms] [ERROR] ./app/(app)/timetable/page.tsx:245:21
Expected '</', got 'const'
  243 |                         ? cell.classes?.class_name || cell.class_name || cell.class_id
  244 |                         : cell.subjects?.subject_name || cell.subject_name || ''
> 245 |                     const sc = cell && subj ? subjectColor(subj as string) : null
      |                     ^^^^^
  246 |                     const isEmpty = !cell || !subj
  247 |
  248 |                     return (

Parsing ecmascript source code failed

Import traces:
  Client Component Browser:
    ./app/(app)/timetable/page.tsx [Client Component Browser]
    ./app/(app)/timetable/page.tsx [Server Component]

  Client Component SSR:
    ./app/(app)/timetable/page.tsx [Client Component SSR]
    ./app/(app)/timetable/page.tsx [Server Component] @ http://localhost:3000/_next/static/chunks/node_modules_next_dist_0u_w_5s._.js:1945
[   17895ms] [ERROR] ./app/(app)/timetable/page.tsx:245:21
Expected '</', got 'const'
  243 |                         ? cell.classes?.class_name || cell.class_name || cell.class_id
  244 |                         : cell.subjects?.subject_name || cell.subject_name || ''
> 245 |                     const sc = cell && subj ? subjectColor(subj as string) : null
      |                     ^^^^^
  246 |                     const isEmpty = !cell || !subj
  247 |
  248 |                     return (

Parsing ecmascript source code failed

Import traces:
  Client Component Browser:
    ./app/(app)/timetable/page.tsx [Client Component Browser]
    ./app/(app)/timetable/page.tsx [Server Component]

  Client Component SSR:
    ./app/(app)/timetable/page.tsx [Client Component SSR]
    ./app/(app)/timetable/page.tsx [Server Component] @ http://localhost:3000/_next/static/chunks/node_modules_next_dist_0u_w_5s._.js:1945
[   17951ms] [ERROR] ./app/(app)/timetable/page.tsx:245:21
Expected '</', got 'const'
  243 |                         ? cell.classes?.class_name || cell.class_name || cell.class_id
  244 |                         : cell.subjects?.subject_name || cell.subject_name || ''
> 245 |                     const sc = cell && subj ? subjectColor(subj as string) : null
      |                     ^^^^^
  246 |                     const isEmpty = !cell || !subj
  247 |
  248 |                     return (

Parsing ecmascript source code failed

Import traces:
  Client Component Browser:
    ./app/(app)/timetable/page.tsx [Client Component Browser]
    ./app/(app)/timetable/page.tsx [Server Component]

  Client Component SSR:
    ./app/(app)/timetable/page.tsx [Client Component SSR]
    ./app/(app)/timetable/page.tsx [Server Component] @ http://localhost:3000/_next/static/chunks/node_modules_next_dist_0u_w_5s._.js:1945
[   18002ms] [ERROR] ./app/(app)/timetable/page.tsx:245:21
Expected '</', got 'const'
  243 |                         ? cell.classes?.class_name || cell.class_name || cell.class_id
  244 |                         : cell.subjects?.subject_name || cell.subject_name || ''
> 245 |                     const sc = cell && subj ? subjectColor(subj as string) : null
      |                     ^^^^^
  246 |                     const isEmpty = !cell || !subj
  247 |
  248 |                     return (

Parsing ecmascript source code failed

Import traces:
  Client Component Browser:
    ./app/(app)/timetable/page.tsx [Client Component Browser]
    ./app/(app)/timetable/page.tsx [Server Component]

  Client Component SSR:
    ./app/(app)/timetable/page.tsx [Client Component SSR]
    ./app/(app)/timetable/page.tsx [Server Component] @ http://localhost:3000/_next/static/chunks/node_modules_next_dist_0u_w_5s._.js:1945
[   18064ms] [ERROR] ./app/(app)/timetable/page.tsx:245:21
Expected '</', got 'const'
  243 |                         ? cell.classes?.class_name || cell.class_name || cell.class_id
  244 |                         : cell.subjects?.subject_name || cell.subject_name || ''
> 245 |                     const sc = cell && subj ? subjectColor(subj as string) : null
      |                     ^^^^^
  246 |                     const isEmpty = !cell || !subj
  247 |
  248 |                     return (

Parsing ecmascript source code failed

Import traces:
  Client Component Browser:
    ./app/(app)/timetable/page.tsx [Client Component Browser]
    ./app/(app)/timetable/page.tsx [Server Component]

  Client Component SSR:
    ./app/(app)/timetable/page.tsx [Client Component SSR]
    ./app/(app)/timetable/page.tsx [Server Component] @ http://localhost:3000/_next/static/chunks/node_modules_next_dist_0u_w_5s._.js:1945
[   18127ms] [ERROR] ./app/(app)/timetable/page.tsx:245:21
Expected '</', got 'const'
  243 |                         ? cell.classes?.class_name || cell.class_name || cell.class_id
  244 |                         : cell.subjects?.subject_name || cell.subject_name || ''
> 245 |                     const sc = cell && subj ? subjectColor(subj as string) : null
      |                     ^^^^^
  246 |                     const isEmpty = !cell || !subj
  247 |
  248 |                     return (

Parsing ecmascript source code failed

Import traces:
  Client Component Browser:
    ./app/(app)/timetable/page.tsx [Client Component Browser]
    ./app/(app)/timetable/page.tsx [Server Component]

  Client Component SSR:
    ./app/(app)/timetable/page.tsx [Client Component SSR]
    ./app/(app)/timetable/page.tsx [Server Component] @ http://localhost:3000/_next/static/chunks/node_modules_next_dist_0u_w_5s._.js:1945
[   18180ms] [ERROR] ./app/(app)/timetable/page.tsx:245:21
Expected '</', got 'const'
  243 |                         ? cell.classes?.class_name || cell.class_name || cell.class_id
  244 |                         : cell.subjects?.subject_name || cell.subject_name || ''
> 245 |                     const sc = cell && subj ? subjectColor(subj as string) : null
      |                     ^^^^^
  246 |                     const isEmpty = !cell || !subj
  247 |
  248 |                     return (

Parsing ecmascript source code failed

Import traces:
  Client Component Browser:
    ./app/(app)/timetable/page.tsx [Client Component Browser]
    ./app/(app)/timetable/page.tsx [Server Component]

  Client Component SSR:
    ./app/(app)/timetable/page.tsx [Client Component SSR]
    ./app/(app)/timetable/page.tsx [Server Component] @ http://localhost:3000/_next/static/chunks/node_modules_next_dist_0u_w_5s._.js:1945
[   18233ms] [ERROR] ./app/(app)/timetable/page.tsx:245:21
Expected '</', got 'const'
  243 |                         ? cell.classes?.class_name || cell.class_name || cell.class_id
  244 |                         : cell.subjects?.subject_name || cell.subject_name || ''
> 245 |                     const sc = cell && subj ? subjectColor(subj as string) : null
      |                     ^^^^^
  246 |                     const isEmpty = !cell || !subj
  247 |
  248 |                     return (

Parsing ecmascript source code failed

Import traces:
  Client Component Browser:
    ./app/(app)/timetable/page.tsx [Client Component Browser]
    ./app/(app)/timetable/page.tsx [Server Component]

  Client Component SSR:
    ./app/(app)/timetable/page.tsx [Client Component SSR]
    ./app/(app)/timetable/page.tsx [Server Component] @ http://localhost:3000/_next/static/chunks/node_modules_next_dist_0u_w_5s._.js:1945
[   18296ms] [ERROR] ./app/(app)/timetable/page.tsx:245:21
Expected '</', got 'const'
  243 |                         ? cell.classes?.class_name || cell.class_name || cell.class_id
  244 |                         : cell.subjects?.subject_name || cell.subject_name || ''
> 245 |                     const sc = cell && subj ? subjectColor(subj as string) : null
      |                     ^^^^^
  246 |                     const isEmpty = !cell || !subj
  247 |
  248 |                     return (

Parsing ecmascript source code failed

Import traces:
  Client Component Browser:
    ./app/(app)/timetable/page.tsx [Client Component Browser]
    ./app/(app)/timetable/page.tsx [Server Component]

  Client Component SSR:
    ./app/(app)/timetable/page.tsx [Client Component SSR]
    ./app/(app)/timetable/page.tsx [Server Component] @ http://localhost:3000/_next/static/chunks/node_modules_next_dist_0u_w_5s._.js:1945
[   18356ms] [ERROR] ./app/(app)/timetable/page.tsx:245:21
Expected '</', got 'const'
  243 |                         ? cell.classes?.class_name || cell.class_name || cell.class_id
  244 |                         : cell.subjects?.subject_name || cell.subject_name || ''
> 245 |                     const sc = cell && subj ? subjectColor(subj as string) : null
      |                     ^^^^^
  246 |                     const isEmpty = !cell || !subj
  247 |
  248 |                     return (

Parsing ecmascript source code failed

Import traces:
  Client Component Browser:
    ./app/(app)/timetable/page.tsx [Client Component Browser]
    ./app/(app)/timetable/page.tsx [Server Component]

  Client Component SSR:
    ./app/(app)/timetable/page.tsx [Client Component SSR]
    ./app/(app)/timetable/page.tsx [Server Component] @ http://localhost:3000/_next/static/chunks/node_modules_next_dist_0u_w_5s._.js:1945
[   18411ms] [ERROR] ./app/(app)/timetable/page.tsx:245:21
Expected '</', got 'const'
  243 |                         ? cell.classes?.class_name || cell.class_name || cell.class_id
  244 |                         : cell.subjects?.subject_name || cell.subject_name || ''
> 245 |                     const sc = cell && subj ? subjectColor(subj as string) : null
      |                     ^^^^^
  246 |                     const isEmpty = !cell || !subj
  247 |
  248 |                     return (

Parsing ecmascript source code failed

Import traces:
  Client Component Browser:
    ./app/(app)/timetable/page.tsx [Client Component Browser]
    ./app/(app)/timetable/page.tsx [Server Component]

  Client Component SSR:
    ./app/(app)/timetable/page.tsx [Client Component SSR]
    ./app/(app)/timetable/page.tsx [Server Component] @ http://localhost:3000/_next/static/chunks/node_modules_next_dist_0u_w_5s._.js:1945
[   18471ms] [ERROR] ./app/(app)/timetable/page.tsx:245:21
Expected '</', got 'const'
  243 |                         ? cell.classes?.class_name || cell.class_name || cell.class_id
  244 |                         : cell.subjects?.subject_name || cell.subject_name || ''
> 245 |                     const sc = cell && subj ? subjectColor(subj as string) : null
      |                     ^^^^^
  246 |                     const isEmpty = !cell || !subj
  247 |
  248 |                     return (

Parsing ecmascript source code failed

Import traces:
  Client Component Browser:
    ./app/(app)/timetable/page.tsx [Client Component Browser]
    ./app/(app)/timetable/page.tsx [Server Component]

  Client Component SSR:
    ./app/(app)/timetable/page.tsx [Client Component SSR]
    ./app/(app)/timetable/page.tsx [Server Component] @ http://localhost:3000/_next/static/chunks/node_modules_next_dist_0u_w_5s._.js:1945
[   18532ms] [ERROR] ./app/(app)/timetable/page.tsx:245:21
Expected '</', got 'const'
  243 |                         ? cell.classes?.class_name || cell.class_name || cell.class_id
  244 |                         : cell.subjects?.subject_name || cell.subject_name || ''
> 245 |                     const sc = cell && subj ? subjectColor(subj as string) : null
      |                     ^^^^^
  246 |                     const isEmpty = !cell || !subj
  247 |
  248 |                     return (

Parsing ecmascript source code failed

Import traces:
  Client Component Browser:
    ./app/(app)/timetable/page.tsx [Client Component Browser]
    ./app/(app)/timetable/page.tsx [Server Component]

  Client Component SSR:
    ./app/(app)/timetable/page.tsx [Client Component SSR]
    ./app/(app)/timetable/page.tsx [Server Component] @ http://localhost:3000/_next/static/chunks/node_modules_next_dist_0u_w_5s._.js:1945
[   18582ms] [ERROR] ./app/(app)/timetable/page.tsx:245:21
Expected '</', got 'const'
  243 |                         ? cell.classes?.class_name || cell.class_name || cell.class_id
  244 |                         : cell.subjects?.subject_name || cell.subject_name || ''
> 245 |                     const sc = cell && subj ? subjectColor(subj as string) : null
      |                     ^^^^^
  246 |                     const isEmpty = !cell || !subj
  247 |
  248 |                     return (

Parsing ecmascript source code failed

Import traces:
  Client Component Browser:
    ./app/(app)/timetable/page.tsx [Client Component Browser]
    ./app/(app)/timetable/page.tsx [Server Component]

  Client Component SSR:
    ./app/(app)/timetable/page.tsx [Client Component SSR]
    ./app/(app)/timetable/page.tsx [Server Component] @ http://localhost:3000/_next/static/chunks/node_modules_next_dist_0u_w_5s._.js:1945
[   18634ms] [ERROR] ./app/(app)/timetable/page.tsx:245:21
Expected '</', got 'const'
  243 |                         ? cell.classes?.class_name || cell.class_name || cell.class_id
  244 |                         : cell.subjects?.subject_name || cell.subject_name || ''
> 245 |                     const sc = cell && subj ? subjectColor(subj as string) : null
      |                     ^^^^^
  246 |                     const isEmpty = !cell || !subj
  247 |
  248 |                     return (

Parsing ecmascript source code failed

Import traces:
  Client Component Browser:
    ./app/(app)/timetable/page.tsx [Client Component Browser]
    ./app/(app)/timetable/page.tsx [Server Component]

  Client Component SSR:
    ./app/(app)/timetable/page.tsx [Client Component SSR]
    ./app/(app)/timetable/page.tsx [Server Component] @ http://localhost:3000/_next/static/chunks/node_modules_next_dist_0u_w_5s._.js:1945
[   18672ms] [ERROR] ./app/(app)/timetable/page.tsx:245:21
Expected '</', got 'const'
  243 |                         ? cell.classes?.class_name || cell.class_name || cell.class_id
  244 |                         : cell.subjects?.subject_name || cell.subject_name || ''
> 245 |                     const sc = cell && subj ? subjectColor(subj as string) : null
      |                     ^^^^^
  246 |                     const isEmpty = !cell || !subj
  247 |
  248 |                     return (

Parsing ecmascript source code failed

Import traces:
  Client Component Browser:
    ./app/(app)/timetable/page.tsx [Client Component Browser]
    ./app/(app)/timetable/page.tsx [Server Component]

  Client Component SSR:
    ./app/(app)/timetable/page.tsx [Client Component SSR]
    ./app/(app)/timetable/page.tsx [Server Component] @ http://localhost:3000/_next/static/chunks/node_modules_next_dist_0u_w_5s._.js:1945
[   18723ms] [ERROR] ./app/(app)/timetable/page.tsx:245:21
Expected '</', got 'const'
  243 |                         ? cell.classes?.class_name || cell.class_name || cell.class_id
  244 |                         : cell.subjects?.subject_name || cell.subject_name || ''
> 245 |                     const sc = cell && subj ? subjectColor(subj as string) : null
      |                     ^^^^^
  246 |                     const isEmpty = !cell || !subj
  247 |
  248 |                     return (

Parsing ecmascript source code failed

Import traces:
  Client Component Browser:
    ./app/(app)/timetable/page.tsx [Client Component Browser]
    ./app/(app)/timetable/page.tsx [Server Component]

  Client Component SSR:
    ./app/(app)/timetable/page.tsx [Client Component SSR]
    ./app/(app)/timetable/page.tsx [Server Component] @ http://localhost:3000/_next/static/chunks/node_modules_next_dist_0u_w_5s._.js:1945
[   18785ms] [ERROR] ./app/(app)/timetable/page.tsx:245:21
Expected '</', got 'const'
  243 |                         ? cell.classes?.class_name || cell.class_name || cell.class_id
  244 |                         : cell.subjects?.subject_name || cell.subject_name || ''
> 245 |                     const sc = cell && subj ? subjectColor(subj as string) : null
      |                     ^^^^^
  246 |                     const isEmpty = !cell || !subj
  247 |
  248 |                     return (

Parsing ecmascript source code failed

Import traces:
  Client Component Browser:
    ./app/(app)/timetable/page.tsx [Client Component Browser]
    ./app/(app)/timetable/page.tsx [Server Component]

  Client Component SSR:
    ./app/(app)/timetable/page.tsx [Client Component SSR]
    ./app/(app)/timetable/page.tsx [Server Component] @ http://localhost:3000/_next/static/chunks/node_modules_next_dist_0u_w_5s._.js:1945
[   18843ms] [ERROR] ./app/(app)/timetable/page.tsx:245:21
Expected '</', got 'const'
  243 |                         ? cell.classes?.class_name || cell.class_name || cell.class_id
  244 |                         : cell.subjects?.subject_name || cell.subject_name || ''
> 245 |                     const sc = cell && subj ? subjectColor(subj as string) : null
      |                     ^^^^^
  246 |                     const isEmpty = !cell || !subj
  247 |
  248 |                     return (

Parsing ecmascript source code failed

Import traces:
  Client Component Browser:
    ./app/(app)/timetable/page.tsx [Client Component Browser]
    ./app/(app)/timetable/page.tsx [Server Component]

  Client Component SSR:
    ./app/(app)/timetable/page.tsx [Client Component SSR]
    ./app/(app)/timetable/page.tsx [Server Component] @ http://localhost:3000/_next/static/chunks/node_modules_next_dist_0u_w_5s._.js:1945
[   18901ms] [ERROR] ./app/(app)/timetable/page.tsx:245:21
Expected '</', got 'const'
  243 |                         ? cell.classes?.class_name || cell.class_name || cell.class_id
  244 |                         : cell.subjects?.subject_name || cell.subject_name || ''
> 245 |                     const sc = cell && subj ? subjectColor(subj as string) : null
      |                     ^^^^^
  246 |                     const isEmpty = !cell || !subj
  247 |
  248 |                     return (

Parsing ecmascript source code failed

Import traces:
  Client Component Browser:
    ./app/(app)/timetable/page.tsx [Client Component Browser]
    ./app/(app)/timetable/page.tsx [Server Component]

  Client Component SSR:
    ./app/(app)/timetable/page.tsx [Client Component SSR]
    ./app/(app)/timetable/page.tsx [Server Component] @ http://localhost:3000/_next/static/chunks/node_modules_next_dist_0u_w_5s._.js:1945
[   18955ms] [ERROR] ./app/(app)/timetable/page.tsx:245:21
Expected '</', got 'const'
  243 |                         ? cell.classes?.class_name || cell.class_name || cell.class_id
  244 |                         : cell.subjects?.subject_name || cell.subject_name || ''
> 245 |                     const sc = cell && subj ? subjectColor(subj as string) : null
      |                     ^^^^^
  246 |                     const isEmpty = !cell || !subj
  247 |
  248 |                     return (

Parsing ecmascript source code failed

Import traces:
  Client Component Browser:
    ./app/(app)/timetable/page.tsx [Client Component Browser]
    ./app/(app)/timetable/page.tsx [Server Component]

  Client Component SSR:
    ./app/(app)/timetable/page.tsx [Client Component SSR]
    ./app/(app)/timetable/page.tsx [Server Component] @ http://localhost:3000/_next/static/chunks/node_modules_next_dist_0u_w_5s._.js:1945
[   19010ms] [ERROR] ./app/(app)/timetable/page.tsx:245:21
Expected '</', got 'const'
  243 |                         ? cell.classes?.class_name || cell.class_name || cell.class_id
  244 |                         : cell.subjects?.subject_name || cell.subject_name || ''
> 245 |                     const sc = cell && subj ? subjectColor(subj as string) : null
      |                     ^^^^^
  246 |                     const isEmpty = !cell || !subj
  247 |
  248 |                     return (

Parsing ecmascript source code failed

Import traces:
  Client Component Browser:
    ./app/(app)/timetable/page.tsx [Client Component Browser]
    ./app/(app)/timetable/page.tsx [Server Component]

  Client Component SSR:
    ./app/(app)/timetable/page.tsx [Client Component SSR]
    ./app/(app)/timetable/page.tsx [Server Component] @ http://localhost:3000/_next/static/chunks/node_modules_next_dist_0u_w_5s._.js:1945
[   19070ms] [ERROR] ./app/(app)/timetable/page.tsx:245:21
Expected '</', got 'const'
  243 |                         ? cell.classes?.class_name || cell.class_name || cell.class_id
  244 |                         : cell.subjects?.subject_name || cell.subject_name || ''
> 245 |                     const sc = cell && subj ? subjectColor(subj as string) : null
      |                     ^^^^^
  246 |                     const isEmpty = !cell || !subj
  247 |
  248 |                     return (

Parsing ecmascript source code failed

Import traces:
  Client Component Browser:
    ./app/(app)/timetable/page.tsx [Client Component Browser]
    ./app/(app)/timetable/page.tsx [Server Component]

  Client Component SSR:
    ./app/(app)/timetable/page.tsx [Client Component SSR]
    ./app/(app)/timetable/page.tsx [Server Component] @ http://localhost:3000/_next/static/chunks/node_modules_next_dist_0u_w_5s._.js:1945
[   19133ms] [ERROR] ./app/(app)/timetable/page.tsx:245:21
Expected '</', got 'const'
  243 |                         ? cell.classes?.class_name || cell.class_name || cell.class_id
  244 |                         : cell.subjects?.subject_name || cell.subject_name || ''
> 245 |                     const sc = cell && subj ? subjectColor(subj as string) : null
      |                     ^^^^^
  246 |                     const isEmpty = !cell || !subj
  247 |
  248 |                     return (

Parsing ecmascript source code failed

Import traces:
  Client Component Browser:
    ./app/(app)/timetable/page.tsx [Client Component Browser]
    ./app/(app)/timetable/page.tsx [Server Component]

  Client Component SSR:
    ./app/(app)/timetable/page.tsx [Client Component SSR]
    ./app/(app)/timetable/page.tsx [Server Component] @ http://localhost:3000/_next/static/chunks/node_modules_next_dist_0u_w_5s._.js:1945
[   19191ms] [ERROR] ./app/(app)/timetable/page.tsx:245:21
Expected '</', got 'const'
  243 |                         ? cell.classes?.class_name || cell.class_name || cell.class_id
  244 |                         : cell.subjects?.subject_name || cell.subject_name || ''
> 245 |                     const sc = cell && subj ? subjectColor(subj as string) : null
      |                     ^^^^^
  246 |                     const isEmpty = !cell || !subj
  247 |
  248 |                     return (

Parsing ecmascript source code failed

Import traces:
  Client Component Browser:
    ./app/(app)/timetable/page.tsx [Client Component Browser]
    ./app/(app)/timetable/page.tsx [Server Component]

  Client Component SSR:
    ./app/(app)/timetable/page.tsx [Client Component SSR]
    ./app/(app)/timetable/page.tsx [Server Component] @ http://localhost:3000/_next/static/chunks/node_modules_next_dist_0u_w_5s._.js:1945
[   19254ms] [ERROR] ./app/(app)/timetable/page.tsx:245:21
Expected '</', got 'const'
  243 |                         ? cell.classes?.class_name || cell.class_name || cell.class_id
  244 |                         : cell.subjects?.subject_name || cell.subject_name || ''
> 245 |                     const sc = cell && subj ? subjectColor(subj as string) : null
      |                     ^^^^^
  246 |                     const isEmpty = !cell || !subj
  247 |
  248 |                     return (

Parsing ecmascript source code failed

Import traces:
  Client Component Browser:
    ./app/(app)/timetable/page.tsx [Client Component Browser]
    ./app/(app)/timetable/page.tsx [Server Component]

  Client Component SSR:
    ./app/(app)/timetable/page.tsx [Client Component SSR]
    ./app/(app)/timetable/page.tsx [Server Component] @ http://localhost:3000/_next/static/chunks/node_modules_next_dist_0u_w_5s._.js:1945
[   19305ms] [ERROR] ./app/(app)/timetable/page.tsx:245:21
Expected '</', got 'const'
  243 |                         ? cell.classes?.class_name || cell.class_name || cell.class_id
  244 |                         : cell.subjects?.subject_name || cell.subject_name || ''
> 245 |                     const sc = cell && subj ? subjectColor(subj as string) : null
      |                     ^^^^^
  246 |                     const isEmpty = !cell || !subj
  247 |
  248 |                     return (

Parsing ecmascript source code failed

Import traces:
  Client Component Browser:
    ./app/(app)/timetable/page.tsx [Client Component Browser]
    ./app/(app)/timetable/page.tsx [Server Component]

  Client Component SSR:
    ./app/(app)/timetable/page.tsx [Client Component SSR]
    ./app/(app)/timetable/page.tsx [Server Component] @ http://localhost:3000/_next/static/chunks/node_modules_next_dist_0u_w_5s._.js:1945
[   19366ms] [ERROR] ./app/(app)/timetable/page.tsx:245:21
Expected '</', got 'const'
  243 |                         ? cell.classes?.class_name || cell.class_name || cell.class_id
  244 |                         : cell.subjects?.subject_name || cell.subject_name || ''
> 245 |                     const sc = cell && subj ? subjectColor(subj as string) : null
      |                     ^^^^^
  246 |                     const isEmpty = !cell || !subj
  247 |
  248 |                     return (

Parsing ecmascript source code failed

Import traces:
  Client Component Browser:
    ./app/(app)/timetable/page.tsx [Client Component Browser]
    ./app/(app)/timetable/page.tsx [Server Component]

  Client Component SSR:
    ./app/(app)/timetable/page.tsx [Client Component SSR]
    ./app/(app)/timetable/page.tsx [Server Component] @ http://localhost:3000/_next/static/chunks/node_modules_next_dist_0u_w_5s._.js:1945
[   19417ms] [ERROR] ./app/(app)/timetable/page.tsx:245:21
Expected '</', got 'const'
  243 |                         ? cell.classes?.class_name || cell.class_name || cell.class_id
  244 |                         : cell.subjects?.subject_name || cell.subject_name || ''
> 245 |                     const sc = cell && subj ? subjectColor(subj as string) : null
      |                     ^^^^^
  246 |                     const isEmpty = !cell || !subj
  247 |
  248 |                     return (

Parsing ecmascript source code failed

Import traces:
  Client Component Browser:
    ./app/(app)/timetable/page.tsx [Client Component Browser]
    ./app/(app)/timetable/page.tsx [Server Component]

  Client Component SSR:
    ./app/(app)/timetable/page.tsx [Client Component SSR]
    ./app/(app)/timetable/page.tsx [Server Component] @ http://localhost:3000/_next/static/chunks/node_modules_next_dist_0u_w_5s._.js:1945
[   19475ms] [ERROR] ./app/(app)/timetable/page.tsx:245:21
Expected '</', got 'const'
  243 |                         ? cell.classes?.class_name || cell.class_name || cell.class_id
  244 |                         : cell.subjects?.subject_name || cell.subject_name || ''
> 245 |                     const sc = cell && subj ? subjectColor(subj as string) : null
      |                     ^^^^^
  246 |                     const isEmpty = !cell || !subj
  247 |
  248 |                     return (

Parsing ecmascript source code failed

Import traces:
  Client Component Browser:
    ./app/(app)/timetable/page.tsx [Client Component Browser]
    ./app/(app)/timetable/page.tsx [Server Component]

  Client Component SSR:
    ./app/(app)/timetable/page.tsx [Client Component SSR]
    ./app/(app)/timetable/page.tsx [Server Component] @ http://localhost:3000/_next/static/chunks/node_modules_next_dist_0u_w_5s._.js:1945
[   19536ms] [ERROR] ./app/(app)/timetable/page.tsx:245:21
Expected '</', got 'const'
  243 |                         ? cell.classes?.class_name || cell.class_name || cell.class_id
  244 |                         : cell.subjects?.subject_name || cell.subject_name || ''
> 245 |                     const sc = cell && subj ? subjectColor(subj as string) : null
      |                     ^^^^^
  246 |                     const isEmpty = !cell || !subj
  247 |
  248 |                     return (

Parsing ecmascript source code failed

Import traces:
  Client Component Browser:
    ./app/(app)/timetable/page.tsx [Client Component Browser]
    ./app/(app)/timetable/page.tsx [Server Component]

  Client Component SSR:
    ./app/(app)/timetable/page.tsx [Client Component SSR]
    ./app/(app)/timetable/page.tsx [Server Component] @ http://localhost:3000/_next/static/chunks/node_modules_next_dist_0u_w_5s._.js:1945
[   19599ms] [ERROR] ./app/(app)/timetable/page.tsx:245:21
Expected '</', got 'const'
  243 |                         ? cell.classes?.class_name || cell.class_name || cell.class_id
  244 |                         : cell.subjects?.subject_name || cell.subject_name || ''
> 245 |                     const sc = cell && subj ? subjectColor(subj as string) : null
      |                     ^^^^^
  246 |                     const isEmpty = !cell || !subj
  247 |
  248 |                     return (

Parsing ecmascript source code failed

Import traces:
  Client Component Browser:
    ./app/(app)/timetable/page.tsx [Client Component Browser]
    ./app/(app)/timetable/page.tsx [Server Component]

  Client Component SSR:
    ./app/(app)/timetable/page.tsx [Client Component SSR]
    ./app/(app)/timetable/page.tsx [Server Component] @ http://localhost:3000/_next/static/chunks/node_modules_next_dist_0u_w_5s._.js:1945
[   19663ms] [ERROR] ./app/(app)/timetable/page.tsx:245:21
Expected '</', got 'const'
  243 |                         ? cell.classes?.class_name || cell.class_name || cell.class_id
  244 |                         : cell.subjects?.subject_name || cell.subject_name || ''
> 245 |                     const sc = cell && subj ? subjectColor(subj as string) : null
      |                     ^^^^^
  246 |                     const isEmpty = !cell || !subj
  247 |
  248 |                     return (

Parsing ecmascript source code failed

Import traces:
  Client Component Browser:
    ./app/(app)/timetable/page.tsx [Client Component Browser]
    ./app/(app)/timetable/page.tsx [Server Component]

  Client Component SSR:
    ./app/(app)/timetable/page.tsx [Client Component SSR]
    ./app/(app)/timetable/page.tsx [Server Component] @ http://localhost:3000/_next/static/chunks/node_modules_next_dist_0u_w_5s._.js:1945
[   19709ms] [ERROR] ./app/(app)/timetable/page.tsx:245:21
Expected '</', got 'const'
  243 |                         ? cell.classes?.class_name || cell.class_name || cell.class_id
  244 |                         : cell.subjects?.subject_name || cell.subject_name || ''
> 245 |                     const sc = cell && subj ? subjectColor(subj as string) : null
      |                     ^^^^^
  246 |                     const isEmpty = !cell || !subj
  247 |
  248 |                     return (

Parsing ecmascript source code failed

Import traces:
  Client Component Browser:
    ./app/(app)/timetable/page.tsx [Client Component Browser]
    ./app/(app)/timetable/page.tsx [Server Component]

  Client Component SSR:
    ./app/(app)/timetable/page.tsx [Client Component SSR]
    ./app/(app)/timetable/page.tsx [Server Component] @ http://localhost:3000/_next/static/chunks/node_modules_next_dist_0u_w_5s._.js:1945
[   19771ms] [ERROR] ./app/(app)/timetable/page.tsx:245:21
Expected '</', got 'const'
  243 |                         ? cell.classes?.class_name || cell.class_name || cell.class_id
  244 |                         : cell.subjects?.subject_name || cell.subject_name || ''
> 245 |                     const sc = cell && subj ? subjectColor(subj as string) : null
      |                     ^^^^^
  246 |                     const isEmpty = !cell || !subj
  247 |
  248 |                     return (

Parsing ecmascript source code failed

Import traces:
  Client Component Browser:
    ./app/(app)/timetable/page.tsx [Client Component Browser]
    ./app/(app)/timetable/page.tsx [Server Component]

  Client Component SSR:
    ./app/(app)/timetable/page.tsx [Client Component SSR]
    ./app/(app)/timetable/page.tsx [Server Component] @ http://localhost:3000/_next/static/chunks/node_modules_next_dist_0u_w_5s._.js:1945
[   19822ms] [ERROR] ./app/(app)/timetable/page.tsx:245:21
Expected '</', got 'const'
  243 |                         ? cell.classes?.class_name || cell.class_name || cell.class_id
  244 |                         : cell.subjects?.subject_name || cell.subject_name || ''
> 245 |                     const sc = cell && subj ? subjectColor(subj as string) : null
      |                     ^^^^^
  246 |                     const isEmpty = !cell || !subj
  247 |
  248 |                     return (

Parsing ecmascript source code failed

Import traces:
  Client Component Browser:
    ./app/(app)/timetable/page.tsx [Client Component Browser]
    ./app/(app)/timetable/page.tsx [Server Component]

  Client Component SSR:
    ./app/(app)/timetable/page.tsx [Client Component SSR]
    ./app/(app)/timetable/page.tsx [Server Component] @ http://localhost:3000/_next/static/chunks/node_modules_next_dist_0u_w_5s._.js:1945
[   19875ms] [ERROR] ./app/(app)/timetable/page.tsx:245:21
Expected '</', got 'const'
  243 |                         ? cell.classes?.class_name || cell.class_name || cell.class_id
  244 |                         : cell.subjects?.subject_name || cell.subject_name || ''
> 245 |                     const sc = cell && subj ? subjectColor(subj as string) : null
      |                     ^^^^^
  246 |                     const isEmpty = !cell || !subj
  247 |
  248 |                     return (

Parsing ecmascript source code failed

Import traces:
  Client Component Browser:
    ./app/(app)/timetable/page.tsx [Client Component Browser]
    ./app/(app)/timetable/page.tsx [Server Component]

  Client Component SSR:
    ./app/(app)/timetable/page.tsx [Client Component SSR]
    ./app/(app)/timetable/page.tsx [Server Component] @ http://localhost:3000/_next/static/chunks/node_modules_next_dist_0u_w_5s._.js:1945
[   19933ms] [ERROR] ./app/(app)/timetable/page.tsx:245:21
Expected '</', got 'const'
  243 |                         ? cell.classes?.class_name || cell.class_name || cell.class_id
  244 |                         : cell.subjects?.subject_name || cell.subject_name || ''
> 245 |                     const sc = cell && subj ? subjectColor(subj as string) : null
      |                     ^^^^^
  246 |                     const isEmpty = !cell || !subj
  247 |
  248 |                     return (

Parsing ecmascript source code failed

Import traces:
  Client Component Browser:
    ./app/(app)/timetable/page.tsx [Client Component Browser]
    ./app/(app)/timetable/page.tsx [Server Component]

  Client Component SSR:
    ./app/(app)/timetable/page.tsx [Client Component SSR]
    ./app/(app)/timetable/page.tsx [Server Component] @ http://localhost:3000/_next/static/chunks/node_modules_next_dist_0u_w_5s._.js:1945
[   19986ms] [ERROR] ./app/(app)/timetable/page.tsx:245:21
Expected '</', got 'const'
  243 |                         ? cell.classes?.class_name || cell.class_name || cell.class_id
  244 |                         : cell.subjects?.subject_name || cell.subject_name || ''
> 245 |                     const sc = cell && subj ? subjectColor(subj as string) : null
      |                     ^^^^^
  246 |                     const isEmpty = !cell || !subj
  247 |
  248 |                     return (

Parsing ecmascript source code failed

Import traces:
  Client Component Browser:
    ./app/(app)/timetable/page.tsx [Client Component Browser]
    ./app/(app)/timetable/page.tsx [Server Component]

  Client Component SSR:
    ./app/(app)/timetable/page.tsx [Client Component SSR]
    ./app/(app)/timetable/page.tsx [Server Component] @ http://localhost:3000/_next/static/chunks/node_modules_next_dist_0u_w_5s._.js:1945
[   20037ms] [ERROR] ./app/(app)/timetable/page.tsx:245:21
Expected '</', got 'const'
  243 |                         ? cell.classes?.class_name || cell.class_name || cell.class_id
  244 |                         : cell.subjects?.subject_name || cell.subject_name || ''
> 245 |                     const sc = cell && subj ? subjectColor(subj as string) : null
      |                     ^^^^^
  246 |                     const isEmpty = !cell || !subj
  247 |
  248 |                     return (

Parsing ecmascript source code failed

Import traces:
  Client Component Browser:
    ./app/(app)/timetable/page.tsx [Client Component Browser]
    ./app/(app)/timetable/page.tsx [Server Component]

  Client Component SSR:
    ./app/(app)/timetable/page.tsx [Client Component SSR]
    ./app/(app)/timetable/page.tsx [Server Component] @ http://localhost:3000/_next/static/chunks/node_modules_next_dist_0u_w_5s._.js:1945
[   20101ms] [ERROR] ./app/(app)/timetable/page.tsx:245:21
Expected '</', got 'const'
  243 |                         ? cell.classes?.class_name || cell.class_name || cell.class_id
  244 |                         : cell.subjects?.subject_name || cell.subject_name || ''
> 245 |                     const sc = cell && subj ? subjectColor(subj as string) : null
      |                     ^^^^^
  246 |                     const isEmpty = !cell || !subj
  247 |
  248 |                     return (

Parsing ecmascript source code failed

Import traces:
  Client Component Browser:
    ./app/(app)/timetable/page.tsx [Client Component Browser]
    ./app/(app)/timetable/page.tsx [Server Component]

  Client Component SSR:
    ./app/(app)/timetable/page.tsx [Client Component SSR]
    ./app/(app)/timetable/page.tsx [Server Component] @ http://localhost:3000/_next/static/chunks/node_modules_next_dist_0u_w_5s._.js:1945
[   20154ms] [ERROR] ./app/(app)/timetable/page.tsx:245:21
Expected '</', got 'const'
  243 |                         ? cell.classes?.class_name || cell.class_name || cell.class_id
  244 |                         : cell.subjects?.subject_name || cell.subject_name || ''
> 245 |                     const sc = cell && subj ? subjectColor(subj as string) : null
      |                     ^^^^^
  246 |                     const isEmpty = !cell || !subj
  247 |
  248 |                     return (

Parsing ecmascript source code failed

Import traces:
  Client Component Browser:
    ./app/(app)/timetable/page.tsx [Client Component Browser]
    ./app/(app)/timetable/page.tsx [Server Component]

  Client Component SSR:
    ./app/(app)/timetable/page.tsx [Client Component SSR]
    ./app/(app)/timetable/page.tsx [Server Component] @ http://localhost:3000/_next/static/chunks/node_modules_next_dist_0u_w_5s._.js:1945
[   20217ms] [ERROR] ./app/(app)/timetable/page.tsx:245:21
Expected '</', got 'const'
  243 |                         ? cell.classes?.class_name || cell.class_name || cell.class_id
  244 |                         : cell.subjects?.subject_name || cell.subject_name || ''
> 245 |                     const sc = cell && subj ? subjectColor(subj as string) : null
      |                     ^^^^^
  246 |                     const isEmpty = !cell || !subj
  247 |
  248 |                     return (

Parsing ecmascript source code failed

Import traces:
  Client Component Browser:
    ./app/(app)/timetable/page.tsx [Client Component Browser]
    ./app/(app)/timetable/page.tsx [Server Component]

  Client Component SSR:
    ./app/(app)/timetable/page.tsx [Client Component SSR]
    ./app/(app)/timetable/page.tsx [Server Component] @ http://localhost:3000/_next/static/chunks/node_modules_next_dist_0u_w_5s._.js:1945
[   20264ms] [ERROR] ./app/(app)/timetable/page.tsx:245:21
Expected '</', got 'const'
  243 |                         ? cell.classes?.class_name || cell.class_name || cell.class_id
  244 |                         : cell.subjects?.subject_name || cell.subject_name || ''
> 245 |                     const sc = cell && subj ? subjectColor(subj as string) : null
      |                     ^^^^^
  246 |                     const isEmpty = !cell || !subj
  247 |
  248 |                     return (

Parsing ecmascript source code failed

Import traces:
  Client Component Browser:
    ./app/(app)/timetable/page.tsx [Client Component Browser]
    ./app/(app)/timetable/page.tsx [Server Component]

  Client Component SSR:
    ./app/(app)/timetable/page.tsx [Client Component SSR]
    ./app/(app)/timetable/page.tsx [Server Component] @ http://localhost:3000/_next/static/chunks/node_modules_next_dist_0u_w_5s._.js:1945
[   20317ms] [ERROR] ./app/(app)/timetable/page.tsx:245:21
Expected '</', got 'const'
  243 |                         ? cell.classes?.class_name || cell.class_name || cell.class_id
  244 |                         : cell.subjects?.subject_name || cell.subject_name || ''
> 245 |                     const sc = cell && subj ? subjectColor(subj as string) : null
      |                     ^^^^^
  246 |                     const isEmpty = !cell || !subj
  247 |
  248 |                     return (

Parsing ecmascript source code failed

Import traces:
  Client Component Browser:
    ./app/(app)/timetable/page.tsx [Client Component Browser]
    ./app/(app)/timetable/page.tsx [Server Component]

  Client Component SSR:
    ./app/(app)/timetable/page.tsx [Client Component SSR]
    ./app/(app)/timetable/page.tsx [Server Component] @ http://localhost:3000/_next/static/chunks/node_modules_next_dist_0u_w_5s._.js:1945
[   20373ms] [ERROR] ./app/(app)/timetable/page.tsx:245:21
Expected '</', got 'const'
  243 |                         ? cell.classes?.class_name || cell.class_name || cell.class_id
  244 |                         : cell.subjects?.subject_name || cell.subject_name || ''
> 245 |                     const sc = cell && subj ? subjectColor(subj as string) : null
      |                     ^^^^^
  246 |                     const isEmpty = !cell || !subj
  247 |
  248 |                     return (

Parsing ecmascript source code failed

Import traces:
  Client Component Browser:
    ./app/(app)/timetable/page.tsx [Client Component Browser]
    ./app/(app)/timetable/page.tsx [Server Component]

  Client Component SSR:
    ./app/(app)/timetable/page.tsx [Client Component SSR]
    ./app/(app)/timetable/page.tsx [Server Component] @ http://localhost:3000/_next/static/chunks/node_modules_next_dist_0u_w_5s._.js:1945
[   20420ms] [ERROR] ./app/(app)/timetable/page.tsx:245:21
Expected '</', got 'const'
  243 |                         ? cell.classes?.class_name || cell.class_name || cell.class_id
  244 |                         : cell.subjects?.subject_name || cell.subject_name || ''
> 245 |                     const sc = cell && subj ? subjectColor(subj as string) : null
      |                     ^^^^^
  246 |                     const isEmpty = !cell || !subj
  247 |
  248 |                     return (

Parsing ecmascript source code failed

Import traces:
  Client Component Browser:
    ./app/(app)/timetable/page.tsx [Client Component Browser]
    ./app/(app)/timetable/page.tsx [Server Component]

  Client Component SSR:
    ./app/(app)/timetable/page.tsx [Client Component SSR]
    ./app/(app)/timetable/page.tsx [Server Component] @ http://localhost:3000/_next/static/chunks/node_modules_next_dist_0u_w_5s._.js:1945
[   20482ms] [ERROR] ./app/(app)/timetable/page.tsx:245:21
Expected '</', got 'const'
  243 |                         ? cell.classes?.class_name || cell.class_name || cell.class_id
  244 |                         : cell.subjects?.subject_name || cell.subject_name || ''
> 245 |                     const sc = cell && subj ? subjectColor(subj as string) : null
      |                     ^^^^^
  246 |                     const isEmpty = !cell || !subj
  247 |
  248 |                     return (

Parsing ecmascript source code failed

Import traces:
  Client Component Browser:
    ./app/(app)/timetable/page.tsx [Client Component Browser]
    ./app/(app)/timetable/page.tsx [Server Component]

  Client Component SSR:
    ./app/(app)/timetable/page.tsx [Client Component SSR]
    ./app/(app)/timetable/page.tsx [Server Component] @ http://localhost:3000/_next/static/chunks/node_modules_next_dist_0u_w_5s._.js:1945
[   20531ms] [ERROR] ./app/(app)/timetable/page.tsx:245:21
Expected '</', got 'const'
  243 |                         ? cell.classes?.class_name || cell.class_name || cell.class_id
  244 |                         : cell.subjects?.subject_name || cell.subject_name || ''
> 245 |                     const sc = cell && subj ? subjectColor(subj as string) : null
      |                     ^^^^^
  246 |                     const isEmpty = !cell || !subj
  247 |
  248 |                     return (

Parsing ecmascript source code failed

Import traces:
  Client Component Browser:
    ./app/(app)/timetable/page.tsx [Client Component Browser]
    ./app/(app)/timetable/page.tsx [Server Component]

  Client Component SSR:
    ./app/(app)/timetable/page.tsx [Client Component SSR]
    ./app/(app)/timetable/page.tsx [Server Component] @ http://localhost:3000/_next/static/chunks/node_modules_next_dist_0u_w_5s._.js:1945
[   20591ms] [ERROR] ./app/(app)/timetable/page.tsx:245:21
Expected '</', got 'const'
  243 |                         ? cell.classes?.class_name || cell.class_name || cell.class_id
  244 |                         : cell.subjects?.subject_name || cell.subject_name || ''
> 245 |                     const sc = cell && subj ? subjectColor(subj as string) : null
      |                     ^^^^^
  246 |                     const isEmpty = !cell || !subj
  247 |
  248 |                     return (

Parsing ecmascript source code failed

Import traces:
  Client Component Browser:
    ./app/(app)/timetable/page.tsx [Client Component Browser]
    ./app/(app)/timetable/page.tsx [Server Component]

  Client Component SSR:
    ./app/(app)/timetable/page.tsx [Client Component SSR]
    ./app/(app)/timetable/page.tsx [Server Component] @ http://localhost:3000/_next/static/chunks/node_modules_next_dist_0u_w_5s._.js:1945
[   20654ms] [ERROR] ./app/(app)/timetable/page.tsx:245:21
Expected '</', got 'const'
  243 |                         ? cell.classes?.class_name || cell.class_name || cell.class_id
  244 |                         : cell.subjects?.subject_name || cell.subject_name || ''
> 245 |                     const sc = cell && subj ? subjectColor(subj as string) : null
      |                     ^^^^^
  246 |                     const isEmpty = !cell || !subj
  247 |
  248 |                     return (

Parsing ecmascript source code failed

Import traces:
  Client Component Browser:
    ./app/(app)/timetable/page.tsx [Client Component Browser]
    ./app/(app)/timetable/page.tsx [Server Component]

  Client Component SSR:
    ./app/(app)/timetable/page.tsx [Client Component SSR]
    ./app/(app)/timetable/page.tsx [Server Component] @ http://localhost:3000/_next/static/chunks/node_modules_next_dist_0u_w_5s._.js:1945
[   20716ms] [ERROR] ./app/(app)/timetable/page.tsx:245:21
Expected '</', got 'const'
  243 |                         ? cell.classes?.class_name || cell.class_name || cell.class_id
  244 |                         : cell.subjects?.subject_name || cell.subject_name || ''
> 245 |                     const sc = cell && subj ? subjectColor(subj as string) : null
      |                     ^^^^^
  246 |                     const isEmpty = !cell || !subj
  247 |
  248 |                     return (

Parsing ecmascript source code failed

Import traces:
  Client Component Browser:
    ./app/(app)/timetable/page.tsx [Client Component Browser]
    ./app/(app)/timetable/page.tsx [Server Component]

  Client Component SSR:
    ./app/(app)/timetable/page.tsx [Client Component SSR]
    ./app/(app)/timetable/page.tsx [Server Component] @ http://localhost:3000/_next/static/chunks/node_modules_next_dist_0u_w_5s._.js:1945
[   20765ms] [ERROR] ./app/(app)/timetable/page.tsx:245:21
Expected '</', got 'const'
  243 |                         ? cell.classes?.class_name || cell.class_name || cell.class_id
  244 |                         : cell.subjects?.subject_name || cell.subject_name || ''
> 245 |                     const sc = cell && subj ? subjectColor(subj as string) : null
      |                     ^^^^^
  246 |                     const isEmpty = !cell || !subj
  247 |
  248 |                     return (

Parsing ecmascript source code failed

Import traces:
  Client Component Browser:
    ./app/(app)/timetable/page.tsx [Client Component Browser]
    ./app/(app)/timetable/page.tsx [Server Component]

  Client Component SSR:
    ./app/(app)/timetable/page.tsx [Client Component SSR]
    ./app/(app)/timetable/page.tsx [Server Component] @ http://localhost:3000/_next/static/chunks/node_modules_next_dist_0u_w_5s._.js:1945
[   20819ms] [ERROR] ./app/(app)/timetable/page.tsx:245:21
Expected '</', got 'const'
  243 |                         ? cell.classes?.class_name || cell.class_name || cell.class_id
  244 |                         : cell.subjects?.subject_name || cell.subject_name || ''
> 245 |                     const sc = cell && subj ? subjectColor(subj as string) : null
      |                     ^^^^^
  246 |                     const isEmpty = !cell || !subj
  247 |
  248 |                     return (

Parsing ecmascript source code failed

Import traces:
  Client Component Browser:
    ./app/(app)/timetable/page.tsx [Client Component Browser]
    ./app/(app)/timetable/page.tsx [Server Component]

  Client Component SSR:
    ./app/(app)/timetable/page.tsx [Client Component SSR]
    ./app/(app)/timetable/page.tsx [Server Component] @ http://localhost:3000/_next/static/chunks/node_modules_next_dist_0u_w_5s._.js:1945
[   20882ms] [ERROR] ./app/(app)/timetable/page.tsx:245:21
Expected '</', got 'const'
  243 |                         ? cell.classes?.class_name || cell.class_name || cell.class_id
  244 |                         : cell.subjects?.subject_name || cell.subject_name || ''
> 245 |                     const sc = cell && subj ? subjectColor(subj as string) : null
      |                     ^^^^^
  246 |                     const isEmpty = !cell || !subj
  247 |
  248 |                     return (

Parsing ecmascript source code failed

Import traces:
  Client Component Browser:
    ./app/(app)/timetable/page.tsx [Client Component Browser]
    ./app/(app)/timetable/page.tsx [Server Component]

  Client Component SSR:
    ./app/(app)/timetable/page.tsx [Client Component SSR]
    ./app/(app)/timetable/page.tsx [Server Component] @ http://localhost:3000/_next/static/chunks/node_modules_next_dist_0u_w_5s._.js:1945
[   20939ms] [ERROR] ./app/(app)/timetable/page.tsx:245:21
Expected '</', got 'const'
  243 |                         ? cell.classes?.class_name || cell.class_name || cell.class_id
  244 |                         : cell.subjects?.subject_name || cell.subject_name || ''
> 245 |                     const sc = cell && subj ? subjectColor(subj as string) : null
      |                     ^^^^^
  246 |                     const isEmpty = !cell || !subj
  247 |
  248 |                     return (

Parsing ecmascript source code failed

Import traces:
  Client Component Browser:
    ./app/(app)/timetable/page.tsx [Client Component Browser]
    ./app/(app)/timetable/page.tsx [Server Component]

  Client Component SSR:
    ./app/(app)/timetable/page.tsx [Client Component SSR]
    ./app/(app)/timetable/page.tsx [Server Component] @ http://localhost:3000/_next/static/chunks/node_modules_next_dist_0u_w_5s._.js:1945
[   21000ms] [ERROR] ./app/(app)/timetable/page.tsx:245:21
Expected '</', got 'const'
  243 |                         ? cell.classes?.class_name || cell.class_name || cell.class_id
  244 |                         : cell.subjects?.subject_name || cell.subject_name || ''
> 245 |                     const sc = cell && subj ? subjectColor(subj as string) : null
      |                     ^^^^^
  246 |                     const isEmpty = !cell || !subj
  247 |
  248 |                     return (

Parsing ecmascript source code failed

Import traces:
  Client Component Browser:
    ./app/(app)/timetable/page.tsx [Client Component Browser]
    ./app/(app)/timetable/page.tsx [Server Component]

  Client Component SSR:
    ./app/(app)/timetable/page.tsx [Client Component SSR]
    ./app/(app)/timetable/page.tsx [Server Component] @ http://localhost:3000/_next/static/chunks/node_modules_next_dist_0u_w_5s._.js:1945
[   21063ms] [ERROR] ./app/(app)/timetable/page.tsx:245:21
Expected '</', got 'const'
  243 |                         ? cell.classes?.class_name || cell.class_name || cell.class_id
  244 |                         : cell.subjects?.subject_name || cell.subject_name || ''
> 245 |                     const sc = cell && subj ? subjectColor(subj as string) : null
      |                     ^^^^^
  246 |                     const isEmpty = !cell || !subj
  247 |
  248 |                     return (

Parsing ecmascript source code failed

Import traces:
  Client Component Browser:
    ./app/(app)/timetable/page.tsx [Client Component Browser]
    ./app/(app)/timetable/page.tsx [Server Component]

  Client Component SSR:
    ./app/(app)/timetable/page.tsx [Client Component SSR]
    ./app/(app)/timetable/page.tsx [Server Component] @ http://localhost:3000/_next/static/chunks/node_modules_next_dist_0u_w_5s._.js:1945
[   21108ms] [ERROR] ./app/(app)/timetable/page.tsx:245:21
Expected '</', got 'const'
  243 |                         ? cell.classes?.class_name || cell.class_name || cell.class_id
  244 |                         : cell.subjects?.subject_name || cell.subject_name || ''
> 245 |                     const sc = cell && subj ? subjectColor(subj as string) : null
      |                     ^^^^^
  246 |                     const isEmpty = !cell || !subj
  247 |
  248 |                     return (

Parsing ecmascript source code failed

Import traces:
  Client Component Browser:
    ./app/(app)/timetable/page.tsx [Client Component Browser]
    ./app/(app)/timetable/page.tsx [Server Component]

  Client Component SSR:
    ./app/(app)/timetable/page.tsx [Client Component SSR]
    ./app/(app)/timetable/page.tsx [Server Component] @ http://localhost:3000/_next/static/chunks/node_modules_next_dist_0u_w_5s._.js:1945
[   21173ms] [ERROR] ./app/(app)/timetable/page.tsx:245:21
Expected '</', got 'const'
  243 |                         ? cell.classes?.class_name || cell.class_name || cell.class_id
  244 |                         : cell.subjects?.subject_name || cell.subject_name || ''
> 245 |                     const sc = cell && subj ? subjectColor(subj as string) : null
      |                     ^^^^^
  246 |                     const isEmpty = !cell || !subj
  247 |
  248 |                     return (

Parsing ecmascript source code failed

Import traces:
  Client Component Browser:
    ./app/(app)/timetable/page.tsx [Client Component Browser]
    ./app/(app)/timetable/page.tsx [Server Component]

  Client Component SSR:
    ./app/(app)/timetable/page.tsx [Client Component SSR]
    ./app/(app)/timetable/page.tsx [Server Component] @ http://localhost:3000/_next/static/chunks/node_modules_next_dist_0u_w_5s._.js:1945
[   21223ms] [ERROR] ./app/(app)/timetable/page.tsx:245:21
Expected '</', got 'const'
  243 |                         ? cell.classes?.class_name || cell.class_name || cell.class_id
  244 |                         : cell.subjects?.subject_name || cell.subject_name || ''
> 245 |                     const sc = cell && subj ? subjectColor(subj as string) : null
      |                     ^^^^^
  246 |                     const isEmpty = !cell || !subj
  247 |
  248 |                     return (

Parsing ecmascript source code failed

Import traces:
  Client Component Browser:
    ./app/(app)/timetable/page.tsx [Client Component Browser]
    ./app/(app)/timetable/page.tsx [Server Component]

  Client Component SSR:
    ./app/(app)/timetable/page.tsx [Client Component SSR]
    ./app/(app)/timetable/page.tsx [Server Component] @ http://localhost:3000/_next/static/chunks/node_modules_next_dist_0u_w_5s._.js:1945
[   21285ms] [ERROR] ./app/(app)/timetable/page.tsx:245:21
Expected '</', got 'const'
  243 |                         ? cell.classes?.class_name || cell.class_name || cell.class_id
  244 |                         : cell.subjects?.subject_name || cell.subject_name || ''
> 245 |                     const sc = cell && subj ? subjectColor(subj as string) : null
      |                     ^^^^^
  246 |                     const isEmpty = !cell || !subj
  247 |
  248 |                     return (

Parsing ecmascript source code failed

Import traces:
  Client Component Browser:
    ./app/(app)/timetable/page.tsx [Client Component Browser]
    ./app/(app)/timetable/page.tsx [Server Component]

  Client Component SSR:
    ./app/(app)/timetable/page.tsx [Client Component SSR]
    ./app/(app)/timetable/page.tsx [Server Component] @ http://localhost:3000/_next/static/chunks/node_modules_next_dist_0u_w_5s._.js:1945
[   21347ms] [ERROR] ./app/(app)/timetable/page.tsx:245:21
Expected '</', got 'const'
  243 |                         ? cell.classes?.class_name || cell.class_name || cell.class_id
  244 |                         : cell.subjects?.subject_name || cell.subject_name || ''
> 245 |                     const sc = cell && subj ? subjectColor(subj as string) : null
      |                     ^^^^^
  246 |                     const isEmpty = !cell || !subj
  247 |
  248 |                     return (

Parsing ecmascript source code failed

Import traces:
  Client Component Browser:
    ./app/(app)/timetable/page.tsx [Client Component Browser]
    ./app/(app)/timetable/page.tsx [Server Component]

  Client Component SSR:
    ./app/(app)/timetable/page.tsx [Client Component SSR]
    ./app/(app)/timetable/page.tsx [Server Component] @ http://localhost:3000/_next/static/chunks/node_modules_next_dist_0u_w_5s._.js:1945
[   21408ms] [ERROR] ./app/(app)/timetable/page.tsx:245:21
Expected '</', got 'const'
  243 |                         ? cell.classes?.class_name || cell.class_name || cell.class_id
  244 |                         : cell.subjects?.subject_name || cell.subject_name || ''
> 245 |                     const sc = cell && subj ? subjectColor(subj as string) : null
      |                     ^^^^^
  246 |                     const isEmpty = !cell || !subj
  247 |
  248 |                     return (

Parsing ecmascript source code failed

Import traces:
  Client Component Browser:
    ./app/(app)/timetable/page.tsx [Client Component Browser]
    ./app/(app)/timetable/page.tsx [Server Component]

  Client Component SSR:
    ./app/(app)/timetable/page.tsx [Client Component SSR]
    ./app/(app)/timetable/page.tsx [Server Component] @ http://localhost:3000/_next/static/chunks/node_modules_next_dist_0u_w_5s._.js:1945
[   21471ms] [ERROR] ./app/(app)/timetable/page.tsx:245:21
Expected '</', got 'const'
  243 |                         ? cell.classes?.class_name || cell.class_name || cell.class_id
  244 |                         : cell.subjects?.subject_name || cell.subject_name || ''
> 245 |                     const sc = cell && subj ? subjectColor(subj as string) : null
      |                     ^^^^^
  246 |                     const isEmpty = !cell || !subj
  247 |
  248 |                     return (

Parsing ecmascript source code failed

Import traces:
  Client Component Browser:
    ./app/(app)/timetable/page.tsx [Client Component Browser]
    ./app/(app)/timetable/page.tsx [Server Component]

  Client Component SSR:
    ./app/(app)/timetable/page.tsx [Client Component SSR]
    ./app/(app)/timetable/page.tsx [Server Component] @ http://localhost:3000/_next/static/chunks/node_modules_next_dist_0u_w_5s._.js:1945
[   21533ms] [ERROR] ./app/(app)/timetable/page.tsx:245:21
Expected '</', got 'const'
  243 |                         ? cell.classes?.class_name || cell.class_name || cell.class_id
  244 |                         : cell.subjects?.subject_name || cell.subject_name || ''
> 245 |                     const sc = cell && subj ? subjectColor(subj as string) : null
      |                     ^^^^^
  246 |                     const isEmpty = !cell || !subj
  247 |
  248 |                     return (

Parsing ecmascript source code failed

Import traces:
  Client Component Browser:
    ./app/(app)/timetable/page.tsx [Client Component Browser]
    ./app/(app)/timetable/page.tsx [Server Component]

  Client Component SSR:
    ./app/(app)/timetable/page.tsx [Client Component SSR]
    ./app/(app)/timetable/page.tsx [Server Component] @ http://localhost:3000/_next/static/chunks/node_modules_next_dist_0u_w_5s._.js:1945
[   21588ms] [ERROR] ./app/(app)/timetable/page.tsx:245:21
Expected '</', got 'const'
  243 |                         ? cell.classes?.class_name || cell.class_name || cell.class_id
  244 |                         : cell.subjects?.subject_name || cell.subject_name || ''
> 245 |                     const sc = cell && subj ? subjectColor(subj as string) : null
      |                     ^^^^^
  246 |                     const isEmpty = !cell || !subj
  247 |
  248 |                     return (

Parsing ecmascript source code failed

Import traces:
  Client Component Browser:
    ./app/(app)/timetable/page.tsx [Client Component Browser]
    ./app/(app)/timetable/page.tsx [Server Component]

  Client Component SSR:
    ./app/(app)/timetable/page.tsx [Client Component SSR]
    ./app/(app)/timetable/page.tsx [Server Component] @ http://localhost:3000/_next/static/chunks/node_modules_next_dist_0u_w_5s._.js:1945
[   21636ms] [ERROR] ./app/(app)/timetable/page.tsx:245:21
Expected '</', got 'const'
  243 |                         ? cell.classes?.class_name || cell.class_name || cell.class_id
  244 |                         : cell.subjects?.subject_name || cell.subject_name || ''
> 245 |                     const sc = cell && subj ? subjectColor(subj as string) : null
      |                     ^^^^^
  246 |                     const isEmpty = !cell || !subj
  247 |
  248 |                     return (

Parsing ecmascript source code failed

Import traces:
  Client Component Browser:
    ./app/(app)/timetable/page.tsx [Client Component Browser]
    ./app/(app)/timetable/page.tsx [Server Component]

  Client Component SSR:
    ./app/(app)/timetable/page.tsx [Client Component SSR]
    ./app/(app)/timetable/page.tsx [Server Component] @ http://localhost:3000/_next/static/chunks/node_modules_next_dist_0u_w_5s._.js:1945
[   21691ms] [ERROR] ./app/(app)/timetable/page.tsx:245:21
Expected '</', got 'const'
  243 |                         ? cell.classes?.class_name || cell.class_name || cell.class_id
  244 |                         : cell.subjects?.subject_name || cell.subject_name || ''
> 245 |                     const sc = cell && subj ? subjectColor(subj as string) : null
      |                     ^^^^^
  246 |                     const isEmpty = !cell || !subj
  247 |
  248 |                     return (

Parsing ecmascript source code failed

Import traces:
  Client Component Browser:
    ./app/(app)/timetable/page.tsx [Client Component Browser]
    ./app/(app)/timetable/page.tsx [Server Component]

  Client Component SSR:
    ./app/(app)/timetable/page.tsx [Client Component SSR]
    ./app/(app)/timetable/page.tsx [Server Component] @ http://localhost:3000/_next/static/chunks/node_modules_next_dist_0u_w_5s._.js:1945
[   21747ms] [ERROR] ./app/(app)/timetable/page.tsx:245:21
Expected '</', got 'const'
  243 |                         ? cell.classes?.class_name || cell.class_name || cell.class_id
  244 |                         : cell.subjects?.subject_name || cell.subject_name || ''
> 245 |                     const sc = cell && subj ? subjectColor(subj as string) : null
      |                     ^^^^^
  246 |                     const isEmpty = !cell || !subj
  247 |
  248 |                     return (

Parsing ecmascript source code failed

Import traces:
  Client Component Browser:
    ./app/(app)/timetable/page.tsx [Client Component Browser]
    ./app/(app)/timetable/page.tsx [Server Component]

  Client Component SSR:
    ./app/(app)/timetable/page.tsx [Client Component SSR]
    ./app/(app)/timetable/page.tsx [Server Component] @ http://localhost:3000/_next/static/chunks/node_modules_next_dist_0u_w_5s._.js:1945
[   21800ms] [ERROR] ./app/(app)/timetable/page.tsx:245:21
Expected '</', got 'const'
  243 |                         ? cell.classes?.class_name || cell.class_name || cell.class_id
  244 |                         : cell.subjects?.subject_name || cell.subject_name || ''
> 245 |                     const sc = cell && subj ? subjectColor(subj as string) : null
      |                     ^^^^^
  246 |                     const isEmpty = !cell || !subj
  247 |
  248 |                     return (

Parsing ecmascript source code failed

Import traces:
  Client Component Browser:
    ./app/(app)/timetable/page.tsx [Client Component Browser]
    ./app/(app)/timetable/page.tsx [Server Component]

  Client Component SSR:
    ./app/(app)/timetable/page.tsx [Client Component SSR]
    ./app/(app)/timetable/page.tsx [Server Component] @ http://localhost:3000/_next/static/chunks/node_modules_next_dist_0u_w_5s._.js:1945
[   21856ms] [ERROR] ./app/(app)/timetable/page.tsx:245:21
Expected '</', got 'const'
  243 |                         ? cell.classes?.class_name || cell.class_name || cell.class_id
  244 |                         : cell.subjects?.subject_name || cell.subject_name || ''
> 245 |                     const sc = cell && subj ? subjectColor(subj as string) : null
      |                     ^^^^^
  246 |                     const isEmpty = !cell || !subj
  247 |
  248 |                     return (

Parsing ecmascript source code failed

Import traces:
  Client Component Browser:
    ./app/(app)/timetable/page.tsx [Client Component Browser]
    ./app/(app)/timetable/page.tsx [Server Component]

  Client Component SSR:
    ./app/(app)/timetable/page.tsx [Client Component SSR]
    ./app/(app)/timetable/page.tsx [Server Component] @ http://localhost:3000/_next/static/chunks/node_modules_next_dist_0u_w_5s._.js:1945
[   21917ms] [ERROR] ./app/(app)/timetable/page.tsx:245:21
Expected '</', got 'const'
  243 |                         ? cell.classes?.class_name || cell.class_name || cell.class_id
  244 |                         : cell.subjects?.subject_name || cell.subject_name || ''
> 245 |                     const sc = cell && subj ? subjectColor(subj as string) : null
      |                     ^^^^^
  246 |                     const isEmpty = !cell || !subj
  247 |
  248 |                     return (

Parsing ecmascript source code failed

Import traces:
  Client Component Browser:
    ./app/(app)/timetable/page.tsx [Client Component Browser]
    ./app/(app)/timetable/page.tsx [Server Component]

  Client Component SSR:
    ./app/(app)/timetable/page.tsx [Client Component SSR]
    ./app/(app)/timetable/page.tsx [Server Component] @ http://localhost:3000/_next/static/chunks/node_modules_next_dist_0u_w_5s._.js:1945
[   21969ms] [ERROR] ./app/(app)/timetable/page.tsx:245:21
Expected '</', got 'const'
  243 |                         ? cell.classes?.class_name || cell.class_name || cell.class_id
  244 |                         : cell.subjects?.subject_name || cell.subject_name || ''
> 245 |                     const sc = cell && subj ? subjectColor(subj as string) : null
      |                     ^^^^^
  246 |                     const isEmpty = !cell || !subj
  247 |
  248 |                     return (

Parsing ecmascript source code failed

Import traces:
  Client Component Browser:
    ./app/(app)/timetable/page.tsx [Client Component Browser]
    ./app/(app)/timetable/page.tsx [Server Component]

  Client Component SSR:
    ./app/(app)/timetable/page.tsx [Client Component SSR]
    ./app/(app)/timetable/page.tsx [Server Component] @ http://localhost:3000/_next/static/chunks/node_modules_next_dist_0u_w_5s._.js:1945
[   22023ms] [ERROR] ./app/(app)/timetable/page.tsx:245:21
Expected '</', got 'const'
  243 |                         ? cell.classes?.class_name || cell.class_name || cell.class_id
  244 |                         : cell.subjects?.subject_name || cell.subject_name || ''
> 245 |                     const sc = cell && subj ? subjectColor(subj as string) : null
      |                     ^^^^^
  246 |                     const isEmpty = !cell || !subj
  247 |
  248 |                     return (

Parsing ecmascript source code failed

Import traces:
  Client Component Browser:
    ./app/(app)/timetable/page.tsx [Client Component Browser]
    ./app/(app)/timetable/page.tsx [Server Component]

  Client Component SSR:
    ./app/(app)/timetable/page.tsx [Client Component SSR]
    ./app/(app)/timetable/page.tsx [Server Component] @ http://localhost:3000/_next/static/chunks/node_modules_next_dist_0u_w_5s._.js:1945
[   22075ms] [ERROR] ./app/(app)/timetable/page.tsx:245:21
Expected '</', got 'const'
  243 |                         ? cell.classes?.class_name || cell.class_name || cell.class_id
  244 |                         : cell.subjects?.subject_name || cell.subject_name || ''
> 245 |                     const sc = cell && subj ? subjectColor(subj as string) : null
      |                     ^^^^^
  246 |                     const isEmpty = !cell || !subj
  247 |
  248 |                     return (

Parsing ecmascript source code failed

Import traces:
  Client Component Browser:
    ./app/(app)/timetable/page.tsx [Client Component Browser]
    ./app/(app)/timetable/page.tsx [Server Component]

  Client Component SSR:
    ./app/(app)/timetable/page.tsx [Client Component SSR]
    ./app/(app)/timetable/page.tsx [Server Component] @ http://localhost:3000/_next/static/chunks/node_modules_next_dist_0u_w_5s._.js:1945
[   22131ms] [ERROR] ./app/(app)/timetable/page.tsx:245:21
Expected '</', got 'const'
  243 |                         ? cell.classes?.class_name || cell.class_name || cell.class_id
  244 |                         : cell.subjects?.subject_name || cell.subject_name || ''
> 245 |                     const sc = cell && subj ? subjectColor(subj as string) : null
      |                     ^^^^^
  246 |                     const isEmpty = !cell || !subj
  247 |
  248 |                     return (

Parsing ecmascript source code failed

Import traces:
  Client Component Browser:
    ./app/(app)/timetable/page.tsx [Client Component Browser]
    ./app/(app)/timetable/page.tsx [Server Component]

  Client Component SSR:
    ./app/(app)/timetable/page.tsx [Client Component SSR]
    ./app/(app)/timetable/page.tsx [Server Component] @ http://localhost:3000/_next/static/chunks/node_modules_next_dist_0u_w_5s._.js:1945
[   22194ms] [ERROR] ./app/(app)/timetable/page.tsx:245:21
Expected '</', got 'const'
  243 |                         ? cell.classes?.class_name || cell.class_name || cell.class_id
  244 |                         : cell.subjects?.subject_name || cell.subject_name || ''
> 245 |                     const sc = cell && subj ? subjectColor(subj as string) : null
      |                     ^^^^^
  246 |                     const isEmpty = !cell || !subj
  247 |
  248 |                     return (

Parsing ecmascript source code failed

Import traces:
  Client Component Browser:
    ./app/(app)/timetable/page.tsx [Client Component Browser]
    ./app/(app)/timetable/page.tsx [Server Component]

  Client Component SSR:
    ./app/(app)/timetable/page.tsx [Client Component SSR]
    ./app/(app)/timetable/page.tsx [Server Component] @ http://localhost:3000/_next/static/chunks/node_modules_next_dist_0u_w_5s._.js:1945
[   22257ms] [ERROR] ./app/(app)/timetable/page.tsx:245:21
Expected '</', got 'const'
  243 |                         ? cell.classes?.class_name || cell.class_name || cell.class_id
  244 |                         : cell.subjects?.subject_name || cell.subject_name || ''
> 245 |                     const sc = cell && subj ? subjectColor(subj as string) : null
      |                     ^^^^^
  246 |                     const isEmpty = !cell || !subj
  247 |
  248 |                     return (

Parsing ecmascript source code failed

Import traces:
  Client Component Browser:
    ./app/(app)/timetable/page.tsx [Client Component Browser]
    ./app/(app)/timetable/page.tsx [Server Component]

  Client Component SSR:
    ./app/(app)/timetable/page.tsx [Client Component SSR]
    ./app/(app)/timetable/page.tsx [Server Component] @ http://localhost:3000/_next/static/chunks/node_modules_next_dist_0u_w_5s._.js:1945
[   22319ms] [ERROR] ./app/(app)/timetable/page.tsx:245:21
Expected '</', got 'const'
  243 |                         ? cell.classes?.class_name || cell.class_name || cell.class_id
  244 |                         : cell.subjects?.subject_name || cell.subject_name || ''
> 245 |                     const sc = cell && subj ? subjectColor(subj as string) : null
      |                     ^^^^^
  246 |                     const isEmpty = !cell || !subj
  247 |
  248 |                     return (

Parsing ecmascript source code failed

Import traces:
  Client Component Browser:
    ./app/(app)/timetable/page.tsx [Client Component Browser]
    ./app/(app)/timetable/page.tsx [Server Component]

  Client Component SSR:
    ./app/(app)/timetable/page.tsx [Client Component SSR]
    ./app/(app)/timetable/page.tsx [Server Component] @ http://localhost:3000/_next/static/chunks/node_modules_next_dist_0u_w_5s._.js:1945
[   22372ms] [ERROR] ./app/(app)/timetable/page.tsx:245:21
Expected '</', got 'const'
  243 |                         ? cell.classes?.class_name || cell.class_name || cell.class_id
  244 |                         : cell.subjects?.subject_name || cell.subject_name || ''
> 245 |                     const sc = cell && subj ? subjectColor(subj as string) : null
      |                     ^^^^^
  246 |                     const isEmpty = !cell || !subj
  247 |
  248 |                     return (

Parsing ecmascript source code failed

Import traces:
  Client Component Browser:
    ./app/(app)/timetable/page.tsx [Client Component Browser]
    ./app/(app)/timetable/page.tsx [Server Component]

  Client Component SSR:
    ./app/(app)/timetable/page.tsx [Client Component SSR]
    ./app/(app)/timetable/page.tsx [Server Component] @ http://localhost:3000/_next/static/chunks/node_modules_next_dist_0u_w_5s._.js:1945
[   22422ms] [ERROR] ./app/(app)/timetable/page.tsx:245:21
Expected '</', got 'const'
  243 |                         ? cell.classes?.class_name || cell.class_name || cell.class_id
  244 |                         : cell.subjects?.subject_name || cell.subject_name || ''
> 245 |                     const sc = cell && subj ? subjectColor(subj as string) : null
      |                     ^^^^^
  246 |                     const isEmpty = !cell || !subj
  247 |
  248 |                     return (

Parsing ecmascript source code failed

Import traces:
  Client Component Browser:
    ./app/(app)/timetable/page.tsx [Client Component Browser]
    ./app/(app)/timetable/page.tsx [Server Component]

  Client Component SSR:
    ./app/(app)/timetable/page.tsx [Client Component SSR]
    ./app/(app)/timetable/page.tsx [Server Component] @ http://localhost:3000/_next/static/chunks/node_modules_next_dist_0u_w_5s._.js:1945
[   22485ms] [ERROR] ./app/(app)/timetable/page.tsx:245:21
Expected '</', got 'const'
  243 |                         ? cell.classes?.class_name || cell.class_name || cell.class_id
  244 |                         : cell.subjects?.subject_name || cell.subject_name || ''
> 245 |                     const sc = cell && subj ? subjectColor(subj as string) : null
      |                     ^^^^^
  246 |                     const isEmpty = !cell || !subj
  247 |
  248 |                     return (

Parsing ecmascript source code failed

Import traces:
  Client Component Browser:
    ./app/(app)/timetable/page.tsx [Client Component Browser]
    ./app/(app)/timetable/page.tsx [Server Component]

  Client Component SSR:
    ./app/(app)/timetable/page.tsx [Client Component SSR]
    ./app/(app)/timetable/page.tsx [Server Component] @ http://localhost:3000/_next/static/chunks/node_modules_next_dist_0u_w_5s._.js:1945
[   22548ms] [ERROR] ./app/(app)/timetable/page.tsx:245:21
Expected '</', got 'const'
  243 |                         ? cell.classes?.class_name || cell.class_name || cell.class_id
  244 |                         : cell.subjects?.subject_name || cell.subject_name || ''
> 245 |                     const sc = cell && subj ? subjectColor(subj as string) : null
      |                     ^^^^^
  246 |                     const isEmpty = !cell || !subj
  247 |
  248 |                     return (

Parsing ecmascript source code failed

Import traces:
  Client Component Browser:
    ./app/(app)/timetable/page.tsx [Client Component Browser]
    ./app/(app)/timetable/page.tsx [Server Component]

  Client Component SSR:
    ./app/(app)/timetable/page.tsx [Client Component SSR]
    ./app/(app)/timetable/page.tsx [Server Component] @ http://localhost:3000/_next/static/chunks/node_modules_next_dist_0u_w_5s._.js:1945
[   22610ms] [ERROR] ./app/(app)/timetable/page.tsx:245:21
Expected '</', got 'const'
  243 |                         ? cell.classes?.class_name || cell.class_name || cell.class_id
  244 |                         : cell.subjects?.subject_name || cell.subject_name || ''
> 245 |                     const sc = cell && subj ? subjectColor(subj as string) : null
      |                     ^^^^^
  246 |                     const isEmpty = !cell || !subj
  247 |
  248 |                     return (

Parsing ecmascript source code failed

Import traces:
  Client Component Browser:
    ./app/(app)/timetable/page.tsx [Client Component Browser]
    ./app/(app)/timetable/page.tsx [Server Component]

  Client Component SSR:
    ./app/(app)/timetable/page.tsx [Client Component SSR]
    ./app/(app)/timetable/page.tsx [Server Component] @ http://localhost:3000/_next/static/chunks/node_modules_next_dist_0u_w_5s._.js:1945
[   22672ms] [ERROR] ./app/(app)/timetable/page.tsx:245:21
Expected '</', got 'const'
  243 |                         ? cell.classes?.class_name || cell.class_name || cell.class_id
  244 |                         : cell.subjects?.subject_name || cell.subject_name || ''
> 245 |                     const sc = cell && subj ? subjectColor(subj as string) : null
      |                     ^^^^^
  246 |                     const isEmpty = !cell || !subj
  247 |
  248 |                     return (

Parsing ecmascript source code failed

Import traces:
  Client Component Browser:
    ./app/(app)/timetable/page.tsx [Client Component Browser]
    ./app/(app)/timetable/page.tsx [Server Component]

  Client Component SSR:
    ./app/(app)/timetable/page.tsx [Client Component SSR]
    ./app/(app)/timetable/page.tsx [Server Component] @ http://localhost:3000/_next/static/chunks/node_modules_next_dist_0u_w_5s._.js:1945
[   22724ms] [ERROR] ./app/(app)/timetable/page.tsx:245:21
Expected '</', got 'const'
  243 |                         ? cell.classes?.class_name || cell.class_name || cell.class_id
  244 |                         : cell.subjects?.subject_name || cell.subject_name || ''
> 245 |                     const sc = cell && subj ? subjectColor(subj as string) : null
      |                     ^^^^^
  246 |                     const isEmpty = !cell || !subj
  247 |
  248 |                     return (

Parsing ecmascript source code failed

Import traces:
  Client Component Browser:
    ./app/(app)/timetable/page.tsx [Client Component Browser]
    ./app/(app)/timetable/page.tsx [Server Component]

  Client Component SSR:
    ./app/(app)/timetable/page.tsx [Client Component SSR]
    ./app/(app)/timetable/page.tsx [Server Component] @ http://localhost:3000/_next/static/chunks/node_modules_next_dist_0u_w_5s._.js:1945
[   22783ms] [ERROR] ./app/(app)/timetable/page.tsx:245:21
Expected '</', got 'const'
  243 |                         ? cell.classes?.class_name || cell.class_name || cell.class_id
  244 |                         : cell.subjects?.subject_name || cell.subject_name || ''
> 245 |                     const sc = cell && subj ? subjectColor(subj as string) : null
      |                     ^^^^^
  246 |                     const isEmpty = !cell || !subj
  247 |
  248 |                     return (

Parsing ecmascript source code failed

Import traces:
  Client Component Browser:
    ./app/(app)/timetable/page.tsx [Client Component Browser]
    ./app/(app)/timetable/page.tsx [Server Component]

  Client Component SSR:
    ./app/(app)/timetable/page.tsx [Client Component SSR]
    ./app/(app)/timetable/page.tsx [Server Component] @ http://localhost:3000/_next/static/chunks/node_modules_next_dist_0u_w_5s._.js:1945
[   22837ms] [ERROR] ./app/(app)/timetable/page.tsx:245:21
Expected '</', got 'const'
  243 |                         ? cell.classes?.class_name || cell.class_name || cell.class_id
  244 |                         : cell.subjects?.subject_name || cell.subject_name || ''
> 245 |                     const sc = cell && subj ? subjectColor(subj as string) : null
      |                     ^^^^^
  246 |                     const isEmpty = !cell || !subj
  247 |
  248 |                     return (

Parsing ecmascript source code failed

Import traces:
  Client Component Browser:
    ./app/(app)/timetable/page.tsx [Client Component Browser]
    ./app/(app)/timetable/page.tsx [Server Component]

  Client Component SSR:
    ./app/(app)/timetable/page.tsx [Client Component SSR]
    ./app/(app)/timetable/page.tsx [Server Component] @ http://localhost:3000/_next/static/chunks/node_modules_next_dist_0u_w_5s._.js:1945
[   22897ms] [ERROR] ./app/(app)/timetable/page.tsx:245:21
Expected '</', got 'const'
  243 |                         ? cell.classes?.class_name || cell.class_name || cell.class_id
  244 |                         : cell.subjects?.subject_name || cell.subject_name || ''
> 245 |                     const sc = cell && subj ? subjectColor(subj as string) : null
      |                     ^^^^^
  246 |                     const isEmpty = !cell || !subj
  247 |
  248 |                     return (

Parsing ecmascript source code failed

Import traces:
  Client Component Browser:
    ./app/(app)/timetable/page.tsx [Client Component Browser]
    ./app/(app)/timetable/page.tsx [Server Component]

  Client Component SSR:
    ./app/(app)/timetable/page.tsx [Client Component SSR]
    ./app/(app)/timetable/page.tsx [Server Component] @ http://localhost:3000/_next/static/chunks/node_modules_next_dist_0u_w_5s._.js:1945
[   22959ms] [ERROR] ./app/(app)/timetable/page.tsx:245:21
Expected '</', got 'const'
  243 |                         ? cell.classes?.class_name || cell.class_name || cell.class_id
  244 |                         : cell.subjects?.subject_name || cell.subject_name || ''
> 245 |                     const sc = cell && subj ? subjectColor(subj as string) : null
      |                     ^^^^^
  246 |                     const isEmpty = !cell || !subj
  247 |
  248 |                     return (

Parsing ecmascript source code failed

Import traces:
  Client Component Browser:
    ./app/(app)/timetable/page.tsx [Client Component Browser]
    ./app/(app)/timetable/page.tsx [Server Component]

  Client Component SSR:
    ./app/(app)/timetable/page.tsx [Client Component SSR]
    ./app/(app)/timetable/page.tsx [Server Component] @ http://localhost:3000/_next/static/chunks/node_modules_next_dist_0u_w_5s._.js:1945
[   23012ms] [ERROR] ./app/(app)/timetable/page.tsx:245:21
Expected '</', got 'const'
  243 |                         ? cell.classes?.class_name || cell.class_name || cell.class_id
  244 |                         : cell.subjects?.subject_name || cell.subject_name || ''
> 245 |                     const sc = cell && subj ? subjectColor(subj as string) : null
      |                     ^^^^^
  246 |                     const isEmpty = !cell || !subj
  247 |
  248 |                     return (

Parsing ecmascript source code failed

Import traces:
  Client Component Browser:
    ./app/(app)/timetable/page.tsx [Client Component Browser]
    ./app/(app)/timetable/page.tsx [Server Component]

  Client Component SSR:
    ./app/(app)/timetable/page.tsx [Client Component SSR]
    ./app/(app)/timetable/page.tsx [Server Component] @ http://localhost:3000/_next/static/chunks/node_modules_next_dist_0u_w_5s._.js:1945
[   23062ms] [ERROR] ./app/(app)/timetable/page.tsx:245:21
Expected '</', got 'const'
  243 |                         ? cell.classes?.class_name || cell.class_name || cell.class_id
  244 |                         : cell.subjects?.subject_name || cell.subject_name || ''
> 245 |                     const sc = cell && subj ? subjectColor(subj as string) : null
      |                     ^^^^^
  246 |                     const isEmpty = !cell || !subj
  247 |
  248 |                     return (

Parsing ecmascript source code failed

Import traces:
  Client Component Browser:
    ./app/(app)/timetable/page.tsx [Client Component Browser]
    ./app/(app)/timetable/page.tsx [Server Component]

  Client Component SSR:
    ./app/(app)/timetable/page.tsx [Client Component SSR]
    ./app/(app)/timetable/page.tsx [Server Component] @ http://localhost:3000/_next/static/chunks/node_modules_next_dist_0u_w_5s._.js:1945
[   23123ms] [ERROR] ./app/(app)/timetable/page.tsx:245:21
Expected '</', got 'const'
  243 |                         ? cell.classes?.class_name || cell.class_name || cell.class_id
  244 |                         : cell.subjects?.subject_name || cell.subject_name || ''
> 245 |                     const sc = cell && subj ? subjectColor(subj as string) : null
      |                     ^^^^^
  246 |                     const isEmpty = !cell || !subj
  247 |
  248 |                     return (

Parsing ecmascript source code failed

Import traces:
  Client Component Browser:
    ./app/(app)/timetable/page.tsx [Client Component Browser]
    ./app/(app)/timetable/page.tsx [Server Component]

  Client Component SSR:
    ./app/(app)/timetable/page.tsx [Client Component SSR]
    ./app/(app)/timetable/page.tsx [Server Component] @ http://localhost:3000/_next/static/chunks/node_modules_next_dist_0u_w_5s._.js:1945
[   23180ms] [ERROR] ./app/(app)/timetable/page.tsx:245:21
Expected '</', got 'const'
  243 |                         ? cell.classes?.class_name || cell.class_name || cell.class_id
  244 |                         : cell.subjects?.subject_name || cell.subject_name || ''
> 245 |                     const sc = cell && subj ? subjectColor(subj as string) : null
      |                     ^^^^^
  246 |                     const isEmpty = !cell || !subj
  247 |
  248 |                     return (

Parsing ecmascript source code failed

Import traces:
  Client Component Browser:
    ./app/(app)/timetable/page.tsx [Client Component Browser]
    ./app/(app)/timetable/page.tsx [Server Component]

  Client Component SSR:
    ./app/(app)/timetable/page.tsx [Client Component SSR]
    ./app/(app)/timetable/page.tsx [Server Component] @ http://localhost:3000/_next/static/chunks/node_modules_next_dist_0u_w_5s._.js:1945
[   23244ms] [ERROR] ./app/(app)/timetable/page.tsx:245:21
Expected '</', got 'const'
  243 |                         ? cell.classes?.class_name || cell.class_name || cell.class_id
  244 |                         : cell.subjects?.subject_name || cell.subject_name || ''
> 245 |                     const sc = cell && subj ? subjectColor(subj as string) : null
      |                     ^^^^^
  246 |                     const isEmpty = !cell || !subj
  247 |
  248 |                     return (

Parsing ecmascript source code failed

Import traces:
  Client Component Browser:
    ./app/(app)/timetable/page.tsx [Client Component Browser]
    ./app/(app)/timetable/page.tsx [Server Component]

  Client Component SSR:
    ./app/(app)/timetable/page.tsx [Client Component SSR]
    ./app/(app)/timetable/page.tsx [Server Component] @ http://localhost:3000/_next/static/chunks/node_modules_next_dist_0u_w_5s._.js:1945
[   23295ms] [ERROR] ./app/(app)/timetable/page.tsx:245:21
Expected '</', got 'const'
  243 |                         ? cell.classes?.class_name || cell.class_name || cell.class_id
  244 |                         : cell.subjects?.subject_name || cell.subject_name || ''
> 245 |                     const sc = cell && subj ? subjectColor(subj as string) : null
      |                     ^^^^^
  246 |                     const isEmpty = !cell || !subj
  247 |
  248 |                     return (

Parsing ecmascript source code failed

Import traces:
  Client Component Browser:
    ./app/(app)/timetable/page.tsx [Client Component Browser]
    ./app/(app)/timetable/page.tsx [Server Component]

  Client Component SSR:
    ./app/(app)/timetable/page.tsx [Client Component SSR]
    ./app/(app)/timetable/page.tsx [Server Component] @ http://localhost:3000/_next/static/chunks/node_modules_next_dist_0u_w_5s._.js:1945
[   23357ms] [ERROR] ./app/(app)/timetable/page.tsx:245:21
Expected '</', got 'const'
  243 |                         ? cell.classes?.class_name || cell.class_name || cell.class_id
  244 |                         : cell.subjects?.subject_name || cell.subject_name || ''
> 245 |                     const sc = cell && subj ? subjectColor(subj as string) : null
      |                     ^^^^^
  246 |                     const isEmpty = !cell || !subj
  247 |
  248 |                     return (

Parsing ecmascript source code failed

Import traces:
  Client Component Browser:
    ./app/(app)/timetable/page.tsx [Client Component Browser]
    ./app/(app)/timetable/page.tsx [Server Component]

  Client Component SSR:
    ./app/(app)/timetable/page.tsx [Client Component SSR]
    ./app/(app)/timetable/page.tsx [Server Component] @ http://localhost:3000/_next/static/chunks/node_modules_next_dist_0u_w_5s._.js:1945
[   23419ms] [ERROR] ./app/(app)/timetable/page.tsx:245:21
Expected '</', got 'const'
  243 |                         ? cell.classes?.class_name || cell.class_name || cell.class_id
  244 |                         : cell.subjects?.subject_name || cell.subject_name || ''
> 245 |                     const sc = cell && subj ? subjectColor(subj as string) : null
      |                     ^^^^^
  246 |                     const isEmpty = !cell || !subj
  247 |
  248 |                     return (

Parsing ecmascript source code failed

Import traces:
  Client Component Browser:
    ./app/(app)/timetable/page.tsx [Client Component Browser]
    ./app/(app)/timetable/page.tsx [Server Component]

  Client Component SSR:
    ./app/(app)/timetable/page.tsx [Client Component SSR]
    ./app/(app)/timetable/page.tsx [Server Component] @ http://localhost:3000/_next/static/chunks/node_modules_next_dist_0u_w_5s._.js:1945
[   23474ms] [ERROR] ./app/(app)/timetable/page.tsx:245:21
Expected '</', got 'const'
  243 |                         ? cell.classes?.class_name || cell.class_name || cell.class_id
  244 |                         : cell.subjects?.subject_name || cell.subject_name || ''
> 245 |                     const sc = cell && subj ? subjectColor(subj as string) : null
      |                     ^^^^^
  246 |                     const isEmpty = !cell || !subj
  247 |
  248 |                     return (

Parsing ecmascript source code failed

Import traces:
  Client Component Browser:
    ./app/(app)/timetable/page.tsx [Client Component Browser]
    ./app/(app)/timetable/page.tsx [Server Component]

  Client Component SSR:
    ./app/(app)/timetable/page.tsx [Client Component SSR]
    ./app/(app)/timetable/page.tsx [Server Component] @ http://localhost:3000/_next/static/chunks/node_modules_next_dist_0u_w_5s._.js:1945
[   23536ms] [ERROR] ./app/(app)/timetable/page.tsx:245:21
Expected '</', got 'const'
  243 |                         ? cell.classes?.class_name || cell.class_name || cell.class_id
  244 |                         : cell.subjects?.subject_name || cell.subject_name || ''
> 245 |                     const sc = cell && subj ? subjectColor(subj as string) : null
      |                     ^^^^^
  246 |                     const isEmpty = !cell || !subj
  247 |
  248 |                     return (

Parsing ecmascript source code failed

Import traces:
  Client Component Browser:
    ./app/(app)/timetable/page.tsx [Client Component Browser]
    ./app/(app)/timetable/page.tsx [Server Component]

  Client Component SSR:
    ./app/(app)/timetable/page.tsx [Client Component SSR]
    ./app/(app)/timetable/page.tsx [Server Component] @ http://localhost:3000/_next/static/chunks/node_modules_next_dist_0u_w_5s._.js:1945
[   23588ms] [ERROR] ./app/(app)/timetable/page.tsx:245:21
Expected '</', got 'const'
  243 |                         ? cell.classes?.class_name || cell.class_name || cell.class_id
  244 |                         : cell.subjects?.subject_name || cell.subject_name || ''
> 245 |                     const sc = cell && subj ? subjectColor(subj as string) : null
      |                     ^^^^^
  246 |                     const isEmpty = !cell || !subj
  247 |
  248 |                     return (

Parsing ecmascript source code failed

Import traces:
  Client Component Browser:
    ./app/(app)/timetable/page.tsx [Client Component Browser]
    ./app/(app)/timetable/page.tsx [Server Component]

  Client Component SSR:
    ./app/(app)/timetable/page.tsx [Client Component SSR]
    ./app/(app)/timetable/page.tsx [Server Component] @ http://localhost:3000/_next/static/chunks/node_modules_next_dist_0u_w_5s._.js:1945
[   23633ms] [ERROR] ./app/(app)/timetable/page.tsx:245:21
Expected '</', got 'const'
  243 |                         ? cell.classes?.class_name || cell.class_name || cell.class_id
  244 |                         : cell.subjects?.subject_name || cell.subject_name || ''
> 245 |                     const sc = cell && subj ? subjectColor(subj as string) : null
      |                     ^^^^^
  246 |                     const isEmpty = !cell || !subj
  247 |
  248 |                     return (

Parsing ecmascript source code failed

Import traces:
  Client Component Browser:
    ./app/(app)/timetable/page.tsx [Client Component Browser]
    ./app/(app)/timetable/page.tsx [Server Component]

  Client Component SSR:
    ./app/(app)/timetable/page.tsx [Client Component SSR]
    ./app/(app)/timetable/page.tsx [Server Component] @ http://localhost:3000/_next/static/chunks/node_modules_next_dist_0u_w_5s._.js:1945
[   23687ms] [ERROR] ./app/(app)/timetable/page.tsx:245:21
Expected '</', got 'const'
  243 |                         ? cell.classes?.class_name || cell.class_name || cell.class_id
  244 |                         : cell.subjects?.subject_name || cell.subject_name || ''
> 245 |                     const sc = cell && subj ? subjectColor(subj as string) : null
      |                     ^^^^^
  246 |                     const isEmpty = !cell || !subj
  247 |
  248 |                     return (

Parsing ecmascript source code failed

Import traces:
  Client Component Browser:
    ./app/(app)/timetable/page.tsx [Client Component Browser]
    ./app/(app)/timetable/page.tsx [Server Component]

  Client Component SSR:
    ./app/(app)/timetable/page.tsx [Client Component SSR]
    ./app/(app)/timetable/page.tsx [Server Component] @ http://localhost:3000/_next/static/chunks/node_modules_next_dist_0u_w_5s._.js:1945
[   23750ms] [ERROR] ./app/(app)/timetable/page.tsx:245:21
Expected '</', got 'const'
  243 |                         ? cell.classes?.class_name || cell.class_name || cell.class_id
  244 |                         : cell.subjects?.subject_name || cell.subject_name || ''
> 245 |                     const sc = cell && subj ? subjectColor(subj as string) : null
      |                     ^^^^^
  246 |                     const isEmpty = !cell || !subj
  247 |
  248 |                     return (

Parsing ecmascript source code failed

Import traces:
  Client Component Browser:
    ./app/(app)/timetable/page.tsx [Client Component Browser]
    ./app/(app)/timetable/page.tsx [Server Component]

  Client Component SSR:
    ./app/(app)/timetable/page.tsx [Client Component SSR]
    ./app/(app)/timetable/page.tsx [Server Component] @ http://localhost:3000/_next/static/chunks/node_modules_next_dist_0u_w_5s._.js:1945
[   23811ms] [ERROR] ./app/(app)/timetable/page.tsx:245:21
Expected '</', got 'const'
  243 |                         ? cell.classes?.class_name || cell.class_name || cell.class_id
  244 |                         : cell.subjects?.subject_name || cell.subject_name || ''
> 245 |                     const sc = cell && subj ? subjectColor(subj as string) : null
      |                     ^^^^^
  246 |                     const isEmpty = !cell || !subj
  247 |
  248 |                     return (

Parsing ecmascript source code failed

Import traces:
  Client Component Browser:
    ./app/(app)/timetable/page.tsx [Client Component Browser]
    ./app/(app)/timetable/page.tsx [Server Component]

  Client Component SSR:
    ./app/(app)/timetable/page.tsx [Client Component SSR]
    ./app/(app)/timetable/page.tsx [Server Component] @ http://localhost:3000/_next/static/chunks/node_modules_next_dist_0u_w_5s._.js:1945
[   23870ms] [ERROR] ./app/(app)/timetable/page.tsx:245:21
Expected '</', got 'const'
  243 |                         ? cell.classes?.class_name || cell.class_name || cell.class_id
  244 |                         : cell.subjects?.subject_name || cell.subject_name || ''
> 245 |                     const sc = cell && subj ? subjectColor(subj as string) : null
      |                     ^^^^^
  246 |                     const isEmpty = !cell || !subj
  247 |
  248 |                     return (

Parsing ecmascript source code failed

Import traces:
  Client Component Browser:
    ./app/(app)/timetable/page.tsx [Client Component Browser]
    ./app/(app)/timetable/page.tsx [Server Component]

  Client Component SSR:
    ./app/(app)/timetable/page.tsx [Client Component SSR]
    ./app/(app)/timetable/page.tsx [Server Component] @ http://localhost:3000/_next/static/chunks/node_modules_next_dist_0u_w_5s._.js:1945
[   23927ms] [ERROR] ./app/(app)/timetable/page.tsx:245:21
Expected '</', got 'const'
  243 |                         ? cell.classes?.class_name || cell.class_name || cell.class_id
  244 |                         : cell.subjects?.subject_name || cell.subject_name || ''
> 245 |                     const sc = cell && subj ? subjectColor(subj as string) : null
      |                     ^^^^^
  246 |                     const isEmpty = !cell || !subj
  247 |
  248 |                     return (

Parsing ecmascript source code failed

Import traces:
  Client Component Browser:
    ./app/(app)/timetable/page.tsx [Client Component Browser]
    ./app/(app)/timetable/page.tsx [Server Component]

  Client Component SSR:
    ./app/(app)/timetable/page.tsx [Client Component SSR]
    ./app/(app)/timetable/page.tsx [Server Component] @ http://localhost:3000/_next/static/chunks/node_modules_next_dist_0u_w_5s._.js:1945
[   23988ms] [ERROR] ./app/(app)/timetable/page.tsx:245:21
Expected '</', got 'const'
  243 |                         ? cell.classes?.class_name || cell.class_name || cell.class_id
  244 |                         : cell.subjects?.subject_name || cell.subject_name || ''
> 245 |                     const sc = cell && subj ? subjectColor(subj as string) : null
      |                     ^^^^^
  246 |                     const isEmpty = !cell || !subj
  247 |
  248 |                     return (

Parsing ecmascript source code failed

Import traces:
  Client Component Browser:
    ./app/(app)/timetable/page.tsx [Client Component Browser]
    ./app/(app)/timetable/page.tsx [Server Component]

  Client Component SSR:
    ./app/(app)/timetable/page.tsx [Client Component SSR]
    ./app/(app)/timetable/page.tsx [Server Component] @ http://localhost:3000/_next/static/chunks/node_modules_next_dist_0u_w_5s._.js:1945
[   24050ms] [ERROR] ./app/(app)/timetable/page.tsx:245:21
Expected '</', got 'const'
  243 |                         ? cell.classes?.class_name || cell.class_name || cell.class_id
  244 |                         : cell.subjects?.subject_name || cell.subject_name || ''
> 245 |                     const sc = cell && subj ? subjectColor(subj as string) : null
      |                     ^^^^^
  246 |                     const isEmpty = !cell || !subj
  247 |
  248 |                     return (

Parsing ecmascript source code failed

Import traces:
  Client Component Browser:
    ./app/(app)/timetable/page.tsx [Client Component Browser]
    ./app/(app)/timetable/page.tsx [Server Component]

  Client Component SSR:
    ./app/(app)/timetable/page.tsx [Client Component SSR]
    ./app/(app)/timetable/page.tsx [Server Component] @ http://localhost:3000/_next/static/chunks/node_modules_next_dist_0u_w_5s._.js:1945
[   24113ms] [ERROR] ./app/(app)/timetable/page.tsx:245:21
Expected '</', got 'const'
  243 |                         ? cell.classes?.class_name || cell.class_name || cell.class_id
  244 |                         : cell.subjects?.subject_name || cell.subject_name || ''
> 245 |                     const sc = cell && subj ? subjectColor(subj as string) : null
      |                     ^^^^^
  246 |                     const isEmpty = !cell || !subj
  247 |
  248 |                     return (

Parsing ecmascript source code failed

Import traces:
  Client Component Browser:
    ./app/(app)/timetable/page.tsx [Client Component Browser]
    ./app/(app)/timetable/page.tsx [Server Component]

  Client Component SSR:
    ./app/(app)/timetable/page.tsx [Client Component SSR]
    ./app/(app)/timetable/page.tsx [Server Component] @ http://localhost:3000/_next/static/chunks/node_modules_next_dist_0u_w_5s._.js:1945
[   24175ms] [ERROR] ./app/(app)/timetable/page.tsx:245:21
Expected '</', got 'const'
  243 |                         ? cell.classes?.class_name || cell.class_name || cell.class_id
  244 |                         : cell.subjects?.subject_name || cell.subject_name || ''
> 245 |                     const sc = cell && subj ? subjectColor(subj as string) : null
      |                     ^^^^^
  246 |                     const isEmpty = !cell || !subj
  247 |
  248 |                     return (

Parsing ecmascript source code failed

Import traces:
  Client Component Browser:
    ./app/(app)/timetable/page.tsx [Client Component Browser]
    ./app/(app)/timetable/page.tsx [Server Component]

  Client Component SSR:
    ./app/(app)/timetable/page.tsx [Client Component SSR]
    ./app/(app)/timetable/page.tsx [Server Component] @ http://localhost:3000/_next/static/chunks/node_modules_next_dist_0u_w_5s._.js:1945
[   24223ms] [ERROR] ./app/(app)/timetable/page.tsx:245:21
Expected '</', got 'const'
  243 |                         ? cell.classes?.class_name || cell.class_name || cell.class_id
  244 |                         : cell.subjects?.subject_name || cell.subject_name || ''
> 245 |                     const sc = cell && subj ? subjectColor(subj as string) : null
      |                     ^^^^^
  246 |                     const isEmpty = !cell || !subj
  247 |
  248 |                     return (

Parsing ecmascript source code failed

Import traces:
  Client Component Browser:
    ./app/(app)/timetable/page.tsx [Client Component Browser]
    ./app/(app)/timetable/page.tsx [Server Component]

  Client Component SSR:
    ./app/(app)/timetable/page.tsx [Client Component SSR]
    ./app/(app)/timetable/page.tsx [Server Component] @ http://localhost:3000/_next/static/chunks/node_modules_next_dist_0u_w_5s._.js:1945
[   24276ms] [ERROR] ./app/(app)/timetable/page.tsx:245:21
Expected '</', got 'const'
  243 |                         ? cell.classes?.class_name || cell.class_name || cell.class_id
  244 |                         : cell.subjects?.subject_name || cell.subject_name || ''
> 245 |                     const sc = cell && subj ? subjectColor(subj as string) : null
      |                     ^^^^^
  246 |                     const isEmpty = !cell || !subj
  247 |
  248 |                     return (

Parsing ecmascript source code failed

Import traces:
  Client Component Browser:
    ./app/(app)/timetable/page.tsx [Client Component Browser]
    ./app/(app)/timetable/page.tsx [Server Component]

  Client Component SSR:
    ./app/(app)/timetable/page.tsx [Client Component SSR]
    ./app/(app)/timetable/page.tsx [Server Component] @ http://localhost:3000/_next/static/chunks/node_modules_next_dist_0u_w_5s._.js:1945
[   24336ms] [ERROR] ./app/(app)/timetable/page.tsx:245:21
Expected '</', got 'const'
  243 |                         ? cell.classes?.class_name || cell.class_name || cell.class_id
  244 |                         : cell.subjects?.subject_name || cell.subject_name || ''
> 245 |                     const sc = cell && subj ? subjectColor(subj as string) : null
      |                     ^^^^^
  246 |                     const isEmpty = !cell || !subj
  247 |
  248 |                     return (

Parsing ecmascript source code failed

Import traces:
  Client Component Browser:
    ./app/(app)/timetable/page.tsx [Client Component Browser]
    ./app/(app)/timetable/page.tsx [Server Component]

  Client Component SSR:
    ./app/(app)/timetable/page.tsx [Client Component SSR]
    ./app/(app)/timetable/page.tsx [Server Component] @ http://localhost:3000/_next/static/chunks/node_modules_next_dist_0u_w_5s._.js:1945
[   24388ms] [ERROR] ./app/(app)/timetable/page.tsx:245:21
Expected '</', got 'const'
  243 |                         ? cell.classes?.class_name || cell.class_name || cell.class_id
  244 |                         : cell.subjects?.subject_name || cell.subject_name || ''
> 245 |                     const sc = cell && subj ? subjectColor(subj as string) : null
      |                     ^^^^^
  246 |                     const isEmpty = !cell || !subj
  247 |
  248 |                     return (

Parsing ecmascript source code failed

Import traces:
  Client Component Browser:
    ./app/(app)/timetable/page.tsx [Client Component Browser]
    ./app/(app)/timetable/page.tsx [Server Component]

  Client Component SSR:
    ./app/(app)/timetable/page.tsx [Client Component SSR]
    ./app/(app)/timetable/page.tsx [Server Component] @ http://localhost:3000/_next/static/chunks/node_modules_next_dist_0u_w_5s._.js:1945
[   24445ms] [ERROR] ./app/(app)/timetable/page.tsx:245:21
Expected '</', got 'const'
  243 |                         ? cell.classes?.class_name || cell.class_name || cell.class_id
  244 |                         : cell.subjects?.subject_name || cell.subject_name || ''
> 245 |                     const sc = cell && subj ? subjectColor(subj as string) : null
      |                     ^^^^^
  246 |                     const isEmpty = !cell || !subj
  247 |
  248 |                     return (

Parsing ecmascript source code failed

Import traces:
  Client Component Browser:
    ./app/(app)/timetable/page.tsx [Client Component Browser]
    ./app/(app)/timetable/page.tsx [Server Component]

  Client Component SSR:
    ./app/(app)/timetable/page.tsx [Client Component SSR]
    ./app/(app)/timetable/page.tsx [Server Component] @ http://localhost:3000/_next/static/chunks/node_modules_next_dist_0u_w_5s._.js:1945
[   24492ms] [ERROR] ./app/(app)/timetable/page.tsx:245:21
Expected '</', got 'const'
  243 |                         ? cell.classes?.class_name || cell.class_name || cell.class_id
  244 |                         : cell.subjects?.subject_name || cell.subject_name || ''
> 245 |                     const sc = cell && subj ? subjectColor(subj as string) : null
      |                     ^^^^^
  246 |                     const isEmpty = !cell || !subj
  247 |
  248 |                     return (

Parsing ecmascript source code failed

Import traces:
  Client Component Browser:
    ./app/(app)/timetable/page.tsx [Client Component Browser]
    ./app/(app)/timetable/page.tsx [Server Component]

  Client Component SSR:
    ./app/(app)/timetable/page.tsx [Client Component SSR]
    ./app/(app)/timetable/page.tsx [Server Component] @ http://localhost:3000/_next/static/chunks/node_modules_next_dist_0u_w_5s._.js:1945
[   24554ms] [ERROR] ./app/(app)/timetable/page.tsx:245:21
Expected '</', got 'const'
  243 |                         ? cell.classes?.class_name || cell.class_name || cell.class_id
  244 |                         : cell.subjects?.subject_name || cell.subject_name || ''
> 245 |                     const sc = cell && subj ? subjectColor(subj as string) : null
      |                     ^^^^^
  246 |                     const isEmpty = !cell || !subj
  247 |
  248 |                     return (

Parsing ecmascript source code failed

Import traces:
  Client Component Browser:
    ./app/(app)/timetable/page.tsx [Client Component Browser]
    ./app/(app)/timetable/page.tsx [Server Component]

  Client Component SSR:
    ./app/(app)/timetable/page.tsx [Client Component SSR]
    ./app/(app)/timetable/page.tsx [Server Component] @ http://localhost:3000/_next/static/chunks/node_modules_next_dist_0u_w_5s._.js:1945
[   24609ms] [ERROR] ./app/(app)/timetable/page.tsx:245:21
Expected '</', got 'const'
  243 |                         ? cell.classes?.class_name || cell.class_name || cell.class_id
  244 |                         : cell.subjects?.subject_name || cell.subject_name || ''
> 245 |                     const sc = cell && subj ? subjectColor(subj as string) : null
      |                     ^^^^^
  246 |                     const isEmpty = !cell || !subj
  247 |
  248 |                     return (

Parsing ecmascript source code failed

Import traces:
  Client Component Browser:
    ./app/(app)/timetable/page.tsx [Client Component Browser]
    ./app/(app)/timetable/page.tsx [Server Component]

  Client Component SSR:
    ./app/(app)/timetable/page.tsx [Client Component SSR]
    ./app/(app)/timetable/page.tsx [Server Component] @ http://localhost:3000/_next/static/chunks/node_modules_next_dist_0u_w_5s._.js:1945
[   24671ms] [ERROR] ./app/(app)/timetable/page.tsx:245:21
Expected '</', got 'const'
  243 |                         ? cell.classes?.class_name || cell.class_name || cell.class_id
  244 |                         : cell.subjects?.subject_name || cell.subject_name || ''
> 245 |                     const sc = cell && subj ? subjectColor(subj as string) : null
      |                     ^^^^^
  246 |                     const isEmpty = !cell || !subj
  247 |
  248 |                     return (

Parsing ecmascript source code failed

Import traces:
  Client Component Browser:
    ./app/(app)/timetable/page.tsx [Client Component Browser]
    ./app/(app)/timetable/page.tsx [Server Component]

  Client Component SSR:
    ./app/(app)/timetable/page.tsx [Client Component SSR]
    ./app/(app)/timetable/page.tsx [Server Component] @ http://localhost:3000/_next/static/chunks/node_modules_next_dist_0u_w_5s._.js:1945
[   24732ms] [ERROR] ./app/(app)/timetable/page.tsx:245:21
Expected '</', got 'const'
  243 |                         ? cell.classes?.class_name || cell.class_name || cell.class_id
  244 |                         : cell.subjects?.subject_name || cell.subject_name || ''
> 245 |                     const sc = cell && subj ? subjectColor(subj as string) : null
      |                     ^^^^^
  246 |                     const isEmpty = !cell || !subj
  247 |
  248 |                     return (

Parsing ecmascript source code failed

Import traces:
  Client Component Browser:
    ./app/(app)/timetable/page.tsx [Client Component Browser]
    ./app/(app)/timetable/page.tsx [Server Component]

  Client Component SSR:
    ./app/(app)/timetable/page.tsx [Client Component SSR]
    ./app/(app)/timetable/page.tsx [Server Component] @ http://localhost:3000/_next/static/chunks/node_modules_next_dist_0u_w_5s._.js:1945
[   24793ms] [ERROR] ./app/(app)/timetable/page.tsx:245:21
Expected '</', got 'const'
  243 |                         ? cell.classes?.class_name || cell.class_name || cell.class_id
  244 |                         : cell.subjects?.subject_name || cell.subject_name || ''
> 245 |                     const sc = cell && subj ? subjectColor(subj as string) : null
      |                     ^^^^^
  246 |                     const isEmpty = !cell || !subj
  247 |
  248 |                     return (

Parsing ecmascript source code failed

Import traces:
  Client Component Browser:
    ./app/(app)/timetable/page.tsx [Client Component Browser]
    ./app/(app)/timetable/page.tsx [Server Component]

  Client Component SSR:
    ./app/(app)/timetable/page.tsx [Client Component SSR]
    ./app/(app)/timetable/page.tsx [Server Component] @ http://localhost:3000/_next/static/chunks/node_modules_next_dist_0u_w_5s._.js:1945
[   24855ms] [ERROR] ./app/(app)/timetable/page.tsx:245:21
Expected '</', got 'const'
  243 |                         ? cell.classes?.class_name || cell.class_name || cell.class_id
  244 |                         : cell.subjects?.subject_name || cell.subject_name || ''
> 245 |                     const sc = cell && subj ? subjectColor(subj as string) : null
      |                     ^^^^^
  246 |                     const isEmpty = !cell || !subj
  247 |
  248 |                     return (

Parsing ecmascript source code failed

Import traces:
  Client Component Browser:
    ./app/(app)/timetable/page.tsx [Client Component Browser]
    ./app/(app)/timetable/page.tsx [Server Component]

  Client Component SSR:
    ./app/(app)/timetable/page.tsx [Client Component SSR]
    ./app/(app)/timetable/page.tsx [Server Component] @ http://localhost:3000/_next/static/chunks/node_modules_next_dist_0u_w_5s._.js:1945
[   24908ms] [ERROR] ./app/(app)/timetable/page.tsx:245:21
Expected '</', got 'const'
  243 |                         ? cell.classes?.class_name || cell.class_name || cell.class_id
  244 |                         : cell.subjects?.subject_name || cell.subject_name || ''
> 245 |                     const sc = cell && subj ? subjectColor(subj as string) : null
      |                     ^^^^^
  246 |                     const isEmpty = !cell || !subj
  247 |
  248 |                     return (

Parsing ecmascript source code failed

Import traces:
  Client Component Browser:
    ./app/(app)/timetable/page.tsx [Client Component Browser]
    ./app/(app)/timetable/page.tsx [Server Component]

  Client Component SSR:
    ./app/(app)/timetable/page.tsx [Client Component SSR]
    ./app/(app)/timetable/page.tsx [Server Component] @ http://localhost:3000/_next/static/chunks/node_modules_next_dist_0u_w_5s._.js:1945
[   24970ms] [ERROR] ./app/(app)/timetable/page.tsx:245:21
Expected '</', got 'const'
  243 |                         ? cell.classes?.class_name || cell.class_name || cell.class_id
  244 |                         : cell.subjects?.subject_name || cell.subject_name || ''
> 245 |                     const sc = cell && subj ? subjectColor(subj as string) : null
      |                     ^^^^^
  246 |                     const isEmpty = !cell || !subj
  247 |
  248 |                     return (

Parsing ecmascript source code failed

Import traces:
  Client Component Browser:
    ./app/(app)/timetable/page.tsx [Client Component Browser]
    ./app/(app)/timetable/page.tsx [Server Component]

  Client Component SSR:
    ./app/(app)/timetable/page.tsx [Client Component SSR]
    ./app/(app)/timetable/page.tsx [Server Component] @ http://localhost:3000/_next/static/chunks/node_modules_next_dist_0u_w_5s._.js:1945
[   25024ms] [ERROR] ./app/(app)/timetable/page.tsx:245:21
Expected '</', got 'const'
  243 |                         ? cell.classes?.class_name || cell.class_name || cell.class_id
  244 |                         : cell.subjects?.subject_name || cell.subject_name || ''
> 245 |                     const sc = cell && subj ? subjectColor(subj as string) : null
      |                     ^^^^^
  246 |                     const isEmpty = !cell || !subj
  247 |
  248 |                     return (

Parsing ecmascript source code failed

Import traces:
  Client Component Browser:
    ./app/(app)/timetable/page.tsx [Client Component Browser]
    ./app/(app)/timetable/page.tsx [Server Component]

  Client Component SSR:
    ./app/(app)/timetable/page.tsx [Client Component SSR]
    ./app/(app)/timetable/page.tsx [Server Component] @ http://localhost:3000/_next/static/chunks/node_modules_next_dist_0u_w_5s._.js:1945
[   25088ms] [ERROR] ./app/(app)/timetable/page.tsx:245:21
Expected '</', got 'const'
  243 |                         ? cell.classes?.class_name || cell.class_name || cell.class_id
  244 |                         : cell.subjects?.subject_name || cell.subject_name || ''
> 245 |                     const sc = cell && subj ? subjectColor(subj as string) : null
      |                     ^^^^^
  246 |                     const isEmpty = !cell || !subj
  247 |
  248 |                     return (

Parsing ecmascript source code failed

Import traces:
  Client Component Browser:
    ./app/(app)/timetable/page.tsx [Client Component Browser]
    ./app/(app)/timetable/page.tsx [Server Component]

  Client Component SSR:
    ./app/(app)/timetable/page.tsx [Client Component SSR]
    ./app/(app)/timetable/page.tsx [Server Component] @ http://localhost:3000/_next/static/chunks/node_modules_next_dist_0u_w_5s._.js:1945
[   25141ms] [ERROR] ./app/(app)/timetable/page.tsx:245:21
Expected '</', got 'const'
  243 |                         ? cell.classes?.class_name || cell.class_name || cell.class_id
  244 |                         : cell.subjects?.subject_name || cell.subject_name || ''
> 245 |                     const sc = cell && subj ? subjectColor(subj as string) : null
      |                     ^^^^^
  246 |                     const isEmpty = !cell || !subj
  247 |
  248 |                     return (

Parsing ecmascript source code failed

Import traces:
  Client Component Browser:
    ./app/(app)/timetable/page.tsx [Client Component Browser]
    ./app/(app)/timetable/page.tsx [Server Component]

  Client Component SSR:
    ./app/(app)/timetable/page.tsx [Client Component SSR]
    ./app/(app)/timetable/page.tsx [Server Component] @ http://localhost:3000/_next/static/chunks/node_modules_next_dist_0u_w_5s._.js:1945
[   25203ms] [ERROR] ./app/(app)/timetable/page.tsx:245:21
Expected '</', got 'const'
  243 |                         ? cell.classes?.class_name || cell.class_name || cell.class_id
  244 |                         : cell.subjects?.subject_name || cell.subject_name || ''
> 245 |                     const sc = cell && subj ? subjectColor(subj as string) : null
      |                     ^^^^^
  246 |                     const isEmpty = !cell || !subj
  247 |
  248 |                     return (

Parsing ecmascript source code failed

Import traces:
  Client Component Browser:
    ./app/(app)/timetable/page.tsx [Client Component Browser]
    ./app/(app)/timetable/page.tsx [Server Component]

  Client Component SSR:
    ./app/(app)/timetable/page.tsx [Client Component SSR]
    ./app/(app)/timetable/page.tsx [Server Component] @ http://localhost:3000/_next/static/chunks/node_modules_next_dist_0u_w_5s._.js:1945
[   25244ms] [ERROR] ./app/(app)/timetable/page.tsx:245:21
Expected '</', got 'const'
  243 |                         ? cell.classes?.class_name || cell.class_name || cell.class_id
  244 |                         : cell.subjects?.subject_name || cell.subject_name || ''
> 245 |                     const sc = cell && subj ? subjectColor(subj as string) : null
      |                     ^^^^^
  246 |                     const isEmpty = !cell || !subj
  247 |
  248 |                     return (

Parsing ecmascript source code failed

Import traces:
  Client Component Browser:
    ./app/(app)/timetable/page.tsx [Client Component Browser]
    ./app/(app)/timetable/page.tsx [Server Component]

  Client Component SSR:
    ./app/(app)/timetable/page.tsx [Client Component SSR]
    ./app/(app)/timetable/page.tsx [Server Component] @ http://localhost:3000/_next/static/chunks/node_modules_next_dist_0u_w_5s._.js:1945
[   25308ms] [ERROR] ./app/(app)/timetable/page.tsx:245:21
Expected '</', got 'const'
  243 |                         ? cell.classes?.class_name || cell.class_name || cell.class_id
  244 |                         : cell.subjects?.subject_name || cell.subject_name || ''
> 245 |                     const sc = cell && subj ? subjectColor(subj as string) : null
      |                     ^^^^^
  246 |                     const isEmpty = !cell || !subj
  247 |
  248 |                     return (

Parsing ecmascript source code failed

Import traces:
  Client Component Browser:
    ./app/(app)/timetable/page.tsx [Client Component Browser]
    ./app/(app)/timetable/page.tsx [Server Component]

  Client Component SSR:
    ./app/(app)/timetable/page.tsx [Client Component SSR]
    ./app/(app)/timetable/page.tsx [Server Component] @ http://localhost:3000/_next/static/chunks/node_modules_next_dist_0u_w_5s._.js:1945
[   25370ms] [ERROR] ./app/(app)/timetable/page.tsx:245:21
Expected '</', got 'const'
  243 |                         ? cell.classes?.class_name || cell.class_name || cell.class_id
  244 |                         : cell.subjects?.subject_name || cell.subject_name || ''
> 245 |                     const sc = cell && subj ? subjectColor(subj as string) : null
      |                     ^^^^^
  246 |                     const isEmpty = !cell || !subj
  247 |
  248 |                     return (

Parsing ecmascript source code failed

Import traces:
  Client Component Browser:
    ./app/(app)/timetable/page.tsx [Client Component Browser]
    ./app/(app)/timetable/page.tsx [Server Component]

  Client Component SSR:
    ./app/(app)/timetable/page.tsx [Client Component SSR]
    ./app/(app)/timetable/page.tsx [Server Component] @ http://localhost:3000/_next/static/chunks/node_modules_next_dist_0u_w_5s._.js:1945
[   25433ms] [ERROR] ./app/(app)/timetable/page.tsx:245:21
Expected '</', got 'const'
  243 |                         ? cell.classes?.class_name || cell.class_name || cell.class_id
  244 |                         : cell.subjects?.subject_name || cell.subject_name || ''
> 245 |                     const sc = cell && subj ? subjectColor(subj as string) : null
      |                     ^^^^^
  246 |                     const isEmpty = !cell || !subj
  247 |
  248 |                     return (

Parsing ecmascript source code failed

Import traces:
  Client Component Browser:
    ./app/(app)/timetable/page.tsx [Client Component Browser]
    ./app/(app)/timetable/page.tsx [Server Component]

  Client Component SSR:
    ./app/(app)/timetable/page.tsx [Client Component SSR]
    ./app/(app)/timetable/page.tsx [Server Component] @ http://localhost:3000/_next/static/chunks/node_modules_next_dist_0u_w_5s._.js:1945
[   25495ms] [ERROR] ./app/(app)/timetable/page.tsx:245:21
Expected '</', got 'const'
  243 |                         ? cell.classes?.class_name || cell.class_name || cell.class_id
  244 |                         : cell.subjects?.subject_name || cell.subject_name || ''
> 245 |                     const sc = cell && subj ? subjectColor(subj as string) : null
      |                     ^^^^^
  246 |                     const isEmpty = !cell || !subj
  247 |
  248 |                     return (

Parsing ecmascript source code failed

Import traces:
  Client Component Browser:
    ./app/(app)/timetable/page.tsx [Client Component Browser]
    ./app/(app)/timetable/page.tsx [Server Component]

  Client Component SSR:
    ./app/(app)/timetable/page.tsx [Client Component SSR]
    ./app/(app)/timetable/page.tsx [Server Component] @ http://localhost:3000/_next/static/chunks/node_modules_next_dist_0u_w_5s._.js:1945
[   25558ms] [ERROR] ./app/(app)/timetable/page.tsx:245:21
Expected '</', got 'const'
  243 |                         ? cell.classes?.class_name || cell.class_name || cell.class_id
  244 |                         : cell.subjects?.subject_name || cell.subject_name || ''
> 245 |                     const sc = cell && subj ? subjectColor(subj as string) : null
      |                     ^^^^^
  246 |                     const isEmpty = !cell || !subj
  247 |
  248 |                     return (

Parsing ecmascript source code failed

Import traces:
  Client Component Browser:
    ./app/(app)/timetable/page.tsx [Client Component Browser]
    ./app/(app)/timetable/page.tsx [Server Component]

  Client Component SSR:
    ./app/(app)/timetable/page.tsx [Client Component SSR]
    ./app/(app)/timetable/page.tsx [Server Component] @ http://localhost:3000/_next/static/chunks/node_modules_next_dist_0u_w_5s._.js:1945
[   25621ms] [ERROR] ./app/(app)/timetable/page.tsx:245:21
Expected '</', got 'const'
  243 |                         ? cell.classes?.class_name || cell.class_name || cell.class_id
  244 |                         : cell.subjects?.subject_name || cell.subject_name || ''
> 245 |                     const sc = cell && subj ? subjectColor(subj as string) : null
      |                     ^^^^^
  246 |                     const isEmpty = !cell || !subj
  247 |
  248 |                     return (

Parsing ecmascript source code failed

Import traces:
  Client Component Browser:
    ./app/(app)/timetable/page.tsx [Client Component Browser]
    ./app/(app)/timetable/page.tsx [Server Component]

  Client Component SSR:
    ./app/(app)/timetable/page.tsx [Client Component SSR]
    ./app/(app)/timetable/page.tsx [Server Component] @ http://localhost:3000/_next/static/chunks/node_modules_next_dist_0u_w_5s._.js:1945
[   25683ms] [ERROR] ./app/(app)/timetable/page.tsx:245:21
Expected '</', got 'const'
  243 |                         ? cell.classes?.class_name || cell.class_name || cell.class_id
  244 |                         : cell.subjects?.subject_name || cell.subject_name || ''
> 245 |                     const sc = cell && subj ? subjectColor(subj as string) : null
      |                     ^^^^^
  246 |                     const isEmpty = !cell || !subj
  247 |
  248 |                     return (

Parsing ecmascript source code failed

Import traces:
  Client Component Browser:
    ./app/(app)/timetable/page.tsx [Client Component Browser]
    ./app/(app)/timetable/page.tsx [Server Component]

  Client Component SSR:
    ./app/(app)/timetable/page.tsx [Client Component SSR]
    ./app/(app)/timetable/page.tsx [Server Component] @ http://localhost:3000/_next/static/chunks/node_modules_next_dist_0u_w_5s._.js:1945
[   25745ms] [ERROR] ./app/(app)/timetable/page.tsx:245:21
Expected '</', got 'const'
  243 |                         ? cell.classes?.class_name || cell.class_name || cell.class_id
  244 |                         : cell.subjects?.subject_name || cell.subject_name || ''
> 245 |                     const sc = cell && subj ? subjectColor(subj as string) : null
      |                     ^^^^^
  246 |                     const isEmpty = !cell || !subj
  247 |
  248 |                     return (

Parsing ecmascript source code failed

Import traces:
  Client Component Browser:
    ./app/(app)/timetable/page.tsx [Client Component Browser]
    ./app/(app)/timetable/page.tsx [Server Component]

  Client Component SSR:
    ./app/(app)/timetable/page.tsx [Client Component SSR]
    ./app/(app)/timetable/page.tsx [Server Component] @ http://localhost:3000/_next/static/chunks/node_modules_next_dist_0u_w_5s._.js:1945
[   25805ms] [ERROR] ./app/(app)/timetable/page.tsx:245:21
Expected '</', got 'const'
  243 |                         ? cell.classes?.class_name || cell.class_name || cell.class_id
  244 |                         : cell.subjects?.subject_name || cell.subject_name || ''
> 245 |                     const sc = cell && subj ? subjectColor(subj as string) : null
      |                     ^^^^^
  246 |                     const isEmpty = !cell || !subj
  247 |
  248 |                     return (

Parsing ecmascript source code failed

Import traces:
  Client Component Browser:
    ./app/(app)/timetable/page.tsx [Client Component Browser]
    ./app/(app)/timetable/page.tsx [Server Component]

  Client Component SSR:
    ./app/(app)/timetable/page.tsx [Client Component SSR]
    ./app/(app)/timetable/page.tsx [Server Component] @ http://localhost:3000/_next/static/chunks/node_modules_next_dist_0u_w_5s._.js:1945
[   25858ms] [ERROR] ./app/(app)/timetable/page.tsx:245:21
Expected '</', got 'const'
  243 |                         ? cell.classes?.class_name || cell.class_name || cell.class_id
  244 |                         : cell.subjects?.subject_name || cell.subject_name || ''
> 245 |                     const sc = cell && subj ? subjectColor(subj as string) : null
      |                     ^^^^^
  246 |                     const isEmpty = !cell || !subj
  247 |
  248 |                     return (

Parsing ecmascript source code failed

Import traces:
  Client Component Browser:
    ./app/(app)/timetable/page.tsx [Client Component Browser]
    ./app/(app)/timetable/page.tsx [Server Component]

  Client Component SSR:
    ./app/(app)/timetable/page.tsx [Client Component SSR]
    ./app/(app)/timetable/page.tsx [Server Component] @ http://localhost:3000/_next/static/chunks/node_modules_next_dist_0u_w_5s._.js:1945
[   25910ms] [ERROR] ./app/(app)/timetable/page.tsx:245:21
Expected '</', got 'const'
  243 |                         ? cell.classes?.class_name || cell.class_name || cell.class_id
  244 |                         : cell.subjects?.subject_name || cell.subject_name || ''
> 245 |                     const sc = cell && subj ? subjectColor(subj as string) : null
      |                     ^^^^^
  246 |                     const isEmpty = !cell || !subj
  247 |
  248 |                     return (

Parsing ecmascript source code failed

Import traces:
  Client Component Browser:
    ./app/(app)/timetable/page.tsx [Client Component Browser]
    ./app/(app)/timetable/page.tsx [Server Component]

  Client Component SSR:
    ./app/(app)/timetable/page.tsx [Client Component SSR]
    ./app/(app)/timetable/page.tsx [Server Component] @ http://localhost:3000/_next/static/chunks/node_modules_next_dist_0u_w_5s._.js:1945
[   25961ms] [ERROR] ./app/(app)/timetable/page.tsx:245:21
Expected '</', got 'const'
  243 |                         ? cell.classes?.class_name || cell.class_name || cell.class_id
  244 |                         : cell.subjects?.subject_name || cell.subject_name || ''
> 245 |                     const sc = cell && subj ? subjectColor(subj as string) : null
      |                     ^^^^^
  246 |                     const isEmpty = !cell || !subj
  247 |
  248 |                     return (

Parsing ecmascript source code failed

Import traces:
  Client Component Browser:
    ./app/(app)/timetable/page.tsx [Client Component Browser]
    ./app/(app)/timetable/page.tsx [Server Component]

  Client Component SSR:
    ./app/(app)/timetable/page.tsx [Client Component SSR]
    ./app/(app)/timetable/page.tsx [Server Component] @ http://localhost:3000/_next/static/chunks/node_modules_next_dist_0u_w_5s._.js:1945
[   26016ms] [ERROR] ./app/(app)/timetable/page.tsx:245:21
Expected '</', got 'const'
  243 |                         ? cell.classes?.class_name || cell.class_name || cell.class_id
  244 |                         : cell.subjects?.subject_name || cell.subject_name || ''
> 245 |                     const sc = cell && subj ? subjectColor(subj as string) : null
      |                     ^^^^^
  246 |                     const isEmpty = !cell || !subj
  247 |
  248 |                     return (

Parsing ecmascript source code failed

Import traces:
  Client Component Browser:
    ./app/(app)/timetable/page.tsx [Client Component Browser]
    ./app/(app)/timetable/page.tsx [Server Component]

  Client Component SSR:
    ./app/(app)/timetable/page.tsx [Client Component SSR]
    ./app/(app)/timetable/page.tsx [Server Component] @ http://localhost:3000/_next/static/chunks/node_modules_next_dist_0u_w_5s._.js:1945
[   26074ms] [ERROR] ./app/(app)/timetable/page.tsx:245:21
Expected '</', got 'const'
  243 |                         ? cell.classes?.class_name || cell.class_name || cell.class_id
  244 |                         : cell.subjects?.subject_name || cell.subject_name || ''
> 245 |                     const sc = cell && subj ? subjectColor(subj as string) : null
      |                     ^^^^^
  246 |                     const isEmpty = !cell || !subj
  247 |
  248 |                     return (

Parsing ecmascript source code failed

Import traces:
  Client Component Browser:
    ./app/(app)/timetable/page.tsx [Client Component Browser]
    ./app/(app)/timetable/page.tsx [Server Component]

  Client Component SSR:
    ./app/(app)/timetable/page.tsx [Client Component SSR]
    ./app/(app)/timetable/page.tsx [Server Component] @ http://localhost:3000/_next/static/chunks/node_modules_next_dist_0u_w_5s._.js:1945
[   26127ms] [ERROR] ./app/(app)/timetable/page.tsx:245:21
Expected '</', got 'const'
  243 |                         ? cell.classes?.class_name || cell.class_name || cell.class_id
  244 |                         : cell.subjects?.subject_name || cell.subject_name || ''
> 245 |                     const sc = cell && subj ? subjectColor(subj as string) : null
      |                     ^^^^^
  246 |                     const isEmpty = !cell || !subj
  247 |
  248 |                     return (

Parsing ecmascript source code failed

Import traces:
  Client Component Browser:
    ./app/(app)/timetable/page.tsx [Client Component Browser]
    ./app/(app)/timetable/page.tsx [Server Component]

  Client Component SSR:
    ./app/(app)/timetable/page.tsx [Client Component SSR]
    ./app/(app)/timetable/page.tsx [Server Component] @ http://localhost:3000/_next/static/chunks/node_modules_next_dist_0u_w_5s._.js:1945
[   26189ms] [ERROR] ./app/(app)/timetable/page.tsx:245:21
Expected '</', got 'const'
  243 |                         ? cell.classes?.class_name || cell.class_name || cell.class_id
  244 |                         : cell.subjects?.subject_name || cell.subject_name || ''
> 245 |                     const sc = cell && subj ? subjectColor(subj as string) : null
      |                     ^^^^^
  246 |                     const isEmpty = !cell || !subj
  247 |
  248 |                     return (

Parsing ecmascript source code failed

Import traces:
  Client Component Browser:
    ./app/(app)/timetable/page.tsx [Client Component Browser]
    ./app/(app)/timetable/page.tsx [Server Component]

  Client Component SSR:
    ./app/(app)/timetable/page.tsx [Client Component SSR]
    ./app/(app)/timetable/page.tsx [Server Component] @ http://localhost:3000/_next/static/chunks/node_modules_next_dist_0u_w_5s._.js:1945
[   26251ms] [ERROR] ./app/(app)/timetable/page.tsx:245:21
Expected '</', got 'const'
  243 |                         ? cell.classes?.class_name || cell.class_name || cell.class_id
  244 |                         : cell.subjects?.subject_name || cell.subject_name || ''
> 245 |                     const sc = cell && subj ? subjectColor(subj as string) : null
      |                     ^^^^^
  246 |                     const isEmpty = !cell || !subj
  247 |
  248 |                     return (

Parsing ecmascript source code failed

Import traces:
  Client Component Browser:
    ./app/(app)/timetable/page.tsx [Client Component Browser]
    ./app/(app)/timetable/page.tsx [Server Component]

  Client Component SSR:
    ./app/(app)/timetable/page.tsx [Client Component SSR]
    ./app/(app)/timetable/page.tsx [Server Component] @ http://localhost:3000/_next/static/chunks/node_modules_next_dist_0u_w_5s._.js:1945
[   26295ms] [ERROR] ./app/(app)/timetable/page.tsx:245:21
Expected '</', got 'const'
  243 |                         ? cell.classes?.class_name || cell.class_name || cell.class_id
  244 |                         : cell.subjects?.subject_name || cell.subject_name || ''
> 245 |                     const sc = cell && subj ? subjectColor(subj as string) : null
      |                     ^^^^^
  246 |                     const isEmpty = !cell || !subj
  247 |
  248 |                     return (

Parsing ecmascript source code failed

Import traces:
  Client Component Browser:
    ./app/(app)/timetable/page.tsx [Client Component Browser]
    ./app/(app)/timetable/page.tsx [Server Component]

  Client Component SSR:
    ./app/(app)/timetable/page.tsx [Client Component SSR]
    ./app/(app)/timetable/page.tsx [Server Component] @ http://localhost:3000/_next/static/chunks/node_modules_next_dist_0u_w_5s._.js:1945
[   26357ms] [ERROR] ./app/(app)/timetable/page.tsx:245:21
Expected '</', got 'const'
  243 |                         ? cell.classes?.class_name || cell.class_name || cell.class_id
  244 |                         : cell.subjects?.subject_name || cell.subject_name || ''
> 245 |                     const sc = cell && subj ? subjectColor(subj as string) : null
      |                     ^^^^^
  246 |                     const isEmpty = !cell || !subj
  247 |
  248 |                     return (

Parsing ecmascript source code failed

Import traces:
  Client Component Browser:
    ./app/(app)/timetable/page.tsx [Client Component Browser]
    ./app/(app)/timetable/page.tsx [Server Component]

  Client Component SSR:
    ./app/(app)/timetable/page.tsx [Client Component SSR]
    ./app/(app)/timetable/page.tsx [Server Component] @ http://localhost:3000/_next/static/chunks/node_modules_next_dist_0u_w_5s._.js:1945
[   26409ms] [ERROR] ./app/(app)/timetable/page.tsx:245:21
Expected '</', got 'const'
  243 |                         ? cell.classes?.class_name || cell.class_name || cell.class_id
  244 |                         : cell.subjects?.subject_name || cell.subject_name || ''
> 245 |                     const sc = cell && subj ? subjectColor(subj as string) : null
      |                     ^^^^^
  246 |                     const isEmpty = !cell || !subj
  247 |
  248 |                     return (

Parsing ecmascript source code failed

Import traces:
  Client Component Browser:
    ./app/(app)/timetable/page.tsx [Client Component Browser]
    ./app/(app)/timetable/page.tsx [Server Component]

  Client Component SSR:
    ./app/(app)/timetable/page.tsx [Client Component SSR]
    ./app/(app)/timetable/page.tsx [Server Component] @ http://localhost:3000/_next/static/chunks/node_modules_next_dist_0u_w_5s._.js:1945
[   26465ms] [ERROR] ./app/(app)/timetable/page.tsx:245:21
Expected '</', got 'const'
  243 |                         ? cell.classes?.class_name || cell.class_name || cell.class_id
  244 |                         : cell.subjects?.subject_name || cell.subject_name || ''
> 245 |                     const sc = cell && subj ? subjectColor(subj as string) : null
      |                     ^^^^^
  246 |                     const isEmpty = !cell || !subj
  247 |
  248 |                     return (

Parsing ecmascript source code failed

Import traces:
  Client Component Browser:
    ./app/(app)/timetable/page.tsx [Client Component Browser]
    ./app/(app)/timetable/page.tsx [Server Component]

  Client Component SSR:
    ./app/(app)/timetable/page.tsx [Client Component SSR]
    ./app/(app)/timetable/page.tsx [Server Component] @ http://localhost:3000/_next/static/chunks/node_modules_next_dist_0u_w_5s._.js:1945
[   26527ms] [ERROR] ./app/(app)/timetable/page.tsx:245:21
Expected '</', got 'const'
  243 |                         ? cell.classes?.class_name || cell.class_name || cell.class_id
  244 |                         : cell.subjects?.subject_name || cell.subject_name || ''
> 245 |                     const sc = cell && subj ? subjectColor(subj as string) : null
      |                     ^^^^^
  246 |                     const isEmpty = !cell || !subj
  247 |
  248 |                     return (

Parsing ecmascript source code failed

Import traces:
  Client Component Browser:
    ./app/(app)/timetable/page.tsx [Client Component Browser]
    ./app/(app)/timetable/page.tsx [Server Component]

  Client Component SSR:
    ./app/(app)/timetable/page.tsx [Client Component SSR]
    ./app/(app)/timetable/page.tsx [Server Component] @ http://localhost:3000/_next/static/chunks/node_modules_next_dist_0u_w_5s._.js:1945
[   26588ms] [ERROR] ./app/(app)/timetable/page.tsx:245:21
Expected '</', got 'const'
  243 |                         ? cell.classes?.class_name || cell.class_name || cell.class_id
  244 |                         : cell.subjects?.subject_name || cell.subject_name || ''
> 245 |                     const sc = cell && subj ? subjectColor(subj as string) : null
      |                     ^^^^^
  246 |                     const isEmpty = !cell || !subj
  247 |
  248 |                     return (

Parsing ecmascript source code failed

Import traces:
  Client Component Browser:
    ./app/(app)/timetable/page.tsx [Client Component Browser]
    ./app/(app)/timetable/page.tsx [Server Component]

  Client Component SSR:
    ./app/(app)/timetable/page.tsx [Client Component SSR]
    ./app/(app)/timetable/page.tsx [Server Component] @ http://localhost:3000/_next/static/chunks/node_modules_next_dist_0u_w_5s._.js:1945
[   26632ms] [ERROR] ./app/(app)/timetable/page.tsx:245:21
Expected '</', got 'const'
  243 |                         ? cell.classes?.class_name || cell.class_name || cell.class_id
  244 |                         : cell.subjects?.subject_name || cell.subject_name || ''
> 245 |                     const sc = cell && subj ? subjectColor(subj as string) : null
      |                     ^^^^^
  246 |                     const isEmpty = !cell || !subj
  247 |
  248 |                     return (

Parsing ecmascript source code failed

Import traces:
  Client Component Browser:
    ./app/(app)/timetable/page.tsx [Client Component Browser]
    ./app/(app)/timetable/page.tsx [Server Component]

  Client Component SSR:
    ./app/(app)/timetable/page.tsx [Client Component SSR]
    ./app/(app)/timetable/page.tsx [Server Component] @ http://localhost:3000/_next/static/chunks/node_modules_next_dist_0u_w_5s._.js:1945
[   26693ms] [ERROR] ./app/(app)/timetable/page.tsx:245:21
Expected '</', got 'const'
  243 |                         ? cell.classes?.class_name || cell.class_name || cell.class_id
  244 |                         : cell.subjects?.subject_name || cell.subject_name || ''
> 245 |                     const sc = cell && subj ? subjectColor(subj as string) : null
      |                     ^^^^^
  246 |                     const isEmpty = !cell || !subj
  247 |
  248 |                     return (

Parsing ecmascript source code failed

Import traces:
  Client Component Browser:
    ./app/(app)/timetable/page.tsx [Client Component Browser]
    ./app/(app)/timetable/page.tsx [Server Component]

  Client Component SSR:
    ./app/(app)/timetable/page.tsx [Client Component SSR]
    ./app/(app)/timetable/page.tsx [Server Component] @ http://localhost:3000/_next/static/chunks/node_modules_next_dist_0u_w_5s._.js:1945
[   26746ms] [ERROR] ./app/(app)/timetable/page.tsx:245:21
Expected '</', got 'const'
  243 |                         ? cell.classes?.class_name || cell.class_name || cell.class_id
  244 |                         : cell.subjects?.subject_name || cell.subject_name || ''
> 245 |                     const sc = cell && subj ? subjectColor(subj as string) : null
      |                     ^^^^^
  246 |                     const isEmpty = !cell || !subj
  247 |
  248 |                     return (

Parsing ecmascript source code failed

Import traces:
  Client Component Browser:
    ./app/(app)/timetable/page.tsx [Client Component Browser]
    ./app/(app)/timetable/page.tsx [Server Component]

  Client Component SSR:
    ./app/(app)/timetable/page.tsx [Client Component SSR]
    ./app/(app)/timetable/page.tsx [Server Component] @ http://localhost:3000/_next/static/chunks/node_modules_next_dist_0u_w_5s._.js:1945
[   26800ms] [ERROR] ./app/(app)/timetable/page.tsx:245:21
Expected '</', got 'const'
  243 |                         ? cell.classes?.class_name || cell.class_name || cell.class_id
  244 |                         : cell.subjects?.subject_name || cell.subject_name || ''
> 245 |                     const sc = cell && subj ? subjectColor(subj as string) : null
      |                     ^^^^^
  246 |                     const isEmpty = !cell || !subj
  247 |
  248 |                     return (

Parsing ecmascript source code failed

Import traces:
  Client Component Browser:
    ./app/(app)/timetable/page.tsx [Client Component Browser]
    ./app/(app)/timetable/page.tsx [Server Component]

  Client Component SSR:
    ./app/(app)/timetable/page.tsx [Client Component SSR]
    ./app/(app)/timetable/page.tsx [Server Component] @ http://localhost:3000/_next/static/chunks/node_modules_next_dist_0u_w_5s._.js:1945
[   26857ms] [ERROR] ./app/(app)/timetable/page.tsx:245:21
Expected '</', got 'const'
  243 |                         ? cell.classes?.class_name || cell.class_name || cell.class_id
  244 |                         : cell.subjects?.subject_name || cell.subject_name || ''
> 245 |                     const sc = cell && subj ? subjectColor(subj as string) : null
      |                     ^^^^^
  246 |                     const isEmpty = !cell || !subj
  247 |
  248 |                     return (

Parsing ecmascript source code failed

Import traces:
  Client Component Browser:
    ./app/(app)/timetable/page.tsx [Client Component Browser]
    ./app/(app)/timetable/page.tsx [Server Component]

  Client Component SSR:
    ./app/(app)/timetable/page.tsx [Client Component SSR]
    ./app/(app)/timetable/page.tsx [Server Component] @ http://localhost:3000/_next/static/chunks/node_modules_next_dist_0u_w_5s._.js:1945
[   26911ms] [ERROR] ./app/(app)/timetable/page.tsx:245:21
Expected '</', got 'const'
  243 |                         ? cell.classes?.class_name || cell.class_name || cell.class_id
  244 |                         : cell.subjects?.subject_name || cell.subject_name || ''
> 245 |                     const sc = cell && subj ? subjectColor(subj as string) : null
      |                     ^^^^^
  246 |                     const isEmpty = !cell || !subj
  247 |
  248 |                     return (

Parsing ecmascript source code failed

Import traces:
  Client Component Browser:
    ./app/(app)/timetable/page.tsx [Client Component Browser]
    ./app/(app)/timetable/page.tsx [Server Component]

  Client Component SSR:
    ./app/(app)/timetable/page.tsx [Client Component SSR]
    ./app/(app)/timetable/page.tsx [Server Component] @ http://localhost:3000/_next/static/chunks/node_modules_next_dist_0u_w_5s._.js:1945
[   26966ms] [ERROR] ./app/(app)/timetable/page.tsx:245:21
Expected '</', got 'const'
  243 |                         ? cell.classes?.class_name || cell.class_name || cell.class_id
  244 |                         : cell.subjects?.subject_name || cell.subject_name || ''
> 245 |                     const sc = cell && subj ? subjectColor(subj as string) : null
      |                     ^^^^^
  246 |                     const isEmpty = !cell || !subj
  247 |
  248 |                     return (

Parsing ecmascript source code failed

Import traces:
  Client Component Browser:
    ./app/(app)/timetable/page.tsx [Client Component Browser]
    ./app/(app)/timetable/page.tsx [Server Component]

  Client Component SSR:
    ./app/(app)/timetable/page.tsx [Client Component SSR]
    ./app/(app)/timetable/page.tsx [Server Component] @ http://localhost:3000/_next/static/chunks/node_modules_next_dist_0u_w_5s._.js:1945
[   27014ms] [ERROR] ./app/(app)/timetable/page.tsx:245:21
Expected '</', got 'const'
  243 |                         ? cell.classes?.class_name || cell.class_name || cell.class_id
  244 |                         : cell.subjects?.subject_name || cell.subject_name || ''
> 245 |                     const sc = cell && subj ? subjectColor(subj as string) : null
      |                     ^^^^^
  246 |                     const isEmpty = !cell || !subj
  247 |
  248 |                     return (

Parsing ecmascript source code failed

Import traces:
  Client Component Browser:
    ./app/(app)/timetable/page.tsx [Client Component Browser]
    ./app/(app)/timetable/page.tsx [Server Component]

  Client Component SSR:
    ./app/(app)/timetable/page.tsx [Client Component SSR]
    ./app/(app)/timetable/page.tsx [Server Component] @ http://localhost:3000/_next/static/chunks/node_modules_next_dist_0u_w_5s._.js:1945
[   27078ms] [ERROR] ./app/(app)/timetable/page.tsx:245:21
Expected '</', got 'const'
  243 |                         ? cell.classes?.class_name || cell.class_name || cell.class_id
  244 |                         : cell.subjects?.subject_name || cell.subject_name || ''
> 245 |                     const sc = cell && subj ? subjectColor(subj as string) : null
      |                     ^^^^^
  246 |                     const isEmpty = !cell || !subj
  247 |
  248 |                     return (

Parsing ecmascript source code failed

Import traces:
  Client Component Browser:
    ./app/(app)/timetable/page.tsx [Client Component Browser]
    ./app/(app)/timetable/page.tsx [Server Component]

  Client Component SSR:
    ./app/(app)/timetable/page.tsx [Client Component SSR]
    ./app/(app)/timetable/page.tsx [Server Component] @ http://localhost:3000/_next/static/chunks/node_modules_next_dist_0u_w_5s._.js:1945
[   27140ms] [ERROR] ./app/(app)/timetable/page.tsx:245:21
Expected '</', got 'const'
  243 |                         ? cell.classes?.class_name || cell.class_name || cell.class_id
  244 |                         : cell.subjects?.subject_name || cell.subject_name || ''
> 245 |                     const sc = cell && subj ? subjectColor(subj as string) : null
      |                     ^^^^^
  246 |                     const isEmpty = !cell || !subj
  247 |
  248 |                     return (

Parsing ecmascript source code failed

Import traces:
  Client Component Browser:
    ./app/(app)/timetable/page.tsx [Client Component Browser]
    ./app/(app)/timetable/page.tsx [Server Component]

  Client Component SSR:
    ./app/(app)/timetable/page.tsx [Client Component SSR]
    ./app/(app)/timetable/page.tsx [Server Component] @ http://localhost:3000/_next/static/chunks/node_modules_next_dist_0u_w_5s._.js:1945
[   27196ms] [ERROR] ./app/(app)/timetable/page.tsx:245:21
Expected '</', got 'const'
  243 |                         ? cell.classes?.class_name || cell.class_name || cell.class_id
  244 |                         : cell.subjects?.subject_name || cell.subject_name || ''
> 245 |                     const sc = cell && subj ? subjectColor(subj as string) : null
      |                     ^^^^^
  246 |                     const isEmpty = !cell || !subj
  247 |
  248 |                     return (

Parsing ecmascript source code failed

Import traces:
  Client Component Browser:
    ./app/(app)/timetable/page.tsx [Client Component Browser]
    ./app/(app)/timetable/page.tsx [Server Component]

  Client Component SSR:
    ./app/(app)/timetable/page.tsx [Client Component SSR]
    ./app/(app)/timetable/page.tsx [Server Component] @ http://localhost:3000/_next/static/chunks/node_modules_next_dist_0u_w_5s._.js:1945
[   27257ms] [ERROR] ./app/(app)/timetable/page.tsx:245:21
Expected '</', got 'const'
  243 |                         ? cell.classes?.class_name || cell.class_name || cell.class_id
  244 |                         : cell.subjects?.subject_name || cell.subject_name || ''
> 245 |                     const sc = cell && subj ? subjectColor(subj as string) : null
      |                     ^^^^^
  246 |                     const isEmpty = !cell || !subj
  247 |
  248 |                     return (

Parsing ecmascript source code failed

Import traces:
  Client Component Browser:
    ./app/(app)/timetable/page.tsx [Client Component Browser]
    ./app/(app)/timetable/page.tsx [Server Component]

  Client Component SSR:
    ./app/(app)/timetable/page.tsx [Client Component SSR]
    ./app/(app)/timetable/page.tsx [Server Component] @ http://localhost:3000/_next/static/chunks/node_modules_next_dist_0u_w_5s._.js:1945
[   27311ms] [ERROR] ./app/(app)/timetable/page.tsx:245:21
Expected '</', got 'const'
  243 |                         ? cell.classes?.class_name || cell.class_name || cell.class_id
  244 |                         : cell.subjects?.subject_name || cell.subject_name || ''
> 245 |                     const sc = cell && subj ? subjectColor(subj as string) : null
      |                     ^^^^^
  246 |                     const isEmpty = !cell || !subj
  247 |
  248 |                     return (

Parsing ecmascript source code failed

Import traces:
  Client Component Browser:
    ./app/(app)/timetable/page.tsx [Client Component Browser]
    ./app/(app)/timetable/page.tsx [Server Component]

  Client Component SSR:
    ./app/(app)/timetable/page.tsx [Client Component SSR]
    ./app/(app)/timetable/page.tsx [Server Component] @ http://localhost:3000/_next/static/chunks/node_modules_next_dist_0u_w_5s._.js:1945
[   27371ms] [ERROR] ./app/(app)/timetable/page.tsx:245:21
Expected '</', got 'const'
  243 |                         ? cell.classes?.class_name || cell.class_name || cell.class_id
  244 |                         : cell.subjects?.subject_name || cell.subject_name || ''
> 245 |                     const sc = cell && subj ? subjectColor(subj as string) : null
      |                     ^^^^^
  246 |                     const isEmpty = !cell || !subj
  247 |
  248 |                     return (

Parsing ecmascript source code failed

Import traces:
  Client Component Browser:
    ./app/(app)/timetable/page.tsx [Client Component Browser]
    ./app/(app)/timetable/page.tsx [Server Component]

  Client Component SSR:
    ./app/(app)/timetable/page.tsx [Client Component SSR]
    ./app/(app)/timetable/page.tsx [Server Component] @ http://localhost:3000/_next/static/chunks/node_modules_next_dist_0u_w_5s._.js:1945
[   27425ms] [ERROR] ./app/(app)/timetable/page.tsx:245:21
Expected '</', got 'const'
  243 |                         ? cell.classes?.class_name || cell.class_name || cell.class_id
  244 |                         : cell.subjects?.subject_name || cell.subject_name || ''
> 245 |                     const sc = cell && subj ? subjectColor(subj as string) : null
      |                     ^^^^^
  246 |                     const isEmpty = !cell || !subj
  247 |
  248 |                     return (

Parsing ecmascript source code failed

Import traces:
  Client Component Browser:
    ./app/(app)/timetable/page.tsx [Client Component Browser]
    ./app/(app)/timetable/page.tsx [Server Component]

  Client Component SSR:
    ./app/(app)/timetable/page.tsx [Client Component SSR]
    ./app/(app)/timetable/page.tsx [Server Component] @ http://localhost:3000/_next/static/chunks/node_modules_next_dist_0u_w_5s._.js:1945
[   27481ms] [ERROR] ./app/(app)/timetable/page.tsx:245:21
Expected '</', got 'const'
  243 |                         ? cell.classes?.class_name || cell.class_name || cell.class_id
  244 |                         : cell.subjects?.subject_name || cell.subject_name || ''
> 245 |                     const sc = cell && subj ? subjectColor(subj as string) : null
      |                     ^^^^^
  246 |                     const isEmpty = !cell || !subj
  247 |
  248 |                     return (

Parsing ecmascript source code failed

Import traces:
  Client Component Browser:
    ./app/(app)/timetable/page.tsx [Client Component Browser]
    ./app/(app)/timetable/page.tsx [Server Component]

  Client Component SSR:
    ./app/(app)/timetable/page.tsx [Client Component SSR]
    ./app/(app)/timetable/page.tsx [Server Component] @ http://localhost:3000/_next/static/chunks/node_modules_next_dist_0u_w_5s._.js:1945
[   27542ms] [ERROR] ./app/(app)/timetable/page.tsx:245:21
Expected '</', got 'const'
  243 |                         ? cell.classes?.class_name || cell.class_name || cell.class_id
  244 |                         : cell.subjects?.subject_name || cell.subject_name || ''
> 245 |                     const sc = cell && subj ? subjectColor(subj as string) : null
      |                     ^^^^^
  246 |                     const isEmpty = !cell || !subj
  247 |
  248 |                     return (

Parsing ecmascript source code failed

Import traces:
  Client Component Browser:
    ./app/(app)/timetable/page.tsx [Client Component Browser]
    ./app/(app)/timetable/page.tsx [Server Component]

  Client Component SSR:
    ./app/(app)/timetable/page.tsx [Client Component SSR]
    ./app/(app)/timetable/page.tsx [Server Component] @ http://localhost:3000/_next/static/chunks/node_modules_next_dist_0u_w_5s._.js:1945
[   27592ms] [ERROR] ./app/(app)/timetable/page.tsx:245:21
Expected '</', got 'const'
  243 |                         ? cell.classes?.class_name || cell.class_name || cell.class_id
  244 |                         : cell.subjects?.subject_name || cell.subject_name || ''
> 245 |                     const sc = cell && subj ? subjectColor(subj as string) : null
      |                     ^^^^^
  246 |                     const isEmpty = !cell || !subj
  247 |
  248 |                     return (

Parsing ecmascript source code failed

Import traces:
  Client Component Browser:
    ./app/(app)/timetable/page.tsx [Client Component Browser]
    ./app/(app)/timetable/page.tsx [Server Component]

  Client Component SSR:
    ./app/(app)/timetable/page.tsx [Client Component SSR]
    ./app/(app)/timetable/page.tsx [Server Component] @ http://localhost:3000/_next/static/chunks/node_modules_next_dist_0u_w_5s._.js:1945
[   27654ms] [ERROR] ./app/(app)/timetable/page.tsx:245:21
Expected '</', got 'const'
  243 |                         ? cell.classes?.class_name || cell.class_name || cell.class_id
  244 |                         : cell.subjects?.subject_name || cell.subject_name || ''
> 245 |                     const sc = cell && subj ? subjectColor(subj as string) : null
      |                     ^^^^^
  246 |                     const isEmpty = !cell || !subj
  247 |
  248 |                     return (

Parsing ecmascript source code failed

Import traces:
  Client Component Browser:
    ./app/(app)/timetable/page.tsx [Client Component Browser]
    ./app/(app)/timetable/page.tsx [Server Component]

  Client Component SSR:
    ./app/(app)/timetable/page.tsx [Client Component SSR]
    ./app/(app)/timetable/page.tsx [Server Component] @ http://localhost:3000/_next/static/chunks/node_modules_next_dist_0u_w_5s._.js:1945
[   27705ms] [ERROR] ./app/(app)/timetable/page.tsx:245:21
Expected '</', got 'const'
  243 |                         ? cell.classes?.class_name || cell.class_name || cell.class_id
  244 |                         : cell.subjects?.subject_name || cell.subject_name || ''
> 245 |                     const sc = cell && subj ? subjectColor(subj as string) : null
      |                     ^^^^^
  246 |                     const isEmpty = !cell || !subj
  247 |
  248 |                     return (

Parsing ecmascript source code failed

Import traces:
  Client Component Browser:
    ./app/(app)/timetable/page.tsx [Client Component Browser]
    ./app/(app)/timetable/page.tsx [Server Component]

  Client Component SSR:
    ./app/(app)/timetable/page.tsx [Client Component SSR]
    ./app/(app)/timetable/page.tsx [Server Component] @ http://localhost:3000/_next/static/chunks/node_modules_next_dist_0u_w_5s._.js:1945
[   27766ms] [ERROR] ./app/(app)/timetable/page.tsx:245:21
Expected '</', got 'const'
  243 |                         ? cell.classes?.class_name || cell.class_name || cell.class_id
  244 |                         : cell.subjects?.subject_name || cell.subject_name || ''
> 245 |                     const sc = cell && subj ? subjectColor(subj as string) : null
      |                     ^^^^^
  246 |                     const isEmpty = !cell || !subj
  247 |
  248 |                     return (

Parsing ecmascript source code failed

Import traces:
  Client Component Browser:
    ./app/(app)/timetable/page.tsx [Client Component Browser]
    ./app/(app)/timetable/page.tsx [Server Component]

  Client Component SSR:
    ./app/(app)/timetable/page.tsx [Client Component SSR]
    ./app/(app)/timetable/page.tsx [Server Component] @ http://localhost:3000/_next/static/chunks/node_modules_next_dist_0u_w_5s._.js:1945
[   27824ms] [ERROR] ./app/(app)/timetable/page.tsx:245:21
Expected '</', got 'const'
  243 |                         ? cell.classes?.class_name || cell.class_name || cell.class_id
  244 |                         : cell.subjects?.subject_name || cell.subject_name || ''
> 245 |                     const sc = cell && subj ? subjectColor(subj as string) : null
      |                     ^^^^^
  246 |                     const isEmpty = !cell || !subj
  247 |
  248 |                     return (

Parsing ecmascript source code failed

Import traces:
  Client Component Browser:
    ./app/(app)/timetable/page.tsx [Client Component Browser]
    ./app/(app)/timetable/page.tsx [Server Component]

  Client Component SSR:
    ./app/(app)/timetable/page.tsx [Client Component SSR]
    ./app/(app)/timetable/page.tsx [Server Component] @ http://localhost:3000/_next/static/chunks/node_modules_next_dist_0u_w_5s._.js:1945
[   27885ms] [ERROR] ./app/(app)/timetable/page.tsx:245:21
Expected '</', got 'const'
  243 |                         ? cell.classes?.class_name || cell.class_name || cell.class_id
  244 |                         : cell.subjects?.subject_name || cell.subject_name || ''
> 245 |                     const sc = cell && subj ? subjectColor(subj as string) : null
      |                     ^^^^^
  246 |                     const isEmpty = !cell || !subj
  247 |
  248 |                     return (

Parsing ecmascript source code failed

Import traces:
  Client Component Browser:
    ./app/(app)/timetable/page.tsx [Client Component Browser]
    ./app/(app)/timetable/page.tsx [Server Component]

  Client Component SSR:
    ./app/(app)/timetable/page.tsx [Client Component SSR]
    ./app/(app)/timetable/page.tsx [Server Component] @ http://localhost:3000/_next/static/chunks/node_modules_next_dist_0u_w_5s._.js:1945
[   27947ms] [ERROR] ./app/(app)/timetable/page.tsx:245:21
Expected '</', got 'const'
  243 |                         ? cell.classes?.class_name || cell.class_name || cell.class_id
  244 |                         : cell.subjects?.subject_name || cell.subject_name || ''
> 245 |                     const sc = cell && subj ? subjectColor(subj as string) : null
      |                     ^^^^^
  246 |                     const isEmpty = !cell || !subj
  247 |
  248 |                     return (

Parsing ecmascript source code failed

Import traces:
  Client Component Browser:
    ./app/(app)/timetable/page.tsx [Client Component Browser]
    ./app/(app)/timetable/page.tsx [Server Component]

  Client Component SSR:
    ./app/(app)/timetable/page.tsx [Client Component SSR]
    ./app/(app)/timetable/page.tsx [Server Component] @ http://localhost:3000/_next/static/chunks/node_modules_next_dist_0u_w_5s._.js:1945
[   28008ms] [ERROR] ./app/(app)/timetable/page.tsx:245:21
Expected '</', got 'const'
  243 |                         ? cell.classes?.class_name || cell.class_name || cell.class_id
  244 |                         : cell.subjects?.subject_name || cell.subject_name || ''
> 245 |                     const sc = cell && subj ? subjectColor(subj as string) : null
      |                     ^^^^^
  246 |                     const isEmpty = !cell || !subj
  247 |
  248 |                     return (

Parsing ecmascript source code failed

Import traces:
  Client Component Browser:
    ./app/(app)/timetable/page.tsx [Client Component Browser]
    ./app/(app)/timetable/page.tsx [Server Component]

  Client Component SSR:
    ./app/(app)/timetable/page.tsx [Client Component SSR]
    ./app/(app)/timetable/page.tsx [Server Component] @ http://localhost:3000/_next/static/chunks/node_modules_next_dist_0u_w_5s._.js:1945
[   28061ms] [ERROR] ./app/(app)/timetable/page.tsx:245:21
Expected '</', got 'const'
  243 |                         ? cell.classes?.class_name || cell.class_name || cell.class_id
  244 |                         : cell.subjects?.subject_name || cell.subject_name || ''
> 245 |                     const sc = cell && subj ? subjectColor(subj as string) : null
      |                     ^^^^^
  246 |                     const isEmpty = !cell || !subj
  247 |
  248 |                     return (

Parsing ecmascript source code failed

Import traces:
  Client Component Browser:
    ./app/(app)/timetable/page.tsx [Client Component Browser]
    ./app/(app)/timetable/page.tsx [Server Component]

  Client Component SSR:
    ./app/(app)/timetable/page.tsx [Client Component SSR]
    ./app/(app)/timetable/page.tsx [Server Component] @ http://localhost:3000/_next/static/chunks/node_modules_next_dist_0u_w_5s._.js:1945
[   28113ms] [ERROR] ./app/(app)/timetable/page.tsx:245:21
Expected '</', got 'const'
  243 |                         ? cell.classes?.class_name || cell.class_name || cell.class_id
  244 |                         : cell.subjects?.subject_name || cell.subject_name || ''
> 245 |                     const sc = cell && subj ? subjectColor(subj as string) : null
      |                     ^^^^^
  246 |                     const isEmpty = !cell || !subj
  247 |
  248 |                     return (

Parsing ecmascript source code failed

Import traces:
  Client Component Browser:
    ./app/(app)/timetable/page.tsx [Client Component Browser]
    ./app/(app)/timetable/page.tsx [Server Component]

  Client Component SSR:
    ./app/(app)/timetable/page.tsx [Client Component SSR]
    ./app/(app)/timetable/page.tsx [Server Component] @ http://localhost:3000/_next/static/chunks/node_modules_next_dist_0u_w_5s._.js:1945
[   28178ms] [ERROR] ./app/(app)/timetable/page.tsx:245:21
Expected '</', got 'const'
  243 |                         ? cell.classes?.class_name || cell.class_name || cell.class_id
  244 |                         : cell.subjects?.subject_name || cell.subject_name || ''
> 245 |                     const sc = cell && subj ? subjectColor(subj as string) : null
      |                     ^^^^^
  246 |                     const isEmpty = !cell || !subj
  247 |
  248 |                     return (

Parsing ecmascript source code failed

Import traces:
  Client Component Browser:
    ./app/(app)/timetable/page.tsx [Client Component Browser]
    ./app/(app)/timetable/page.tsx [Server Component]

  Client Component SSR:
    ./app/(app)/timetable/page.tsx [Client Component SSR]
    ./app/(app)/timetable/page.tsx [Server Component] @ http://localhost:3000/_next/static/chunks/node_modules_next_dist_0u_w_5s._.js:1945
[   28235ms] [ERROR] ./app/(app)/timetable/page.tsx:245:21
Expected '</', got 'const'
  243 |                         ? cell.classes?.class_name || cell.class_name || cell.class_id
  244 |                         : cell.subjects?.subject_name || cell.subject_name || ''
> 245 |                     const sc = cell && subj ? subjectColor(subj as string) : null
      |                     ^^^^^
  246 |                     const isEmpty = !cell || !subj
  247 |
  248 |                     return (

Parsing ecmascript source code failed

Import traces:
  Client Component Browser:
    ./app/(app)/timetable/page.tsx [Client Component Browser]
    ./app/(app)/timetable/page.tsx [Server Component]

  Client Component SSR:
    ./app/(app)/timetable/page.tsx [Client Component SSR]
    ./app/(app)/timetable/page.tsx [Server Component] @ http://localhost:3000/_next/static/chunks/node_modules_next_dist_0u_w_5s._.js:1945
[   28297ms] [ERROR] ./app/(app)/timetable/page.tsx:245:21
Expected '</', got 'const'
  243 |                         ? cell.classes?.class_name || cell.class_name || cell.class_id
  244 |                         : cell.subjects?.subject_name || cell.subject_name || ''
> 245 |                     const sc = cell && subj ? subjectColor(subj as string) : null
      |                     ^^^^^
  246 |                     const isEmpty = !cell || !subj
  247 |
  248 |                     return (

Parsing ecmascript source code failed

Import traces:
  Client Component Browser:
    ./app/(app)/timetable/page.tsx [Client Component Browser]
    ./app/(app)/timetable/page.tsx [Server Component]

  Client Component SSR:
    ./app/(app)/timetable/page.tsx [Client Component SSR]
    ./app/(app)/timetable/page.tsx [Server Component] @ http://localhost:3000/_next/static/chunks/node_modules_next_dist_0u_w_5s._.js:1945
[   28363ms] [ERROR] ./app/(app)/timetable/page.tsx:245:21
Expected '</', got 'const'
  243 |                         ? cell.classes?.class_name || cell.class_name || cell.class_id
  244 |                         : cell.subjects?.subject_name || cell.subject_name || ''
> 245 |                     const sc = cell && subj ? subjectColor(subj as string) : null
      |                     ^^^^^
  246 |                     const isEmpty = !cell || !subj
  247 |
  248 |                     return (

Parsing ecmascript source code failed

Import traces:
  Client Component Browser:
    ./app/(app)/timetable/page.tsx [Client Component Browser]
    ./app/(app)/timetable/page.tsx [Server Component]

  Client Component SSR:
    ./app/(app)/timetable/page.tsx [Client Component SSR]
    ./app/(app)/timetable/page.tsx [Server Component] @ http://localhost:3000/_next/static/chunks/node_modules_next_dist_0u_w_5s._.js:1945
[   28423ms] [ERROR] ./app/(app)/timetable/page.tsx:245:21
Expected '</', got 'const'
  243 |                         ? cell.classes?.class_name || cell.class_name || cell.class_id
  244 |                         : cell.subjects?.subject_name || cell.subject_name || ''
> 245 |                     const sc = cell && subj ? subjectColor(subj as string) : null
      |                     ^^^^^
  246 |                     const isEmpty = !cell || !subj
  247 |
  248 |                     return (

Parsing ecmascript source code failed

Import traces:
  Client Component Browser:
    ./app/(app)/timetable/page.tsx [Client Component Browser]
    ./app/(app)/timetable/page.tsx [Server Component]

  Client Component SSR:
    ./app/(app)/timetable/page.tsx [Client Component SSR]
    ./app/(app)/timetable/page.tsx [Server Component] @ http://localhost:3000/_next/static/chunks/node_modules_next_dist_0u_w_5s._.js:1945
[   28479ms] [ERROR] ./app/(app)/timetable/page.tsx:245:21
Expected '</', got 'const'
  243 |                         ? cell.classes?.class_name || cell.class_name || cell.class_id
  244 |                         : cell.subjects?.subject_name || cell.subject_name || ''
> 245 |                     const sc = cell && subj ? subjectColor(subj as string) : null
      |                     ^^^^^
  246 |                     const isEmpty = !cell || !subj
  247 |
  248 |                     return (

Parsing ecmascript source code failed

Import traces:
  Client Component Browser:
    ./app/(app)/timetable/page.tsx [Client Component Browser]
    ./app/(app)/timetable/page.tsx [Server Component]

  Client Component SSR:
    ./app/(app)/timetable/page.tsx [Client Component SSR]
    ./app/(app)/timetable/page.tsx [Server Component] @ http://localhost:3000/_next/static/chunks/node_modules_next_dist_0u_w_5s._.js:1945
[   28543ms] [ERROR] ./app/(app)/timetable/page.tsx:245:21
Expected '</', got 'const'
  243 |                         ? cell.classes?.class_name || cell.class_name || cell.class_id
  244 |                         : cell.subjects?.subject_name || cell.subject_name || ''
> 245 |                     const sc = cell && subj ? subjectColor(subj as string) : null
      |                     ^^^^^
  246 |                     const isEmpty = !cell || !subj
  247 |
  248 |                     return (

Parsing ecmascript source code failed

Import traces:
  Client Component Browser:
    ./app/(app)/timetable/page.tsx [Client Component Browser]
    ./app/(app)/timetable/page.tsx [Server Component]

  Client Component SSR:
    ./app/(app)/timetable/page.tsx [Client Component SSR]
    ./app/(app)/timetable/page.tsx [Server Component] @ http://localhost:3000/_next/static/chunks/node_modules_next_dist_0u_w_5s._.js:1945
[   28597ms] [ERROR] ./app/(app)/timetable/page.tsx:245:21
Expected '</', got 'const'
  243 |                         ? cell.classes?.class_name || cell.class_name || cell.class_id
  244 |                         : cell.subjects?.subject_name || cell.subject_name || ''
> 245 |                     const sc = cell && subj ? subjectColor(subj as string) : null
      |                     ^^^^^
  246 |                     const isEmpty = !cell || !subj
  247 |
  248 |                     return (

Parsing ecmascript source code failed

Import traces:
  Client Component Browser:
    ./app/(app)/timetable/page.tsx [Client Component Browser]
    ./app/(app)/timetable/page.tsx [Server Component]

  Client Component SSR:
    ./app/(app)/timetable/page.tsx [Client Component SSR]
    ./app/(app)/timetable/page.tsx [Server Component] @ http://localhost:3000/_next/static/chunks/node_modules_next_dist_0u_w_5s._.js:1945
[   28657ms] [ERROR] ./app/(app)/timetable/page.tsx:245:21
Expected '</', got 'const'
  243 |                         ? cell.classes?.class_name || cell.class_name || cell.class_id
  244 |                         : cell.subjects?.subject_name || cell.subject_name || ''
> 245 |                     const sc = cell && subj ? subjectColor(subj as string) : null
      |                     ^^^^^
  246 |                     const isEmpty = !cell || !subj
  247 |
  248 |                     return (

Parsing ecmascript source code failed

Import traces:
  Client Component Browser:
    ./app/(app)/timetable/page.tsx [Client Component Browser]
    ./app/(app)/timetable/page.tsx [Server Component]

  Client Component SSR:
    ./app/(app)/timetable/page.tsx [Client Component SSR]
    ./app/(app)/timetable/page.tsx [Server Component] @ http://localhost:3000/_next/static/chunks/node_modules_next_dist_0u_w_5s._.js:1945
[   28719ms] [ERROR] ./app/(app)/timetable/page.tsx:245:21
Expected '</', got 'const'
  243 |                         ? cell.classes?.class_name || cell.class_name || cell.class_id
  244 |                         : cell.subjects?.subject_name || cell.subject_name || ''
> 245 |                     const sc = cell && subj ? subjectColor(subj as string) : null
      |                     ^^^^^
  246 |                     const isEmpty = !cell || !subj
  247 |
  248 |                     return (

Parsing ecmascript source code failed

Import traces:
  Client Component Browser:
    ./app/(app)/timetable/page.tsx [Client Component Browser]
    ./app/(app)/timetable/page.tsx [Server Component]

  Client Component SSR:
    ./app/(app)/timetable/page.tsx [Client Component SSR]
    ./app/(app)/timetable/page.tsx [Server Component] @ http://localhost:3000/_next/static/chunks/node_modules_next_dist_0u_w_5s._.js:1945
[   28783ms] [ERROR] ./app/(app)/timetable/page.tsx:245:21
Expected '</', got 'const'
  243 |                         ? cell.classes?.class_name || cell.class_name || cell.class_id
  244 |                         : cell.subjects?.subject_name || cell.subject_name || ''
> 245 |                     const sc = cell && subj ? subjectColor(subj as string) : null
      |                     ^^^^^
  246 |                     const isEmpty = !cell || !subj
  247 |
  248 |                     return (

Parsing ecmascript source code failed

Import traces:
  Client Component Browser:
    ./app/(app)/timetable/page.tsx [Client Component Browser]
    ./app/(app)/timetable/page.tsx [Server Component]

  Client Component SSR:
    ./app/(app)/timetable/page.tsx [Client Component SSR]
    ./app/(app)/timetable/page.tsx [Server Component] @ http://localhost:3000/_next/static/chunks/node_modules_next_dist_0u_w_5s._.js:1945
[   28845ms] [ERROR] ./app/(app)/timetable/page.tsx:245:21
Expected '</', got 'const'
  243 |                         ? cell.classes?.class_name || cell.class_name || cell.class_id
  244 |                         : cell.subjects?.subject_name || cell.subject_name || ''
> 245 |                     const sc = cell && subj ? subjectColor(subj as string) : null
      |                     ^^^^^
  246 |                     const isEmpty = !cell || !subj
  247 |
  248 |                     return (

Parsing ecmascript source code failed

Import traces:
  Client Component Browser:
    ./app/(app)/timetable/page.tsx [Client Component Browser]
    ./app/(app)/timetable/page.tsx [Server Component]

  Client Component SSR:
    ./app/(app)/timetable/page.tsx [Client Component SSR]
    ./app/(app)/timetable/page.tsx [Server Component] @ http://localhost:3000/_next/static/chunks/node_modules_next_dist_0u_w_5s._.js:1945
[   28900ms] [ERROR] ./app/(app)/timetable/page.tsx:245:21
Expected '</', got 'const'
  243 |                         ? cell.classes?.class_name || cell.class_name || cell.class_id
  244 |                         : cell.subjects?.subject_name || cell.subject_name || ''
> 245 |                     const sc = cell && subj ? subjectColor(subj as string) : null
      |                     ^^^^^
  246 |                     const isEmpty = !cell || !subj
  247 |
  248 |                     return (

Parsing ecmascript source code failed

Import traces:
  Client Component Browser:
    ./app/(app)/timetable/page.tsx [Client Component Browser]
    ./app/(app)/timetable/page.tsx [Server Component]

  Client Component SSR:
    ./app/(app)/timetable/page.tsx [Client Component SSR]
    ./app/(app)/timetable/page.tsx [Server Component] @ http://localhost:3000/_next/static/chunks/node_modules_next_dist_0u_w_5s._.js:1945
[   28963ms] [ERROR] ./app/(app)/timetable/page.tsx:245:21
Expected '</', got 'const'
  243 |                         ? cell.classes?.class_name || cell.class_name || cell.class_id
  244 |                         : cell.subjects?.subject_name || cell.subject_name || ''
> 245 |                     const sc = cell && subj ? subjectColor(subj as string) : null
      |                     ^^^^^
  246 |                     const isEmpty = !cell || !subj
  247 |
  248 |                     return (

Parsing ecmascript source code failed

Import traces:
  Client Component Browser:
    ./app/(app)/timetable/page.tsx [Client Component Browser]
    ./app/(app)/timetable/page.tsx [Server Component]

  Client Component SSR:
    ./app/(app)/timetable/page.tsx [Client Component SSR]
    ./app/(app)/timetable/page.tsx [Server Component] @ http://localhost:3000/_next/static/chunks/node_modules_next_dist_0u_w_5s._.js:1945
[   29026ms] [ERROR] ./app/(app)/timetable/page.tsx:245:21
Expected '</', got 'const'
  243 |                         ? cell.classes?.class_name || cell.class_name || cell.class_id
  244 |                         : cell.subjects?.subject_name || cell.subject_name || ''
> 245 |                     const sc = cell && subj ? subjectColor(subj as string) : null
      |                     ^^^^^
  246 |                     const isEmpty = !cell || !subj
  247 |
  248 |                     return (

Parsing ecmascript source code failed

Import traces:
  Client Component Browser:
    ./app/(app)/timetable/page.tsx [Client Component Browser]
    ./app/(app)/timetable/page.tsx [Server Component]

  Client Component SSR:
    ./app/(app)/timetable/page.tsx [Client Component SSR]
    ./app/(app)/timetable/page.tsx [Server Component] @ http://localhost:3000/_next/static/chunks/node_modules_next_dist_0u_w_5s._.js:1945
[   29075ms] [ERROR] ./app/(app)/timetable/page.tsx:245:21
Expected '</', got 'const'
  243 |                         ? cell.classes?.class_name || cell.class_name || cell.class_id
  244 |                         : cell.subjects?.subject_name || cell.subject_name || ''
> 245 |                     const sc = cell && subj ? subjectColor(subj as string) : null
      |                     ^^^^^
  246 |                     const isEmpty = !cell || !subj
  247 |
  248 |                     return (

Parsing ecmascript source code failed

Import traces:
  Client Component Browser:
    ./app/(app)/timetable/page.tsx [Client Component Browser]
    ./app/(app)/timetable/page.tsx [Server Component]

  Client Component SSR:
    ./app/(app)/timetable/page.tsx [Client Component SSR]
    ./app/(app)/timetable/page.tsx [Server Component] @ http://localhost:3000/_next/static/chunks/node_modules_next_dist_0u_w_5s._.js:1945
[   29138ms] [ERROR] ./app/(app)/timetable/page.tsx:245:21
Expected '</', got 'const'
  243 |                         ? cell.classes?.class_name || cell.class_name || cell.class_id
  244 |                         : cell.subjects?.subject_name || cell.subject_name || ''
> 245 |                     const sc = cell && subj ? subjectColor(subj as string) : null
      |                     ^^^^^
  246 |                     const isEmpty = !cell || !subj
  247 |
  248 |                     return (

Parsing ecmascript source code failed

Import traces:
  Client Component Browser:
    ./app/(app)/timetable/page.tsx [Client Component Browser]
    ./app/(app)/timetable/page.tsx [Server Component]

  Client Component SSR:
    ./app/(app)/timetable/page.tsx [Client Component SSR]
    ./app/(app)/timetable/page.tsx [Server Component] @ http://localhost:3000/_next/static/chunks/node_modules_next_dist_0u_w_5s._.js:1945
[   29191ms] [ERROR] ./app/(app)/timetable/page.tsx:245:21
Expected '</', got 'const'
  243 |                         ? cell.classes?.class_name || cell.class_name || cell.class_id
  244 |                         : cell.subjects?.subject_name || cell.subject_name || ''
> 245 |                     const sc = cell && subj ? subjectColor(subj as string) : null
      |                     ^^^^^
  246 |                     const isEmpty = !cell || !subj
  247 |
  248 |                     return (

Parsing ecmascript source code failed

Import traces:
  Client Component Browser:
    ./app/(app)/timetable/page.tsx [Client Component Browser]
    ./app/(app)/timetable/page.tsx [Server Component]

  Client Component SSR:
    ./app/(app)/timetable/page.tsx [Client Component SSR]
    ./app/(app)/timetable/page.tsx [Server Component] @ http://localhost:3000/_next/static/chunks/node_modules_next_dist_0u_w_5s._.js:1945
[   29247ms] [ERROR] ./app/(app)/timetable/page.tsx:245:21
Expected '</', got 'const'
  243 |                         ? cell.classes?.class_name || cell.class_name || cell.class_id
  244 |                         : cell.subjects?.subject_name || cell.subject_name || ''
> 245 |                     const sc = cell && subj ? subjectColor(subj as string) : null
      |                     ^^^^^
  246 |                     const isEmpty = !cell || !subj
  247 |
  248 |                     return (

Parsing ecmascript source code failed

Import traces:
  Client Component Browser:
    ./app/(app)/timetable/page.tsx [Client Component Browser]
    ./app/(app)/timetable/page.tsx [Server Component]

  Client Component SSR:
    ./app/(app)/timetable/page.tsx [Client Component SSR]
    ./app/(app)/timetable/page.tsx [Server Component] @ http://localhost:3000/_next/static/chunks/node_modules_next_dist_0u_w_5s._.js:1945
[   29302ms] [ERROR] ./app/(app)/timetable/page.tsx:245:21
Expected '</', got 'const'
  243 |                         ? cell.classes?.class_name || cell.class_name || cell.class_id
  244 |                         : cell.subjects?.subject_name || cell.subject_name || ''
> 245 |                     const sc = cell && subj ? subjectColor(subj as string) : null
      |                     ^^^^^
  246 |                     const isEmpty = !cell || !subj
  247 |
  248 |                     return (

Parsing ecmascript source code failed

Import traces:
  Client Component Browser:
    ./app/(app)/timetable/page.tsx [Client Component Browser]
    ./app/(app)/timetable/page.tsx [Server Component]

  Client Component SSR:
    ./app/(app)/timetable/page.tsx [Client Component SSR]
    ./app/(app)/timetable/page.tsx [Server Component] @ http://localhost:3000/_next/static/chunks/node_modules_next_dist_0u_w_5s._.js:1945
[   29364ms] [ERROR] ./app/(app)/timetable/page.tsx:245:21
Expected '</', got 'const'
  243 |                         ? cell.classes?.class_name || cell.class_name || cell.class_id
  244 |                         : cell.subjects?.subject_name || cell.subject_name || ''
> 245 |                     const sc = cell && subj ? subjectColor(subj as string) : null
      |                     ^^^^^
  246 |                     const isEmpty = !cell || !subj
  247 |
  248 |                     return (

Parsing ecmascript source code failed

Import traces:
  Client Component Browser:
    ./app/(app)/timetable/page.tsx [Client Component Browser]
    ./app/(app)/timetable/page.tsx [Server Component]

  Client Component SSR:
    ./app/(app)/timetable/page.tsx [Client Component SSR]
    ./app/(app)/timetable/page.tsx [Server Component] @ http://localhost:3000/_next/static/chunks/node_modules_next_dist_0u_w_5s._.js:1945
[   29422ms] [ERROR] ./app/(app)/timetable/page.tsx:245:21
Expected '</', got 'const'
  243 |                         ? cell.classes?.class_name || cell.class_name || cell.class_id
  244 |                         : cell.subjects?.subject_name || cell.subject_name || ''
> 245 |                     const sc = cell && subj ? subjectColor(subj as string) : null
      |                     ^^^^^
  246 |                     const isEmpty = !cell || !subj
  247 |
  248 |                     return (

Parsing ecmascript source code failed

Import traces:
  Client Component Browser:
    ./app/(app)/timetable/page.tsx [Client Component Browser]
    ./app/(app)/timetable/page.tsx [Server Component]

  Client Component SSR:
    ./app/(app)/timetable/page.tsx [Client Component SSR]
    ./app/(app)/timetable/page.tsx [Server Component] @ http://localhost:3000/_next/static/chunks/node_modules_next_dist_0u_w_5s._.js:1945
[   29484ms] [ERROR] ./app/(app)/timetable/page.tsx:245:21
Expected '</', got 'const'
  243 |                         ? cell.classes?.class_name || cell.class_name || cell.class_id
  244 |                         : cell.subjects?.subject_name || cell.subject_name || ''
> 245 |                     const sc = cell && subj ? subjectColor(subj as string) : null
      |                     ^^^^^
  246 |                     const isEmpty = !cell || !subj
  247 |
  248 |                     return (

Parsing ecmascript source code failed

Import traces:
  Client Component Browser:
    ./app/(app)/timetable/page.tsx [Client Component Browser]
    ./app/(app)/timetable/page.tsx [Server Component]

  Client Component SSR:
    ./app/(app)/timetable/page.tsx [Client Component SSR]
    ./app/(app)/timetable/page.tsx [Server Component] @ http://localhost:3000/_next/static/chunks/node_modules_next_dist_0u_w_5s._.js:1945
[   29546ms] [ERROR] ./app/(app)/timetable/page.tsx:245:21
Expected '</', got 'const'
  243 |                         ? cell.classes?.class_name || cell.class_name || cell.class_id
  244 |                         : cell.subjects?.subject_name || cell.subject_name || ''
> 245 |                     const sc = cell && subj ? subjectColor(subj as string) : null
      |                     ^^^^^
  246 |                     const isEmpty = !cell || !subj
  247 |
  248 |                     return (

Parsing ecmascript source code failed

Import traces:
  Client Component Browser:
    ./app/(app)/timetable/page.tsx [Client Component Browser]
    ./app/(app)/timetable/page.tsx [Server Component]

  Client Component SSR:
    ./app/(app)/timetable/page.tsx [Client Component SSR]
    ./app/(app)/timetable/page.tsx [Server Component] @ http://localhost:3000/_next/static/chunks/node_modules_next_dist_0u_w_5s._.js:1945
[   29600ms] [ERROR] ./app/(app)/timetable/page.tsx:245:21
Expected '</', got 'const'
  243 |                         ? cell.classes?.class_name || cell.class_name || cell.class_id
  244 |                         : cell.subjects?.subject_name || cell.subject_name || ''
> 245 |                     const sc = cell && subj ? subjectColor(subj as string) : null
      |                     ^^^^^
  246 |                     const isEmpty = !cell || !subj
  247 |
  248 |                     return (

Parsing ecmascript source code failed

Import traces:
  Client Component Browser:
    ./app/(app)/timetable/page.tsx [Client Component Browser]
    ./app/(app)/timetable/page.tsx [Server Component]

  Client Component SSR:
    ./app/(app)/timetable/page.tsx [Client Component SSR]
    ./app/(app)/timetable/page.tsx [Server Component] @ http://localhost:3000/_next/static/chunks/node_modules_next_dist_0u_w_5s._.js:1945
[   29661ms] [ERROR] ./app/(app)/timetable/page.tsx:245:21
Expected '</', got 'const'
  243 |                         ? cell.classes?.class_name || cell.class_name || cell.class_id
  244 |                         : cell.subjects?.subject_name || cell.subject_name || ''
> 245 |                     const sc = cell && subj ? subjectColor(subj as string) : null
      |                     ^^^^^
  246 |                     const isEmpty = !cell || !subj
  247 |
  248 |                     return (

Parsing ecmascript source code failed

Import traces:
  Client Component Browser:
    ./app/(app)/timetable/page.tsx [Client Component Browser]
    ./app/(app)/timetable/page.tsx [Server Component]

  Client Component SSR:
    ./app/(app)/timetable/page.tsx [Client Component SSR]
    ./app/(app)/timetable/page.tsx [Server Component] @ http://localhost:3000/_next/static/chunks/node_modules_next_dist_0u_w_5s._.js:1945
[   29723ms] [ERROR] ./app/(app)/timetable/page.tsx:245:21
Expected '</', got 'const'
  243 |                         ? cell.classes?.class_name || cell.class_name || cell.class_id
  244 |                         : cell.subjects?.subject_name || cell.subject_name || ''
> 245 |                     const sc = cell && subj ? subjectColor(subj as string) : null
      |                     ^^^^^
  246 |                     const isEmpty = !cell || !subj
  247 |
  248 |                     return (

Parsing ecmascript source code failed

Import traces:
  Client Component Browser:
    ./app/(app)/timetable/page.tsx [Client Component Browser]
    ./app/(app)/timetable/page.tsx [Server Component]

  Client Component SSR:
    ./app/(app)/timetable/page.tsx [Client Component SSR]
    ./app/(app)/timetable/page.tsx [Server Component] @ http://localhost:3000/_next/static/chunks/node_modules_next_dist_0u_w_5s._.js:1945
[   29785ms] [ERROR] ./app/(app)/timetable/page.tsx:245:21
Expected '</', got 'const'
  243 |                         ? cell.classes?.class_name || cell.class_name || cell.class_id
  244 |                         : cell.subjects?.subject_name || cell.subject_name || ''
> 245 |                     const sc = cell && subj ? subjectColor(subj as string) : null
      |                     ^^^^^
  246 |                     const isEmpty = !cell || !subj
  247 |
  248 |                     return (

Parsing ecmascript source code failed

Import traces:
  Client Component Browser:
    ./app/(app)/timetable/page.tsx [Client Component Browser]
    ./app/(app)/timetable/page.tsx [Server Component]

  Client Component SSR:
    ./app/(app)/timetable/page.tsx [Client Component SSR]
    ./app/(app)/timetable/page.tsx [Server Component] @ http://localhost:3000/_next/static/chunks/node_modules_next_dist_0u_w_5s._.js:1945
[   29839ms] [ERROR] ./app/(app)/timetable/page.tsx:245:21
Expected '</', got 'const'
  243 |                         ? cell.classes?.class_name || cell.class_name || cell.class_id
  244 |                         : cell.subjects?.subject_name || cell.subject_name || ''
> 245 |                     const sc = cell && subj ? subjectColor(subj as string) : null
      |                     ^^^^^
  246 |                     const isEmpty = !cell || !subj
  247 |
  248 |                     return (

Parsing ecmascript source code failed

Import traces:
  Client Component Browser:
    ./app/(app)/timetable/page.tsx [Client Component Browser]
    ./app/(app)/timetable/page.tsx [Server Component]

  Client Component SSR:
    ./app/(app)/timetable/page.tsx [Client Component SSR]
    ./app/(app)/timetable/page.tsx [Server Component] @ http://localhost:3000/_next/static/chunks/node_modules_next_dist_0u_w_5s._.js:1945
[   29880ms] [ERROR] ./app/(app)/timetable/page.tsx:245:21
Expected '</', got 'const'
  243 |                         ? cell.classes?.class_name || cell.class_name || cell.class_id
  244 |                         : cell.subjects?.subject_name || cell.subject_name || ''
> 245 |                     const sc = cell && subj ? subjectColor(subj as string) : null
      |                     ^^^^^
  246 |                     const isEmpty = !cell || !subj
  247 |
  248 |                     return (

Parsing ecmascript source code failed

Import traces:
  Client Component Browser:
    ./app/(app)/timetable/page.tsx [Client Component Browser]
    ./app/(app)/timetable/page.tsx [Server Component]

  Client Component SSR:
    ./app/(app)/timetable/page.tsx [Client Component SSR]
    ./app/(app)/timetable/page.tsx [Server Component] @ http://localhost:3000/_next/static/chunks/node_modules_next_dist_0u_w_5s._.js:1945
[   29944ms] [ERROR] ./app/(app)/timetable/page.tsx:245:21
Expected '</', got 'const'
  243 |                         ? cell.classes?.class_name || cell.class_name || cell.class_id
  244 |                         : cell.subjects?.subject_name || cell.subject_name || ''
> 245 |                     const sc = cell && subj ? subjectColor(subj as string) : null
      |                     ^^^^^
  246 |                     const isEmpty = !cell || !subj
  247 |
  248 |                     return (

Parsing ecmascript source code failed

Import traces:
  Client Component Browser:
    ./app/(app)/timetable/page.tsx [Client Component Browser]
    ./app/(app)/timetable/page.tsx [Server Component]

  Client Component SSR:
    ./app/(app)/timetable/page.tsx [Client Component SSR]
    ./app/(app)/timetable/page.tsx [Server Component] @ http://localhost:3000/_next/static/chunks/node_modules_next_dist_0u_w_5s._.js:1945
[   29997ms] [ERROR] ./app/(app)/timetable/page.tsx:245:21
Expected '</', got 'const'
  243 |                         ? cell.classes?.class_name || cell.class_name || cell.class_id
  244 |                         : cell.subjects?.subject_name || cell.subject_name || ''
> 245 |                     const sc = cell && subj ? subjectColor(subj as string) : null
      |                     ^^^^^
  246 |                     const isEmpty = !cell || !subj
  247 |
  248 |                     return (

Parsing ecmascript source code failed

Import traces:
  Client Component Browser:
    ./app/(app)/timetable/page.tsx [Client Component Browser]
    ./app/(app)/timetable/page.tsx [Server Component]

  Client Component SSR:
    ./app/(app)/timetable/page.tsx [Client Component SSR]
    ./app/(app)/timetable/page.tsx [Server Component] @ http://localhost:3000/_next/static/chunks/node_modules_next_dist_0u_w_5s._.js:1945
[   30053ms] [ERROR] ./app/(app)/timetable/page.tsx:245:21
Expected '</', got 'const'
  243 |                         ? cell.classes?.class_name || cell.class_name || cell.class_id
  244 |                         : cell.subjects?.subject_name || cell.subject_name || ''
> 245 |                     const sc = cell && subj ? subjectColor(subj as string) : null
      |                     ^^^^^
  246 |                     const isEmpty = !cell || !subj
  247 |
  248 |                     return (

Parsing ecmascript source code failed

Import traces:
  Client Component Browser:
    ./app/(app)/timetable/page.tsx [Client Component Browser]
    ./app/(app)/timetable/page.tsx [Server Component]

  Client Component SSR:
    ./app/(app)/timetable/page.tsx [Client Component SSR]
    ./app/(app)/timetable/page.tsx [Server Component] @ http://localhost:3000/_next/static/chunks/node_modules_next_dist_0u_w_5s._.js:1945
[   30116ms] [ERROR] ./app/(app)/timetable/page.tsx:245:21
Expected '</', got 'const'
  243 |                         ? cell.classes?.class_name || cell.class_name || cell.class_id
  244 |                         : cell.subjects?.subject_name || cell.subject_name || ''
> 245 |                     const sc = cell && subj ? subjectColor(subj as string) : null
      |                     ^^^^^
  246 |                     const isEmpty = !cell || !subj
  247 |
  248 |                     return (

Parsing ecmascript source code failed

Import traces:
  Client Component Browser:
    ./app/(app)/timetable/page.tsx [Client Component Browser]
    ./app/(app)/timetable/page.tsx [Server Component]

  Client Component SSR:
    ./app/(app)/timetable/page.tsx [Client Component SSR]
    ./app/(app)/timetable/page.tsx [Server Component] @ http://localhost:3000/_next/static/chunks/node_modules_next_dist_0u_w_5s._.js:1945
[   30181ms] [ERROR] ./app/(app)/timetable/page.tsx:245:21
Expected '</', got 'const'
  243 |                         ? cell.classes?.class_name || cell.class_name || cell.class_id
  244 |                         : cell.subjects?.subject_name || cell.subject_name || ''
> 245 |                     const sc = cell && subj ? subjectColor(subj as string) : null
      |                     ^^^^^
  246 |                     const isEmpty = !cell || !subj
  247 |
  248 |                     return (

Parsing ecmascript source code failed

Import traces:
  Client Component Browser:
    ./app/(app)/timetable/page.tsx [Client Component Browser]
    ./app/(app)/timetable/page.tsx [Server Component]

  Client Component SSR:
    ./app/(app)/timetable/page.tsx [Client Component SSR]
    ./app/(app)/timetable/page.tsx [Server Component] @ http://localhost:3000/_next/static/chunks/node_modules_next_dist_0u_w_5s._.js:1945
[   30232ms] [ERROR] ./app/(app)/timetable/page.tsx:245:21
Expected '</', got 'const'
  243 |                         ? cell.classes?.class_name || cell.class_name || cell.class_id
  244 |                         : cell.subjects?.subject_name || cell.subject_name || ''
> 245 |                     const sc = cell && subj ? subjectColor(subj as string) : null
      |                     ^^^^^
  246 |                     const isEmpty = !cell || !subj
  247 |
  248 |                     return (

Parsing ecmascript source code failed

Import traces:
  Client Component Browser:
    ./app/(app)/timetable/page.tsx [Client Component Browser]
    ./app/(app)/timetable/page.tsx [Server Component]

  Client Component SSR:
    ./app/(app)/timetable/page.tsx [Client Component SSR]
    ./app/(app)/timetable/page.tsx [Server Component] @ http://localhost:3000/_next/static/chunks/node_modules_next_dist_0u_w_5s._.js:1945
[   30282ms] [ERROR] ./app/(app)/timetable/page.tsx:245:21
Expected '</', got 'const'
  243 |                         ? cell.classes?.class_name || cell.class_name || cell.class_id
  244 |                         : cell.subjects?.subject_name || cell.subject_name || ''
> 245 |                     const sc = cell && subj ? subjectColor(subj as string) : null
      |                     ^^^^^
  246 |                     const isEmpty = !cell || !subj
  247 |
  248 |                     return (

Parsing ecmascript source code failed

Import traces:
  Client Component Browser:
    ./app/(app)/timetable/page.tsx [Client Component Browser]
    ./app/(app)/timetable/page.tsx [Server Component]

  Client Component SSR:
    ./app/(app)/timetable/page.tsx [Client Component SSR]
    ./app/(app)/timetable/page.tsx [Server Component] @ http://localhost:3000/_next/static/chunks/node_modules_next_dist_0u_w_5s._.js:1945
[   30339ms] [ERROR] ./app/(app)/timetable/page.tsx:245:21
Expected '</', got 'const'
  243 |                         ? cell.classes?.class_name || cell.class_name || cell.class_id
  244 |                         : cell.subjects?.subject_name || cell.subject_name || ''
> 245 |                     const sc = cell && subj ? subjectColor(subj as string) : null
      |                     ^^^^^
  246 |                     const isEmpty = !cell || !subj
  247 |
  248 |                     return (

Parsing ecmascript source code failed

Import traces:
  Client Component Browser:
    ./app/(app)/timetable/page.tsx [Client Component Browser]
    ./app/(app)/timetable/page.tsx [Server Component]

  Client Component SSR:
    ./app/(app)/timetable/page.tsx [Client Component SSR]
    ./app/(app)/timetable/page.tsx [Server Component] @ http://localhost:3000/_next/static/chunks/node_modules_next_dist_0u_w_5s._.js:1945
[   30382ms] [ERROR] ./app/(app)/timetable/page.tsx:245:21
Expected '</', got 'const'
  243 |                         ? cell.classes?.class_name || cell.class_name || cell.class_id
  244 |                         : cell.subjects?.subject_name || cell.subject_name || ''
> 245 |                     const sc = cell && subj ? subjectColor(subj as string) : null
      |                     ^^^^^
  246 |                     const isEmpty = !cell || !subj
  247 |
  248 |                     return (

Parsing ecmascript source code failed

Import traces:
  Client Component Browser:
    ./app/(app)/timetable/page.tsx [Client Component Browser]
    ./app/(app)/timetable/page.tsx [Server Component]

  Client Component SSR:
    ./app/(app)/timetable/page.tsx [Client Component SSR]
    ./app/(app)/timetable/page.tsx [Server Component] @ http://localhost:3000/_next/static/chunks/node_modules_next_dist_0u_w_5s._.js:1945
[   30431ms] [ERROR] ./app/(app)/timetable/page.tsx:245:21
Expected '</', got 'const'
  243 |                         ? cell.classes?.class_name || cell.class_name || cell.class_id
  244 |                         : cell.subjects?.subject_name || cell.subject_name || ''
> 245 |                     const sc = cell && subj ? subjectColor(subj as string) : null
      |                     ^^^^^
  246 |                     const isEmpty = !cell || !subj
  247 |
  248 |                     return (

Parsing ecmascript source code failed

Import traces:
  Client Component Browser:
    ./app/(app)/timetable/page.tsx [Client Component Browser]
    ./app/(app)/timetable/page.tsx [Server Component]

  Client Component SSR:
    ./app/(app)/timetable/page.tsx [Client Component SSR]
    ./app/(app)/timetable/page.tsx [Server Component] @ http://localhost:3000/_next/static/chunks/node_modules_next_dist_0u_w_5s._.js:1945
[   30481ms] [ERROR] ./app/(app)/timetable/page.tsx:245:21
Expected '</', got 'const'
  243 |                         ? cell.classes?.class_name || cell.class_name || cell.class_id
  244 |                         : cell.subjects?.subject_name || cell.subject_name || ''
> 245 |                     const sc = cell && subj ? subjectColor(subj as string) : null
      |                     ^^^^^
  246 |                     const isEmpty = !cell || !subj
  247 |
  248 |                     return (

Parsing ecmascript source code failed

Import traces:
  Client Component Browser:
    ./app/(app)/timetable/page.tsx [Client Component Browser]
    ./app/(app)/timetable/page.tsx [Server Component]

  Client Component SSR:
    ./app/(app)/timetable/page.tsx [Client Component SSR]
    ./app/(app)/timetable/page.tsx [Server Component] @ http://localhost:3000/_next/static/chunks/node_modules_next_dist_0u_w_5s._.js:1945
[   30543ms] [ERROR] ./app/(app)/timetable/page.tsx:245:21
Expected '</', got 'const'
  243 |                         ? cell.classes?.class_name || cell.class_name || cell.class_id
  244 |                         : cell.subjects?.subject_name || cell.subject_name || ''
> 245 |                     const sc = cell && subj ? subjectColor(subj as string) : null
      |                     ^^^^^
  246 |                     const isEmpty = !cell || !subj
  247 |
  248 |                     return (

Parsing ecmascript source code failed

Import traces:
  Client Component Browser:
    ./app/(app)/timetable/page.tsx [Client Component Browser]
    ./app/(app)/timetable/page.tsx [Server Component]

  Client Component SSR:
    ./app/(app)/timetable/page.tsx [Client Component SSR]
    ./app/(app)/timetable/page.tsx [Server Component] @ http://localhost:3000/_next/static/chunks/node_modules_next_dist_0u_w_5s._.js:1945
[   30593ms] [ERROR] ./app/(app)/timetable/page.tsx:245:21
Expected '</', got 'const'
  243 |                         ? cell.classes?.class_name || cell.class_name || cell.class_id
  244 |                         : cell.subjects?.subject_name || cell.subject_name || ''
> 245 |                     const sc = cell && subj ? subjectColor(subj as string) : null
      |                     ^^^^^
  246 |                     const isEmpty = !cell || !subj
  247 |
  248 |                     return (

Parsing ecmascript source code failed

Import traces:
  Client Component Browser:
    ./app/(app)/timetable/page.tsx [Client Component Browser]
    ./app/(app)/timetable/page.tsx [Server Component]

  Client Component SSR:
    ./app/(app)/timetable/page.tsx [Client Component SSR]
    ./app/(app)/timetable/page.tsx [Server Component] @ http://localhost:3000/_next/static/chunks/node_modules_next_dist_0u_w_5s._.js:1945
[   30646ms] [ERROR] ./app/(app)/timetable/page.tsx:245:21
Expected '</', got 'const'
  243 |                         ? cell.classes?.class_name || cell.class_name || cell.class_id
  244 |                         : cell.subjects?.subject_name || cell.subject_name || ''
> 245 |                     const sc = cell && subj ? subjectColor(subj as string) : null
      |                     ^^^^^
  246 |                     const isEmpty = !cell || !subj
  247 |
  248 |                     return (

Parsing ecmascript source code failed

Import traces:
  Client Component Browser:
    ./app/(app)/timetable/page.tsx [Client Component Browser]
    ./app/(app)/timetable/page.tsx [Server Component]

  Client Component SSR:
    ./app/(app)/timetable/page.tsx [Client Component SSR]
    ./app/(app)/timetable/page.tsx [Server Component] @ http://localhost:3000/_next/static/chunks/node_modules_next_dist_0u_w_5s._.js:1945
[   30696ms] [ERROR] ./app/(app)/timetable/page.tsx:245:21
Expected '</', got 'const'
  243 |                         ? cell.classes?.class_name || cell.class_name || cell.class_id
  244 |                         : cell.subjects?.subject_name || cell.subject_name || ''
> 245 |                     const sc = cell && subj ? subjectColor(subj as string) : null
      |                     ^^^^^
  246 |                     const isEmpty = !cell || !subj
  247 |
  248 |                     return (

Parsing ecmascript source code failed

Import traces:
  Client Component Browser:
    ./app/(app)/timetable/page.tsx [Client Component Browser]
    ./app/(app)/timetable/page.tsx [Server Component]

  Client Component SSR:
    ./app/(app)/timetable/page.tsx [Client Component SSR]
    ./app/(app)/timetable/page.tsx [Server Component] @ http://localhost:3000/_next/static/chunks/node_modules_next_dist_0u_w_5s._.js:1945
[   30757ms] [ERROR] ./app/(app)/timetable/page.tsx:245:21
Expected '</', got 'const'
  243 |                         ? cell.classes?.class_name || cell.class_name || cell.class_id
  244 |                         : cell.subjects?.subject_name || cell.subject_name || ''
> 245 |                     const sc = cell && subj ? subjectColor(subj as string) : null
      |                     ^^^^^
  246 |                     const isEmpty = !cell || !subj
  247 |
  248 |                     return (

Parsing ecmascript source code failed

Import traces:
  Client Component Browser:
    ./app/(app)/timetable/page.tsx [Client Component Browser]
    ./app/(app)/timetable/page.tsx [Server Component]

  Client Component SSR:
    ./app/(app)/timetable/page.tsx [Client Component SSR]
    ./app/(app)/timetable/page.tsx [Server Component] @ http://localhost:3000/_next/static/chunks/node_modules_next_dist_0u_w_5s._.js:1945
[   30811ms] [ERROR] ./app/(app)/timetable/page.tsx:245:21
Expected '</', got 'const'
  243 |                         ? cell.classes?.class_name || cell.class_name || cell.class_id
  244 |                         : cell.subjects?.subject_name || cell.subject_name || ''
> 245 |                     const sc = cell && subj ? subjectColor(subj as string) : null
      |                     ^^^^^
  246 |                     const isEmpty = !cell || !subj
  247 |
  248 |                     return (

Parsing ecmascript source code failed

Import traces:
  Client Component Browser:
    ./app/(app)/timetable/page.tsx [Client Component Browser]
    ./app/(app)/timetable/page.tsx [Server Component]

  Client Component SSR:
    ./app/(app)/timetable/page.tsx [Client Component SSR]
    ./app/(app)/timetable/page.tsx [Server Component] @ http://localhost:3000/_next/static/chunks/node_modules_next_dist_0u_w_5s._.js:1945
[   30867ms] [ERROR] ./app/(app)/timetable/page.tsx:245:21
Expected '</', got 'const'
  243 |                         ? cell.classes?.class_name || cell.class_name || cell.class_id
  244 |                         : cell.subjects?.subject_name || cell.subject_name || ''
> 245 |                     const sc = cell && subj ? subjectColor(subj as string) : null
      |                     ^^^^^
  246 |                     const isEmpty = !cell || !subj
  247 |
  248 |                     return (

Parsing ecmascript source code failed

Import traces:
  Client Component Browser:
    ./app/(app)/timetable/page.tsx [Client Component Browser]
    ./app/(app)/timetable/page.tsx [Server Component]

  Client Component SSR:
    ./app/(app)/timetable/page.tsx [Client Component SSR]
    ./app/(app)/timetable/page.tsx [Server Component] @ http://localhost:3000/_next/static/chunks/node_modules_next_dist_0u_w_5s._.js:1945
[   30909ms] [ERROR] ./app/(app)/timetable/page.tsx:245:21
Expected '</', got 'const'
  243 |                         ? cell.classes?.class_name || cell.class_name || cell.class_id
  244 |                         : cell.subjects?.subject_name || cell.subject_name || ''
> 245 |                     const sc = cell && subj ? subjectColor(subj as string) : null
      |                     ^^^^^
  246 |                     const isEmpty = !cell || !subj
  247 |
  248 |                     return (

Parsing ecmascript source code failed

Import traces:
  Client Component Browser:
    ./app/(app)/timetable/page.tsx [Client Component Browser]
    ./app/(app)/timetable/page.tsx [Server Component]

  Client Component SSR:
    ./app/(app)/timetable/page.tsx [Client Component SSR]
    ./app/(app)/timetable/page.tsx [Server Component] @ http://localhost:3000/_next/static/chunks/node_modules_next_dist_0u_w_5s._.js:1945
[   30960ms] [ERROR] ./app/(app)/timetable/page.tsx:245:21
Expected '</', got 'const'
  243 |                         ? cell.classes?.class_name || cell.class_name || cell.class_id
  244 |                         : cell.subjects?.subject_name || cell.subject_name || ''
> 245 |                     const sc = cell && subj ? subjectColor(subj as string) : null
      |                     ^^^^^
  246 |                     const isEmpty = !cell || !subj
  247 |
  248 |                     return (

Parsing ecmascript source code failed

Import traces:
  Client Component Browser:
    ./app/(app)/timetable/page.tsx [Client Component Browser]
    ./app/(app)/timetable/page.tsx [Server Component]

  Client Component SSR:
    ./app/(app)/timetable/page.tsx [Client Component SSR]
    ./app/(app)/timetable/page.tsx [Server Component] @ http://localhost:3000/_next/static/chunks/node_modules_next_dist_0u_w_5s._.js:1945
[   31018ms] [ERROR] ./app/(app)/timetable/page.tsx:245:21
Expected '</', got 'const'
  243 |                         ? cell.classes?.class_name || cell.class_name || cell.class_id
  244 |                         : cell.subjects?.subject_name || cell.subject_name || ''
> 245 |                     const sc = cell && subj ? subjectColor(subj as string) : null
      |                     ^^^^^
  246 |                     const isEmpty = !cell || !subj
  247 |
  248 |                     return (

Parsing ecmascript source code failed

Import traces:
  Client Component Browser:
    ./app/(app)/timetable/page.tsx [Client Component Browser]
    ./app/(app)/timetable/page.tsx [Server Component]

  Client Component SSR:
    ./app/(app)/timetable/page.tsx [Client Component SSR]
    ./app/(app)/timetable/page.tsx [Server Component] @ http://localhost:3000/_next/static/chunks/node_modules_next_dist_0u_w_5s._.js:1945
[   31067ms] [ERROR] ./app/(app)/timetable/page.tsx:245:21
Expected '</', got 'const'
  243 |                         ? cell.classes?.class_name || cell.class_name || cell.class_id
  244 |                         : cell.subjects?.subject_name || cell.subject_name || ''
> 245 |                     const sc = cell && subj ? subjectColor(subj as string) : null
      |                     ^^^^^
  246 |                     const isEmpty = !cell || !subj
  247 |
  248 |                     return (

Parsing ecmascript source code failed

Import traces:
  Client Component Browser:
    ./app/(app)/timetable/page.tsx [Client Component Browser]
    ./app/(app)/timetable/page.tsx [Server Component]

  Client Component SSR:
    ./app/(app)/timetable/page.tsx [Client Component SSR]
    ./app/(app)/timetable/page.tsx [Server Component] @ http://localhost:3000/_next/static/chunks/node_modules_next_dist_0u_w_5s._.js:1945
[   31117ms] [ERROR] ./app/(app)/timetable/page.tsx:245:21
Expected '</', got 'const'
  243 |                         ? cell.classes?.class_name || cell.class_name || cell.class_id
  244 |                         : cell.subjects?.subject_name || cell.subject_name || ''
> 245 |                     const sc = cell && subj ? subjectColor(subj as string) : null
      |                     ^^^^^
  246 |                     const isEmpty = !cell || !subj
  247 |
  248 |                     return (

Parsing ecmascript source code failed

Import traces:
  Client Component Browser:
    ./app/(app)/timetable/page.tsx [Client Component Browser]
    ./app/(app)/timetable/page.tsx [Server Component]

  Client Component SSR:
    ./app/(app)/timetable/page.tsx [Client Component SSR]
    ./app/(app)/timetable/page.tsx [Server Component] @ http://localhost:3000/_next/static/chunks/node_modules_next_dist_0u_w_5s._.js:1945
[   31184ms] [ERROR] ./app/(app)/timetable/page.tsx:245:21
Expected '</', got 'const'
  243 |                         ? cell.classes?.class_name || cell.class_name || cell.class_id
  244 |                         : cell.subjects?.subject_name || cell.subject_name || ''
> 245 |                     const sc = cell && subj ? subjectColor(subj as string) : null
      |                     ^^^^^
  246 |                     const isEmpty = !cell || !subj
  247 |
  248 |                     return (

Parsing ecmascript source code failed

Import traces:
  Client Component Browser:
    ./app/(app)/timetable/page.tsx [Client Component Browser]
    ./app/(app)/timetable/page.tsx [Server Component]

  Client Component SSR:
    ./app/(app)/timetable/page.tsx [Client Component SSR]
    ./app/(app)/timetable/page.tsx [Server Component] @ http://localhost:3000/_next/static/chunks/node_modules_next_dist_0u_w_5s._.js:1945
[   31240ms] [ERROR] ./app/(app)/timetable/page.tsx:245:21
Expected '</', got 'const'
  243 |                         ? cell.classes?.class_name || cell.class_name || cell.class_id
  244 |                         : cell.subjects?.subject_name || cell.subject_name || ''
> 245 |                     const sc = cell && subj ? subjectColor(subj as string) : null
      |                     ^^^^^
  246 |                     const isEmpty = !cell || !subj
  247 |
  248 |                     return (

Parsing ecmascript source code failed

Import traces:
  Client Component Browser:
    ./app/(app)/timetable/page.tsx [Client Component Browser]
    ./app/(app)/timetable/page.tsx [Server Component]

  Client Component SSR:
    ./app/(app)/timetable/page.tsx [Client Component SSR]
    ./app/(app)/timetable/page.tsx [Server Component] @ http://localhost:3000/_next/static/chunks/node_modules_next_dist_0u_w_5s._.js:1945
[   31296ms] [ERROR] ./app/(app)/timetable/page.tsx:245:21
Expected '</', got 'const'
  243 |                         ? cell.classes?.class_name || cell.class_name || cell.class_id
  244 |                         : cell.subjects?.subject_name || cell.subject_name || ''
> 245 |                     const sc = cell && subj ? subjectColor(subj as string) : null
      |                     ^^^^^
  246 |                     const isEmpty = !cell || !subj
  247 |
  248 |                     return (

Parsing ecmascript source code failed

Import traces:
  Client Component Browser:
    ./app/(app)/timetable/page.tsx [Client Component Browser]
    ./app/(app)/timetable/page.tsx [Server Component]

  Client Component SSR:
    ./app/(app)/timetable/page.tsx [Client Component SSR]
    ./app/(app)/timetable/page.tsx [Server Component] @ http://localhost:3000/_next/static/chunks/node_modules_next_dist_0u_w_5s._.js:1945
[   31345ms] [ERROR] ./app/(app)/timetable/page.tsx:245:21
Expected '</', got 'const'
  243 |                         ? cell.classes?.class_name || cell.class_name || cell.class_id
  244 |                         : cell.subjects?.subject_name || cell.subject_name || ''
> 245 |                     const sc = cell && subj ? subjectColor(subj as string) : null
      |                     ^^^^^
  246 |                     const isEmpty = !cell || !subj
  247 |
  248 |                     return (

Parsing ecmascript source code failed

Import traces:
  Client Component Browser:
    ./app/(app)/timetable/page.tsx [Client Component Browser]
    ./app/(app)/timetable/page.tsx [Server Component]

  Client Component SSR:
    ./app/(app)/timetable/page.tsx [Client Component SSR]
    ./app/(app)/timetable/page.tsx [Server Component] @ http://localhost:3000/_next/static/chunks/node_modules_next_dist_0u_w_5s._.js:1945
[   31394ms] [ERROR] ./app/(app)/timetable/page.tsx:245:21
Expected '</', got 'const'
  243 |                         ? cell.classes?.class_name || cell.class_name || cell.class_id
  244 |                         : cell.subjects?.subject_name || cell.subject_name || ''
> 245 |                     const sc = cell && subj ? subjectColor(subj as string) : null
      |                     ^^^^^
  246 |                     const isEmpty = !cell || !subj
  247 |
  248 |                     return (

Parsing ecmascript source code failed

Import traces:
  Client Component Browser:
    ./app/(app)/timetable/page.tsx [Client Component Browser]
    ./app/(app)/timetable/page.tsx [Server Component]

  Client Component SSR:
    ./app/(app)/timetable/page.tsx [Client Component SSR]
    ./app/(app)/timetable/page.tsx [Server Component] @ http://localhost:3000/_next/static/chunks/node_modules_next_dist_0u_w_5s._.js:1945
[   31438ms] [ERROR] ./app/(app)/timetable/page.tsx:245:21
Expected '</', got 'const'
  243 |                         ? cell.classes?.class_name || cell.class_name || cell.class_id
  244 |                         : cell.subjects?.subject_name || cell.subject_name || ''
> 245 |                     const sc = cell && subj ? subjectColor(subj as string) : null
      |                     ^^^^^
  246 |                     const isEmpty = !cell || !subj
  247 |
  248 |                     return (

Parsing ecmascript source code failed

Import traces:
  Client Component Browser:
    ./app/(app)/timetable/page.tsx [Client Component Browser]
    ./app/(app)/timetable/page.tsx [Server Component]

  Client Component SSR:
    ./app/(app)/timetable/page.tsx [Client Component SSR]
    ./app/(app)/timetable/page.tsx [Server Component] @ http://localhost:3000/_next/static/chunks/node_modules_next_dist_0u_w_5s._.js:1945
[   31500ms] [ERROR] ./app/(app)/timetable/page.tsx:245:21
Expected '</', got 'const'
  243 |                         ? cell.classes?.class_name || cell.class_name || cell.class_id
  244 |                         : cell.subjects?.subject_name || cell.subject_name || ''
> 245 |                     const sc = cell && subj ? subjectColor(subj as string) : null
      |                     ^^^^^
  246 |                     const isEmpty = !cell || !subj
  247 |
  248 |                     return (

Parsing ecmascript source code failed

Import traces:
  Client Component Browser:
    ./app/(app)/timetable/page.tsx [Client Component Browser]
    ./app/(app)/timetable/page.tsx [Server Component]

  Client Component SSR:
    ./app/(app)/timetable/page.tsx [Client Component SSR]
    ./app/(app)/timetable/page.tsx [Server Component] @ http://localhost:3000/_next/static/chunks/node_modules_next_dist_0u_w_5s._.js:1945
[   31551ms] [ERROR] ./app/(app)/timetable/page.tsx:245:21
Expected '</', got 'const'
  243 |                         ? cell.classes?.class_name || cell.class_name || cell.class_id
  244 |                         : cell.subjects?.subject_name || cell.subject_name || ''
> 245 |                     const sc = cell && subj ? subjectColor(subj as string) : null
      |                     ^^^^^
  246 |                     const isEmpty = !cell || !subj
  247 |
  248 |                     return (

Parsing ecmascript source code failed

Import traces:
  Client Component Browser:
    ./app/(app)/timetable/page.tsx [Client Component Browser]
    ./app/(app)/timetable/page.tsx [Server Component]

  Client Component SSR:
    ./app/(app)/timetable/page.tsx [Client Component SSR]
    ./app/(app)/timetable/page.tsx [Server Component] @ http://localhost:3000/_next/static/chunks/node_modules_next_dist_0u_w_5s._.js:1945
[   31613ms] [ERROR] ./app/(app)/timetable/page.tsx:245:21
Expected '</', got 'const'
  243 |                         ? cell.classes?.class_name || cell.class_name || cell.class_id
  244 |                         : cell.subjects?.subject_name || cell.subject_name || ''
> 245 |                     const sc = cell && subj ? subjectColor(subj as string) : null
      |                     ^^^^^
  246 |                     const isEmpty = !cell || !subj
  247 |
  248 |                     return (

Parsing ecmascript source code failed

Import traces:
  Client Component Browser:
    ./app/(app)/timetable/page.tsx [Client Component Browser]
    ./app/(app)/timetable/page.tsx [Server Component]

  Client Component SSR:
    ./app/(app)/timetable/page.tsx [Client Component SSR]
    ./app/(app)/timetable/page.tsx [Server Component] @ http://localhost:3000/_next/static/chunks/node_modules_next_dist_0u_w_5s._.js:1945
[   31665ms] [ERROR] ./app/(app)/timetable/page.tsx:245:21
Expected '</', got 'const'
  243 |                         ? cell.classes?.class_name || cell.class_name || cell.class_id
  244 |                         : cell.subjects?.subject_name || cell.subject_name || ''
> 245 |                     const sc = cell && subj ? subjectColor(subj as string) : null
      |                     ^^^^^
  246 |                     const isEmpty = !cell || !subj
  247 |
  248 |                     return (

Parsing ecmascript source code failed

Import traces:
  Client Component Browser:
    ./app/(app)/timetable/page.tsx [Client Component Browser]
    ./app/(app)/timetable/page.tsx [Server Component]

  Client Component SSR:
    ./app/(app)/timetable/page.tsx [Client Component SSR]
    ./app/(app)/timetable/page.tsx [Server Component] @ http://localhost:3000/_next/static/chunks/node_modules_next_dist_0u_w_5s._.js:1945
[   31726ms] [ERROR] ./app/(app)/timetable/page.tsx:245:21
Expected '</', got 'const'
  243 |                         ? cell.classes?.class_name || cell.class_name || cell.class_id
  244 |                         : cell.subjects?.subject_name || cell.subject_name || ''
> 245 |                     const sc = cell && subj ? subjectColor(subj as string) : null
      |                     ^^^^^
  246 |                     const isEmpty = !cell || !subj
  247 |
  248 |                     return (

Parsing ecmascript source code failed

Import traces:
  Client Component Browser:
    ./app/(app)/timetable/page.tsx [Client Component Browser]
    ./app/(app)/timetable/page.tsx [Server Component]

  Client Component SSR:
    ./app/(app)/timetable/page.tsx [Client Component SSR]
    ./app/(app)/timetable/page.tsx [Server Component] @ http://localhost:3000/_next/static/chunks/node_modules_next_dist_0u_w_5s._.js:1945
[   31785ms] [ERROR] ./app/(app)/timetable/page.tsx:245:21
Expected '</', got 'const'
  243 |                         ? cell.classes?.class_name || cell.class_name || cell.class_id
  244 |                         : cell.subjects?.subject_name || cell.subject_name || ''
> 245 |                     const sc = cell && subj ? subjectColor(subj as string) : null
      |                     ^^^^^
  246 |                     const isEmpty = !cell || !subj
  247 |
  248 |                     return (

Parsing ecmascript source code failed

Import traces:
  Client Component Browser:
    ./app/(app)/timetable/page.tsx [Client Component Browser]
    ./app/(app)/timetable/page.tsx [Server Component]

  Client Component SSR:
    ./app/(app)/timetable/page.tsx [Client Component SSR]
    ./app/(app)/timetable/page.tsx [Server Component] @ http://localhost:3000/_next/static/chunks/node_modules_next_dist_0u_w_5s._.js:1945
[   31847ms] [ERROR] ./app/(app)/timetable/page.tsx:245:21
Expected '</', got 'const'
  243 |                         ? cell.classes?.class_name || cell.class_name || cell.class_id
  244 |                         : cell.subjects?.subject_name || cell.subject_name || ''
> 245 |                     const sc = cell && subj ? subjectColor(subj as string) : null
      |                     ^^^^^
  246 |                     const isEmpty = !cell || !subj
  247 |
  248 |                     return (

Parsing ecmascript source code failed

Import traces:
  Client Component Browser:
    ./app/(app)/timetable/page.tsx [Client Component Browser]
    ./app/(app)/timetable/page.tsx [Server Component]

  Client Component SSR:
    ./app/(app)/timetable/page.tsx [Client Component SSR]
    ./app/(app)/timetable/page.tsx [Server Component] @ http://localhost:3000/_next/static/chunks/node_modules_next_dist_0u_w_5s._.js:1945
[   31911ms] [ERROR] ./app/(app)/timetable/page.tsx:245:21
Expected '</', got 'const'
  243 |                         ? cell.classes?.class_name || cell.class_name || cell.class_id
  244 |                         : cell.subjects?.subject_name || cell.subject_name || ''
> 245 |                     const sc = cell && subj ? subjectColor(subj as string) : null
      |                     ^^^^^
  246 |                     const isEmpty = !cell || !subj
  247 |
  248 |                     return (

Parsing ecmascript source code failed

Import traces:
  Client Component Browser:
    ./app/(app)/timetable/page.tsx [Client Component Browser]
    ./app/(app)/timetable/page.tsx [Server Component]

  Client Component SSR:
    ./app/(app)/timetable/page.tsx [Client Component SSR]
    ./app/(app)/timetable/page.tsx [Server Component] @ http://localhost:3000/_next/static/chunks/node_modules_next_dist_0u_w_5s._.js:1945
[   31967ms] [ERROR] ./app/(app)/timetable/page.tsx:245:21
Expected '</', got 'const'
  243 |                         ? cell.classes?.class_name || cell.class_name || cell.class_id
  244 |                         : cell.subjects?.subject_name || cell.subject_name || ''
> 245 |                     const sc = cell && subj ? subjectColor(subj as string) : null
      |                     ^^^^^
  246 |                     const isEmpty = !cell || !subj
  247 |
  248 |                     return (

Parsing ecmascript source code failed

Import traces:
  Client Component Browser:
    ./app/(app)/timetable/page.tsx [Client Component Browser]
    ./app/(app)/timetable/page.tsx [Server Component]

  Client Component SSR:
    ./app/(app)/timetable/page.tsx [Client Component SSR]
    ./app/(app)/timetable/page.tsx [Server Component] @ http://localhost:3000/_next/static/chunks/node_modules_next_dist_0u_w_5s._.js:1945
[   32019ms] [ERROR] ./app/(app)/timetable/page.tsx:245:21
Expected '</', got 'const'
  243 |                         ? cell.classes?.class_name || cell.class_name || cell.class_id
  244 |                         : cell.subjects?.subject_name || cell.subject_name || ''
> 245 |                     const sc = cell && subj ? subjectColor(subj as string) : null
      |                     ^^^^^
  246 |                     const isEmpty = !cell || !subj
  247 |
  248 |                     return (

Parsing ecmascript source code failed

Import traces:
  Client Component Browser:
    ./app/(app)/timetable/page.tsx [Client Component Browser]
    ./app/(app)/timetable/page.tsx [Server Component]

  Client Component SSR:
    ./app/(app)/timetable/page.tsx [Client Component SSR]
    ./app/(app)/timetable/page.tsx [Server Component] @ http://localhost:3000/_next/static/chunks/node_modules_next_dist_0u_w_5s._.js:1945
[   32082ms] [ERROR] ./app/(app)/timetable/page.tsx:245:21
Expected '</', got 'const'
  243 |                         ? cell.classes?.class_name || cell.class_name || cell.class_id
  244 |                         : cell.subjects?.subject_name || cell.subject_name || ''
> 245 |                     const sc = cell && subj ? subjectColor(subj as string) : null
      |                     ^^^^^
  246 |                     const isEmpty = !cell || !subj
  247 |
  248 |                     return (

Parsing ecmascript source code failed

Import traces:
  Client Component Browser:
    ./app/(app)/timetable/page.tsx [Client Component Browser]
    ./app/(app)/timetable/page.tsx [Server Component]

  Client Component SSR:
    ./app/(app)/timetable/page.tsx [Client Component SSR]
    ./app/(app)/timetable/page.tsx [Server Component] @ http://localhost:3000/_next/static/chunks/node_modules_next_dist_0u_w_5s._.js:1945
[   32144ms] [ERROR] ./app/(app)/timetable/page.tsx:245:21
Expected '</', got 'const'
  243 |                         ? cell.classes?.class_name || cell.class_name || cell.class_id
  244 |                         : cell.subjects?.subject_name || cell.subject_name || ''
> 245 |                     const sc = cell && subj ? subjectColor(subj as string) : null
      |                     ^^^^^
  246 |                     const isEmpty = !cell || !subj
  247 |
  248 |                     return (

Parsing ecmascript source code failed

Import traces:
  Client Component Browser:
    ./app/(app)/timetable/page.tsx [Client Component Browser]
    ./app/(app)/timetable/page.tsx [Server Component]

  Client Component SSR:
    ./app/(app)/timetable/page.tsx [Client Component SSR]
    ./app/(app)/timetable/page.tsx [Server Component] @ http://localhost:3000/_next/static/chunks/node_modules_next_dist_0u_w_5s._.js:1945
[   32194ms] [ERROR] ./app/(app)/timetable/page.tsx:245:21
Expected '</', got 'const'
  243 |                         ? cell.classes?.class_name || cell.class_name || cell.class_id
  244 |                         : cell.subjects?.subject_name || cell.subject_name || ''
> 245 |                     const sc = cell && subj ? subjectColor(subj as string) : null
      |                     ^^^^^
  246 |                     const isEmpty = !cell || !subj
  247 |
  248 |                     return (

Parsing ecmascript source code failed

Import traces:
  Client Component Browser:
    ./app/(app)/timetable/page.tsx [Client Component Browser]
    ./app/(app)/timetable/page.tsx [Server Component]

  Client Component SSR:
    ./app/(app)/timetable/page.tsx [Client Component SSR]
    ./app/(app)/timetable/page.tsx [Server Component] @ http://localhost:3000/_next/static/chunks/node_modules_next_dist_0u_w_5s._.js:1945
[   32256ms] [ERROR] ./app/(app)/timetable/page.tsx:245:21
Expected '</', got 'const'
  243 |                         ? cell.classes?.class_name || cell.class_name || cell.class_id
  244 |                         : cell.subjects?.subject_name || cell.subject_name || ''
> 245 |                     const sc = cell && subj ? subjectColor(subj as string) : null
      |                     ^^^^^
  246 |                     const isEmpty = !cell || !subj
  247 |
  248 |                     return (

Parsing ecmascript source code failed

Import traces:
  Client Component Browser:
    ./app/(app)/timetable/page.tsx [Client Component Browser]
    ./app/(app)/timetable/page.tsx [Server Component]

  Client Component SSR:
    ./app/(app)/timetable/page.tsx [Client Component SSR]
    ./app/(app)/timetable/page.tsx [Server Component] @ http://localhost:3000/_next/static/chunks/node_modules_next_dist_0u_w_5s._.js:1945
[   32317ms] [ERROR] ./app/(app)/timetable/page.tsx:245:21
Expected '</', got 'const'
  243 |                         ? cell.classes?.class_name || cell.class_name || cell.class_id
  244 |                         : cell.subjects?.subject_name || cell.subject_name || ''
> 245 |                     const sc = cell && subj ? subjectColor(subj as string) : null
      |                     ^^^^^
  246 |                     const isEmpty = !cell || !subj
  247 |
  248 |                     return (

Parsing ecmascript source code failed

Import traces:
  Client Component Browser:
    ./app/(app)/timetable/page.tsx [Client Component Browser]
    ./app/(app)/timetable/page.tsx [Server Component]

  Client Component SSR:
    ./app/(app)/timetable/page.tsx [Client Component SSR]
    ./app/(app)/timetable/page.tsx [Server Component] @ http://localhost:3000/_next/static/chunks/node_modules_next_dist_0u_w_5s._.js:1945
[   32379ms] [ERROR] ./app/(app)/timetable/page.tsx:245:21
Expected '</', got 'const'
  243 |                         ? cell.classes?.class_name || cell.class_name || cell.class_id
  244 |                         : cell.subjects?.subject_name || cell.subject_name || ''
> 245 |                     const sc = cell && subj ? subjectColor(subj as string) : null
      |                     ^^^^^
  246 |                     const isEmpty = !cell || !subj
  247 |
  248 |                     return (

Parsing ecmascript source code failed

Import traces:
  Client Component Browser:
    ./app/(app)/timetable/page.tsx [Client Component Browser]
    ./app/(app)/timetable/page.tsx [Server Component]

  Client Component SSR:
    ./app/(app)/timetable/page.tsx [Client Component SSR]
    ./app/(app)/timetable/page.tsx [Server Component] @ http://localhost:3000/_next/static/chunks/node_modules_next_dist_0u_w_5s._.js:1945
[   32431ms] [ERROR] ./app/(app)/timetable/page.tsx:245:21
Expected '</', got 'const'
  243 |                         ? cell.classes?.class_name || cell.class_name || cell.class_id
  244 |                         : cell.subjects?.subject_name || cell.subject_name || ''
> 245 |                     const sc = cell && subj ? subjectColor(subj as string) : null
      |                     ^^^^^
  246 |                     const isEmpty = !cell || !subj
  247 |
  248 |                     return (

Parsing ecmascript source code failed

Import traces:
  Client Component Browser:
    ./app/(app)/timetable/page.tsx [Client Component Browser]
    ./app/(app)/timetable/page.tsx [Server Component]

  Client Component SSR:
    ./app/(app)/timetable/page.tsx [Client Component SSR]
    ./app/(app)/timetable/page.tsx [Server Component] @ http://localhost:3000/_next/static/chunks/node_modules_next_dist_0u_w_5s._.js:1945
[   32487ms] [ERROR] ./app/(app)/timetable/page.tsx:245:21
Expected '</', got 'const'
  243 |                         ? cell.classes?.class_name || cell.class_name || cell.class_id
  244 |                         : cell.subjects?.subject_name || cell.subject_name || ''
> 245 |                     const sc = cell && subj ? subjectColor(subj as string) : null
      |                     ^^^^^
  246 |                     const isEmpty = !cell || !subj
  247 |
  248 |                     return (

Parsing ecmascript source code failed

Import traces:
  Client Component Browser:
    ./app/(app)/timetable/page.tsx [Client Component Browser]
    ./app/(app)/timetable/page.tsx [Server Component]

  Client Component SSR:
    ./app/(app)/timetable/page.tsx [Client Component SSR]
    ./app/(app)/timetable/page.tsx [Server Component] @ http://localhost:3000/_next/static/chunks/node_modules_next_dist_0u_w_5s._.js:1945
[   32538ms] [ERROR] ./app/(app)/timetable/page.tsx:245:21
Expected '</', got 'const'
  243 |                         ? cell.classes?.class_name || cell.class_name || cell.class_id
  244 |                         : cell.subjects?.subject_name || cell.subject_name || ''
> 245 |                     const sc = cell && subj ? subjectColor(subj as string) : null
      |                     ^^^^^
  246 |                     const isEmpty = !cell || !subj
  247 |
  248 |                     return (

Parsing ecmascript source code failed

Import traces:
  Client Component Browser:
    ./app/(app)/timetable/page.tsx [Client Component Browser]
    ./app/(app)/timetable/page.tsx [Server Component]

  Client Component SSR:
    ./app/(app)/timetable/page.tsx [Client Component SSR]
    ./app/(app)/timetable/page.tsx [Server Component] @ http://localhost:3000/_next/static/chunks/node_modules_next_dist_0u_w_5s._.js:1945
[   32597ms] [ERROR] ./app/(app)/timetable/page.tsx:245:21
Expected '</', got 'const'
  243 |                         ? cell.classes?.class_name || cell.class_name || cell.class_id
  244 |                         : cell.subjects?.subject_name || cell.subject_name || ''
> 245 |                     const sc = cell && subj ? subjectColor(subj as string) : null
      |                     ^^^^^
  246 |                     const isEmpty = !cell || !subj
  247 |
  248 |                     return (

Parsing ecmascript source code failed

Import traces:
  Client Component Browser:
    ./app/(app)/timetable/page.tsx [Client Component Browser]
    ./app/(app)/timetable/page.tsx [Server Component]

  Client Component SSR:
    ./app/(app)/timetable/page.tsx [Client Component SSR]
    ./app/(app)/timetable/page.tsx [Server Component] @ http://localhost:3000/_next/static/chunks/node_modules_next_dist_0u_w_5s._.js:1945
[   32651ms] [ERROR] ./app/(app)/timetable/page.tsx:245:21
Expected '</', got 'const'
  243 |                         ? cell.classes?.class_name || cell.class_name || cell.class_id
  244 |                         : cell.subjects?.subject_name || cell.subject_name || ''
> 245 |                     const sc = cell && subj ? subjectColor(subj as string) : null
      |                     ^^^^^
  246 |                     const isEmpty = !cell || !subj
  247 |
  248 |                     return (

Parsing ecmascript source code failed

Import traces:
  Client Component Browser:
    ./app/(app)/timetable/page.tsx [Client Component Browser]
    ./app/(app)/timetable/page.tsx [Server Component]

  Client Component SSR:
    ./app/(app)/timetable/page.tsx [Client Component SSR]
    ./app/(app)/timetable/page.tsx [Server Component] @ http://localhost:3000/_next/static/chunks/node_modules_next_dist_0u_w_5s._.js:1945
[   32701ms] [ERROR] ./app/(app)/timetable/page.tsx:245:21
Expected '</', got 'const'
  243 |                         ? cell.classes?.class_name || cell.class_name || cell.class_id
  244 |                         : cell.subjects?.subject_name || cell.subject_name || ''
> 245 |                     const sc = cell && subj ? subjectColor(subj as string) : null
      |                     ^^^^^
  246 |                     const isEmpty = !cell || !subj
  247 |
  248 |                     return (

Parsing ecmascript source code failed

Import traces:
  Client Component Browser:
    ./app/(app)/timetable/page.tsx [Client Component Browser]
    ./app/(app)/timetable/page.tsx [Server Component]

  Client Component SSR:
    ./app/(app)/timetable/page.tsx [Client Component SSR]
    ./app/(app)/timetable/page.tsx [Server Component] @ http://localhost:3000/_next/static/chunks/node_modules_next_dist_0u_w_5s._.js:1945
[   32752ms] [ERROR] ./app/(app)/timetable/page.tsx:245:21
Expected '</', got 'const'
  243 |                         ? cell.classes?.class_name || cell.class_name || cell.class_id
  244 |                         : cell.subjects?.subject_name || cell.subject_name || ''
> 245 |                     const sc = cell && subj ? subjectColor(subj as string) : null
      |                     ^^^^^
  246 |                     const isEmpty = !cell || !subj
  247 |
  248 |                     return (

Parsing ecmascript source code failed

Import traces:
  Client Component Browser:
    ./app/(app)/timetable/page.tsx [Client Component Browser]
    ./app/(app)/timetable/page.tsx [Server Component]

  Client Component SSR:
    ./app/(app)/timetable/page.tsx [Client Component SSR]
    ./app/(app)/timetable/page.tsx [Server Component] @ http://localhost:3000/_next/static/chunks/node_modules_next_dist_0u_w_5s._.js:1945
[   32815ms] [ERROR] ./app/(app)/timetable/page.tsx:245:21
Expected '</', got 'const'
  243 |                         ? cell.classes?.class_name || cell.class_name || cell.class_id
  244 |                         : cell.subjects?.subject_name || cell.subject_name || ''
> 245 |                     const sc = cell && subj ? subjectColor(subj as string) : null
      |                     ^^^^^
  246 |                     const isEmpty = !cell || !subj
  247 |
  248 |                     return (

Parsing ecmascript source code failed

Import traces:
  Client Component Browser:
    ./app/(app)/timetable/page.tsx [Client Component Browser]
    ./app/(app)/timetable/page.tsx [Server Component]

  Client Component SSR:
    ./app/(app)/timetable/page.tsx [Client Component SSR]
    ./app/(app)/timetable/page.tsx [Server Component] @ http://localhost:3000/_next/static/chunks/node_modules_next_dist_0u_w_5s._.js:1945
[   32868ms] [ERROR] ./app/(app)/timetable/page.tsx:245:21
Expected '</', got 'const'
  243 |                         ? cell.classes?.class_name || cell.class_name || cell.class_id
  244 |                         : cell.subjects?.subject_name || cell.subject_name || ''
> 245 |                     const sc = cell && subj ? subjectColor(subj as string) : null
      |                     ^^^^^
  246 |                     const isEmpty = !cell || !subj
  247 |
  248 |                     return (

Parsing ecmascript source code failed

Import traces:
  Client Component Browser:
    ./app/(app)/timetable/page.tsx [Client Component Browser]
    ./app/(app)/timetable/page.tsx [Server Component]

  Client Component SSR:
    ./app/(app)/timetable/page.tsx [Client Component SSR]
    ./app/(app)/timetable/page.tsx [Server Component] @ http://localhost:3000/_next/static/chunks/node_modules_next_dist_0u_w_5s._.js:1945
[   32930ms] [ERROR] ./app/(app)/timetable/page.tsx:245:21
Expected '</', got 'const'
  243 |                         ? cell.classes?.class_name || cell.class_name || cell.class_id
  244 |                         : cell.subjects?.subject_name || cell.subject_name || ''
> 245 |                     const sc = cell && subj ? subjectColor(subj as string) : null
      |                     ^^^^^
  246 |                     const isEmpty = !cell || !subj
  247 |
  248 |                     return (

Parsing ecmascript source code failed

Import traces:
  Client Component Browser:
    ./app/(app)/timetable/page.tsx [Client Component Browser]
    ./app/(app)/timetable/page.tsx [Server Component]

  Client Component SSR:
    ./app/(app)/timetable/page.tsx [Client Component SSR]
    ./app/(app)/timetable/page.tsx [Server Component] @ http://localhost:3000/_next/static/chunks/node_modules_next_dist_0u_w_5s._.js:1945
[   32982ms] [ERROR] ./app/(app)/timetable/page.tsx:245:21
Expected '</', got 'const'
  243 |                         ? cell.classes?.class_name || cell.class_name || cell.class_id
  244 |                         : cell.subjects?.subject_name || cell.subject_name || ''
> 245 |                     const sc = cell && subj ? subjectColor(subj as string) : null
      |                     ^^^^^
  246 |                     const isEmpty = !cell || !subj
  247 |
  248 |                     return (

Parsing ecmascript source code failed

Import traces:
  Client Component Browser:
    ./app/(app)/timetable/page.tsx [Client Component Browser]
    ./app/(app)/timetable/page.tsx [Server Component]

  Client Component SSR:
    ./app/(app)/timetable/page.tsx [Client Component SSR]
    ./app/(app)/timetable/page.tsx [Server Component] @ http://localhost:3000/_next/static/chunks/node_modules_next_dist_0u_w_5s._.js:1945
[   33036ms] [ERROR] ./app/(app)/timetable/page.tsx:245:21
Expected '</', got 'const'
  243 |                         ? cell.classes?.class_name || cell.class_name || cell.class_id
  244 |                         : cell.subjects?.subject_name || cell.subject_name || ''
> 245 |                     const sc = cell && subj ? subjectColor(subj as string) : null
      |                     ^^^^^
  246 |                     const isEmpty = !cell || !subj
  247 |
  248 |                     return (

Parsing ecmascript source code failed

Import traces:
  Client Component Browser:
    ./app/(app)/timetable/page.tsx [Client Component Browser]
    ./app/(app)/timetable/page.tsx [Server Component]

  Client Component SSR:
    ./app/(app)/timetable/page.tsx [Client Component SSR]
    ./app/(app)/timetable/page.tsx [Server Component] @ http://localhost:3000/_next/static/chunks/node_modules_next_dist_0u_w_5s._.js:1945
[   33092ms] [ERROR] ./app/(app)/timetable/page.tsx:245:21
Expected '</', got 'const'
  243 |                         ? cell.classes?.class_name || cell.class_name || cell.class_id
  244 |                         : cell.subjects?.subject_name || cell.subject_name || ''
> 245 |                     const sc = cell && subj ? subjectColor(subj as string) : null
      |                     ^^^^^
  246 |                     const isEmpty = !cell || !subj
  247 |
  248 |                     return (

Parsing ecmascript source code failed

Import traces:
  Client Component Browser:
    ./app/(app)/timetable/page.tsx [Client Component Browser]
    ./app/(app)/timetable/page.tsx [Server Component]

  Client Component SSR:
    ./app/(app)/timetable/page.tsx [Client Component SSR]
    ./app/(app)/timetable/page.tsx [Server Component] @ http://localhost:3000/_next/static/chunks/node_modules_next_dist_0u_w_5s._.js:1945
[   33157ms] [ERROR] ./app/(app)/timetable/page.tsx:245:21
Expected '</', got 'const'
  243 |                         ? cell.classes?.class_name || cell.class_name || cell.class_id
  244 |                         : cell.subjects?.subject_name || cell.subject_name || ''
> 245 |                     const sc = cell && subj ? subjectColor(subj as string) : null
      |                     ^^^^^
  246 |                     const isEmpty = !cell || !subj
  247 |
  248 |                     return (

Parsing ecmascript source code failed

Import traces:
  Client Component Browser:
    ./app/(app)/timetable/page.tsx [Client Component Browser]
    ./app/(app)/timetable/page.tsx [Server Component]

  Client Component SSR:
    ./app/(app)/timetable/page.tsx [Client Component SSR]
    ./app/(app)/timetable/page.tsx [Server Component] @ http://localhost:3000/_next/static/chunks/node_modules_next_dist_0u_w_5s._.js:1945
[   33216ms] [ERROR] ./app/(app)/timetable/page.tsx:245:21
Expected '</', got 'const'
  243 |                         ? cell.classes?.class_name || cell.class_name || cell.class_id
  244 |                         : cell.subjects?.subject_name || cell.subject_name || ''
> 245 |                     const sc = cell && subj ? subjectColor(subj as string) : null
      |                     ^^^^^
  246 |                     const isEmpty = !cell || !subj
  247 |
  248 |                     return (

Parsing ecmascript source code failed

Import traces:
  Client Component Browser:
    ./app/(app)/timetable/page.tsx [Client Component Browser]
    ./app/(app)/timetable/page.tsx [Server Component]

  Client Component SSR:
    ./app/(app)/timetable/page.tsx [Client Component SSR]
    ./app/(app)/timetable/page.tsx [Server Component] @ http://localhost:3000/_next/static/chunks/node_modules_next_dist_0u_w_5s._.js:1945
[   33271ms] [ERROR] ./app/(app)/timetable/page.tsx:245:21
Expected '</', got 'const'
  243 |                         ? cell.classes?.class_name || cell.class_name || cell.class_id
  244 |                         : cell.subjects?.subject_name || cell.subject_name || ''
> 245 |                     const sc = cell && subj ? subjectColor(subj as string) : null
      |                     ^^^^^
  246 |                     const isEmpty = !cell || !subj
  247 |
  248 |                     return (

Parsing ecmascript source code failed

Import traces:
  Client Component Browser:
    ./app/(app)/timetable/page.tsx [Client Component Browser]
    ./app/(app)/timetable/page.tsx [Server Component]

  Client Component SSR:
    ./app/(app)/timetable/page.tsx [Client Component SSR]
    ./app/(app)/timetable/page.tsx [Server Component] @ http://localhost:3000/_next/static/chunks/node_modules_next_dist_0u_w_5s._.js:1945
[   33321ms] [ERROR] ./app/(app)/timetable/page.tsx:245:21
Expected '</', got 'const'
  243 |                         ? cell.classes?.class_name || cell.class_name || cell.class_id
  244 |                         : cell.subjects?.subject_name || cell.subject_name || ''
> 245 |                     const sc = cell && subj ? subjectColor(subj as string) : null
      |                     ^^^^^
  246 |                     const isEmpty = !cell || !subj
  247 |
  248 |                     return (

Parsing ecmascript source code failed

Import traces:
  Client Component Browser:
    ./app/(app)/timetable/page.tsx [Client Component Browser]
    ./app/(app)/timetable/page.tsx [Server Component]

  Client Component SSR:
    ./app/(app)/timetable/page.tsx [Client Component SSR]
    ./app/(app)/timetable/page.tsx [Server Component] @ http://localhost:3000/_next/static/chunks/node_modules_next_dist_0u_w_5s._.js:1945
[   33385ms] [ERROR] ./app/(app)/timetable/page.tsx:245:21
Expected '</', got 'const'
  243 |                         ? cell.classes?.class_name || cell.class_name || cell.class_id
  244 |                         : cell.subjects?.subject_name || cell.subject_name || ''
> 245 |                     const sc = cell && subj ? subjectColor(subj as string) : null
      |                     ^^^^^
  246 |                     const isEmpty = !cell || !subj
  247 |
  248 |                     return (

Parsing ecmascript source code failed

Import traces:
  Client Component Browser:
    ./app/(app)/timetable/page.tsx [Client Component Browser]
    ./app/(app)/timetable/page.tsx [Server Component]

  Client Component SSR:
    ./app/(app)/timetable/page.tsx [Client Component SSR]
    ./app/(app)/timetable/page.tsx [Server Component] @ http://localhost:3000/_next/static/chunks/node_modules_next_dist_0u_w_5s._.js:1945
[   33447ms] [ERROR] ./app/(app)/timetable/page.tsx:245:21
Expected '</', got 'const'
  243 |                         ? cell.classes?.class_name || cell.class_name || cell.class_id
  244 |                         : cell.subjects?.subject_name || cell.subject_name || ''
> 245 |                     const sc = cell && subj ? subjectColor(subj as string) : null
      |                     ^^^^^
  246 |                     const isEmpty = !cell || !subj
  247 |
  248 |                     return (

Parsing ecmascript source code failed

Import traces:
  Client Component Browser:
    ./app/(app)/timetable/page.tsx [Client Component Browser]
    ./app/(app)/timetable/page.tsx [Server Component]

  Client Component SSR:
    ./app/(app)/timetable/page.tsx [Client Component SSR]
    ./app/(app)/timetable/page.tsx [Server Component] @ http://localhost:3000/_next/static/chunks/node_modules_next_dist_0u_w_5s._.js:1945
[   33487ms] [ERROR] ./app/(app)/timetable/page.tsx:245:21
Expected '</', got 'const'
  243 |                         ? cell.classes?.class_name || cell.class_name || cell.class_id
  244 |                         : cell.subjects?.subject_name || cell.subject_name || ''
> 245 |                     const sc = cell && subj ? subjectColor(subj as string) : null
      |                     ^^^^^
  246 |                     const isEmpty = !cell || !subj
  247 |
  248 |                     return (

Parsing ecmascript source code failed

Import traces:
  Client Component Browser:
    ./app/(app)/timetable/page.tsx [Client Component Browser]
    ./app/(app)/timetable/page.tsx [Server Component]

  Client Component SSR:
    ./app/(app)/timetable/page.tsx [Client Component SSR]
    ./app/(app)/timetable/page.tsx [Server Component] @ http://localhost:3000/_next/static/chunks/node_modules_next_dist_0u_w_5s._.js:1945
[   33536ms] [ERROR] ./app/(app)/timetable/page.tsx:245:21
Expected '</', got 'const'
  243 |                         ? cell.classes?.class_name || cell.class_name || cell.class_id
  244 |                         : cell.subjects?.subject_name || cell.subject_name || ''
> 245 |                     const sc = cell && subj ? subjectColor(subj as string) : null
      |                     ^^^^^
  246 |                     const isEmpty = !cell || !subj
  247 |
  248 |                     return (

Parsing ecmascript source code failed

Import traces:
  Client Component Browser:
    ./app/(app)/timetable/page.tsx [Client Component Browser]
    ./app/(app)/timetable/page.tsx [Server Component]

  Client Component SSR:
    ./app/(app)/timetable/page.tsx [Client Component SSR]
    ./app/(app)/timetable/page.tsx [Server Component] @ http://localhost:3000/_next/static/chunks/node_modules_next_dist_0u_w_5s._.js:1945
[   33586ms] [ERROR] ./app/(app)/timetable/page.tsx:245:21
Expected '</', got 'const'
  243 |                         ? cell.classes?.class_name || cell.class_name || cell.class_id
  244 |                         : cell.subjects?.subject_name || cell.subject_name || ''
> 245 |                     const sc = cell && subj ? subjectColor(subj as string) : null
      |                     ^^^^^
  246 |                     const isEmpty = !cell || !subj
  247 |
  248 |                     return (

Parsing ecmascript source code failed

Import traces:
  Client Component Browser:
    ./app/(app)/timetable/page.tsx [Client Component Browser]
    ./app/(app)/timetable/page.tsx [Server Component]

  Client Component SSR:
    ./app/(app)/timetable/page.tsx [Client Component SSR]
    ./app/(app)/timetable/page.tsx [Server Component] @ http://localhost:3000/_next/static/chunks/node_modules_next_dist_0u_w_5s._.js:1945
[   33648ms] [ERROR] ./app/(app)/timetable/page.tsx:245:21
Expected '</', got 'const'
  243 |                         ? cell.classes?.class_name || cell.class_name || cell.class_id
  244 |                         : cell.subjects?.subject_name || cell.subject_name || ''
> 245 |                     const sc = cell && subj ? subjectColor(subj as string) : null
      |                     ^^^^^
  246 |                     const isEmpty = !cell || !subj
  247 |
  248 |                     return (

Parsing ecmascript source code failed

Import traces:
  Client Component Browser:
    ./app/(app)/timetable/page.tsx [Client Component Browser]
    ./app/(app)/timetable/page.tsx [Server Component]

  Client Component SSR:
    ./app/(app)/timetable/page.tsx [Client Component SSR]
    ./app/(app)/timetable/page.tsx [Server Component] @ http://localhost:3000/_next/static/chunks/node_modules_next_dist_0u_w_5s._.js:1945
[   33696ms] [ERROR] ./app/(app)/timetable/page.tsx:245:21
Expected '</', got 'const'
  243 |                         ? cell.classes?.class_name || cell.class_name || cell.class_id
  244 |                         : cell.subjects?.subject_name || cell.subject_name || ''
> 245 |                     const sc = cell && subj ? subjectColor(subj as string) : null
      |                     ^^^^^
  246 |                     const isEmpty = !cell || !subj
  247 |
  248 |                     return (

Parsing ecmascript source code failed

Import traces:
  Client Component Browser:
    ./app/(app)/timetable/page.tsx [Client Component Browser]
    ./app/(app)/timetable/page.tsx [Server Component]

  Client Component SSR:
    ./app/(app)/timetable/page.tsx [Client Component SSR]
    ./app/(app)/timetable/page.tsx [Server Component] @ http://localhost:3000/_next/static/chunks/node_modules_next_dist_0u_w_5s._.js:1945
[   33738ms] [ERROR] ./app/(app)/timetable/page.tsx:245:21
Expected '</', got 'const'
  243 |                         ? cell.classes?.class_name || cell.class_name || cell.class_id
  244 |                         : cell.subjects?.subject_name || cell.subject_name || ''
> 245 |                     const sc = cell && subj ? subjectColor(subj as string) : null
      |                     ^^^^^
  246 |                     const isEmpty = !cell || !subj
  247 |
  248 |                     return (

Parsing ecmascript source code failed

Import traces:
  Client Component Browser:
    ./app/(app)/timetable/page.tsx [Client Component Browser]
    ./app/(app)/timetable/page.tsx [Server Component]

  Client Component SSR:
    ./app/(app)/timetable/page.tsx [Client Component SSR]
    ./app/(app)/timetable/page.tsx [Server Component] @ http://localhost:3000/_next/static/chunks/node_modules_next_dist_0u_w_5s._.js:1945
[   33793ms] [ERROR] ./app/(app)/timetable/page.tsx:245:21
Expected '</', got 'const'
  243 |                         ? cell.classes?.class_name || cell.class_name || cell.class_id
  244 |                         : cell.subjects?.subject_name || cell.subject_name || ''
> 245 |                     const sc = cell && subj ? subjectColor(subj as string) : null
      |                     ^^^^^
  246 |                     const isEmpty = !cell || !subj
  247 |
  248 |                     return (

Parsing ecmascript source code failed

Import traces:
  Client Component Browser:
    ./app/(app)/timetable/page.tsx [Client Component Browser]
    ./app/(app)/timetable/page.tsx [Server Component]

  Client Component SSR:
    ./app/(app)/timetable/page.tsx [Client Component SSR]
    ./app/(app)/timetable/page.tsx [Server Component] @ http://localhost:3000/_next/static/chunks/node_modules_next_dist_0u_w_5s._.js:1945
[   33849ms] [ERROR] ./app/(app)/timetable/page.tsx:245:21
Expected '</', got 'const'
  243 |                         ? cell.classes?.class_name || cell.class_name || cell.class_id
  244 |                         : cell.subjects?.subject_name || cell.subject_name || ''
> 245 |                     const sc = cell && subj ? subjectColor(subj as string) : null
      |                     ^^^^^
  246 |                     const isEmpty = !cell || !subj
  247 |
  248 |                     return (

Parsing ecmascript source code failed

Import traces:
  Client Component Browser:
    ./app/(app)/timetable/page.tsx [Client Component Browser]
    ./app/(app)/timetable/page.tsx [Server Component]

  Client Component SSR:
    ./app/(app)/timetable/page.tsx [Client Component SSR]
    ./app/(app)/timetable/page.tsx [Server Component] @ http://localhost:3000/_next/static/chunks/node_modules_next_dist_0u_w_5s._.js:1945
[   33911ms] [ERROR] ./app/(app)/timetable/page.tsx:245:21
Expected '</', got 'const'
  243 |                         ? cell.classes?.class_name || cell.class_name || cell.class_id
  244 |                         : cell.subjects?.subject_name || cell.subject_name || ''
> 245 |                     const sc = cell && subj ? subjectColor(subj as string) : null
      |                     ^^^^^
  246 |                     const isEmpty = !cell || !subj
  247 |
  248 |                     return (

Parsing ecmascript source code failed

Import traces:
  Client Component Browser:
    ./app/(app)/timetable/page.tsx [Client Component Browser]
    ./app/(app)/timetable/page.tsx [Server Component]

  Client Component SSR:
    ./app/(app)/timetable/page.tsx [Client Component SSR]
    ./app/(app)/timetable/page.tsx [Server Component] @ http://localhost:3000/_next/static/chunks/node_modules_next_dist_0u_w_5s._.js:1945
[   33974ms] [ERROR] ./app/(app)/timetable/page.tsx:245:21
Expected '</', got 'const'
  243 |                         ? cell.classes?.class_name || cell.class_name || cell.class_id
  244 |                         : cell.subjects?.subject_name || cell.subject_name || ''
> 245 |                     const sc = cell && subj ? subjectColor(subj as string) : null
      |                     ^^^^^
  246 |                     const isEmpty = !cell || !subj
  247 |
  248 |                     return (

Parsing ecmascript source code failed

Import traces:
  Client Component Browser:
    ./app/(app)/timetable/page.tsx [Client Component Browser]
    ./app/(app)/timetable/page.tsx [Server Component]

  Client Component SSR:
    ./app/(app)/timetable/page.tsx [Client Component SSR]
    ./app/(app)/timetable/page.tsx [Server Component] @ http://localhost:3000/_next/static/chunks/node_modules_next_dist_0u_w_5s._.js:1945
[   34033ms] [ERROR] ./app/(app)/timetable/page.tsx:245:21
Expected '</', got 'const'
  243 |                         ? cell.classes?.class_name || cell.class_name || cell.class_id
  244 |                         : cell.subjects?.subject_name || cell.subject_name || ''
> 245 |                     const sc = cell && subj ? subjectColor(subj as string) : null
      |                     ^^^^^
  246 |                     const isEmpty = !cell || !subj
  247 |
  248 |                     return (

Parsing ecmascript source code failed

Import traces:
  Client Component Browser:
    ./app/(app)/timetable/page.tsx [Client Component Browser]
    ./app/(app)/timetable/page.tsx [Server Component]

  Client Component SSR:
    ./app/(app)/timetable/page.tsx [Client Component SSR]
    ./app/(app)/timetable/page.tsx [Server Component] @ http://localhost:3000/_next/static/chunks/node_modules_next_dist_0u_w_5s._.js:1945
[   34096ms] [ERROR] ./app/(app)/timetable/page.tsx:245:21
Expected '</', got 'const'
  243 |                         ? cell.classes?.class_name || cell.class_name || cell.class_id
  244 |                         : cell.subjects?.subject_name || cell.subject_name || ''
> 245 |                     const sc = cell && subj ? subjectColor(subj as string) : null
      |                     ^^^^^
  246 |                     const isEmpty = !cell || !subj
  247 |
  248 |                     return (

Parsing ecmascript source code failed

Import traces:
  Client Component Browser:
    ./app/(app)/timetable/page.tsx [Client Component Browser]
    ./app/(app)/timetable/page.tsx [Server Component]

  Client Component SSR:
    ./app/(app)/timetable/page.tsx [Client Component SSR]
    ./app/(app)/timetable/page.tsx [Server Component] @ http://localhost:3000/_next/static/chunks/node_modules_next_dist_0u_w_5s._.js:1945
[   34160ms] [ERROR] ./app/(app)/timetable/page.tsx:245:21
Expected '</', got 'const'
  243 |                         ? cell.classes?.class_name || cell.class_name || cell.class_id
  244 |                         : cell.subjects?.subject_name || cell.subject_name || ''
> 245 |                     const sc = cell && subj ? subjectColor(subj as string) : null
      |                     ^^^^^
  246 |                     const isEmpty = !cell || !subj
  247 |
  248 |                     return (

Parsing ecmascript source code failed

Import traces:
  Client Component Browser:
    ./app/(app)/timetable/page.tsx [Client Component Browser]
    ./app/(app)/timetable/page.tsx [Server Component]

  Client Component SSR:
    ./app/(app)/timetable/page.tsx [Client Component SSR]
    ./app/(app)/timetable/page.tsx [Server Component] @ http://localhost:3000/_next/static/chunks/node_modules_next_dist_0u_w_5s._.js:1945
[   34222ms] [ERROR] ./app/(app)/timetable/page.tsx:245:21
Expected '</', got 'const'
  243 |                         ? cell.classes?.class_name || cell.class_name || cell.class_id
  244 |                         : cell.subjects?.subject_name || cell.subject_name || ''
> 245 |                     const sc = cell && subj ? subjectColor(subj as string) : null
      |                     ^^^^^
  246 |                     const isEmpty = !cell || !subj
  247 |
  248 |                     return (

Parsing ecmascript source code failed

Import traces:
  Client Component Browser:
    ./app/(app)/timetable/page.tsx [Client Component Browser]
    ./app/(app)/timetable/page.tsx [Server Component]

  Client Component SSR:
    ./app/(app)/timetable/page.tsx [Client Component SSR]
    ./app/(app)/timetable/page.tsx [Server Component] @ http://localhost:3000/_next/static/chunks/node_modules_next_dist_0u_w_5s._.js:1945
[   34273ms] [ERROR] ./app/(app)/timetable/page.tsx:245:21
Expected '</', got 'const'
  243 |                         ? cell.classes?.class_name || cell.class_name || cell.class_id
  244 |                         : cell.subjects?.subject_name || cell.subject_name || ''
> 245 |                     const sc = cell && subj ? subjectColor(subj as string) : null
      |                     ^^^^^
  246 |                     const isEmpty = !cell || !subj
  247 |
  248 |                     return (

Parsing ecmascript source code failed

Import traces:
  Client Component Browser:
    ./app/(app)/timetable/page.tsx [Client Component Browser]
    ./app/(app)/timetable/page.tsx [Server Component]

  Client Component SSR:
    ./app/(app)/timetable/page.tsx [Client Component SSR]
    ./app/(app)/timetable/page.tsx [Server Component] @ http://localhost:3000/_next/static/chunks/node_modules_next_dist_0u_w_5s._.js:1945
[   34323ms] [ERROR] ./app/(app)/timetable/page.tsx:245:21
Expected '</', got 'const'
  243 |                         ? cell.classes?.class_name || cell.class_name || cell.class_id
  244 |                         : cell.subjects?.subject_name || cell.subject_name || ''
> 245 |                     const sc = cell && subj ? subjectColor(subj as string) : null
      |                     ^^^^^
  246 |                     const isEmpty = !cell || !subj
  247 |
  248 |                     return (

Parsing ecmascript source code failed

Import traces:
  Client Component Browser:
    ./app/(app)/timetable/page.tsx [Client Component Browser]
    ./app/(app)/timetable/page.tsx [Server Component]

  Client Component SSR:
    ./app/(app)/timetable/page.tsx [Client Component SSR]
    ./app/(app)/timetable/page.tsx [Server Component] @ http://localhost:3000/_next/static/chunks/node_modules_next_dist_0u_w_5s._.js:1945
[   34385ms] [ERROR] ./app/(app)/timetable/page.tsx:245:21
Expected '</', got 'const'
  243 |                         ? cell.classes?.class_name || cell.class_name || cell.class_id
  244 |                         : cell.subjects?.subject_name || cell.subject_name || ''
> 245 |                     const sc = cell && subj ? subjectColor(subj as string) : null
      |                     ^^^^^
  246 |                     const isEmpty = !cell || !subj
  247 |
  248 |                     return (

Parsing ecmascript source code failed

Import traces:
  Client Component Browser:
    ./app/(app)/timetable/page.tsx [Client Component Browser]
    ./app/(app)/timetable/page.tsx [Server Component]

  Client Component SSR:
    ./app/(app)/timetable/page.tsx [Client Component SSR]
    ./app/(app)/timetable/page.tsx [Server Component] @ http://localhost:3000/_next/static/chunks/node_modules_next_dist_0u_w_5s._.js:1945
[   34448ms] [ERROR] ./app/(app)/timetable/page.tsx:245:21
Expected '</', got 'const'
  243 |                         ? cell.classes?.class_name || cell.class_name || cell.class_id
  244 |                         : cell.subjects?.subject_name || cell.subject_name || ''
> 245 |                     const sc = cell && subj ? subjectColor(subj as string) : null
      |                     ^^^^^
  246 |                     const isEmpty = !cell || !subj
  247 |
  248 |                     return (

Parsing ecmascript source code failed

Import traces:
  Client Component Browser:
    ./app/(app)/timetable/page.tsx [Client Component Browser]
    ./app/(app)/timetable/page.tsx [Server Component]

  Client Component SSR:
    ./app/(app)/timetable/page.tsx [Client Component SSR]
    ./app/(app)/timetable/page.tsx [Server Component] @ http://localhost:3000/_next/static/chunks/node_modules_next_dist_0u_w_5s._.js:1945
[   34504ms] [ERROR] ./app/(app)/timetable/page.tsx:245:21
Expected '</', got 'const'
  243 |                         ? cell.classes?.class_name || cell.class_name || cell.class_id
  244 |                         : cell.subjects?.subject_name || cell.subject_name || ''
> 245 |                     const sc = cell && subj ? subjectColor(subj as string) : null
      |                     ^^^^^
  246 |                     const isEmpty = !cell || !subj
  247 |
  248 |                     return (

Parsing ecmascript source code failed

Import traces:
  Client Component Browser:
    ./app/(app)/timetable/page.tsx [Client Component Browser]
    ./app/(app)/timetable/page.tsx [Server Component]

  Client Component SSR:
    ./app/(app)/timetable/page.tsx [Client Component SSR]
    ./app/(app)/timetable/page.tsx [Server Component] @ http://localhost:3000/_next/static/chunks/node_modules_next_dist_0u_w_5s._.js:1945
[   34557ms] [ERROR] ./app/(app)/timetable/page.tsx:245:21
Expected '</', got 'const'
  243 |                         ? cell.classes?.class_name || cell.class_name || cell.class_id
  244 |                         : cell.subjects?.subject_name || cell.subject_name || ''
> 245 |                     const sc = cell && subj ? subjectColor(subj as string) : null
      |                     ^^^^^
  246 |                     const isEmpty = !cell || !subj
  247 |
  248 |                     return (

Parsing ecmascript source code failed

Import traces:
  Client Component Browser:
    ./app/(app)/timetable/page.tsx [Client Component Browser]
    ./app/(app)/timetable/page.tsx [Server Component]

  Client Component SSR:
    ./app/(app)/timetable/page.tsx [Client Component SSR]
    ./app/(app)/timetable/page.tsx [Server Component] @ http://localhost:3000/_next/static/chunks/node_modules_next_dist_0u_w_5s._.js:1945
[   34619ms] [ERROR] ./app/(app)/timetable/page.tsx:245:21
Expected '</', got 'const'
  243 |                         ? cell.classes?.class_name || cell.class_name || cell.class_id
  244 |                         : cell.subjects?.subject_name || cell.subject_name || ''
> 245 |                     const sc = cell && subj ? subjectColor(subj as string) : null
      |                     ^^^^^
  246 |                     const isEmpty = !cell || !subj
  247 |
  248 |                     return (

Parsing ecmascript source code failed

Import traces:
  Client Component Browser:
    ./app/(app)/timetable/page.tsx [Client Component Browser]
    ./app/(app)/timetable/page.tsx [Server Component]

  Client Component SSR:
    ./app/(app)/timetable/page.tsx [Client Component SSR]
    ./app/(app)/timetable/page.tsx [Server Component] @ http://localhost:3000/_next/static/chunks/node_modules_next_dist_0u_w_5s._.js:1945
[   34681ms] [ERROR] ./app/(app)/timetable/page.tsx:245:21
Expected '</', got 'const'
  243 |                         ? cell.classes?.class_name || cell.class_name || cell.class_id
  244 |                         : cell.subjects?.subject_name || cell.subject_name || ''
> 245 |                     const sc = cell && subj ? subjectColor(subj as string) : null
      |                     ^^^^^
  246 |                     const isEmpty = !cell || !subj
  247 |
  248 |                     return (

Parsing ecmascript source code failed

Import traces:
  Client Component Browser:
    ./app/(app)/timetable/page.tsx [Client Component Browser]
    ./app/(app)/timetable/page.tsx [Server Component]

  Client Component SSR:
    ./app/(app)/timetable/page.tsx [Client Component SSR]
    ./app/(app)/timetable/page.tsx [Server Component] @ http://localhost:3000/_next/static/chunks/node_modules_next_dist_0u_w_5s._.js:1945
[   34742ms] [ERROR] ./app/(app)/timetable/page.tsx:245:21
Expected '</', got 'const'
  243 |                         ? cell.classes?.class_name || cell.class_name || cell.class_id
  244 |                         : cell.subjects?.subject_name || cell.subject_name || ''
> 245 |                     const sc = cell && subj ? subjectColor(subj as string) : null
      |                     ^^^^^
  246 |                     const isEmpty = !cell || !subj
  247 |
  248 |                     return (

Parsing ecmascript source code failed

Import traces:
  Client Component Browser:
    ./app/(app)/timetable/page.tsx [Client Component Browser]
    ./app/(app)/timetable/page.tsx [Server Component]

  Client Component SSR:
    ./app/(app)/timetable/page.tsx [Client Component SSR]
    ./app/(app)/timetable/page.tsx [Server Component] @ http://localhost:3000/_next/static/chunks/node_modules_next_dist_0u_w_5s._.js:1945
[   34804ms] [ERROR] ./app/(app)/timetable/page.tsx:245:21
Expected '</', got 'const'
  243 |                         ? cell.classes?.class_name || cell.class_name || cell.class_id
  244 |                         : cell.subjects?.subject_name || cell.subject_name || ''
> 245 |                     const sc = cell && subj ? subjectColor(subj as string) : null
      |                     ^^^^^
  246 |                     const isEmpty = !cell || !subj
  247 |
  248 |                     return (

Parsing ecmascript source code failed

Import traces:
  Client Component Browser:
    ./app/(app)/timetable/page.tsx [Client Component Browser]
    ./app/(app)/timetable/page.tsx [Server Component]

  Client Component SSR:
    ./app/(app)/timetable/page.tsx [Client Component SSR]
    ./app/(app)/timetable/page.tsx [Server Component] @ http://localhost:3000/_next/static/chunks/node_modules_next_dist_0u_w_5s._.js:1945
[   34854ms] [ERROR] ./app/(app)/timetable/page.tsx:245:21
Expected '</', got 'const'
  243 |                         ? cell.classes?.class_name || cell.class_name || cell.class_id
  244 |                         : cell.subjects?.subject_name || cell.subject_name || ''
> 245 |                     const sc = cell && subj ? subjectColor(subj as string) : null
      |                     ^^^^^
  246 |                     const isEmpty = !cell || !subj
  247 |
  248 |                     return (

Parsing ecmascript source code failed

Import traces:
  Client Component Browser:
    ./app/(app)/timetable/page.tsx [Client Component Browser]
    ./app/(app)/timetable/page.tsx [Server Component]

  Client Component SSR:
    ./app/(app)/timetable/page.tsx [Client Component SSR]
    ./app/(app)/timetable/page.tsx [Server Component] @ http://localhost:3000/_next/static/chunks/node_modules_next_dist_0u_w_5s._.js:1945
[   34917ms] [ERROR] ./app/(app)/timetable/page.tsx:245:21
Expected '</', got 'const'
  243 |                         ? cell.classes?.class_name || cell.class_name || cell.class_id
  244 |                         : cell.subjects?.subject_name || cell.subject_name || ''
> 245 |                     const sc = cell && subj ? subjectColor(subj as string) : null
      |                     ^^^^^
  246 |                     const isEmpty = !cell || !subj
  247 |
  248 |                     return (

Parsing ecmascript source code failed

Import traces:
  Client Component Browser:
    ./app/(app)/timetable/page.tsx [Client Component Browser]
    ./app/(app)/timetable/page.tsx [Server Component]

  Client Component SSR:
    ./app/(app)/timetable/page.tsx [Client Component SSR]
    ./app/(app)/timetable/page.tsx [Server Component] @ http://localhost:3000/_next/static/chunks/node_modules_next_dist_0u_w_5s._.js:1945
[   34974ms] [ERROR] ./app/(app)/timetable/page.tsx:245:21
Expected '</', got 'const'
  243 |                         ? cell.classes?.class_name || cell.class_name || cell.class_id
  244 |                         : cell.subjects?.subject_name || cell.subject_name || ''
> 245 |                     const sc = cell && subj ? subjectColor(subj as string) : null
      |                     ^^^^^
  246 |                     const isEmpty = !cell || !subj
  247 |
  248 |                     return (

Parsing ecmascript source code failed

Import traces:
  Client Component Browser:
    ./app/(app)/timetable/page.tsx [Client Component Browser]
    ./app/(app)/timetable/page.tsx [Server Component]

  Client Component SSR:
    ./app/(app)/timetable/page.tsx [Client Component SSR]
    ./app/(app)/timetable/page.tsx [Server Component] @ http://localhost:3000/_next/static/chunks/node_modules_next_dist_0u_w_5s._.js:1945
[   35032ms] [ERROR] ./app/(app)/timetable/page.tsx:245:21
Expected '</', got 'const'
  243 |                         ? cell.classes?.class_name || cell.class_name || cell.class_id
  244 |                         : cell.subjects?.subject_name || cell.subject_name || ''
> 245 |                     const sc = cell && subj ? subjectColor(subj as string) : null
      |                     ^^^^^
  246 |                     const isEmpty = !cell || !subj
  247 |
  248 |                     return (

Parsing ecmascript source code failed

Import traces:
  Client Component Browser:
    ./app/(app)/timetable/page.tsx [Client Component Browser]
    ./app/(app)/timetable/page.tsx [Server Component]

  Client Component SSR:
    ./app/(app)/timetable/page.tsx [Client Component SSR]
    ./app/(app)/timetable/page.tsx [Server Component] @ http://localhost:3000/_next/static/chunks/node_modules_next_dist_0u_w_5s._.js:1945
[   35081ms] [ERROR] ./app/(app)/timetable/page.tsx:245:21
Expected '</', got 'const'
  243 |                         ? cell.classes?.class_name || cell.class_name || cell.class_id
  244 |                         : cell.subjects?.subject_name || cell.subject_name || ''
> 245 |                     const sc = cell && subj ? subjectColor(subj as string) : null
      |                     ^^^^^
  246 |                     const isEmpty = !cell || !subj
  247 |
  248 |                     return (

Parsing ecmascript source code failed

Import traces:
  Client Component Browser:
    ./app/(app)/timetable/page.tsx [Client Component Browser]
    ./app/(app)/timetable/page.tsx [Server Component]

  Client Component SSR:
    ./app/(app)/timetable/page.tsx [Client Component SSR]
    ./app/(app)/timetable/page.tsx [Server Component] @ http://localhost:3000/_next/static/chunks/node_modules_next_dist_0u_w_5s._.js:1945
[   35144ms] [ERROR] ./app/(app)/timetable/page.tsx:245:21
Expected '</', got 'const'
  243 |                         ? cell.classes?.class_name || cell.class_name || cell.class_id
  244 |                         : cell.subjects?.subject_name || cell.subject_name || ''
> 245 |                     const sc = cell && subj ? subjectColor(subj as string) : null
      |                     ^^^^^
  246 |                     const isEmpty = !cell || !subj
  247 |
  248 |                     return (

Parsing ecmascript source code failed

Import traces:
  Client Component Browser:
    ./app/(app)/timetable/page.tsx [Client Component Browser]
    ./app/(app)/timetable/page.tsx [Server Component]

  Client Component SSR:
    ./app/(app)/timetable/page.tsx [Client Component SSR]
    ./app/(app)/timetable/page.tsx [Server Component] @ http://localhost:3000/_next/static/chunks/node_modules_next_dist_0u_w_5s._.js:1945
[   35206ms] [ERROR] ./app/(app)/timetable/page.tsx:245:21
Expected '</', got 'const'
  243 |                         ? cell.classes?.class_name || cell.class_name || cell.class_id
  244 |                         : cell.subjects?.subject_name || cell.subject_name || ''
> 245 |                     const sc = cell && subj ? subjectColor(subj as string) : null
      |                     ^^^^^
  246 |                     const isEmpty = !cell || !subj
  247 |
  248 |                     return (

Parsing ecmascript source code failed

Import traces:
  Client Component Browser:
    ./app/(app)/timetable/page.tsx [Client Component Browser]
    ./app/(app)/timetable/page.tsx [Server Component]

  Client Component SSR:
    ./app/(app)/timetable/page.tsx [Client Component SSR]
    ./app/(app)/timetable/page.tsx [Server Component] @ http://localhost:3000/_next/static/chunks/node_modules_next_dist_0u_w_5s._.js:1945
[   35268ms] [ERROR] ./app/(app)/timetable/page.tsx:245:21
Expected '</', got 'const'
  243 |                         ? cell.classes?.class_name || cell.class_name || cell.class_id
  244 |                         : cell.subjects?.subject_name || cell.subject_name || ''
> 245 |                     const sc = cell && subj ? subjectColor(subj as string) : null
      |                     ^^^^^
  246 |                     const isEmpty = !cell || !subj
  247 |
  248 |                     return (

Parsing ecmascript source code failed

Import traces:
  Client Component Browser:
    ./app/(app)/timetable/page.tsx [Client Component Browser]
    ./app/(app)/timetable/page.tsx [Server Component]

  Client Component SSR:
    ./app/(app)/timetable/page.tsx [Client Component SSR]
    ./app/(app)/timetable/page.tsx [Server Component] @ http://localhost:3000/_next/static/chunks/node_modules_next_dist_0u_w_5s._.js:1945
[   35330ms] [ERROR] ./app/(app)/timetable/page.tsx:245:21
Expected '</', got 'const'
  243 |                         ? cell.classes?.class_name || cell.class_name || cell.class_id
  244 |                         : cell.subjects?.subject_name || cell.subject_name || ''
> 245 |                     const sc = cell && subj ? subjectColor(subj as string) : null
      |                     ^^^^^
  246 |                     const isEmpty = !cell || !subj
  247 |
  248 |                     return (

Parsing ecmascript source code failed

Import traces:
  Client Component Browser:
    ./app/(app)/timetable/page.tsx [Client Component Browser]
    ./app/(app)/timetable/page.tsx [Server Component]

  Client Component SSR:
    ./app/(app)/timetable/page.tsx [Client Component SSR]
    ./app/(app)/timetable/page.tsx [Server Component] @ http://localhost:3000/_next/static/chunks/node_modules_next_dist_0u_w_5s._.js:1945
[   35382ms] [ERROR] ./app/(app)/timetable/page.tsx:245:21
Expected '</', got 'const'
  243 |                         ? cell.classes?.class_name || cell.class_name || cell.class_id
  244 |                         : cell.subjects?.subject_name || cell.subject_name || ''
> 245 |                     const sc = cell && subj ? subjectColor(subj as string) : null
      |                     ^^^^^
  246 |                     const isEmpty = !cell || !subj
  247 |
  248 |                     return (

Parsing ecmascript source code failed

Import traces:
  Client Component Browser:
    ./app/(app)/timetable/page.tsx [Client Component Browser]
    ./app/(app)/timetable/page.tsx [Server Component]

  Client Component SSR:
    ./app/(app)/timetable/page.tsx [Client Component SSR]
    ./app/(app)/timetable/page.tsx [Server Component] @ http://localhost:3000/_next/static/chunks/node_modules_next_dist_0u_w_5s._.js:1945
[   35443ms] [ERROR] ./app/(app)/timetable/page.tsx:245:21
Expected '</', got 'const'
  243 |                         ? cell.classes?.class_name || cell.class_name || cell.class_id
  244 |                         : cell.subjects?.subject_name || cell.subject_name || ''
> 245 |                     const sc = cell && subj ? subjectColor(subj as string) : null
      |                     ^^^^^
  246 |                     const isEmpty = !cell || !subj
  247 |
  248 |                     return (

Parsing ecmascript source code failed

Import traces:
  Client Component Browser:
    ./app/(app)/timetable/page.tsx [Client Component Browser]
    ./app/(app)/timetable/page.tsx [Server Component]

  Client Component SSR:
    ./app/(app)/timetable/page.tsx [Client Component SSR]
    ./app/(app)/timetable/page.tsx [Server Component] @ http://localhost:3000/_next/static/chunks/node_modules_next_dist_0u_w_5s._.js:1945
[   35496ms] [ERROR] ./app/(app)/timetable/page.tsx:245:21
Expected '</', got 'const'
  243 |                         ? cell.classes?.class_name || cell.class_name || cell.class_id
  244 |                         : cell.subjects?.subject_name || cell.subject_name || ''
> 245 |                     const sc = cell && subj ? subjectColor(subj as string) : null
      |                     ^^^^^
  246 |                     const isEmpty = !cell || !subj
  247 |
  248 |                     return (

Parsing ecmascript source code failed

Import traces:
  Client Component Browser:
    ./app/(app)/timetable/page.tsx [Client Component Browser]
    ./app/(app)/timetable/page.tsx [Server Component]

  Client Component SSR:
    ./app/(app)/timetable/page.tsx [Client Component SSR]
    ./app/(app)/timetable/page.tsx [Server Component] @ http://localhost:3000/_next/static/chunks/node_modules_next_dist_0u_w_5s._.js:1945
[   35549ms] [ERROR] ./app/(app)/timetable/page.tsx:245:21
Expected '</', got 'const'
  243 |                         ? cell.classes?.class_name || cell.class_name || cell.class_id
  244 |                         : cell.subjects?.subject_name || cell.subject_name || ''
> 245 |                     const sc = cell && subj ? subjectColor(subj as string) : null
      |                     ^^^^^
  246 |                     const isEmpty = !cell || !subj
  247 |
  248 |                     return (

Parsing ecmascript source code failed

Import traces:
  Client Component Browser:
    ./app/(app)/timetable/page.tsx [Client Component Browser]
    ./app/(app)/timetable/page.tsx [Server Component]

  Client Component SSR:
    ./app/(app)/timetable/page.tsx [Client Component SSR]
    ./app/(app)/timetable/page.tsx [Server Component] @ http://localhost:3000/_next/static/chunks/node_modules_next_dist_0u_w_5s._.js:1945
[   35600ms] [ERROR] ./app/(app)/timetable/page.tsx:245:21
Expected '</', got 'const'
  243 |                         ? cell.classes?.class_name || cell.class_name || cell.class_id
  244 |                         : cell.subjects?.subject_name || cell.subject_name || ''
> 245 |                     const sc = cell && subj ? subjectColor(subj as string) : null
      |                     ^^^^^
  246 |                     const isEmpty = !cell || !subj
  247 |
  248 |                     return (

Parsing ecmascript source code failed

Import traces:
  Client Component Browser:
    ./app/(app)/timetable/page.tsx [Client Component Browser]
    ./app/(app)/timetable/page.tsx [Server Component]

  Client Component SSR:
    ./app/(app)/timetable/page.tsx [Client Component SSR]
    ./app/(app)/timetable/page.tsx [Server Component] @ http://localhost:3000/_next/static/chunks/node_modules_next_dist_0u_w_5s._.js:1945
[   35642ms] [ERROR] ./app/(app)/timetable/page.tsx:245:21
Expected '</', got 'const'
  243 |                         ? cell.classes?.class_name || cell.class_name || cell.class_id
  244 |                         : cell.subjects?.subject_name || cell.subject_name || ''
> 245 |                     const sc = cell && subj ? subjectColor(subj as string) : null
      |                     ^^^^^
  246 |                     const isEmpty = !cell || !subj
  247 |
  248 |                     return (

Parsing ecmascript source code failed

Import traces:
  Client Component Browser:
    ./app/(app)/timetable/page.tsx [Client Component Browser]
    ./app/(app)/timetable/page.tsx [Server Component]

  Client Component SSR:
    ./app/(app)/timetable/page.tsx [Client Component SSR]
    ./app/(app)/timetable/page.tsx [Server Component] @ http://localhost:3000/_next/static/chunks/node_modules_next_dist_0u_w_5s._.js:1945
[   35704ms] [ERROR] ./app/(app)/timetable/page.tsx:245:21
Expected '</', got 'const'
  243 |                         ? cell.classes?.class_name || cell.class_name || cell.class_id
  244 |                         : cell.subjects?.subject_name || cell.subject_name || ''
> 245 |                     const sc = cell && subj ? subjectColor(subj as string) : null
      |                     ^^^^^
  246 |                     const isEmpty = !cell || !subj
  247 |
  248 |                     return (

Parsing ecmascript source code failed

Import traces:
  Client Component Browser:
    ./app/(app)/timetable/page.tsx [Client Component Browser]
    ./app/(app)/timetable/page.tsx [Server Component]

  Client Component SSR:
    ./app/(app)/timetable/page.tsx [Client Component SSR]
    ./app/(app)/timetable/page.tsx [Server Component] @ http://localhost:3000/_next/static/chunks/node_modules_next_dist_0u_w_5s._.js:1945
[   35767ms] [ERROR] ./app/(app)/timetable/page.tsx:245:21
Expected '</', got 'const'
  243 |                         ? cell.classes?.class_name || cell.class_name || cell.class_id
  244 |                         : cell.subjects?.subject_name || cell.subject_name || ''
> 245 |                     const sc = cell && subj ? subjectColor(subj as string) : null
      |                     ^^^^^
  246 |                     const isEmpty = !cell || !subj
  247 |
  248 |                     return (

Parsing ecmascript source code failed

Import traces:
  Client Component Browser:
    ./app/(app)/timetable/page.tsx [Client Component Browser]
    ./app/(app)/timetable/page.tsx [Server Component]

  Client Component SSR:
    ./app/(app)/timetable/page.tsx [Client Component SSR]
    ./app/(app)/timetable/page.tsx [Server Component] @ http://localhost:3000/_next/static/chunks/node_modules_next_dist_0u_w_5s._.js:1945
[   35816ms] [ERROR] ./app/(app)/timetable/page.tsx:245:21
Expected '</', got 'const'
  243 |                         ? cell.classes?.class_name || cell.class_name || cell.class_id
  244 |                         : cell.subjects?.subject_name || cell.subject_name || ''
> 245 |                     const sc = cell && subj ? subjectColor(subj as string) : null
      |                     ^^^^^
  246 |                     const isEmpty = !cell || !subj
  247 |
  248 |                     return (

Parsing ecmascript source code failed

Import traces:
  Client Component Browser:
    ./app/(app)/timetable/page.tsx [Client Component Browser]
    ./app/(app)/timetable/page.tsx [Server Component]

  Client Component SSR:
    ./app/(app)/timetable/page.tsx [Client Component SSR]
    ./app/(app)/timetable/page.tsx [Server Component] @ http://localhost:3000/_next/static/chunks/node_modules_next_dist_0u_w_5s._.js:1945
[   35872ms] [ERROR] ./app/(app)/timetable/page.tsx:245:21
Expected '</', got 'const'
  243 |                         ? cell.classes?.class_name || cell.class_name || cell.class_id
  244 |                         : cell.subjects?.subject_name || cell.subject_name || ''
> 245 |                     const sc = cell && subj ? subjectColor(subj as string) : null
      |                     ^^^^^
  246 |                     const isEmpty = !cell || !subj
  247 |
  248 |                     return (

Parsing ecmascript source code failed

Import traces:
  Client Component Browser:
    ./app/(app)/timetable/page.tsx [Client Component Browser]
    ./app/(app)/timetable/page.tsx [Server Component]

  Client Component SSR:
    ./app/(app)/timetable/page.tsx [Client Component SSR]
    ./app/(app)/timetable/page.tsx [Server Component] @ http://localhost:3000/_next/static/chunks/node_modules_next_dist_0u_w_5s._.js:1945
[   35921ms] [ERROR] ./app/(app)/timetable/page.tsx:245:21
Expected '</', got 'const'
  243 |                         ? cell.classes?.class_name || cell.class_name || cell.class_id
  244 |                         : cell.subjects?.subject_name || cell.subject_name || ''
> 245 |                     const sc = cell && subj ? subjectColor(subj as string) : null
      |                     ^^^^^
  246 |                     const isEmpty = !cell || !subj
  247 |
  248 |                     return (

Parsing ecmascript source code failed

Import traces:
  Client Component Browser:
    ./app/(app)/timetable/page.tsx [Client Component Browser]
    ./app/(app)/timetable/page.tsx [Server Component]

  Client Component SSR:
    ./app/(app)/timetable/page.tsx [Client Component SSR]
    ./app/(app)/timetable/page.tsx [Server Component] @ http://localhost:3000/_next/static/chunks/node_modules_next_dist_0u_w_5s._.js:1945
[   35975ms] [ERROR] ./app/(app)/timetable/page.tsx:245:21
Expected '</', got 'const'
  243 |                         ? cell.classes?.class_name || cell.class_name || cell.class_id
  244 |                         : cell.subjects?.subject_name || cell.subject_name || ''
> 245 |                     const sc = cell && subj ? subjectColor(subj as string) : null
      |                     ^^^^^
  246 |                     const isEmpty = !cell || !subj
  247 |
  248 |                     return (

Parsing ecmascript source code failed

Import traces:
  Client Component Browser:
    ./app/(app)/timetable/page.tsx [Client Component Browser]
    ./app/(app)/timetable/page.tsx [Server Component]

  Client Component SSR:
    ./app/(app)/timetable/page.tsx [Client Component SSR]
    ./app/(app)/timetable/page.tsx [Server Component] @ http://localhost:3000/_next/static/chunks/node_modules_next_dist_0u_w_5s._.js:1945
[   36040ms] [ERROR] ./app/(app)/timetable/page.tsx:245:21
Expected '</', got 'const'
  243 |                         ? cell.classes?.class_name || cell.class_name || cell.class_id
  244 |                         : cell.subjects?.subject_name || cell.subject_name || ''
> 245 |                     const sc = cell && subj ? subjectColor(subj as string) : null
      |                     ^^^^^
  246 |                     const isEmpty = !cell || !subj
  247 |
  248 |                     return (

Parsing ecmascript source code failed

Import traces:
  Client Component Browser:
    ./app/(app)/timetable/page.tsx [Client Component Browser]
    ./app/(app)/timetable/page.tsx [Server Component]

  Client Component SSR:
    ./app/(app)/timetable/page.tsx [Client Component SSR]
    ./app/(app)/timetable/page.tsx [Server Component] @ http://localhost:3000/_next/static/chunks/node_modules_next_dist_0u_w_5s._.js:1945
[   36095ms] [ERROR] ./app/(app)/timetable/page.tsx:245:21
Expected '</', got 'const'
  243 |                         ? cell.classes?.class_name || cell.class_name || cell.class_id
  244 |                         : cell.subjects?.subject_name || cell.subject_name || ''
> 245 |                     const sc = cell && subj ? subjectColor(subj as string) : null
      |                     ^^^^^
  246 |                     const isEmpty = !cell || !subj
  247 |
  248 |                     return (

Parsing ecmascript source code failed

Import traces:
  Client Component Browser:
    ./app/(app)/timetable/page.tsx [Client Component Browser]
    ./app/(app)/timetable/page.tsx [Server Component]

  Client Component SSR:
    ./app/(app)/timetable/page.tsx [Client Component SSR]
    ./app/(app)/timetable/page.tsx [Server Component] @ http://localhost:3000/_next/static/chunks/node_modules_next_dist_0u_w_5s._.js:1945
[   36157ms] [ERROR] ./app/(app)/timetable/page.tsx:245:21
Expected '</', got 'const'
  243 |                         ? cell.classes?.class_name || cell.class_name || cell.class_id
  244 |                         : cell.subjects?.subject_name || cell.subject_name || ''
> 245 |                     const sc = cell && subj ? subjectColor(subj as string) : null
      |                     ^^^^^
  246 |                     const isEmpty = !cell || !subj
  247 |
  248 |                     return (

Parsing ecmascript source code failed

Import traces:
  Client Component Browser:
    ./app/(app)/timetable/page.tsx [Client Component Browser]
    ./app/(app)/timetable/page.tsx [Server Component]

  Client Component SSR:
    ./app/(app)/timetable/page.tsx [Client Component SSR]
    ./app/(app)/timetable/page.tsx [Server Component] @ http://localhost:3000/_next/static/chunks/node_modules_next_dist_0u_w_5s._.js:1945
[   36220ms] [ERROR] ./app/(app)/timetable/page.tsx:245:21
Expected '</', got 'const'
  243 |                         ? cell.classes?.class_name || cell.class_name || cell.class_id
  244 |                         : cell.subjects?.subject_name || cell.subject_name || ''
> 245 |                     const sc = cell && subj ? subjectColor(subj as string) : null
      |                     ^^^^^
  246 |                     const isEmpty = !cell || !subj
  247 |
  248 |                     return (

Parsing ecmascript source code failed

Import traces:
  Client Component Browser:
    ./app/(app)/timetable/page.tsx [Client Component Browser]
    ./app/(app)/timetable/page.tsx [Server Component]

  Client Component SSR:
    ./app/(app)/timetable/page.tsx [Client Component SSR]
    ./app/(app)/timetable/page.tsx [Server Component] @ http://localhost:3000/_next/static/chunks/node_modules_next_dist_0u_w_5s._.js:1945
[   36281ms] [ERROR] ./app/(app)/timetable/page.tsx:245:21
Expected '</', got 'const'
  243 |                         ? cell.classes?.class_name || cell.class_name || cell.class_id
  244 |                         : cell.subjects?.subject_name || cell.subject_name || ''
> 245 |                     const sc = cell && subj ? subjectColor(subj as string) : null
      |                     ^^^^^
  246 |                     const isEmpty = !cell || !subj
  247 |
  248 |                     return (

Parsing ecmascript source code failed

Import traces:
  Client Component Browser:
    ./app/(app)/timetable/page.tsx [Client Component Browser]
    ./app/(app)/timetable/page.tsx [Server Component]

  Client Component SSR:
    ./app/(app)/timetable/page.tsx [Client Component SSR]
    ./app/(app)/timetable/page.tsx [Server Component] @ http://localhost:3000/_next/static/chunks/node_modules_next_dist_0u_w_5s._.js:1945
[   36345ms] [ERROR] ./app/(app)/timetable/page.tsx:245:21
Expected '</', got 'const'
  243 |                         ? cell.classes?.class_name || cell.class_name || cell.class_id
  244 |                         : cell.subjects?.subject_name || cell.subject_name || ''
> 245 |                     const sc = cell && subj ? subjectColor(subj as string) : null
      |                     ^^^^^
  246 |                     const isEmpty = !cell || !subj
  247 |
  248 |                     return (

Parsing ecmascript source code failed

Import traces:
  Client Component Browser:
    ./app/(app)/timetable/page.tsx [Client Component Browser]
    ./app/(app)/timetable/page.tsx [Server Component]

  Client Component SSR:
    ./app/(app)/timetable/page.tsx [Client Component SSR]
    ./app/(app)/timetable/page.tsx [Server Component] @ http://localhost:3000/_next/static/chunks/node_modules_next_dist_0u_w_5s._.js:1945
[   36407ms] [ERROR] ./app/(app)/timetable/page.tsx:245:21
Expected '</', got 'const'
  243 |                         ? cell.classes?.class_name || cell.class_name || cell.class_id
  244 |                         : cell.subjects?.subject_name || cell.subject_name || ''
> 245 |                     const sc = cell && subj ? subjectColor(subj as string) : null
      |                     ^^^^^
  246 |                     const isEmpty = !cell || !subj
  247 |
  248 |                     return (

Parsing ecmascript source code failed

Import traces:
  Client Component Browser:
    ./app/(app)/timetable/page.tsx [Client Component Browser]
    ./app/(app)/timetable/page.tsx [Server Component]

  Client Component SSR:
    ./app/(app)/timetable/page.tsx [Client Component SSR]
    ./app/(app)/timetable/page.tsx [Server Component] @ http://localhost:3000/_next/static/chunks/node_modules_next_dist_0u_w_5s._.js:1945
[   36470ms] [ERROR] ./app/(app)/timetable/page.tsx:245:21
Expected '</', got 'const'
  243 |                         ? cell.classes?.class_name || cell.class_name || cell.class_id
  244 |                         : cell.subjects?.subject_name || cell.subject_name || ''
> 245 |                     const sc = cell && subj ? subjectColor(subj as string) : null
      |                     ^^^^^
  246 |                     const isEmpty = !cell || !subj
  247 |
  248 |                     return (

Parsing ecmascript source code failed

Import traces:
  Client Component Browser:
    ./app/(app)/timetable/page.tsx [Client Component Browser]
    ./app/(app)/timetable/page.tsx [Server Component]

  Client Component SSR:
    ./app/(app)/timetable/page.tsx [Client Component SSR]
    ./app/(app)/timetable/page.tsx [Server Component] @ http://localhost:3000/_next/static/chunks/node_modules_next_dist_0u_w_5s._.js:1945
[   36533ms] [ERROR] ./app/(app)/timetable/page.tsx:245:21
Expected '</', got 'const'
  243 |                         ? cell.classes?.class_name || cell.class_name || cell.class_id
  244 |                         : cell.subjects?.subject_name || cell.subject_name || ''
> 245 |                     const sc = cell && subj ? subjectColor(subj as string) : null
      |                     ^^^^^
  246 |                     const isEmpty = !cell || !subj
  247 |
  248 |                     return (

Parsing ecmascript source code failed

Import traces:
  Client Component Browser:
    ./app/(app)/timetable/page.tsx [Client Component Browser]
    ./app/(app)/timetable/page.tsx [Server Component]

  Client Component SSR:
    ./app/(app)/timetable/page.tsx [Client Component SSR]
    ./app/(app)/timetable/page.tsx [Server Component] @ http://localhost:3000/_next/static/chunks/node_modules_next_dist_0u_w_5s._.js:1945
[   36585ms] [ERROR] ./app/(app)/timetable/page.tsx:245:21
Expected '</', got 'const'
  243 |                         ? cell.classes?.class_name || cell.class_name || cell.class_id
  244 |                         : cell.subjects?.subject_name || cell.subject_name || ''
> 245 |                     const sc = cell && subj ? subjectColor(subj as string) : null
      |                     ^^^^^
  246 |                     const isEmpty = !cell || !subj
  247 |
  248 |                     return (

Parsing ecmascript source code failed

Import traces:
  Client Component Browser:
    ./app/(app)/timetable/page.tsx [Client Component Browser]
    ./app/(app)/timetable/page.tsx [Server Component]

  Client Component SSR:
    ./app/(app)/timetable/page.tsx [Client Component SSR]
    ./app/(app)/timetable/page.tsx [Server Component] @ http://localhost:3000/_next/static/chunks/node_modules_next_dist_0u_w_5s._.js:1945
[   36637ms] [ERROR] ./app/(app)/timetable/page.tsx:245:21
Expected '</', got 'const'
  243 |                         ? cell.classes?.class_name || cell.class_name || cell.class_id
  244 |                         : cell.subjects?.subject_name || cell.subject_name || ''
> 245 |                     const sc = cell && subj ? subjectColor(subj as string) : null
      |                     ^^^^^
  246 |                     const isEmpty = !cell || !subj
  247 |
  248 |                     return (

Parsing ecmascript source code failed

Import traces:
  Client Component Browser:
    ./app/(app)/timetable/page.tsx [Client Component Browser]
    ./app/(app)/timetable/page.tsx [Server Component]

  Client Component SSR:
    ./app/(app)/timetable/page.tsx [Client Component SSR]
    ./app/(app)/timetable/page.tsx [Server Component] @ http://localhost:3000/_next/static/chunks/node_modules_next_dist_0u_w_5s._.js:1945
[   36700ms] [ERROR] ./app/(app)/timetable/page.tsx:245:21
Expected '</', got 'const'
  243 |                         ? cell.classes?.class_name || cell.class_name || cell.class_id
  244 |                         : cell.subjects?.subject_name || cell.subject_name || ''
> 245 |                     const sc = cell && subj ? subjectColor(subj as string) : null
      |                     ^^^^^
  246 |                     const isEmpty = !cell || !subj
  247 |
  248 |                     return (

Parsing ecmascript source code failed

Import traces:
  Client Component Browser:
    ./app/(app)/timetable/page.tsx [Client Component Browser]
    ./app/(app)/timetable/page.tsx [Server Component]

  Client Component SSR:
    ./app/(app)/timetable/page.tsx [Client Component SSR]
    ./app/(app)/timetable/page.tsx [Server Component] @ http://localhost:3000/_next/static/chunks/node_modules_next_dist_0u_w_5s._.js:1945
[   36749ms] [ERROR] ./app/(app)/timetable/page.tsx:245:21
Expected '</', got 'const'
  243 |                         ? cell.classes?.class_name || cell.class_name || cell.class_id
  244 |                         : cell.subjects?.subject_name || cell.subject_name || ''
> 245 |                     const sc = cell && subj ? subjectColor(subj as string) : null
      |                     ^^^^^
  246 |                     const isEmpty = !cell || !subj
  247 |
  248 |                     return (

Parsing ecmascript source code failed

Import traces:
  Client Component Browser:
    ./app/(app)/timetable/page.tsx [Client Component Browser]
    ./app/(app)/timetable/page.tsx [Server Component]

  Client Component SSR:
    ./app/(app)/timetable/page.tsx [Client Component SSR]
    ./app/(app)/timetable/page.tsx [Server Component] @ http://localhost:3000/_next/static/chunks/node_modules_next_dist_0u_w_5s._.js:1945
[   36802ms] [ERROR] ./app/(app)/timetable/page.tsx:245:21
Expected '</', got 'const'
  243 |                         ? cell.classes?.class_name || cell.class_name || cell.class_id
  244 |                         : cell.subjects?.subject_name || cell.subject_name || ''
> 245 |                     const sc = cell && subj ? subjectColor(subj as string) : null
      |                     ^^^^^
  246 |                     const isEmpty = !cell || !subj
  247 |
  248 |                     return (

Parsing ecmascript source code failed

Import traces:
  Client Component Browser:
    ./app/(app)/timetable/page.tsx [Client Component Browser]
    ./app/(app)/timetable/page.tsx [Server Component]

  Client Component SSR:
    ./app/(app)/timetable/page.tsx [Client Component SSR]
    ./app/(app)/timetable/page.tsx [Server Component] @ http://localhost:3000/_next/static/chunks/node_modules_next_dist_0u_w_5s._.js:1945
[   36865ms] [ERROR] ./app/(app)/timetable/page.tsx:245:21
Expected '</', got 'const'
  243 |                         ? cell.classes?.class_name || cell.class_name || cell.class_id
  244 |                         : cell.subjects?.subject_name || cell.subject_name || ''
> 245 |                     const sc = cell && subj ? subjectColor(subj as string) : null
      |                     ^^^^^
  246 |                     const isEmpty = !cell || !subj
  247 |
  248 |                     return (

Parsing ecmascript source code failed

Import traces:
  Client Component Browser:
    ./app/(app)/timetable/page.tsx [Client Component Browser]
    ./app/(app)/timetable/page.tsx [Server Component]

  Client Component SSR:
    ./app/(app)/timetable/page.tsx [Client Component SSR]
    ./app/(app)/timetable/page.tsx [Server Component] @ http://localhost:3000/_next/static/chunks/node_modules_next_dist_0u_w_5s._.js:1945
[   36916ms] [ERROR] ./app/(app)/timetable/page.tsx:245:21
Expected '</', got 'const'
  243 |                         ? cell.classes?.class_name || cell.class_name || cell.class_id
  244 |                         : cell.subjects?.subject_name || cell.subject_name || ''
> 245 |                     const sc = cell && subj ? subjectColor(subj as string) : null
      |                     ^^^^^
  246 |                     const isEmpty = !cell || !subj
  247 |
  248 |                     return (

Parsing ecmascript source code failed

Import traces:
  Client Component Browser:
    ./app/(app)/timetable/page.tsx [Client Component Browser]
    ./app/(app)/timetable/page.tsx [Server Component]

  Client Component SSR:
    ./app/(app)/timetable/page.tsx [Client Component SSR]
    ./app/(app)/timetable/page.tsx [Server Component] @ http://localhost:3000/_next/static/chunks/node_modules_next_dist_0u_w_5s._.js:1945
[   36978ms] [ERROR] ./app/(app)/timetable/page.tsx:245:21
Expected '</', got 'const'
  243 |                         ? cell.classes?.class_name || cell.class_name || cell.class_id
  244 |                         : cell.subjects?.subject_name || cell.subject_name || ''
> 245 |                     const sc = cell && subj ? subjectColor(subj as string) : null
      |                     ^^^^^
  246 |                     const isEmpty = !cell || !subj
  247 |
  248 |                     return (

Parsing ecmascript source code failed

Import traces:
  Client Component Browser:
    ./app/(app)/timetable/page.tsx [Client Component Browser]
    ./app/(app)/timetable/page.tsx [Server Component]

  Client Component SSR:
    ./app/(app)/timetable/page.tsx [Client Component SSR]
    ./app/(app)/timetable/page.tsx [Server Component] @ http://localhost:3000/_next/static/chunks/node_modules_next_dist_0u_w_5s._.js:1945
[   37032ms] [ERROR] ./app/(app)/timetable/page.tsx:245:21
Expected '</', got 'const'
  243 |                         ? cell.classes?.class_name || cell.class_name || cell.class_id
  244 |                         : cell.subjects?.subject_name || cell.subject_name || ''
> 245 |                     const sc = cell && subj ? subjectColor(subj as string) : null
      |                     ^^^^^
  246 |                     const isEmpty = !cell || !subj
  247 |
  248 |                     return (

Parsing ecmascript source code failed

Import traces:
  Client Component Browser:
    ./app/(app)/timetable/page.tsx [Client Component Browser]
    ./app/(app)/timetable/page.tsx [Server Component]

  Client Component SSR:
    ./app/(app)/timetable/page.tsx [Client Component SSR]
    ./app/(app)/timetable/page.tsx [Server Component] @ http://localhost:3000/_next/static/chunks/node_modules_next_dist_0u_w_5s._.js:1945
[   37093ms] [ERROR] ./app/(app)/timetable/page.tsx:245:21
Expected '</', got 'const'
  243 |                         ? cell.classes?.class_name || cell.class_name || cell.class_id
  244 |                         : cell.subjects?.subject_name || cell.subject_name || ''
> 245 |                     const sc = cell && subj ? subjectColor(subj as string) : null
      |                     ^^^^^
  246 |                     const isEmpty = !cell || !subj
  247 |
  248 |                     return (

Parsing ecmascript source code failed

Import traces:
  Client Component Browser:
    ./app/(app)/timetable/page.tsx [Client Component Browser]
    ./app/(app)/timetable/page.tsx [Server Component]

  Client Component SSR:
    ./app/(app)/timetable/page.tsx [Client Component SSR]
    ./app/(app)/timetable/page.tsx [Server Component] @ http://localhost:3000/_next/static/chunks/node_modules_next_dist_0u_w_5s._.js:1945
[   37150ms] [ERROR] ./app/(app)/timetable/page.tsx:245:21
Expected '</', got 'const'
  243 |                         ? cell.classes?.class_name || cell.class_name || cell.class_id
  244 |                         : cell.subjects?.subject_name || cell.subject_name || ''
> 245 |                     const sc = cell && subj ? subjectColor(subj as string) : null
      |                     ^^^^^
  246 |                     const isEmpty = !cell || !subj
  247 |
  248 |                     return (

Parsing ecmascript source code failed

Import traces:
  Client Component Browser:
    ./app/(app)/timetable/page.tsx [Client Component Browser]
    ./app/(app)/timetable/page.tsx [Server Component]

  Client Component SSR:
    ./app/(app)/timetable/page.tsx [Client Component SSR]
    ./app/(app)/timetable/page.tsx [Server Component] @ http://localhost:3000/_next/static/chunks/node_modules_next_dist_0u_w_5s._.js:1945
[   37202ms] [ERROR] ./app/(app)/timetable/page.tsx:245:21
Expected '</', got 'const'
  243 |                         ? cell.classes?.class_name || cell.class_name || cell.class_id
  244 |                         : cell.subjects?.subject_name || cell.subject_name || ''
> 245 |                     const sc = cell && subj ? subjectColor(subj as string) : null
      |                     ^^^^^
  246 |                     const isEmpty = !cell || !subj
  247 |
  248 |                     return (

Parsing ecmascript source code failed

Import traces:
  Client Component Browser:
    ./app/(app)/timetable/page.tsx [Client Component Browser]
    ./app/(app)/timetable/page.tsx [Server Component]

  Client Component SSR:
    ./app/(app)/timetable/page.tsx [Client Component SSR]
    ./app/(app)/timetable/page.tsx [Server Component] @ http://localhost:3000/_next/static/chunks/node_modules_next_dist_0u_w_5s._.js:1945
[   37251ms] [ERROR] ./app/(app)/timetable/page.tsx:245:21
Expected '</', got 'const'
  243 |                         ? cell.classes?.class_name || cell.class_name || cell.class_id
  244 |                         : cell.subjects?.subject_name || cell.subject_name || ''
> 245 |                     const sc = cell && subj ? subjectColor(subj as string) : null
      |                     ^^^^^
  246 |                     const isEmpty = !cell || !subj
  247 |
  248 |                     return (

Parsing ecmascript source code failed

Import traces:
  Client Component Browser:
    ./app/(app)/timetable/page.tsx [Client Component Browser]
    ./app/(app)/timetable/page.tsx [Server Component]

  Client Component SSR:
    ./app/(app)/timetable/page.tsx [Client Component SSR]
    ./app/(app)/timetable/page.tsx [Server Component] @ http://localhost:3000/_next/static/chunks/node_modules_next_dist_0u_w_5s._.js:1945
[   37303ms] [ERROR] ./app/(app)/timetable/page.tsx:245:21
Expected '</', got 'const'
  243 |                         ? cell.classes?.class_name || cell.class_name || cell.class_id
  244 |                         : cell.subjects?.subject_name || cell.subject_name || ''
> 245 |                     const sc = cell && subj ? subjectColor(subj as string) : null
      |                     ^^^^^
  246 |                     const isEmpty = !cell || !subj
  247 |
  248 |                     return (

Parsing ecmascript source code failed

Import traces:
  Client Component Browser:
    ./app/(app)/timetable/page.tsx [Client Component Browser]
    ./app/(app)/timetable/page.tsx [Server Component]

  Client Component SSR:
    ./app/(app)/timetable/page.tsx [Client Component SSR]
    ./app/(app)/timetable/page.tsx [Server Component] @ http://localhost:3000/_next/static/chunks/node_modules_next_dist_0u_w_5s._.js:1945
[   37352ms] [ERROR] ./app/(app)/timetable/page.tsx:245:21
Expected '</', got 'const'
  243 |                         ? cell.classes?.class_name || cell.class_name || cell.class_id
  244 |                         : cell.subjects?.subject_name || cell.subject_name || ''
> 245 |                     const sc = cell && subj ? subjectColor(subj as string) : null
      |                     ^^^^^
  246 |                     const isEmpty = !cell || !subj
  247 |
  248 |                     return (

Parsing ecmascript source code failed

Import traces:
  Client Component Browser:
    ./app/(app)/timetable/page.tsx [Client Component Browser]
    ./app/(app)/timetable/page.tsx [Server Component]

  Client Component SSR:
    ./app/(app)/timetable/page.tsx [Client Component SSR]
    ./app/(app)/timetable/page.tsx [Server Component] @ http://localhost:3000/_next/static/chunks/node_modules_next_dist_0u_w_5s._.js:1945
[   37400ms] [ERROR] ./app/(app)/timetable/page.tsx:245:21
Expected '</', got 'const'
  243 |                         ? cell.classes?.class_name || cell.class_name || cell.class_id
  244 |                         : cell.subjects?.subject_name || cell.subject_name || ''
> 245 |                     const sc = cell && subj ? subjectColor(subj as string) : null
      |                     ^^^^^
  246 |                     const isEmpty = !cell || !subj
  247 |
  248 |                     return (

Parsing ecmascript source code failed

Import traces:
  Client Component Browser:
    ./app/(app)/timetable/page.tsx [Client Component Browser]
    ./app/(app)/timetable/page.tsx [Server Component]

  Client Component SSR:
    ./app/(app)/timetable/page.tsx [Client Component SSR]
    ./app/(app)/timetable/page.tsx [Server Component] @ http://localhost:3000/_next/static/chunks/node_modules_next_dist_0u_w_5s._.js:1945
[   37456ms] [ERROR] ./app/(app)/timetable/page.tsx:245:21
Expected '</', got 'const'
  243 |                         ? cell.classes?.class_name || cell.class_name || cell.class_id
  244 |                         : cell.subjects?.subject_name || cell.subject_name || ''
> 245 |                     const sc = cell && subj ? subjectColor(subj as string) : null
      |                     ^^^^^
  246 |                     const isEmpty = !cell || !subj
  247 |
  248 |                     return (

Parsing ecmascript source code failed

Import traces:
  Client Component Browser:
    ./app/(app)/timetable/page.tsx [Client Component Browser]
    ./app/(app)/timetable/page.tsx [Server Component]

  Client Component SSR:
    ./app/(app)/timetable/page.tsx [Client Component SSR]
    ./app/(app)/timetable/page.tsx [Server Component] @ http://localhost:3000/_next/static/chunks/node_modules_next_dist_0u_w_5s._.js:1945
[   37517ms] [ERROR] ./app/(app)/timetable/page.tsx:245:21
Expected '</', got 'const'
  243 |                         ? cell.classes?.class_name || cell.class_name || cell.class_id
  244 |                         : cell.subjects?.subject_name || cell.subject_name || ''
> 245 |                     const sc = cell && subj ? subjectColor(subj as string) : null
      |                     ^^^^^
  246 |                     const isEmpty = !cell || !subj
  247 |
  248 |                     return (

Parsing ecmascript source code failed

Import traces:
  Client Component Browser:
    ./app/(app)/timetable/page.tsx [Client Component Browser]
    ./app/(app)/timetable/page.tsx [Server Component]

  Client Component SSR:
    ./app/(app)/timetable/page.tsx [Client Component SSR]
    ./app/(app)/timetable/page.tsx [Server Component] @ http://localhost:3000/_next/static/chunks/node_modules_next_dist_0u_w_5s._.js:1945
[   37579ms] [ERROR] ./app/(app)/timetable/page.tsx:245:21
Expected '</', got 'const'
  243 |                         ? cell.classes?.class_name || cell.class_name || cell.class_id
  244 |                         : cell.subjects?.subject_name || cell.subject_name || ''
> 245 |                     const sc = cell && subj ? subjectColor(subj as string) : null
      |                     ^^^^^
  246 |                     const isEmpty = !cell || !subj
  247 |
  248 |                     return (

Parsing ecmascript source code failed

Import traces:
  Client Component Browser:
    ./app/(app)/timetable/page.tsx [Client Component Browser]
    ./app/(app)/timetable/page.tsx [Server Component]

  Client Component SSR:
    ./app/(app)/timetable/page.tsx [Client Component SSR]
    ./app/(app)/timetable/page.tsx [Server Component] @ http://localhost:3000/_next/static/chunks/node_modules_next_dist_0u_w_5s._.js:1945
[   37637ms] [ERROR] ./app/(app)/timetable/page.tsx:245:21
Expected '</', got 'const'
  243 |                         ? cell.classes?.class_name || cell.class_name || cell.class_id
  244 |                         : cell.subjects?.subject_name || cell.subject_name || ''
> 245 |                     const sc = cell && subj ? subjectColor(subj as string) : null
      |                     ^^^^^
  246 |                     const isEmpty = !cell || !subj
  247 |
  248 |                     return (

Parsing ecmascript source code failed

Import traces:
  Client Component Browser:
    ./app/(app)/timetable/page.tsx [Client Component Browser]
    ./app/(app)/timetable/page.tsx [Server Component]

  Client Component SSR:
    ./app/(app)/timetable/page.tsx [Client Component SSR]
    ./app/(app)/timetable/page.tsx [Server Component] @ http://localhost:3000/_next/static/chunks/node_modules_next_dist_0u_w_5s._.js:1945
[   37685ms] [ERROR] ./app/(app)/timetable/page.tsx:245:21
Expected '</', got 'const'
  243 |                         ? cell.classes?.class_name || cell.class_name || cell.class_id
  244 |                         : cell.subjects?.subject_name || cell.subject_name || ''
> 245 |                     const sc = cell && subj ? subjectColor(subj as string) : null
      |                     ^^^^^
  246 |                     const isEmpty = !cell || !subj
  247 |
  248 |                     return (

Parsing ecmascript source code failed

Import traces:
  Client Component Browser:
    ./app/(app)/timetable/page.tsx [Client Component Browser]
    ./app/(app)/timetable/page.tsx [Server Component]

  Client Component SSR:
    ./app/(app)/timetable/page.tsx [Client Component SSR]
    ./app/(app)/timetable/page.tsx [Server Component] @ http://localhost:3000/_next/static/chunks/node_modules_next_dist_0u_w_5s._.js:1945
[   37736ms] [ERROR] ./app/(app)/timetable/page.tsx:245:21
Expected '</', got 'const'
  243 |                         ? cell.classes?.class_name || cell.class_name || cell.class_id
  244 |                         : cell.subjects?.subject_name || cell.subject_name || ''
> 245 |                     const sc = cell && subj ? subjectColor(subj as string) : null
      |                     ^^^^^
  246 |                     const isEmpty = !cell || !subj
  247 |
  248 |                     return (

Parsing ecmascript source code failed

Import traces:
  Client Component Browser:
    ./app/(app)/timetable/page.tsx [Client Component Browser]
    ./app/(app)/timetable/page.tsx [Server Component]

  Client Component SSR:
    ./app/(app)/timetable/page.tsx [Client Component SSR]
    ./app/(app)/timetable/page.tsx [Server Component] @ http://localhost:3000/_next/static/chunks/node_modules_next_dist_0u_w_5s._.js:1945
[   37798ms] [ERROR] ./app/(app)/timetable/page.tsx:245:21
Expected '</', got 'const'
  243 |                         ? cell.classes?.class_name || cell.class_name || cell.class_id
  244 |                         : cell.subjects?.subject_name || cell.subject_name || ''
> 245 |                     const sc = cell && subj ? subjectColor(subj as string) : null
      |                     ^^^^^
  246 |                     const isEmpty = !cell || !subj
  247 |
  248 |                     return (

Parsing ecmascript source code failed

Import traces:
  Client Component Browser:
    ./app/(app)/timetable/page.tsx [Client Component Browser]
    ./app/(app)/timetable/page.tsx [Server Component]

  Client Component SSR:
    ./app/(app)/timetable/page.tsx [Client Component SSR]
    ./app/(app)/timetable/page.tsx [Server Component] @ http://localhost:3000/_next/static/chunks/node_modules_next_dist_0u_w_5s._.js:1945
[   37861ms] [ERROR] ./app/(app)/timetable/page.tsx:245:21
Expected '</', got 'const'
  243 |                         ? cell.classes?.class_name || cell.class_name || cell.class_id
  244 |                         : cell.subjects?.subject_name || cell.subject_name || ''
> 245 |                     const sc = cell && subj ? subjectColor(subj as string) : null
      |                     ^^^^^
  246 |                     const isEmpty = !cell || !subj
  247 |
  248 |                     return (

Parsing ecmascript source code failed

Import traces:
  Client Component Browser:
    ./app/(app)/timetable/page.tsx [Client Component Browser]
    ./app/(app)/timetable/page.tsx [Server Component]

  Client Component SSR:
    ./app/(app)/timetable/page.tsx [Client Component SSR]
    ./app/(app)/timetable/page.tsx [Server Component] @ http://localhost:3000/_next/static/chunks/node_modules_next_dist_0u_w_5s._.js:1945
[   37911ms] [ERROR] ./app/(app)/timetable/page.tsx:245:21
Expected '</', got 'const'
  243 |                         ? cell.classes?.class_name || cell.class_name || cell.class_id
  244 |                         : cell.subjects?.subject_name || cell.subject_name || ''
> 245 |                     const sc = cell && subj ? subjectColor(subj as string) : null
      |                     ^^^^^
  246 |                     const isEmpty = !cell || !subj
  247 |
  248 |                     return (

Parsing ecmascript source code failed

Import traces:
  Client Component Browser:
    ./app/(app)/timetable/page.tsx [Client Component Browser]
    ./app/(app)/timetable/page.tsx [Server Component]

  Client Component SSR:
    ./app/(app)/timetable/page.tsx [Client Component SSR]
    ./app/(app)/timetable/page.tsx [Server Component] @ http://localhost:3000/_next/static/chunks/node_modules_next_dist_0u_w_5s._.js:1945
[   37971ms] [ERROR] ./app/(app)/timetable/page.tsx:245:21
Expected '</', got 'const'
  243 |                         ? cell.classes?.class_name || cell.class_name || cell.class_id
  244 |                         : cell.subjects?.subject_name || cell.subject_name || ''
> 245 |                     const sc = cell && subj ? subjectColor(subj as string) : null
      |                     ^^^^^
  246 |                     const isEmpty = !cell || !subj
  247 |
  248 |                     return (

Parsing ecmascript source code failed

Import traces:
  Client Component Browser:
    ./app/(app)/timetable/page.tsx [Client Component Browser]
    ./app/(app)/timetable/page.tsx [Server Component]

  Client Component SSR:
    ./app/(app)/timetable/page.tsx [Client Component SSR]
    ./app/(app)/timetable/page.tsx [Server Component] @ http://localhost:3000/_next/static/chunks/node_modules_next_dist_0u_w_5s._.js:1945
[   38023ms] [ERROR] ./app/(app)/timetable/page.tsx:245:21
Expected '</', got 'const'
  243 |                         ? cell.classes?.class_name || cell.class_name || cell.class_id
  244 |                         : cell.subjects?.subject_name || cell.subject_name || ''
> 245 |                     const sc = cell && subj ? subjectColor(subj as string) : null
      |                     ^^^^^
  246 |                     const isEmpty = !cell || !subj
  247 |
  248 |                     return (

Parsing ecmascript source code failed

Import traces:
  Client Component Browser:
    ./app/(app)/timetable/page.tsx [Client Component Browser]
    ./app/(app)/timetable/page.tsx [Server Component]

  Client Component SSR:
    ./app/(app)/timetable/page.tsx [Client Component SSR]
    ./app/(app)/timetable/page.tsx [Server Component] @ http://localhost:3000/_next/static/chunks/node_modules_next_dist_0u_w_5s._.js:1945
[   38084ms] [ERROR] ./app/(app)/timetable/page.tsx:245:21
Expected '</', got 'const'
  243 |                         ? cell.classes?.class_name || cell.class_name || cell.class_id
  244 |                         : cell.subjects?.subject_name || cell.subject_name || ''
> 245 |                     const sc = cell && subj ? subjectColor(subj as string) : null
      |                     ^^^^^
  246 |                     const isEmpty = !cell || !subj
  247 |
  248 |                     return (

Parsing ecmascript source code failed

Import traces:
  Client Component Browser:
    ./app/(app)/timetable/page.tsx [Client Component Browser]
    ./app/(app)/timetable/page.tsx [Server Component]

  Client Component SSR:
    ./app/(app)/timetable/page.tsx [Client Component SSR]
    ./app/(app)/timetable/page.tsx [Server Component] @ http://localhost:3000/_next/static/chunks/node_modules_next_dist_0u_w_5s._.js:1945
[   38137ms] [ERROR] ./app/(app)/timetable/page.tsx:245:21
Expected '</', got 'const'
  243 |                         ? cell.classes?.class_name || cell.class_name || cell.class_id
  244 |                         : cell.subjects?.subject_name || cell.subject_name || ''
> 245 |                     const sc = cell && subj ? subjectColor(subj as string) : null
      |                     ^^^^^
  246 |                     const isEmpty = !cell || !subj
  247 |
  248 |                     return (

Parsing ecmascript source code failed

Import traces:
  Client Component Browser:
    ./app/(app)/timetable/page.tsx [Client Component Browser]
    ./app/(app)/timetable/page.tsx [Server Component]

  Client Component SSR:
    ./app/(app)/timetable/page.tsx [Client Component SSR]
    ./app/(app)/timetable/page.tsx [Server Component] @ http://localhost:3000/_next/static/chunks/node_modules_next_dist_0u_w_5s._.js:1945
[   38190ms] [ERROR] ./app/(app)/timetable/page.tsx:245:21
Expected '</', got 'const'
  243 |                         ? cell.classes?.class_name || cell.class_name || cell.class_id
  244 |                         : cell.subjects?.subject_name || cell.subject_name || ''
> 245 |                     const sc = cell && subj ? subjectColor(subj as string) : null
      |                     ^^^^^
  246 |                     const isEmpty = !cell || !subj
  247 |
  248 |                     return (

Parsing ecmascript source code failed

Import traces:
  Client Component Browser:
    ./app/(app)/timetable/page.tsx [Client Component Browser]
    ./app/(app)/timetable/page.tsx [Server Component]

  Client Component SSR:
    ./app/(app)/timetable/page.tsx [Client Component SSR]
    ./app/(app)/timetable/page.tsx [Server Component] @ http://localhost:3000/_next/static/chunks/node_modules_next_dist_0u_w_5s._.js:1945
[   38251ms] [ERROR] ./app/(app)/timetable/page.tsx:245:21
Expected '</', got 'const'
  243 |                         ? cell.classes?.class_name || cell.class_name || cell.class_id
  244 |                         : cell.subjects?.subject_name || cell.subject_name || ''
> 245 |                     const sc = cell && subj ? subjectColor(subj as string) : null
      |                     ^^^^^
  246 |                     const isEmpty = !cell || !subj
  247 |
  248 |                     return (

Parsing ecmascript source code failed

Import traces:
  Client Component Browser:
    ./app/(app)/timetable/page.tsx [Client Component Browser]
    ./app/(app)/timetable/page.tsx [Server Component]

  Client Component SSR:
    ./app/(app)/timetable/page.tsx [Client Component SSR]
    ./app/(app)/timetable/page.tsx [Server Component] @ http://localhost:3000/_next/static/chunks/node_modules_next_dist_0u_w_5s._.js:1945
[   38294ms] [ERROR] ./app/(app)/timetable/page.tsx:245:21
Expected '</', got 'const'
  243 |                         ? cell.classes?.class_name || cell.class_name || cell.class_id
  244 |                         : cell.subjects?.subject_name || cell.subject_name || ''
> 245 |                     const sc = cell && subj ? subjectColor(subj as string) : null
      |                     ^^^^^
  246 |                     const isEmpty = !cell || !subj
  247 |
  248 |                     return (

Parsing ecmascript source code failed

Import traces:
  Client Component Browser:
    ./app/(app)/timetable/page.tsx [Client Component Browser]
    ./app/(app)/timetable/page.tsx [Server Component]

  Client Component SSR:
    ./app/(app)/timetable/page.tsx [Client Component SSR]
    ./app/(app)/timetable/page.tsx [Server Component] @ http://localhost:3000/_next/static/chunks/node_modules_next_dist_0u_w_5s._.js:1945
[   38356ms] [ERROR] ./app/(app)/timetable/page.tsx:245:21
Expected '</', got 'const'
  243 |                         ? cell.classes?.class_name || cell.class_name || cell.class_id
  244 |                         : cell.subjects?.subject_name || cell.subject_name || ''
> 245 |                     const sc = cell && subj ? subjectColor(subj as string) : null
      |                     ^^^^^
  246 |                     const isEmpty = !cell || !subj
  247 |
  248 |                     return (

Parsing ecmascript source code failed

Import traces:
  Client Component Browser:
    ./app/(app)/timetable/page.tsx [Client Component Browser]
    ./app/(app)/timetable/page.tsx [Server Component]

  Client Component SSR:
    ./app/(app)/timetable/page.tsx [Client Component SSR]
    ./app/(app)/timetable/page.tsx [Server Component] @ http://localhost:3000/_next/static/chunks/node_modules_next_dist_0u_w_5s._.js:1945
[   38418ms] [ERROR] ./app/(app)/timetable/page.tsx:245:21
Expected '</', got 'const'
  243 |                         ? cell.classes?.class_name || cell.class_name || cell.class_id
  244 |                         : cell.subjects?.subject_name || cell.subject_name || ''
> 245 |                     const sc = cell && subj ? subjectColor(subj as string) : null
      |                     ^^^^^
  246 |                     const isEmpty = !cell || !subj
  247 |
  248 |                     return (

Parsing ecmascript source code failed

Import traces:
  Client Component Browser:
    ./app/(app)/timetable/page.tsx [Client Component Browser]
    ./app/(app)/timetable/page.tsx [Server Component]

  Client Component SSR:
    ./app/(app)/timetable/page.tsx [Client Component SSR]
    ./app/(app)/timetable/page.tsx [Server Component] @ http://localhost:3000/_next/static/chunks/node_modules_next_dist_0u_w_5s._.js:1945
[   38467ms] [ERROR] ./app/(app)/timetable/page.tsx:245:21
Expected '</', got 'const'
  243 |                         ? cell.classes?.class_name || cell.class_name || cell.class_id
  244 |                         : cell.subjects?.subject_name || cell.subject_name || ''
> 245 |                     const sc = cell && subj ? subjectColor(subj as string) : null
      |                     ^^^^^
  246 |                     const isEmpty = !cell || !subj
  247 |
  248 |                     return (

Parsing ecmascript source code failed

Import traces:
  Client Component Browser:
    ./app/(app)/timetable/page.tsx [Client Component Browser]
    ./app/(app)/timetable/page.tsx [Server Component]

  Client Component SSR:
    ./app/(app)/timetable/page.tsx [Client Component SSR]
    ./app/(app)/timetable/page.tsx [Server Component] @ http://localhost:3000/_next/static/chunks/node_modules_next_dist_0u_w_5s._.js:1945
[   38522ms] [ERROR] ./app/(app)/timetable/page.tsx:245:21
Expected '</', got 'const'
  243 |                         ? cell.classes?.class_name || cell.class_name || cell.class_id
  244 |                         : cell.subjects?.subject_name || cell.subject_name || ''
> 245 |                     const sc = cell && subj ? subjectColor(subj as string) : null
      |                     ^^^^^
  246 |                     const isEmpty = !cell || !subj
  247 |
  248 |                     return (

Parsing ecmascript source code failed

Import traces:
  Client Component Browser:
    ./app/(app)/timetable/page.tsx [Client Component Browser]
    ./app/(app)/timetable/page.tsx [Server Component]

  Client Component SSR:
    ./app/(app)/timetable/page.tsx [Client Component SSR]
    ./app/(app)/timetable/page.tsx [Server Component] @ http://localhost:3000/_next/static/chunks/node_modules_next_dist_0u_w_5s._.js:1945
[   38583ms] [ERROR] ./app/(app)/timetable/page.tsx:245:21
Expected '</', got 'const'
  243 |                         ? cell.classes?.class_name || cell.class_name || cell.class_id
  244 |                         : cell.subjects?.subject_name || cell.subject_name || ''
> 245 |                     const sc = cell && subj ? subjectColor(subj as string) : null
      |                     ^^^^^
  246 |                     const isEmpty = !cell || !subj
  247 |
  248 |                     return (

Parsing ecmascript source code failed

Import traces:
  Client Component Browser:
    ./app/(app)/timetable/page.tsx [Client Component Browser]
    ./app/(app)/timetable/page.tsx [Server Component]

  Client Component SSR:
    ./app/(app)/timetable/page.tsx [Client Component SSR]
    ./app/(app)/timetable/page.tsx [Server Component] @ http://localhost:3000/_next/static/chunks/node_modules_next_dist_0u_w_5s._.js:1945
[   38641ms] [ERROR] ./app/(app)/timetable/page.tsx:245:21
Expected '</', got 'const'
  243 |                         ? cell.classes?.class_name || cell.class_name || cell.class_id
  244 |                         : cell.subjects?.subject_name || cell.subject_name || ''
> 245 |                     const sc = cell && subj ? subjectColor(subj as string) : null
      |                     ^^^^^
  246 |                     const isEmpty = !cell || !subj
  247 |
  248 |                     return (

Parsing ecmascript source code failed

Import traces:
  Client Component Browser:
    ./app/(app)/timetable/page.tsx [Client Component Browser]
    ./app/(app)/timetable/page.tsx [Server Component]

  Client Component SSR:
    ./app/(app)/timetable/page.tsx [Client Component SSR]
    ./app/(app)/timetable/page.tsx [Server Component] @ http://localhost:3000/_next/static/chunks/node_modules_next_dist_0u_w_5s._.js:1945
[   38703ms] [ERROR] ./app/(app)/timetable/page.tsx:245:21
Expected '</', got 'const'
  243 |                         ? cell.classes?.class_name || cell.class_name || cell.class_id
  244 |                         : cell.subjects?.subject_name || cell.subject_name || ''
> 245 |                     const sc = cell && subj ? subjectColor(subj as string) : null
      |                     ^^^^^
  246 |                     const isEmpty = !cell || !subj
  247 |
  248 |                     return (

Parsing ecmascript source code failed

Import traces:
  Client Component Browser:
    ./app/(app)/timetable/page.tsx [Client Component Browser]
    ./app/(app)/timetable/page.tsx [Server Component]

  Client Component SSR:
    ./app/(app)/timetable/page.tsx [Client Component SSR]
    ./app/(app)/timetable/page.tsx [Server Component] @ http://localhost:3000/_next/static/chunks/node_modules_next_dist_0u_w_5s._.js:1945
[   38761ms] [ERROR] ./app/(app)/timetable/page.tsx:245:21
Expected '</', got 'const'
  243 |                         ? cell.classes?.class_name || cell.class_name || cell.class_id
  244 |                         : cell.subjects?.subject_name || cell.subject_name || ''
> 245 |                     const sc = cell && subj ? subjectColor(subj as string) : null
      |                     ^^^^^
  246 |                     const isEmpty = !cell || !subj
  247 |
  248 |                     return (

Parsing ecmascript source code failed

Import traces:
  Client Component Browser:
    ./app/(app)/timetable/page.tsx [Client Component Browser]
    ./app/(app)/timetable/page.tsx [Server Component]

  Client Component SSR:
    ./app/(app)/timetable/page.tsx [Client Component SSR]
    ./app/(app)/timetable/page.tsx [Server Component] @ http://localhost:3000/_next/static/chunks/node_modules_next_dist_0u_w_5s._.js:1945
[   38816ms] [ERROR] ./app/(app)/timetable/page.tsx:245:21
Expected '</', got 'const'
  243 |                         ? cell.classes?.class_name || cell.class_name || cell.class_id
  244 |                         : cell.subjects?.subject_name || cell.subject_name || ''
> 245 |                     const sc = cell && subj ? subjectColor(subj as string) : null
      |                     ^^^^^
  246 |                     const isEmpty = !cell || !subj
  247 |
  248 |                     return (

Parsing ecmascript source code failed

Import traces:
  Client Component Browser:
    ./app/(app)/timetable/page.tsx [Client Component Browser]
    ./app/(app)/timetable/page.tsx [Server Component]

  Client Component SSR:
    ./app/(app)/timetable/page.tsx [Client Component SSR]
    ./app/(app)/timetable/page.tsx [Server Component] @ http://localhost:3000/_next/static/chunks/node_modules_next_dist_0u_w_5s._.js:1945
[   38879ms] [ERROR] ./app/(app)/timetable/page.tsx:245:21
Expected '</', got 'const'
  243 |                         ? cell.classes?.class_name || cell.class_name || cell.class_id
  244 |                         : cell.subjects?.subject_name || cell.subject_name || ''
> 245 |                     const sc = cell && subj ? subjectColor(subj as string) : null
      |                     ^^^^^
  246 |                     const isEmpty = !cell || !subj
  247 |
  248 |                     return (

Parsing ecmascript source code failed

Import traces:
  Client Component Browser:
    ./app/(app)/timetable/page.tsx [Client Component Browser]
    ./app/(app)/timetable/page.tsx [Server Component]

  Client Component SSR:
    ./app/(app)/timetable/page.tsx [Client Component SSR]
    ./app/(app)/timetable/page.tsx [Server Component] @ http://localhost:3000/_next/static/chunks/node_modules_next_dist_0u_w_5s._.js:1945
[   38937ms] [ERROR] ./app/(app)/timetable/page.tsx:245:21
Expected '</', got 'const'
  243 |                         ? cell.classes?.class_name || cell.class_name || cell.class_id
  244 |                         : cell.subjects?.subject_name || cell.subject_name || ''
> 245 |                     const sc = cell && subj ? subjectColor(subj as string) : null
      |                     ^^^^^
  246 |                     const isEmpty = !cell || !subj
  247 |
  248 |                     return (

Parsing ecmascript source code failed

Import traces:
  Client Component Browser:
    ./app/(app)/timetable/page.tsx [Client Component Browser]
    ./app/(app)/timetable/page.tsx [Server Component]

  Client Component SSR:
    ./app/(app)/timetable/page.tsx [Client Component SSR]
    ./app/(app)/timetable/page.tsx [Server Component] @ http://localhost:3000/_next/static/chunks/node_modules_next_dist_0u_w_5s._.js:1945
[   38998ms] [ERROR] ./app/(app)/timetable/page.tsx:245:21
Expected '</', got 'const'
  243 |                         ? cell.classes?.class_name || cell.class_name || cell.class_id
  244 |                         : cell.subjects?.subject_name || cell.subject_name || ''
> 245 |                     const sc = cell && subj ? subjectColor(subj as string) : null
      |                     ^^^^^
  246 |                     const isEmpty = !cell || !subj
  247 |
  248 |                     return (

Parsing ecmascript source code failed

Import traces:
  Client Component Browser:
    ./app/(app)/timetable/page.tsx [Client Component Browser]
    ./app/(app)/timetable/page.tsx [Server Component]

  Client Component SSR:
    ./app/(app)/timetable/page.tsx [Client Component SSR]
    ./app/(app)/timetable/page.tsx [Server Component] @ http://localhost:3000/_next/static/chunks/node_modules_next_dist_0u_w_5s._.js:1945
[   39041ms] [ERROR] ./app/(app)/timetable/page.tsx:245:21
Expected '</', got 'const'
  243 |                         ? cell.classes?.class_name || cell.class_name || cell.class_id
  244 |                         : cell.subjects?.subject_name || cell.subject_name || ''
> 245 |                     const sc = cell && subj ? subjectColor(subj as string) : null
      |                     ^^^^^
  246 |                     const isEmpty = !cell || !subj
  247 |
  248 |                     return (

Parsing ecmascript source code failed

Import traces:
  Client Component Browser:
    ./app/(app)/timetable/page.tsx [Client Component Browser]
    ./app/(app)/timetable/page.tsx [Server Component]

  Client Component SSR:
    ./app/(app)/timetable/page.tsx [Client Component SSR]
    ./app/(app)/timetable/page.tsx [Server Component] @ http://localhost:3000/_next/static/chunks/node_modules_next_dist_0u_w_5s._.js:1945
[   39091ms] [ERROR] ./app/(app)/timetable/page.tsx:245:21
Expected '</', got 'const'
  243 |                         ? cell.classes?.class_name || cell.class_name || cell.class_id
  244 |                         : cell.subjects?.subject_name || cell.subject_name || ''
> 245 |                     const sc = cell && subj ? subjectColor(subj as string) : null
      |                     ^^^^^
  246 |                     const isEmpty = !cell || !subj
  247 |
  248 |                     return (

Parsing ecmascript source code failed

Import traces:
  Client Component Browser:
    ./app/(app)/timetable/page.tsx [Client Component Browser]
    ./app/(app)/timetable/page.tsx [Server Component]

  Client Component SSR:
    ./app/(app)/timetable/page.tsx [Client Component SSR]
    ./app/(app)/timetable/page.tsx [Server Component] @ http://localhost:3000/_next/static/chunks/node_modules_next_dist_0u_w_5s._.js:1945
[   39147ms] [ERROR] ./app/(app)/timetable/page.tsx:245:21
Expected '</', got 'const'
  243 |                         ? cell.classes?.class_name || cell.class_name || cell.class_id
  244 |                         : cell.subjects?.subject_name || cell.subject_name || ''
> 245 |                     const sc = cell && subj ? subjectColor(subj as string) : null
      |                     ^^^^^
  246 |                     const isEmpty = !cell || !subj
  247 |
  248 |                     return (

Parsing ecmascript source code failed

Import traces:
  Client Component Browser:
    ./app/(app)/timetable/page.tsx [Client Component Browser]
    ./app/(app)/timetable/page.tsx [Server Component]

  Client Component SSR:
    ./app/(app)/timetable/page.tsx [Client Component SSR]
    ./app/(app)/timetable/page.tsx [Server Component] @ http://localhost:3000/_next/static/chunks/node_modules_next_dist_0u_w_5s._.js:1945
[   39201ms] [ERROR] ./app/(app)/timetable/page.tsx:245:21
Expected '</', got 'const'
  243 |                         ? cell.classes?.class_name || cell.class_name || cell.class_id
  244 |                         : cell.subjects?.subject_name || cell.subject_name || ''
> 245 |                     const sc = cell && subj ? subjectColor(subj as string) : null
      |                     ^^^^^
  246 |                     const isEmpty = !cell || !subj
  247 |
  248 |                     return (

Parsing ecmascript source code failed

Import traces:
  Client Component Browser:
    ./app/(app)/timetable/page.tsx [Client Component Browser]
    ./app/(app)/timetable/page.tsx [Server Component]

  Client Component SSR:
    ./app/(app)/timetable/page.tsx [Client Component SSR]
    ./app/(app)/timetable/page.tsx [Server Component] @ http://localhost:3000/_next/static/chunks/node_modules_next_dist_0u_w_5s._.js:1945
[   39263ms] [ERROR] ./app/(app)/timetable/page.tsx:245:21
Expected '</', got 'const'
  243 |                         ? cell.classes?.class_name || cell.class_name || cell.class_id
  244 |                         : cell.subjects?.subject_name || cell.subject_name || ''
> 245 |                     const sc = cell && subj ? subjectColor(subj as string) : null
      |                     ^^^^^
  246 |                     const isEmpty = !cell || !subj
  247 |
  248 |                     return (

Parsing ecmascript source code failed

Import traces:
  Client Component Browser:
    ./app/(app)/timetable/page.tsx [Client Component Browser]
    ./app/(app)/timetable/page.tsx [Server Component]

  Client Component SSR:
    ./app/(app)/timetable/page.tsx [Client Component SSR]
    ./app/(app)/timetable/page.tsx [Server Component] @ http://localhost:3000/_next/static/chunks/node_modules_next_dist_0u_w_5s._.js:1945
[   39321ms] [ERROR] ./app/(app)/timetable/page.tsx:245:21
Expected '</', got 'const'
  243 |                         ? cell.classes?.class_name || cell.class_name || cell.class_id
  244 |                         : cell.subjects?.subject_name || cell.subject_name || ''
> 245 |                     const sc = cell && subj ? subjectColor(subj as string) : null
      |                     ^^^^^
  246 |                     const isEmpty = !cell || !subj
  247 |
  248 |                     return (

Parsing ecmascript source code failed

Import traces:
  Client Component Browser:
    ./app/(app)/timetable/page.tsx [Client Component Browser]
    ./app/(app)/timetable/page.tsx [Server Component]

  Client Component SSR:
    ./app/(app)/timetable/page.tsx [Client Component SSR]
    ./app/(app)/timetable/page.tsx [Server Component] @ http://localhost:3000/_next/static/chunks/node_modules_next_dist_0u_w_5s._.js:1945
[   39375ms] [ERROR] ./app/(app)/timetable/page.tsx:245:21
Expected '</', got 'const'
  243 |                         ? cell.classes?.class_name || cell.class_name || cell.class_id
  244 |                         : cell.subjects?.subject_name || cell.subject_name || ''
> 245 |                     const sc = cell && subj ? subjectColor(subj as string) : null
      |                     ^^^^^
  246 |                     const isEmpty = !cell || !subj
  247 |
  248 |                     return (

Parsing ecmascript source code failed

Import traces:
  Client Component Browser:
    ./app/(app)/timetable/page.tsx [Client Component Browser]
    ./app/(app)/timetable/page.tsx [Server Component]

  Client Component SSR:
    ./app/(app)/timetable/page.tsx [Client Component SSR]
    ./app/(app)/timetable/page.tsx [Server Component] @ http://localhost:3000/_next/static/chunks/node_modules_next_dist_0u_w_5s._.js:1945
[   39424ms] [ERROR] ./app/(app)/timetable/page.tsx:245:21
Expected '</', got 'const'
  243 |                         ? cell.classes?.class_name || cell.class_name || cell.class_id
  244 |                         : cell.subjects?.subject_name || cell.subject_name || ''
> 245 |                     const sc = cell && subj ? subjectColor(subj as string) : null
      |                     ^^^^^
  246 |                     const isEmpty = !cell || !subj
  247 |
  248 |                     return (

Parsing ecmascript source code failed

Import traces:
  Client Component Browser:
    ./app/(app)/timetable/page.tsx [Client Component Browser]
    ./app/(app)/timetable/page.tsx [Server Component]

  Client Component SSR:
    ./app/(app)/timetable/page.tsx [Client Component SSR]
    ./app/(app)/timetable/page.tsx [Server Component] @ http://localhost:3000/_next/static/chunks/node_modules_next_dist_0u_w_5s._.js:1945
[   39473ms] [ERROR] ./app/(app)/timetable/page.tsx:245:21
Expected '</', got 'const'
  243 |                         ? cell.classes?.class_name || cell.class_name || cell.class_id
  244 |                         : cell.subjects?.subject_name || cell.subject_name || ''
> 245 |                     const sc = cell && subj ? subjectColor(subj as string) : null
      |                     ^^^^^
  246 |                     const isEmpty = !cell || !subj
  247 |
  248 |                     return (

Parsing ecmascript source code failed

Import traces:
  Client Component Browser:
    ./app/(app)/timetable/page.tsx [Client Component Browser]
    ./app/(app)/timetable/page.tsx [Server Component]

  Client Component SSR:
    ./app/(app)/timetable/page.tsx [Client Component SSR]
    ./app/(app)/timetable/page.tsx [Server Component] @ http://localhost:3000/_next/static/chunks/node_modules_next_dist_0u_w_5s._.js:1945
[   39526ms] [ERROR] ./app/(app)/timetable/page.tsx:245:21
Expected '</', got 'const'
  243 |                         ? cell.classes?.class_name || cell.class_name || cell.class_id
  244 |                         : cell.subjects?.subject_name || cell.subject_name || ''
> 245 |                     const sc = cell && subj ? subjectColor(subj as string) : null
      |                     ^^^^^
  246 |                     const isEmpty = !cell || !subj
  247 |
  248 |                     return (

Parsing ecmascript source code failed

Import traces:
  Client Component Browser:
    ./app/(app)/timetable/page.tsx [Client Component Browser]
    ./app/(app)/timetable/page.tsx [Server Component]

  Client Component SSR:
    ./app/(app)/timetable/page.tsx [Client Component SSR]
    ./app/(app)/timetable/page.tsx [Server Component] @ http://localhost:3000/_next/static/chunks/node_modules_next_dist_0u_w_5s._.js:1945
[   39577ms] [ERROR] ./app/(app)/timetable/page.tsx:245:21
Expected '</', got 'const'
  243 |                         ? cell.classes?.class_name || cell.class_name || cell.class_id
  244 |                         : cell.subjects?.subject_name || cell.subject_name || ''
> 245 |                     const sc = cell && subj ? subjectColor(subj as string) : null
      |                     ^^^^^
  246 |                     const isEmpty = !cell || !subj
  247 |
  248 |                     return (

Parsing ecmascript source code failed

Import traces:
  Client Component Browser:
    ./app/(app)/timetable/page.tsx [Client Component Browser]
    ./app/(app)/timetable/page.tsx [Server Component]

  Client Component SSR:
    ./app/(app)/timetable/page.tsx [Client Component SSR]
    ./app/(app)/timetable/page.tsx [Server Component] @ http://localhost:3000/_next/static/chunks/node_modules_next_dist_0u_w_5s._.js:1945
[   39625ms] [ERROR] ./app/(app)/timetable/page.tsx:245:21
Expected '</', got 'const'
  243 |                         ? cell.classes?.class_name || cell.class_name || cell.class_id
  244 |                         : cell.subjects?.subject_name || cell.subject_name || ''
> 245 |                     const sc = cell && subj ? subjectColor(subj as string) : null
      |                     ^^^^^
  246 |                     const isEmpty = !cell || !subj
  247 |
  248 |                     return (

Parsing ecmascript source code failed

Import traces:
  Client Component Browser:
    ./app/(app)/timetable/page.tsx [Client Component Browser]
    ./app/(app)/timetable/page.tsx [Server Component]

  Client Component SSR:
    ./app/(app)/timetable/page.tsx [Client Component SSR]
    ./app/(app)/timetable/page.tsx [Server Component] @ http://localhost:3000/_next/static/chunks/node_modules_next_dist_0u_w_5s._.js:1945
[   39686ms] [ERROR] ./app/(app)/timetable/page.tsx:245:21
Expected '</', got 'const'
  243 |                         ? cell.classes?.class_name || cell.class_name || cell.class_id
  244 |                         : cell.subjects?.subject_name || cell.subject_name || ''
> 245 |                     const sc = cell && subj ? subjectColor(subj as string) : null
      |                     ^^^^^
  246 |                     const isEmpty = !cell || !subj
  247 |
  248 |                     return (

Parsing ecmascript source code failed

Import traces:
  Client Component Browser:
    ./app/(app)/timetable/page.tsx [Client Component Browser]
    ./app/(app)/timetable/page.tsx [Server Component]

  Client Component SSR:
    ./app/(app)/timetable/page.tsx [Client Component SSR]
    ./app/(app)/timetable/page.tsx [Server Component] @ http://localhost:3000/_next/static/chunks/node_modules_next_dist_0u_w_5s._.js:1945
[   39736ms] [ERROR] ./app/(app)/timetable/page.tsx:245:21
Expected '</', got 'const'
  243 |                         ? cell.classes?.class_name || cell.class_name || cell.class_id
  244 |                         : cell.subjects?.subject_name || cell.subject_name || ''
> 245 |                     const sc = cell && subj ? subjectColor(subj as string) : null
      |                     ^^^^^
  246 |                     const isEmpty = !cell || !subj
  247 |
  248 |                     return (

Parsing ecmascript source code failed

Import traces:
  Client Component Browser:
    ./app/(app)/timetable/page.tsx [Client Component Browser]
    ./app/(app)/timetable/page.tsx [Server Component]

  Client Component SSR:
    ./app/(app)/timetable/page.tsx [Client Component SSR]
    ./app/(app)/timetable/page.tsx [Server Component] @ http://localhost:3000/_next/static/chunks/node_modules_next_dist_0u_w_5s._.js:1945
[   39785ms] [ERROR] ./app/(app)/timetable/page.tsx:245:21
Expected '</', got 'const'
  243 |                         ? cell.classes?.class_name || cell.class_name || cell.class_id
  244 |                         : cell.subjects?.subject_name || cell.subject_name || ''
> 245 |                     const sc = cell && subj ? subjectColor(subj as string) : null
      |                     ^^^^^
  246 |                     const isEmpty = !cell || !subj
  247 |
  248 |                     return (

Parsing ecmascript source code failed

Import traces:
  Client Component Browser:
    ./app/(app)/timetable/page.tsx [Client Component Browser]
    ./app/(app)/timetable/page.tsx [Server Component]

  Client Component SSR:
    ./app/(app)/timetable/page.tsx [Client Component SSR]
    ./app/(app)/timetable/page.tsx [Server Component] @ http://localhost:3000/_next/static/chunks/node_modules_next_dist_0u_w_5s._.js:1945
[   39838ms] [ERROR] ./app/(app)/timetable/page.tsx:245:21
Expected '</', got 'const'
  243 |                         ? cell.classes?.class_name || cell.class_name || cell.class_id
  244 |                         : cell.subjects?.subject_name || cell.subject_name || ''
> 245 |                     const sc = cell && subj ? subjectColor(subj as string) : null
      |                     ^^^^^
  246 |                     const isEmpty = !cell || !subj
  247 |
  248 |                     return (

Parsing ecmascript source code failed

Import traces:
  Client Component Browser:
    ./app/(app)/timetable/page.tsx [Client Component Browser]
    ./app/(app)/timetable/page.tsx [Server Component]

  Client Component SSR:
    ./app/(app)/timetable/page.tsx [Client Component SSR]
    ./app/(app)/timetable/page.tsx [Server Component] @ http://localhost:3000/_next/static/chunks/node_modules_next_dist_0u_w_5s._.js:1945
[   39890ms] [ERROR] ./app/(app)/timetable/page.tsx:245:21
Expected '</', got 'const'
  243 |                         ? cell.classes?.class_name || cell.class_name || cell.class_id
  244 |                         : cell.subjects?.subject_name || cell.subject_name || ''
> 245 |                     const sc = cell && subj ? subjectColor(subj as string) : null
      |                     ^^^^^
  246 |                     const isEmpty = !cell || !subj
  247 |
  248 |                     return (

Parsing ecmascript source code failed

Import traces:
  Client Component Browser:
    ./app/(app)/timetable/page.tsx [Client Component Browser]
    ./app/(app)/timetable/page.tsx [Server Component]

  Client Component SSR:
    ./app/(app)/timetable/page.tsx [Client Component SSR]
    ./app/(app)/timetable/page.tsx [Server Component] @ http://localhost:3000/_next/static/chunks/node_modules_next_dist_0u_w_5s._.js:1945
[   39940ms] [ERROR] ./app/(app)/timetable/page.tsx:245:21
Expected '</', got 'const'
  243 |                         ? cell.classes?.class_name || cell.class_name || cell.class_id
  244 |                         : cell.subjects?.subject_name || cell.subject_name || ''
> 245 |                     const sc = cell && subj ? subjectColor(subj as string) : null
      |                     ^^^^^
  246 |                     const isEmpty = !cell || !subj
  247 |
  248 |                     return (

Parsing ecmascript source code failed

Import traces:
  Client Component Browser:
    ./app/(app)/timetable/page.tsx [Client Component Browser]
    ./app/(app)/timetable/page.tsx [Server Component]

  Client Component SSR:
    ./app/(app)/timetable/page.tsx [Client Component SSR]
    ./app/(app)/timetable/page.tsx [Server Component] @ http://localhost:3000/_next/static/chunks/node_modules_next_dist_0u_w_5s._.js:1945
[   40000ms] [ERROR] ./app/(app)/timetable/page.tsx:245:21
Expected '</', got 'const'
  243 |                         ? cell.classes?.class_name || cell.class_name || cell.class_id
  244 |                         : cell.subjects?.subject_name || cell.subject_name || ''
> 245 |                     const sc = cell && subj ? subjectColor(subj as string) : null
      |                     ^^^^^
  246 |                     const isEmpty = !cell || !subj
  247 |
  248 |                     return (

Parsing ecmascript source code failed

Import traces:
  Client Component Browser:
    ./app/(app)/timetable/page.tsx [Client Component Browser]
    ./app/(app)/timetable/page.tsx [Server Component]

  Client Component SSR:
    ./app/(app)/timetable/page.tsx [Client Component SSR]
    ./app/(app)/timetable/page.tsx [Server Component] @ http://localhost:3000/_next/static/chunks/node_modules_next_dist_0u_w_5s._.js:1945
[   40062ms] [ERROR] ./app/(app)/timetable/page.tsx:245:21
Expected '</', got 'const'
  243 |                         ? cell.classes?.class_name || cell.class_name || cell.class_id
  244 |                         : cell.subjects?.subject_name || cell.subject_name || ''
> 245 |                     const sc = cell && subj ? subjectColor(subj as string) : null
      |                     ^^^^^
  246 |                     const isEmpty = !cell || !subj
  247 |
  248 |                     return (

Parsing ecmascript source code failed

Import traces:
  Client Component Browser:
    ./app/(app)/timetable/page.tsx [Client Component Browser]
    ./app/(app)/timetable/page.tsx [Server Component]

  Client Component SSR:
    ./app/(app)/timetable/page.tsx [Client Component SSR]
    ./app/(app)/timetable/page.tsx [Server Component] @ http://localhost:3000/_next/static/chunks/node_modules_next_dist_0u_w_5s._.js:1945
[   40121ms] [ERROR] ./app/(app)/timetable/page.tsx:245:21
Expected '</', got 'const'
  243 |                         ? cell.classes?.class_name || cell.class_name || cell.class_id
  244 |                         : cell.subjects?.subject_name || cell.subject_name || ''
> 245 |                     const sc = cell && subj ? subjectColor(subj as string) : null
      |                     ^^^^^
  246 |                     const isEmpty = !cell || !subj
  247 |
  248 |                     return (

Parsing ecmascript source code failed

Import traces:
  Client Component Browser:
    ./app/(app)/timetable/page.tsx [Client Component Browser]
    ./app/(app)/timetable/page.tsx [Server Component]

  Client Component SSR:
    ./app/(app)/timetable/page.tsx [Client Component SSR]
    ./app/(app)/timetable/page.tsx [Server Component] @ http://localhost:3000/_next/static/chunks/node_modules_next_dist_0u_w_5s._.js:1945
[   40192ms] [ERROR] ./app/(app)/timetable/page.tsx:245:21
Expected '</', got 'const'
  243 |                         ? cell.classes?.class_name || cell.class_name || cell.class_id
  244 |                         : cell.subjects?.subject_name || cell.subject_name || ''
> 245 |                     const sc = cell && subj ? subjectColor(subj as string) : null
      |                     ^^^^^
  246 |                     const isEmpty = !cell || !subj
  247 |
  248 |                     return (

Parsing ecmascript source code failed

Import traces:
  Client Component Browser:
    ./app/(app)/timetable/page.tsx [Client Component Browser]
    ./app/(app)/timetable/page.tsx [Server Component]

  Client Component SSR:
    ./app/(app)/timetable/page.tsx [Client Component SSR]
    ./app/(app)/timetable/page.tsx [Server Component] @ http://localhost:3000/_next/static/chunks/node_modules_next_dist_0u_w_5s._.js:1945
[   40245ms] [ERROR] ./app/(app)/timetable/page.tsx:245:21
Expected '</', got 'const'
  243 |                         ? cell.classes?.class_name || cell.class_name || cell.class_id
  244 |                         : cell.subjects?.subject_name || cell.subject_name || ''
> 245 |                     const sc = cell && subj ? subjectColor(subj as string) : null
      |                     ^^^^^
  246 |                     const isEmpty = !cell || !subj
  247 |
  248 |                     return (

Parsing ecmascript source code failed

Import traces:
  Client Component Browser:
    ./app/(app)/timetable/page.tsx [Client Component Browser]
    ./app/(app)/timetable/page.tsx [Server Component]

  Client Component SSR:
    ./app/(app)/timetable/page.tsx [Client Component SSR]
    ./app/(app)/timetable/page.tsx [Server Component] @ http://localhost:3000/_next/static/chunks/node_modules_next_dist_0u_w_5s._.js:1945
[   40308ms] [ERROR] ./app/(app)/timetable/page.tsx:245:21
Expected '</', got 'const'
  243 |                         ? cell.classes?.class_name || cell.class_name || cell.class_id
  244 |                         : cell.subjects?.subject_name || cell.subject_name || ''
> 245 |                     const sc = cell && subj ? subjectColor(subj as string) : null
      |                     ^^^^^
  246 |                     const isEmpty = !cell || !subj
  247 |
  248 |                     return (

Parsing ecmascript source code failed

Import traces:
  Client Component Browser:
    ./app/(app)/timetable/page.tsx [Client Component Browser]
    ./app/(app)/timetable/page.tsx [Server Component]

  Client Component SSR:
    ./app/(app)/timetable/page.tsx [Client Component SSR]
    ./app/(app)/timetable/page.tsx [Server Component] @ http://localhost:3000/_next/static/chunks/node_modules_next_dist_0u_w_5s._.js:1945
[   40357ms] [ERROR] ./app/(app)/timetable/page.tsx:245:21
Expected '</', got 'const'
  243 |                         ? cell.classes?.class_name || cell.class_name || cell.class_id
  244 |                         : cell.subjects?.subject_name || cell.subject_name || ''
> 245 |                     const sc = cell && subj ? subjectColor(subj as string) : null
      |                     ^^^^^
  246 |                     const isEmpty = !cell || !subj
  247 |
  248 |                     return (

Parsing ecmascript source code failed

Import traces:
  Client Component Browser:
    ./app/(app)/timetable/page.tsx [Client Component Browser]
    ./app/(app)/timetable/page.tsx [Server Component]

  Client Component SSR:
    ./app/(app)/timetable/page.tsx [Client Component SSR]
    ./app/(app)/timetable/page.tsx [Server Component] @ http://localhost:3000/_next/static/chunks/node_modules_next_dist_0u_w_5s._.js:1945
[   40420ms] [ERROR] ./app/(app)/timetable/page.tsx:245:21
Expected '</', got 'const'
  243 |                         ? cell.classes?.class_name || cell.class_name || cell.class_id
  244 |                         : cell.subjects?.subject_name || cell.subject_name || ''
> 245 |                     const sc = cell && subj ? subjectColor(subj as string) : null
      |                     ^^^^^
  246 |                     const isEmpty = !cell || !subj
  247 |
  248 |                     return (

Parsing ecmascript source code failed

Import traces:
  Client Component Browser:
    ./app/(app)/timetable/page.tsx [Client Component Browser]
    ./app/(app)/timetable/page.tsx [Server Component]

  Client Component SSR:
    ./app/(app)/timetable/page.tsx [Client Component SSR]
    ./app/(app)/timetable/page.tsx [Server Component] @ http://localhost:3000/_next/static/chunks/node_modules_next_dist_0u_w_5s._.js:1945
[   40473ms] [ERROR] ./app/(app)/timetable/page.tsx:245:21
Expected '</', got 'const'
  243 |                         ? cell.classes?.class_name || cell.class_name || cell.class_id
  244 |                         : cell.subjects?.subject_name || cell.subject_name || ''
> 245 |                     const sc = cell && subj ? subjectColor(subj as string) : null
      |                     ^^^^^
  246 |                     const isEmpty = !cell || !subj
  247 |
  248 |                     return (

Parsing ecmascript source code failed

Import traces:
  Client Component Browser:
    ./app/(app)/timetable/page.tsx [Client Component Browser]
    ./app/(app)/timetable/page.tsx [Server Component]

  Client Component SSR:
    ./app/(app)/timetable/page.tsx [Client Component SSR]
    ./app/(app)/timetable/page.tsx [Server Component] @ http://localhost:3000/_next/static/chunks/node_modules_next_dist_0u_w_5s._.js:1945
[   40530ms] [ERROR] ./app/(app)/timetable/page.tsx:245:21
Expected '</', got 'const'
  243 |                         ? cell.classes?.class_name || cell.class_name || cell.class_id
  244 |                         : cell.subjects?.subject_name || cell.subject_name || ''
> 245 |                     const sc = cell && subj ? subjectColor(subj as string) : null
      |                     ^^^^^
  246 |                     const isEmpty = !cell || !subj
  247 |
  248 |                     return (

Parsing ecmascript source code failed

Import traces:
  Client Component Browser:
    ./app/(app)/timetable/page.tsx [Client Component Browser]
    ./app/(app)/timetable/page.tsx [Server Component]

  Client Component SSR:
    ./app/(app)/timetable/page.tsx [Client Component SSR]
    ./app/(app)/timetable/page.tsx [Server Component] @ http://localhost:3000/_next/static/chunks/node_modules_next_dist_0u_w_5s._.js:1945
[   40577ms] [ERROR] ./app/(app)/timetable/page.tsx:245:21
Expected '</', got 'const'
  243 |                         ? cell.classes?.class_name || cell.class_name || cell.class_id
  244 |                         : cell.subjects?.subject_name || cell.subject_name || ''
> 245 |                     const sc = cell && subj ? subjectColor(subj as string) : null
      |                     ^^^^^
  246 |                     const isEmpty = !cell || !subj
  247 |
  248 |                     return (

Parsing ecmascript source code failed

Import traces:
  Client Component Browser:
    ./app/(app)/timetable/page.tsx [Client Component Browser]
    ./app/(app)/timetable/page.tsx [Server Component]

  Client Component SSR:
    ./app/(app)/timetable/page.tsx [Client Component SSR]
    ./app/(app)/timetable/page.tsx [Server Component] @ http://localhost:3000/_next/static/chunks/node_modules_next_dist_0u_w_5s._.js:1945
[   40639ms] [ERROR] ./app/(app)/timetable/page.tsx:245:21
Expected '</', got 'const'
  243 |                         ? cell.classes?.class_name || cell.class_name || cell.class_id
  244 |                         : cell.subjects?.subject_name || cell.subject_name || ''
> 245 |                     const sc = cell && subj ? subjectColor(subj as string) : null
      |                     ^^^^^
  246 |                     const isEmpty = !cell || !subj
  247 |
  248 |                     return (

Parsing ecmascript source code failed

Import traces:
  Client Component Browser:
    ./app/(app)/timetable/page.tsx [Client Component Browser]
    ./app/(app)/timetable/page.tsx [Server Component]

  Client Component SSR:
    ./app/(app)/timetable/page.tsx [Client Component SSR]
    ./app/(app)/timetable/page.tsx [Server Component] @ http://localhost:3000/_next/static/chunks/node_modules_next_dist_0u_w_5s._.js:1945
[   40690ms] [ERROR] ./app/(app)/timetable/page.tsx:245:21
Expected '</', got 'const'
  243 |                         ? cell.classes?.class_name || cell.class_name || cell.class_id
  244 |                         : cell.subjects?.subject_name || cell.subject_name || ''
> 245 |                     const sc = cell && subj ? subjectColor(subj as string) : null
      |                     ^^^^^
  246 |                     const isEmpty = !cell || !subj
  247 |
  248 |                     return (

Parsing ecmascript source code failed

Import traces:
  Client Component Browser:
    ./app/(app)/timetable/page.tsx [Client Component Browser]
    ./app/(app)/timetable/page.tsx [Server Component]

  Client Component SSR:
    ./app/(app)/timetable/page.tsx [Client Component SSR]
    ./app/(app)/timetable/page.tsx [Server Component] @ http://localhost:3000/_next/static/chunks/node_modules_next_dist_0u_w_5s._.js:1945
[   40752ms] [ERROR] ./app/(app)/timetable/page.tsx:245:21
Expected '</', got 'const'
  243 |                         ? cell.classes?.class_name || cell.class_name || cell.class_id
  244 |                         : cell.subjects?.subject_name || cell.subject_name || ''
> 245 |                     const sc = cell && subj ? subjectColor(subj as string) : null
      |                     ^^^^^
  246 |                     const isEmpty = !cell || !subj
  247 |
  248 |                     return (

Parsing ecmascript source code failed

Import traces:
  Client Component Browser:
    ./app/(app)/timetable/page.tsx [Client Component Browser]
    ./app/(app)/timetable/page.tsx [Server Component]

  Client Component SSR:
    ./app/(app)/timetable/page.tsx [Client Component SSR]
    ./app/(app)/timetable/page.tsx [Server Component] @ http://localhost:3000/_next/static/chunks/node_modules_next_dist_0u_w_5s._.js:1945
[   40807ms] [ERROR] ./app/(app)/timetable/page.tsx:245:21
Expected '</', got 'const'
  243 |                         ? cell.classes?.class_name || cell.class_name || cell.class_id
  244 |                         : cell.subjects?.subject_name || cell.subject_name || ''
> 245 |                     const sc = cell && subj ? subjectColor(subj as string) : null
      |                     ^^^^^
  246 |                     const isEmpty = !cell || !subj
  247 |
  248 |                     return (

Parsing ecmascript source code failed

Import traces:
  Client Component Browser:
    ./app/(app)/timetable/page.tsx [Client Component Browser]
    ./app/(app)/timetable/page.tsx [Server Component]

  Client Component SSR:
    ./app/(app)/timetable/page.tsx [Client Component SSR]
    ./app/(app)/timetable/page.tsx [Server Component] @ http://localhost:3000/_next/static/chunks/node_modules_next_dist_0u_w_5s._.js:1945
[   40868ms] [ERROR] ./app/(app)/timetable/page.tsx:245:21
Expected '</', got 'const'
  243 |                         ? cell.classes?.class_name || cell.class_name || cell.class_id
  244 |                         : cell.subjects?.subject_name || cell.subject_name || ''
> 245 |                     const sc = cell && subj ? subjectColor(subj as string) : null
      |                     ^^^^^
  246 |                     const isEmpty = !cell || !subj
  247 |
  248 |                     return (

Parsing ecmascript source code failed

Import traces:
  Client Component Browser:
    ./app/(app)/timetable/page.tsx [Client Component Browser]
    ./app/(app)/timetable/page.tsx [Server Component]

  Client Component SSR:
    ./app/(app)/timetable/page.tsx [Client Component SSR]
    ./app/(app)/timetable/page.tsx [Server Component] @ http://localhost:3000/_next/static/chunks/node_modules_next_dist_0u_w_5s._.js:1945
[   40930ms] [ERROR] ./app/(app)/timetable/page.tsx:245:21
Expected '</', got 'const'
  243 |                         ? cell.classes?.class_name || cell.class_name || cell.class_id
  244 |                         : cell.subjects?.subject_name || cell.subject_name || ''
> 245 |                     const sc = cell && subj ? subjectColor(subj as string) : null
      |                     ^^^^^
  246 |                     const isEmpty = !cell || !subj
  247 |
  248 |                     return (

Parsing ecmascript source code failed

Import traces:
  Client Component Browser:
    ./app/(app)/timetable/page.tsx [Client Component Browser]
    ./app/(app)/timetable/page.tsx [Server Component]

  Client Component SSR:
    ./app/(app)/timetable/page.tsx [Client Component SSR]
    ./app/(app)/timetable/page.tsx [Server Component] @ http://localhost:3000/_next/static/chunks/node_modules_next_dist_0u_w_5s._.js:1945
[   40993ms] [ERROR] ./app/(app)/timetable/page.tsx:245:21
Expected '</', got 'const'
  243 |                         ? cell.classes?.class_name || cell.class_name || cell.class_id
  244 |                         : cell.subjects?.subject_name || cell.subject_name || ''
> 245 |                     const sc = cell && subj ? subjectColor(subj as string) : null
      |                     ^^^^^
  246 |                     const isEmpty = !cell || !subj
  247 |
  248 |                     return (

Parsing ecmascript source code failed

Import traces:
  Client Component Browser:
    ./app/(app)/timetable/page.tsx [Client Component Browser]
    ./app/(app)/timetable/page.tsx [Server Component]

  Client Component SSR:
    ./app/(app)/timetable/page.tsx [Client Component SSR]
    ./app/(app)/timetable/page.tsx [Server Component] @ http://localhost:3000/_next/static/chunks/node_modules_next_dist_0u_w_5s._.js:1945
[   41037ms] [ERROR] ./app/(app)/timetable/page.tsx:245:21
Expected '</', got 'const'
  243 |                         ? cell.classes?.class_name || cell.class_name || cell.class_id
  244 |                         : cell.subjects?.subject_name || cell.subject_name || ''
> 245 |                     const sc = cell && subj ? subjectColor(subj as string) : null
      |                     ^^^^^
  246 |                     const isEmpty = !cell || !subj
  247 |
  248 |                     return (

Parsing ecmascript source code failed

Import traces:
  Client Component Browser:
    ./app/(app)/timetable/page.tsx [Client Component Browser]
    ./app/(app)/timetable/page.tsx [Server Component]

  Client Component SSR:
    ./app/(app)/timetable/page.tsx [Client Component SSR]
    ./app/(app)/timetable/page.tsx [Server Component] @ http://localhost:3000/_next/static/chunks/node_modules_next_dist_0u_w_5s._.js:1945
[   41088ms] [ERROR] ./app/(app)/timetable/page.tsx:245:21
Expected '</', got 'const'
  243 |                         ? cell.classes?.class_name || cell.class_name || cell.class_id
  244 |                         : cell.subjects?.subject_name || cell.subject_name || ''
> 245 |                     const sc = cell && subj ? subjectColor(subj as string) : null
      |                     ^^^^^
  246 |                     const isEmpty = !cell || !subj
  247 |
  248 |                     return (

Parsing ecmascript source code failed

Import traces:
  Client Component Browser:
    ./app/(app)/timetable/page.tsx [Client Component Browser]
    ./app/(app)/timetable/page.tsx [Server Component]

  Client Component SSR:
    ./app/(app)/timetable/page.tsx [Client Component SSR]
    ./app/(app)/timetable/page.tsx [Server Component] @ http://localhost:3000/_next/static/chunks/node_modules_next_dist_0u_w_5s._.js:1945
[   41142ms] [ERROR] ./app/(app)/timetable/page.tsx:245:21
Expected '</', got 'const'
  243 |                         ? cell.classes?.class_name || cell.class_name || cell.class_id
  244 |                         : cell.subjects?.subject_name || cell.subject_name || ''
> 245 |                     const sc = cell && subj ? subjectColor(subj as string) : null
      |                     ^^^^^
  246 |                     const isEmpty = !cell || !subj
  247 |
  248 |                     return (

Parsing ecmascript source code failed

Import traces:
  Client Component Browser:
    ./app/(app)/timetable/page.tsx [Client Component Browser]
    ./app/(app)/timetable/page.tsx [Server Component]

  Client Component SSR:
    ./app/(app)/timetable/page.tsx [Client Component SSR]
    ./app/(app)/timetable/page.tsx [Server Component] @ http://localhost:3000/_next/static/chunks/node_modules_next_dist_0u_w_5s._.js:1945
[   41204ms] [ERROR] ./app/(app)/timetable/page.tsx:245:21
Expected '</', got 'const'
  243 |                         ? cell.classes?.class_name || cell.class_name || cell.class_id
  244 |                         : cell.subjects?.subject_name || cell.subject_name || ''
> 245 |                     const sc = cell && subj ? subjectColor(subj as string) : null
      |                     ^^^^^
  246 |                     const isEmpty = !cell || !subj
  247 |
  248 |                     return (

Parsing ecmascript source code failed

Import traces:
  Client Component Browser:
    ./app/(app)/timetable/page.tsx [Client Component Browser]
    ./app/(app)/timetable/page.tsx [Server Component]

  Client Component SSR:
    ./app/(app)/timetable/page.tsx [Client Component SSR]
    ./app/(app)/timetable/page.tsx [Server Component] @ http://localhost:3000/_next/static/chunks/node_modules_next_dist_0u_w_5s._.js:1945
[   41255ms] [ERROR] ./app/(app)/timetable/page.tsx:245:21
Expected '</', got 'const'
  243 |                         ? cell.classes?.class_name || cell.class_name || cell.class_id
  244 |                         : cell.subjects?.subject_name || cell.subject_name || ''
> 245 |                     const sc = cell && subj ? subjectColor(subj as string) : null
      |                     ^^^^^
  246 |                     const isEmpty = !cell || !subj
  247 |
  248 |                     return (

Parsing ecmascript source code failed

Import traces:
  Client Component Browser:
    ./app/(app)/timetable/page.tsx [Client Component Browser]
    ./app/(app)/timetable/page.tsx [Server Component]

  Client Component SSR:
    ./app/(app)/timetable/page.tsx [Client Component SSR]
    ./app/(app)/timetable/page.tsx [Server Component] @ http://localhost:3000/_next/static/chunks/node_modules_next_dist_0u_w_5s._.js:1945
[   41317ms] [ERROR] ./app/(app)/timetable/page.tsx:245:21
Expected '</', got 'const'
  243 |                         ? cell.classes?.class_name || cell.class_name || cell.class_id
  244 |                         : cell.subjects?.subject_name || cell.subject_name || ''
> 245 |                     const sc = cell && subj ? subjectColor(subj as string) : null
      |                     ^^^^^
  246 |                     const isEmpty = !cell || !subj
  247 |
  248 |                     return (

Parsing ecmascript source code failed

Import traces:
  Client Component Browser:
    ./app/(app)/timetable/page.tsx [Client Component Browser]
    ./app/(app)/timetable/page.tsx [Server Component]

  Client Component SSR:
    ./app/(app)/timetable/page.tsx [Client Component SSR]
    ./app/(app)/timetable/page.tsx [Server Component] @ http://localhost:3000/_next/static/chunks/node_modules_next_dist_0u_w_5s._.js:1945
[   41371ms] [ERROR] ./app/(app)/timetable/page.tsx:245:21
Expected '</', got 'const'
  243 |                         ? cell.classes?.class_name || cell.class_name || cell.class_id
  244 |                         : cell.subjects?.subject_name || cell.subject_name || ''
> 245 |                     const sc = cell && subj ? subjectColor(subj as string) : null
      |                     ^^^^^
  246 |                     const isEmpty = !cell || !subj
  247 |
  248 |                     return (

Parsing ecmascript source code failed

Import traces:
  Client Component Browser:
    ./app/(app)/timetable/page.tsx [Client Component Browser]
    ./app/(app)/timetable/page.tsx [Server Component]

  Client Component SSR:
    ./app/(app)/timetable/page.tsx [Client Component SSR]
    ./app/(app)/timetable/page.tsx [Server Component] @ http://localhost:3000/_next/static/chunks/node_modules_next_dist_0u_w_5s._.js:1945
[   41424ms] [ERROR] ./app/(app)/timetable/page.tsx:245:21
Expected '</', got 'const'
  243 |                         ? cell.classes?.class_name || cell.class_name || cell.class_id
  244 |                         : cell.subjects?.subject_name || cell.subject_name || ''
> 245 |                     const sc = cell && subj ? subjectColor(subj as string) : null
      |                     ^^^^^
  246 |                     const isEmpty = !cell || !subj
  247 |
  248 |                     return (

Parsing ecmascript source code failed

Import traces:
  Client Component Browser:
    ./app/(app)/timetable/page.tsx [Client Component Browser]
    ./app/(app)/timetable/page.tsx [Server Component]

  Client Component SSR:
    ./app/(app)/timetable/page.tsx [Client Component SSR]
    ./app/(app)/timetable/page.tsx [Server Component] @ http://localhost:3000/_next/static/chunks/node_modules_next_dist_0u_w_5s._.js:1945
[   41485ms] [ERROR] ./app/(app)/timetable/page.tsx:245:21
Expected '</', got 'const'
  243 |                         ? cell.classes?.class_name || cell.class_name || cell.class_id
  244 |                         : cell.subjects?.subject_name || cell.subject_name || ''
> 245 |                     const sc = cell && subj ? subjectColor(subj as string) : null
      |                     ^^^^^
  246 |                     const isEmpty = !cell || !subj
  247 |
  248 |                     return (

Parsing ecmascript source code failed

Import traces:
  Client Component Browser:
    ./app/(app)/timetable/page.tsx [Client Component Browser]
    ./app/(app)/timetable/page.tsx [Server Component]

  Client Component SSR:
    ./app/(app)/timetable/page.tsx [Client Component SSR]
    ./app/(app)/timetable/page.tsx [Server Component] @ http://localhost:3000/_next/static/chunks/node_modules_next_dist_0u_w_5s._.js:1945
[   41538ms] [ERROR] ./app/(app)/timetable/page.tsx:245:21
Expected '</', got 'const'
  243 |                         ? cell.classes?.class_name || cell.class_name || cell.class_id
  244 |                         : cell.subjects?.subject_name || cell.subject_name || ''
> 245 |                     const sc = cell && subj ? subjectColor(subj as string) : null
      |                     ^^^^^
  246 |                     const isEmpty = !cell || !subj
  247 |
  248 |                     return (

Parsing ecmascript source code failed

Import traces:
  Client Component Browser:
    ./app/(app)/timetable/page.tsx [Client Component Browser]
    ./app/(app)/timetable/page.tsx [Server Component]

  Client Component SSR:
    ./app/(app)/timetable/page.tsx [Client Component SSR]
    ./app/(app)/timetable/page.tsx [Server Component] @ http://localhost:3000/_next/static/chunks/node_modules_next_dist_0u_w_5s._.js:1945
[   41590ms] [ERROR] ./app/(app)/timetable/page.tsx:245:21
Expected '</', got 'const'
  243 |                         ? cell.classes?.class_name || cell.class_name || cell.class_id
  244 |                         : cell.subjects?.subject_name || cell.subject_name || ''
> 245 |                     const sc = cell && subj ? subjectColor(subj as string) : null
      |                     ^^^^^
  246 |                     const isEmpty = !cell || !subj
  247 |
  248 |                     return (

Parsing ecmascript source code failed

Import traces:
  Client Component Browser:
    ./app/(app)/timetable/page.tsx [Client Component Browser]
    ./app/(app)/timetable/page.tsx [Server Component]

  Client Component SSR:
    ./app/(app)/timetable/page.tsx [Client Component SSR]
    ./app/(app)/timetable/page.tsx [Server Component] @ http://localhost:3000/_next/static/chunks/node_modules_next_dist_0u_w_5s._.js:1945
[   41654ms] [ERROR] ./app/(app)/timetable/page.tsx:245:21
Expected '</', got 'const'
  243 |                         ? cell.classes?.class_name || cell.class_name || cell.class_id
  244 |                         : cell.subjects?.subject_name || cell.subject_name || ''
> 245 |                     const sc = cell && subj ? subjectColor(subj as string) : null
      |                     ^^^^^
  246 |                     const isEmpty = !cell || !subj
  247 |
  248 |                     return (

Parsing ecmascript source code failed

Import traces:
  Client Component Browser:
    ./app/(app)/timetable/page.tsx [Client Component Browser]
    ./app/(app)/timetable/page.tsx [Server Component]

  Client Component SSR:
    ./app/(app)/timetable/page.tsx [Client Component SSR]
    ./app/(app)/timetable/page.tsx [Server Component] @ http://localhost:3000/_next/static/chunks/node_modules_next_dist_0u_w_5s._.js:1945
[   41703ms] [ERROR] ./app/(app)/timetable/page.tsx:245:21
Expected '</', got 'const'
  243 |                         ? cell.classes?.class_name || cell.class_name || cell.class_id
  244 |                         : cell.subjects?.subject_name || cell.subject_name || ''
> 245 |                     const sc = cell && subj ? subjectColor(subj as string) : null
      |                     ^^^^^
  246 |                     const isEmpty = !cell || !subj
  247 |
  248 |                     return (

Parsing ecmascript source code failed

Import traces:
  Client Component Browser:
    ./app/(app)/timetable/page.tsx [Client Component Browser]
    ./app/(app)/timetable/page.tsx [Server Component]

  Client Component SSR:
    ./app/(app)/timetable/page.tsx [Client Component SSR]
    ./app/(app)/timetable/page.tsx [Server Component] @ http://localhost:3000/_next/static/chunks/node_modules_next_dist_0u_w_5s._.js:1945
[   41760ms] [ERROR] ./app/(app)/timetable/page.tsx:245:21
Expected '</', got 'const'
  243 |                         ? cell.classes?.class_name || cell.class_name || cell.class_id
  244 |                         : cell.subjects?.subject_name || cell.subject_name || ''
> 245 |                     const sc = cell && subj ? subjectColor(subj as string) : null
      |                     ^^^^^
  246 |                     const isEmpty = !cell || !subj
  247 |
  248 |                     return (

Parsing ecmascript source code failed

Import traces:
  Client Component Browser:
    ./app/(app)/timetable/page.tsx [Client Component Browser]
    ./app/(app)/timetable/page.tsx [Server Component]

  Client Component SSR:
    ./app/(app)/timetable/page.tsx [Client Component SSR]
    ./app/(app)/timetable/page.tsx [Server Component] @ http://localhost:3000/_next/static/chunks/node_modules_next_dist_0u_w_5s._.js:1945
[   41801ms] [ERROR] ./app/(app)/timetable/page.tsx:245:21
Expected '</', got 'const'
  243 |                         ? cell.classes?.class_name || cell.class_name || cell.class_id
  244 |                         : cell.subjects?.subject_name || cell.subject_name || ''
> 245 |                     const sc = cell && subj ? subjectColor(subj as string) : null
      |                     ^^^^^
  246 |                     const isEmpty = !cell || !subj
  247 |
  248 |                     return (

Parsing ecmascript source code failed

Import traces:
  Client Component Browser:
    ./app/(app)/timetable/page.tsx [Client Component Browser]
    ./app/(app)/timetable/page.tsx [Server Component]

  Client Component SSR:
    ./app/(app)/timetable/page.tsx [Client Component SSR]
    ./app/(app)/timetable/page.tsx [Server Component] @ http://localhost:3000/_next/static/chunks/node_modules_next_dist_0u_w_5s._.js:1945
[   41861ms] [ERROR] ./app/(app)/timetable/page.tsx:245:21
Expected '</', got 'const'
  243 |                         ? cell.classes?.class_name || cell.class_name || cell.class_id
  244 |                         : cell.subjects?.subject_name || cell.subject_name || ''
> 245 |                     const sc = cell && subj ? subjectColor(subj as string) : null
      |                     ^^^^^
  246 |                     const isEmpty = !cell || !subj
  247 |
  248 |                     return (

Parsing ecmascript source code failed

Import traces:
  Client Component Browser:
    ./app/(app)/timetable/page.tsx [Client Component Browser]
    ./app/(app)/timetable/page.tsx [Server Component]

  Client Component SSR:
    ./app/(app)/timetable/page.tsx [Client Component SSR]
    ./app/(app)/timetable/page.tsx [Server Component] @ http://localhost:3000/_next/static/chunks/node_modules_next_dist_0u_w_5s._.js:1945
[   41918ms] [ERROR] ./app/(app)/timetable/page.tsx:245:21
Expected '</', got 'const'
  243 |                         ? cell.classes?.class_name || cell.class_name || cell.class_id
  244 |                         : cell.subjects?.subject_name || cell.subject_name || ''
> 245 |                     const sc = cell && subj ? subjectColor(subj as string) : null
      |                     ^^^^^
  246 |                     const isEmpty = !cell || !subj
  247 |
  248 |                     return (

Parsing ecmascript source code failed

Import traces:
  Client Component Browser:
    ./app/(app)/timetable/page.tsx [Client Component Browser]
    ./app/(app)/timetable/page.tsx [Server Component]

  Client Component SSR:
    ./app/(app)/timetable/page.tsx [Client Component SSR]
    ./app/(app)/timetable/page.tsx [Server Component] @ http://localhost:3000/_next/static/chunks/node_modules_next_dist_0u_w_5s._.js:1945
[   41980ms] [ERROR] ./app/(app)/timetable/page.tsx:245:21
Expected '</', got 'const'
  243 |                         ? cell.classes?.class_name || cell.class_name || cell.class_id
  244 |                         : cell.subjects?.subject_name || cell.subject_name || ''
> 245 |                     const sc = cell && subj ? subjectColor(subj as string) : null
      |                     ^^^^^
  246 |                     const isEmpty = !cell || !subj
  247 |
  248 |                     return (

Parsing ecmascript source code failed

Import traces:
  Client Component Browser:
    ./app/(app)/timetable/page.tsx [Client Component Browser]
    ./app/(app)/timetable/page.tsx [Server Component]

  Client Component SSR:
    ./app/(app)/timetable/page.tsx [Client Component SSR]
    ./app/(app)/timetable/page.tsx [Server Component] @ http://localhost:3000/_next/static/chunks/node_modules_next_dist_0u_w_5s._.js:1945
[   42030ms] [ERROR] ./app/(app)/timetable/page.tsx:245:21
Expected '</', got 'const'
  243 |                         ? cell.classes?.class_name || cell.class_name || cell.class_id
  244 |                         : cell.subjects?.subject_name || cell.subject_name || ''
> 245 |                     const sc = cell && subj ? subjectColor(subj as string) : null
      |                     ^^^^^
  246 |                     const isEmpty = !cell || !subj
  247 |
  248 |                     return (

Parsing ecmascript source code failed

Import traces:
  Client Component Browser:
    ./app/(app)/timetable/page.tsx [Client Component Browser]
    ./app/(app)/timetable/page.tsx [Server Component]

  Client Component SSR:
    ./app/(app)/timetable/page.tsx [Client Component SSR]
    ./app/(app)/timetable/page.tsx [Server Component] @ http://localhost:3000/_next/static/chunks/node_modules_next_dist_0u_w_5s._.js:1945
[   42088ms] [ERROR] ./app/(app)/timetable/page.tsx:245:21
Expected '</', got 'const'
  243 |                         ? cell.classes?.class_name || cell.class_name || cell.class_id
  244 |                         : cell.subjects?.subject_name || cell.subject_name || ''
> 245 |                     const sc = cell && subj ? subjectColor(subj as string) : null
      |                     ^^^^^
  246 |                     const isEmpty = !cell || !subj
  247 |
  248 |                     return (

Parsing ecmascript source code failed

Import traces:
  Client Component Browser:
    ./app/(app)/timetable/page.tsx [Client Component Browser]
    ./app/(app)/timetable/page.tsx [Server Component]

  Client Component SSR:
    ./app/(app)/timetable/page.tsx [Client Component SSR]
    ./app/(app)/timetable/page.tsx [Server Component] @ http://localhost:3000/_next/static/chunks/node_modules_next_dist_0u_w_5s._.js:1945
[   42151ms] [ERROR] ./app/(app)/timetable/page.tsx:245:21
Expected '</', got 'const'
  243 |                         ? cell.classes?.class_name || cell.class_name || cell.class_id
  244 |                         : cell.subjects?.subject_name || cell.subject_name || ''
> 245 |                     const sc = cell && subj ? subjectColor(subj as string) : null
      |                     ^^^^^
  246 |                     const isEmpty = !cell || !subj
  247 |
  248 |                     return (

Parsing ecmascript source code failed

Import traces:
  Client Component Browser:
    ./app/(app)/timetable/page.tsx [Client Component Browser]
    ./app/(app)/timetable/page.tsx [Server Component]

  Client Component SSR:
    ./app/(app)/timetable/page.tsx [Client Component SSR]
    ./app/(app)/timetable/page.tsx [Server Component] @ http://localhost:3000/_next/static/chunks/node_modules_next_dist_0u_w_5s._.js:1945
[   42208ms] [ERROR] ./app/(app)/timetable/page.tsx:245:21
Expected '</', got 'const'
  243 |                         ? cell.classes?.class_name || cell.class_name || cell.class_id
  244 |                         : cell.subjects?.subject_name || cell.subject_name || ''
> 245 |                     const sc = cell && subj ? subjectColor(subj as string) : null
      |                     ^^^^^
  246 |                     const isEmpty = !cell || !subj
  247 |
  248 |                     return (

Parsing ecmascript source code failed

Import traces:
  Client Component Browser:
    ./app/(app)/timetable/page.tsx [Client Component Browser]
    ./app/(app)/timetable/page.tsx [Server Component]

  Client Component SSR:
    ./app/(app)/timetable/page.tsx [Client Component SSR]
    ./app/(app)/timetable/page.tsx [Server Component] @ http://localhost:3000/_next/static/chunks/node_modules_next_dist_0u_w_5s._.js:1945
[   42250ms] [ERROR] ./app/(app)/timetable/page.tsx:245:21
Expected '</', got 'const'
  243 |                         ? cell.classes?.class_name || cell.class_name || cell.class_id
  244 |                         : cell.subjects?.subject_name || cell.subject_name || ''
> 245 |                     const sc = cell && subj ? subjectColor(subj as string) : null
      |                     ^^^^^
  246 |                     const isEmpty = !cell || !subj
  247 |
  248 |                     return (

Parsing ecmascript source code failed

Import traces:
  Client Component Browser:
    ./app/(app)/timetable/page.tsx [Client Component Browser]
    ./app/(app)/timetable/page.tsx [Server Component]

  Client Component SSR:
    ./app/(app)/timetable/page.tsx [Client Component SSR]
    ./app/(app)/timetable/page.tsx [Server Component] @ http://localhost:3000/_next/static/chunks/node_modules_next_dist_0u_w_5s._.js:1945
[   42299ms] [ERROR] ./app/(app)/timetable/page.tsx:245:21
Expected '</', got 'const'
  243 |                         ? cell.classes?.class_name || cell.class_name || cell.class_id
  244 |                         : cell.subjects?.subject_name || cell.subject_name || ''
> 245 |                     const sc = cell && subj ? subjectColor(subj as string) : null
      |                     ^^^^^
  246 |                     const isEmpty = !cell || !subj
  247 |
  248 |                     return (

Parsing ecmascript source code failed

Import traces:
  Client Component Browser:
    ./app/(app)/timetable/page.tsx [Client Component Browser]
    ./app/(app)/timetable/page.tsx [Server Component]

  Client Component SSR:
    ./app/(app)/timetable/page.tsx [Client Component SSR]
    ./app/(app)/timetable/page.tsx [Server Component] @ http://localhost:3000/_next/static/chunks/node_modules_next_dist_0u_w_5s._.js:1945
[   42353ms] [ERROR] ./app/(app)/timetable/page.tsx:245:21
Expected '</', got 'const'
  243 |                         ? cell.classes?.class_name || cell.class_name || cell.class_id
  244 |                         : cell.subjects?.subject_name || cell.subject_name || ''
> 245 |                     const sc = cell && subj ? subjectColor(subj as string) : null
      |                     ^^^^^
  246 |                     const isEmpty = !cell || !subj
  247 |
  248 |                     return (

Parsing ecmascript source code failed

Import traces:
  Client Component Browser:
    ./app/(app)/timetable/page.tsx [Client Component Browser]
    ./app/(app)/timetable/page.tsx [Server Component]

  Client Component SSR:
    ./app/(app)/timetable/page.tsx [Client Component SSR]
    ./app/(app)/timetable/page.tsx [Server Component] @ http://localhost:3000/_next/static/chunks/node_modules_next_dist_0u_w_5s._.js:1945
[   42411ms] [ERROR] ./app/(app)/timetable/page.tsx:245:21
Expected '</', got 'const'
  243 |                         ? cell.classes?.class_name || cell.class_name || cell.class_id
  244 |                         : cell.subjects?.subject_name || cell.subject_name || ''
> 245 |                     const sc = cell && subj ? subjectColor(subj as string) : null
      |                     ^^^^^
  246 |                     const isEmpty = !cell || !subj
  247 |
  248 |                     return (

Parsing ecmascript source code failed

Import traces:
  Client Component Browser:
    ./app/(app)/timetable/page.tsx [Client Component Browser]
    ./app/(app)/timetable/page.tsx [Server Component]

  Client Component SSR:
    ./app/(app)/timetable/page.tsx [Client Component SSR]
    ./app/(app)/timetable/page.tsx [Server Component] @ http://localhost:3000/_next/static/chunks/node_modules_next_dist_0u_w_5s._.js:1945
[   42457ms] [ERROR] ./app/(app)/timetable/page.tsx:245:21
Expected '</', got 'const'
  243 |                         ? cell.classes?.class_name || cell.class_name || cell.class_id
  244 |                         : cell.subjects?.subject_name || cell.subject_name || ''
> 245 |                     const sc = cell && subj ? subjectColor(subj as string) : null
      |                     ^^^^^
  246 |                     const isEmpty = !cell || !subj
  247 |
  248 |                     return (

Parsing ecmascript source code failed

Import traces:
  Client Component Browser:
    ./app/(app)/timetable/page.tsx [Client Component Browser]
    ./app/(app)/timetable/page.tsx [Server Component]

  Client Component SSR:
    ./app/(app)/timetable/page.tsx [Client Component SSR]
    ./app/(app)/timetable/page.tsx [Server Component] @ http://localhost:3000/_next/static/chunks/node_modules_next_dist_0u_w_5s._.js:1945
[   42508ms] [ERROR] ./app/(app)/timetable/page.tsx:245:21
Expected '</', got 'const'
  243 |                         ? cell.classes?.class_name || cell.class_name || cell.class_id
  244 |                         : cell.subjects?.subject_name || cell.subject_name || ''
> 245 |                     const sc = cell && subj ? subjectColor(subj as string) : null
      |                     ^^^^^
  246 |                     const isEmpty = !cell || !subj
  247 |
  248 |                     return (

Parsing ecmascript source code failed

Import traces:
  Client Component Browser:
    ./app/(app)/timetable/page.tsx [Client Component Browser]
    ./app/(app)/timetable/page.tsx [Server Component]

  Client Component SSR:
    ./app/(app)/timetable/page.tsx [Client Component SSR]
    ./app/(app)/timetable/page.tsx [Server Component] @ http://localhost:3000/_next/static/chunks/node_modules_next_dist_0u_w_5s._.js:1945
[   42559ms] [ERROR] ./app/(app)/timetable/page.tsx:245:21
Expected '</', got 'const'
  243 |                         ? cell.classes?.class_name || cell.class_name || cell.class_id
  244 |                         : cell.subjects?.subject_name || cell.subject_name || ''
> 245 |                     const sc = cell && subj ? subjectColor(subj as string) : null
      |                     ^^^^^
  246 |                     const isEmpty = !cell || !subj
  247 |
  248 |                     return (

Parsing ecmascript source code failed

Import traces:
  Client Component Browser:
    ./app/(app)/timetable/page.tsx [Client Component Browser]
    ./app/(app)/timetable/page.tsx [Server Component]

  Client Component SSR:
    ./app/(app)/timetable/page.tsx [Client Component SSR]
    ./app/(app)/timetable/page.tsx [Server Component] @ http://localhost:3000/_next/static/chunks/node_modules_next_dist_0u_w_5s._.js:1945
[   42616ms] [ERROR] ./app/(app)/timetable/page.tsx:245:21
Expected '</', got 'const'
  243 |                         ? cell.classes?.class_name || cell.class_name || cell.class_id
  244 |                         : cell.subjects?.subject_name || cell.subject_name || ''
> 245 |                     const sc = cell && subj ? subjectColor(subj as string) : null
      |                     ^^^^^
  246 |                     const isEmpty = !cell || !subj
  247 |
  248 |                     return (

Parsing ecmascript source code failed

Import traces:
  Client Component Browser:
    ./app/(app)/timetable/page.tsx [Client Component Browser]
    ./app/(app)/timetable/page.tsx [Server Component]

  Client Component SSR:
    ./app/(app)/timetable/page.tsx [Client Component SSR]
    ./app/(app)/timetable/page.tsx [Server Component] @ http://localhost:3000/_next/static/chunks/node_modules_next_dist_0u_w_5s._.js:1945
[   42666ms] [ERROR] ./app/(app)/timetable/page.tsx:245:21
Expected '</', got 'const'
  243 |                         ? cell.classes?.class_name || cell.class_name || cell.class_id
  244 |                         : cell.subjects?.subject_name || cell.subject_name || ''
> 245 |                     const sc = cell && subj ? subjectColor(subj as string) : null
      |                     ^^^^^
  246 |                     const isEmpty = !cell || !subj
  247 |
  248 |                     return (

Parsing ecmascript source code failed

Import traces:
  Client Component Browser:
    ./app/(app)/timetable/page.tsx [Client Component Browser]
    ./app/(app)/timetable/page.tsx [Server Component]

  Client Component SSR:
    ./app/(app)/timetable/page.tsx [Client Component SSR]
    ./app/(app)/timetable/page.tsx [Server Component] @ http://localhost:3000/_next/static/chunks/node_modules_next_dist_0u_w_5s._.js:1945
[   42716ms] [ERROR] ./app/(app)/timetable/page.tsx:245:21
Expected '</', got 'const'
  243 |                         ? cell.classes?.class_name || cell.class_name || cell.class_id
  244 |                         : cell.subjects?.subject_name || cell.subject_name || ''
> 245 |                     const sc = cell && subj ? subjectColor(subj as string) : null
      |                     ^^^^^
  246 |                     const isEmpty = !cell || !subj
  247 |
  248 |                     return (

Parsing ecmascript source code failed

Import traces:
  Client Component Browser:
    ./app/(app)/timetable/page.tsx [Client Component Browser]
    ./app/(app)/timetable/page.tsx [Server Component]

  Client Component SSR:
    ./app/(app)/timetable/page.tsx [Client Component SSR]
    ./app/(app)/timetable/page.tsx [Server Component] @ http://localhost:3000/_next/static/chunks/node_modules_next_dist_0u_w_5s._.js:1945
[   42770ms] [ERROR] ./app/(app)/timetable/page.tsx:245:21
Expected '</', got 'const'
  243 |                         ? cell.classes?.class_name || cell.class_name || cell.class_id
  244 |                         : cell.subjects?.subject_name || cell.subject_name || ''
> 245 |                     const sc = cell && subj ? subjectColor(subj as string) : null
      |                     ^^^^^
  246 |                     const isEmpty = !cell || !subj
  247 |
  248 |                     return (

Parsing ecmascript source code failed

Import traces:
  Client Component Browser:
    ./app/(app)/timetable/page.tsx [Client Component Browser]
    ./app/(app)/timetable/page.tsx [Server Component]

  Client Component SSR:
    ./app/(app)/timetable/page.tsx [Client Component SSR]
    ./app/(app)/timetable/page.tsx [Server Component] @ http://localhost:3000/_next/static/chunks/node_modules_next_dist_0u_w_5s._.js:1945
[   42819ms] [ERROR] ./app/(app)/timetable/page.tsx:245:21
Expected '</', got 'const'
  243 |                         ? cell.classes?.class_name || cell.class_name || cell.class_id
  244 |                         : cell.subjects?.subject_name || cell.subject_name || ''
> 245 |                     const sc = cell && subj ? subjectColor(subj as string) : null
      |                     ^^^^^
  246 |                     const isEmpty = !cell || !subj
  247 |
  248 |                     return (

Parsing ecmascript source code failed

Import traces:
  Client Component Browser:
    ./app/(app)/timetable/page.tsx [Client Component Browser]
    ./app/(app)/timetable/page.tsx [Server Component]

  Client Component SSR:
    ./app/(app)/timetable/page.tsx [Client Component SSR]
    ./app/(app)/timetable/page.tsx [Server Component] @ http://localhost:3000/_next/static/chunks/node_modules_next_dist_0u_w_5s._.js:1945
[   42874ms] [ERROR] ./app/(app)/timetable/page.tsx:245:21
Expected '</', got 'const'
  243 |                         ? cell.classes?.class_name || cell.class_name || cell.class_id
  244 |                         : cell.subjects?.subject_name || cell.subject_name || ''
> 245 |                     const sc = cell && subj ? subjectColor(subj as string) : null
      |                     ^^^^^
  246 |                     const isEmpty = !cell || !subj
  247 |
  248 |                     return (

Parsing ecmascript source code failed

Import traces:
  Client Component Browser:
    ./app/(app)/timetable/page.tsx [Client Component Browser]
    ./app/(app)/timetable/page.tsx [Server Component]

  Client Component SSR:
    ./app/(app)/timetable/page.tsx [Client Component SSR]
    ./app/(app)/timetable/page.tsx [Server Component] @ http://localhost:3000/_next/static/chunks/node_modules_next_dist_0u_w_5s._.js:1945
[   42916ms] [ERROR] ./app/(app)/timetable/page.tsx:245:21
Expected '</', got 'const'
  243 |                         ? cell.classes?.class_name || cell.class_name || cell.class_id
  244 |                         : cell.subjects?.subject_name || cell.subject_name || ''
> 245 |                     const sc = cell && subj ? subjectColor(subj as string) : null
      |                     ^^^^^
  246 |                     const isEmpty = !cell || !subj
  247 |
  248 |                     return (

Parsing ecmascript source code failed

Import traces:
  Client Component Browser:
    ./app/(app)/timetable/page.tsx [Client Component Browser]
    ./app/(app)/timetable/page.tsx [Server Component]

  Client Component SSR:
    ./app/(app)/timetable/page.tsx [Client Component SSR]
    ./app/(app)/timetable/page.tsx [Server Component] @ http://localhost:3000/_next/static/chunks/node_modules_next_dist_0u_w_5s._.js:1945
[   42977ms] [ERROR] ./app/(app)/timetable/page.tsx:245:21
Expected '</', got 'const'
  243 |                         ? cell.classes?.class_name || cell.class_name || cell.class_id
  244 |                         : cell.subjects?.subject_name || cell.subject_name || ''
> 245 |                     const sc = cell && subj ? subjectColor(subj as string) : null
      |                     ^^^^^
  246 |                     const isEmpty = !cell || !subj
  247 |
  248 |                     return (

Parsing ecmascript source code failed

Import traces:
  Client Component Browser:
    ./app/(app)/timetable/page.tsx [Client Component Browser]
    ./app/(app)/timetable/page.tsx [Server Component]

  Client Component SSR:
    ./app/(app)/timetable/page.tsx [Client Component SSR]
    ./app/(app)/timetable/page.tsx [Server Component] @ http://localhost:3000/_next/static/chunks/node_modules_next_dist_0u_w_5s._.js:1945
[   43024ms] [ERROR] ./app/(app)/timetable/page.tsx:245:21
Expected '</', got 'const'
  243 |                         ? cell.classes?.class_name || cell.class_name || cell.class_id
  244 |                         : cell.subjects?.subject_name || cell.subject_name || ''
> 245 |                     const sc = cell && subj ? subjectColor(subj as string) : null
      |                     ^^^^^
  246 |                     const isEmpty = !cell || !subj
  247 |
  248 |                     return (

Parsing ecmascript source code failed

Import traces:
  Client Component Browser:
    ./app/(app)/timetable/page.tsx [Client Component Browser]
    ./app/(app)/timetable/page.tsx [Server Component]

  Client Component SSR:
    ./app/(app)/timetable/page.tsx [Client Component SSR]
    ./app/(app)/timetable/page.tsx [Server Component] @ http://localhost:3000/_next/static/chunks/node_modules_next_dist_0u_w_5s._.js:1945
[   43072ms] [ERROR] ./app/(app)/timetable/page.tsx:245:21
Expected '</', got 'const'
  243 |                         ? cell.classes?.class_name || cell.class_name || cell.class_id
  244 |                         : cell.subjects?.subject_name || cell.subject_name || ''
> 245 |                     const sc = cell && subj ? subjectColor(subj as string) : null
      |                     ^^^^^
  246 |                     const isEmpty = !cell || !subj
  247 |
  248 |                     return (

Parsing ecmascript source code failed

Import traces:
  Client Component Browser:
    ./app/(app)/timetable/page.tsx [Client Component Browser]
    ./app/(app)/timetable/page.tsx [Server Component]

  Client Component SSR:
    ./app/(app)/timetable/page.tsx [Client Component SSR]
    ./app/(app)/timetable/page.tsx [Server Component] @ http://localhost:3000/_next/static/chunks/node_modules_next_dist_0u_w_5s._.js:1945
[   43129ms] [ERROR] ./app/(app)/timetable/page.tsx:245:21
Expected '</', got 'const'
  243 |                         ? cell.classes?.class_name || cell.class_name || cell.class_id
  244 |                         : cell.subjects?.subject_name || cell.subject_name || ''
> 245 |                     const sc = cell && subj ? subjectColor(subj as string) : null
      |                     ^^^^^
  246 |                     const isEmpty = !cell || !subj
  247 |
  248 |                     return (

Parsing ecmascript source code failed

Import traces:
  Client Component Browser:
    ./app/(app)/timetable/page.tsx [Client Component Browser]
    ./app/(app)/timetable/page.tsx [Server Component]

  Client Component SSR:
    ./app/(app)/timetable/page.tsx [Client Component SSR]
    ./app/(app)/timetable/page.tsx [Server Component] @ http://localhost:3000/_next/static/chunks/node_modules_next_dist_0u_w_5s._.js:1945
[   43180ms] [ERROR] ./app/(app)/timetable/page.tsx:245:21
Expected '</', got 'const'
  243 |                         ? cell.classes?.class_name || cell.class_name || cell.class_id
  244 |                         : cell.subjects?.subject_name || cell.subject_name || ''
> 245 |                     const sc = cell && subj ? subjectColor(subj as string) : null
      |                     ^^^^^
  246 |                     const isEmpty = !cell || !subj
  247 |
  248 |                     return (

Parsing ecmascript source code failed

Import traces:
  Client Component Browser:
    ./app/(app)/timetable/page.tsx [Client Component Browser]
    ./app/(app)/timetable/page.tsx [Server Component]

  Client Component SSR:
    ./app/(app)/timetable/page.tsx [Client Component SSR]
    ./app/(app)/timetable/page.tsx [Server Component] @ http://localhost:3000/_next/static/chunks/node_modules_next_dist_0u_w_5s._.js:1945
[   43226ms] [ERROR] ./app/(app)/timetable/page.tsx:245:21
Expected '</', got 'const'
  243 |                         ? cell.classes?.class_name || cell.class_name || cell.class_id
  244 |                         : cell.subjects?.subject_name || cell.subject_name || ''
> 245 |                     const sc = cell && subj ? subjectColor(subj as string) : null
      |                     ^^^^^
  246 |                     const isEmpty = !cell || !subj
  247 |
  248 |                     return (

Parsing ecmascript source code failed

Import traces:
  Client Component Browser:
    ./app/(app)/timetable/page.tsx [Client Component Browser]
    ./app/(app)/timetable/page.tsx [Server Component]

  Client Component SSR:
    ./app/(app)/timetable/page.tsx [Client Component SSR]
    ./app/(app)/timetable/page.tsx [Server Component] @ http://localhost:3000/_next/static/chunks/node_modules_next_dist_0u_w_5s._.js:1945
[   43278ms] [ERROR] ./app/(app)/timetable/page.tsx:245:21
Expected '</', got 'const'
  243 |                         ? cell.classes?.class_name || cell.class_name || cell.class_id
  244 |                         : cell.subjects?.subject_name || cell.subject_name || ''
> 245 |                     const sc = cell && subj ? subjectColor(subj as string) : null
      |                     ^^^^^
  246 |                     const isEmpty = !cell || !subj
  247 |
  248 |                     return (

Parsing ecmascript source code failed

Import traces:
  Client Component Browser:
    ./app/(app)/timetable/page.tsx [Client Component Browser]
    ./app/(app)/timetable/page.tsx [Server Component]

  Client Component SSR:
    ./app/(app)/timetable/page.tsx [Client Component SSR]
    ./app/(app)/timetable/page.tsx [Server Component] @ http://localhost:3000/_next/static/chunks/node_modules_next_dist_0u_w_5s._.js:1945
[   43318ms] [ERROR] ./app/(app)/timetable/page.tsx:245:21
Expected '</', got 'const'
  243 |                         ? cell.classes?.class_name || cell.class_name || cell.class_id
  244 |                         : cell.subjects?.subject_name || cell.subject_name || ''
> 245 |                     const sc = cell && subj ? subjectColor(subj as string) : null
      |                     ^^^^^
  246 |                     const isEmpty = !cell || !subj
  247 |
  248 |                     return (

Parsing ecmascript source code failed

Import traces:
  Client Component Browser:
    ./app/(app)/timetable/page.tsx [Client Component Browser]
    ./app/(app)/timetable/page.tsx [Server Component]

  Client Component SSR:
    ./app/(app)/timetable/page.tsx [Client Component SSR]
    ./app/(app)/timetable/page.tsx [Server Component] @ http://localhost:3000/_next/static/chunks/node_modules_next_dist_0u_w_5s._.js:1945
[   43377ms] [ERROR] ./app/(app)/timetable/page.tsx:245:21
Expected '</', got 'const'
  243 |                         ? cell.classes?.class_name || cell.class_name || cell.class_id
  244 |                         : cell.subjects?.subject_name || cell.subject_name || ''
> 245 |                     const sc = cell && subj ? subjectColor(subj as string) : null
      |                     ^^^^^
  246 |                     const isEmpty = !cell || !subj
  247 |
  248 |                     return (

Parsing ecmascript source code failed

Import traces:
  Client Component Browser:
    ./app/(app)/timetable/page.tsx [Client Component Browser]
    ./app/(app)/timetable/page.tsx [Server Component]

  Client Component SSR:
    ./app/(app)/timetable/page.tsx [Client Component SSR]
    ./app/(app)/timetable/page.tsx [Server Component] @ http://localhost:3000/_next/static/chunks/node_modules_next_dist_0u_w_5s._.js:1945
[   43428ms] [ERROR] ./app/(app)/timetable/page.tsx:245:21
Expected '</', got 'const'
  243 |                         ? cell.classes?.class_name || cell.class_name || cell.class_id
  244 |                         : cell.subjects?.subject_name || cell.subject_name || ''
> 245 |                     const sc = cell && subj ? subjectColor(subj as string) : null
      |                     ^^^^^
  246 |                     const isEmpty = !cell || !subj
  247 |
  248 |                     return (

Parsing ecmascript source code failed

Import traces:
  Client Component Browser:
    ./app/(app)/timetable/page.tsx [Client Component Browser]
    ./app/(app)/timetable/page.tsx [Server Component]

  Client Component SSR:
    ./app/(app)/timetable/page.tsx [Client Component SSR]
    ./app/(app)/timetable/page.tsx [Server Component] @ http://localhost:3000/_next/static/chunks/node_modules_next_dist_0u_w_5s._.js:1945
[   43491ms] [ERROR] ./app/(app)/timetable/page.tsx:245:21
Expected '</', got 'const'
  243 |                         ? cell.classes?.class_name || cell.class_name || cell.class_id
  244 |                         : cell.subjects?.subject_name || cell.subject_name || ''
> 245 |                     const sc = cell && subj ? subjectColor(subj as string) : null
      |                     ^^^^^
  246 |                     const isEmpty = !cell || !subj
  247 |
  248 |                     return (

Parsing ecmascript source code failed

Import traces:
  Client Component Browser:
    ./app/(app)/timetable/page.tsx [Client Component Browser]
    ./app/(app)/timetable/page.tsx [Server Component]

  Client Component SSR:
    ./app/(app)/timetable/page.tsx [Client Component SSR]
    ./app/(app)/timetable/page.tsx [Server Component] @ http://localhost:3000/_next/static/chunks/node_modules_next_dist_0u_w_5s._.js:1945
[   43541ms] [ERROR] ./app/(app)/timetable/page.tsx:245:21
Expected '</', got 'const'
  243 |                         ? cell.classes?.class_name || cell.class_name || cell.class_id
  244 |                         : cell.subjects?.subject_name || cell.subject_name || ''
> 245 |                     const sc = cell && subj ? subjectColor(subj as string) : null
      |                     ^^^^^
  246 |                     const isEmpty = !cell || !subj
  247 |
  248 |                     return (

Parsing ecmascript source code failed

Import traces:
  Client Component Browser:
    ./app/(app)/timetable/page.tsx [Client Component Browser]
    ./app/(app)/timetable/page.tsx [Server Component]

  Client Component SSR:
    ./app/(app)/timetable/page.tsx [Client Component SSR]
    ./app/(app)/timetable/page.tsx [Server Component] @ http://localhost:3000/_next/static/chunks/node_modules_next_dist_0u_w_5s._.js:1945
[   43604ms] [ERROR] ./app/(app)/timetable/page.tsx:245:21
Expected '</', got 'const'
  243 |                         ? cell.classes?.class_name || cell.class_name || cell.class_id
  244 |                         : cell.subjects?.subject_name || cell.subject_name || ''
> 245 |                     const sc = cell && subj ? subjectColor(subj as string) : null
      |                     ^^^^^
  246 |                     const isEmpty = !cell || !subj
  247 |
  248 |                     return (

Parsing ecmascript source code failed

Import traces:
  Client Component Browser:
    ./app/(app)/timetable/page.tsx [Client Component Browser]
    ./app/(app)/timetable/page.tsx [Server Component]

  Client Component SSR:
    ./app/(app)/timetable/page.tsx [Client Component SSR]
    ./app/(app)/timetable/page.tsx [Server Component] @ http://localhost:3000/_next/static/chunks/node_modules_next_dist_0u_w_5s._.js:1945
[   43665ms] [ERROR] ./app/(app)/timetable/page.tsx:245:21
Expected '</', got 'const'
  243 |                         ? cell.classes?.class_name || cell.class_name || cell.class_id
  244 |                         : cell.subjects?.subject_name || cell.subject_name || ''
> 245 |                     const sc = cell && subj ? subjectColor(subj as string) : null
      |                     ^^^^^
  246 |                     const isEmpty = !cell || !subj
  247 |
  248 |                     return (

Parsing ecmascript source code failed

Import traces:
  Client Component Browser:
    ./app/(app)/timetable/page.tsx [Client Component Browser]
    ./app/(app)/timetable/page.tsx [Server Component]

  Client Component SSR:
    ./app/(app)/timetable/page.tsx [Client Component SSR]
    ./app/(app)/timetable/page.tsx [Server Component] @ http://localhost:3000/_next/static/chunks/node_modules_next_dist_0u_w_5s._.js:1945
[   43725ms] [ERROR] ./app/(app)/timetable/page.tsx:245:21
Expected '</', got 'const'
  243 |                         ? cell.classes?.class_name || cell.class_name || cell.class_id
  244 |                         : cell.subjects?.subject_name || cell.subject_name || ''
> 245 |                     const sc = cell && subj ? subjectColor(subj as string) : null
      |                     ^^^^^
  246 |                     const isEmpty = !cell || !subj
  247 |
  248 |                     return (

Parsing ecmascript source code failed

Import traces:
  Client Component Browser:
    ./app/(app)/timetable/page.tsx [Client Component Browser]
    ./app/(app)/timetable/page.tsx [Server Component]

  Client Component SSR:
    ./app/(app)/timetable/page.tsx [Client Component SSR]
    ./app/(app)/timetable/page.tsx [Server Component] @ http://localhost:3000/_next/static/chunks/node_modules_next_dist_0u_w_5s._.js:1945
[   43787ms] [ERROR] ./app/(app)/timetable/page.tsx:245:21
Expected '</', got 'const'
  243 |                         ? cell.classes?.class_name || cell.class_name || cell.class_id
  244 |                         : cell.subjects?.subject_name || cell.subject_name || ''
> 245 |                     const sc = cell && subj ? subjectColor(subj as string) : null
      |                     ^^^^^
  246 |                     const isEmpty = !cell || !subj
  247 |
  248 |                     return (

Parsing ecmascript source code failed

Import traces:
  Client Component Browser:
    ./app/(app)/timetable/page.tsx [Client Component Browser]
    ./app/(app)/timetable/page.tsx [Server Component]

  Client Component SSR:
    ./app/(app)/timetable/page.tsx [Client Component SSR]
    ./app/(app)/timetable/page.tsx [Server Component] @ http://localhost:3000/_next/static/chunks/node_modules_next_dist_0u_w_5s._.js:1945
[   43849ms] [ERROR] ./app/(app)/timetable/page.tsx:245:21
Expected '</', got 'const'
  243 |                         ? cell.classes?.class_name || cell.class_name || cell.class_id
  244 |                         : cell.subjects?.subject_name || cell.subject_name || ''
> 245 |                     const sc = cell && subj ? subjectColor(subj as string) : null
      |                     ^^^^^
  246 |                     const isEmpty = !cell || !subj
  247 |
  248 |                     return (

Parsing ecmascript source code failed

Import traces:
  Client Component Browser:
    ./app/(app)/timetable/page.tsx [Client Component Browser]
    ./app/(app)/timetable/page.tsx [Server Component]

  Client Component SSR:
    ./app/(app)/timetable/page.tsx [Client Component SSR]
    ./app/(app)/timetable/page.tsx [Server Component] @ http://localhost:3000/_next/static/chunks/node_modules_next_dist_0u_w_5s._.js:1945
[   43903ms] [ERROR] ./app/(app)/timetable/page.tsx:245:21
Expected '</', got 'const'
  243 |                         ? cell.classes?.class_name || cell.class_name || cell.class_id
  244 |                         : cell.subjects?.subject_name || cell.subject_name || ''
> 245 |                     const sc = cell && subj ? subjectColor(subj as string) : null
      |                     ^^^^^
  246 |                     const isEmpty = !cell || !subj
  247 |
  248 |                     return (

Parsing ecmascript source code failed

Import traces:
  Client Component Browser:
    ./app/(app)/timetable/page.tsx [Client Component Browser]
    ./app/(app)/timetable/page.tsx [Server Component]

  Client Component SSR:
    ./app/(app)/timetable/page.tsx [Client Component SSR]
    ./app/(app)/timetable/page.tsx [Server Component] @ http://localhost:3000/_next/static/chunks/node_modules_next_dist_0u_w_5s._.js:1945
[   43966ms] [ERROR] ./app/(app)/timetable/page.tsx:245:21
Expected '</', got 'const'
  243 |                         ? cell.classes?.class_name || cell.class_name || cell.class_id
  244 |                         : cell.subjects?.subject_name || cell.subject_name || ''
> 245 |                     const sc = cell && subj ? subjectColor(subj as string) : null
      |                     ^^^^^
  246 |                     const isEmpty = !cell || !subj
  247 |
  248 |                     return (

Parsing ecmascript source code failed

Import traces:
  Client Component Browser:
    ./app/(app)/timetable/page.tsx [Client Component Browser]
    ./app/(app)/timetable/page.tsx [Server Component]

  Client Component SSR:
    ./app/(app)/timetable/page.tsx [Client Component SSR]
    ./app/(app)/timetable/page.tsx [Server Component] @ http://localhost:3000/_next/static/chunks/node_modules_next_dist_0u_w_5s._.js:1945
[   44018ms] [ERROR] ./app/(app)/timetable/page.tsx:245:21
Expected '</', got 'const'
  243 |                         ? cell.classes?.class_name || cell.class_name || cell.class_id
  244 |                         : cell.subjects?.subject_name || cell.subject_name || ''
> 245 |                     const sc = cell && subj ? subjectColor(subj as string) : null
      |                     ^^^^^
  246 |                     const isEmpty = !cell || !subj
  247 |
  248 |                     return (

Parsing ecmascript source code failed

Import traces:
  Client Component Browser:
    ./app/(app)/timetable/page.tsx [Client Component Browser]
    ./app/(app)/timetable/page.tsx [Server Component]

  Client Component SSR:
    ./app/(app)/timetable/page.tsx [Client Component SSR]
    ./app/(app)/timetable/page.tsx [Server Component] @ http://localhost:3000/_next/static/chunks/node_modules_next_dist_0u_w_5s._.js:1945
[   44078ms] [ERROR] ./app/(app)/timetable/page.tsx:245:21
Expected '</', got 'const'
  243 |                         ? cell.classes?.class_name || cell.class_name || cell.class_id
  244 |                         : cell.subjects?.subject_name || cell.subject_name || ''
> 245 |                     const sc = cell && subj ? subjectColor(subj as string) : null
      |                     ^^^^^
  246 |                     const isEmpty = !cell || !subj
  247 |
  248 |                     return (

Parsing ecmascript source code failed

Import traces:
  Client Component Browser:
    ./app/(app)/timetable/page.tsx [Client Component Browser]
    ./app/(app)/timetable/page.tsx [Server Component]

  Client Component SSR:
    ./app/(app)/timetable/page.tsx [Client Component SSR]
    ./app/(app)/timetable/page.tsx [Server Component] @ http://localhost:3000/_next/static/chunks/node_modules_next_dist_0u_w_5s._.js:1945
[   44138ms] [ERROR] ./app/(app)/timetable/page.tsx:245:21
Expected '</', got 'const'
  243 |                         ? cell.classes?.class_name || cell.class_name || cell.class_id
  244 |                         : cell.subjects?.subject_name || cell.subject_name || ''
> 245 |                     const sc = cell && subj ? subjectColor(subj as string) : null
      |                     ^^^^^
  246 |                     const isEmpty = !cell || !subj
  247 |
  248 |                     return (

Parsing ecmascript source code failed

Import traces:
  Client Component Browser:
    ./app/(app)/timetable/page.tsx [Client Component Browser]
    ./app/(app)/timetable/page.tsx [Server Component]

  Client Component SSR:
    ./app/(app)/timetable/page.tsx [Client Component SSR]
    ./app/(app)/timetable/page.tsx [Server Component] @ http://localhost:3000/_next/static/chunks/node_modules_next_dist_0u_w_5s._.js:1945
[   44197ms] [ERROR] ./app/(app)/timetable/page.tsx:245:21
Expected '</', got 'const'
  243 |                         ? cell.classes?.class_name || cell.class_name || cell.class_id
  244 |                         : cell.subjects?.subject_name || cell.subject_name || ''
> 245 |                     const sc = cell && subj ? subjectColor(subj as string) : null
      |                     ^^^^^
  246 |                     const isEmpty = !cell || !subj
  247 |
  248 |                     return (

Parsing ecmascript source code failed

Import traces:
  Client Component Browser:
    ./app/(app)/timetable/page.tsx [Client Component Browser]
    ./app/(app)/timetable/page.tsx [Server Component]

  Client Component SSR:
    ./app/(app)/timetable/page.tsx [Client Component SSR]
    ./app/(app)/timetable/page.tsx [Server Component] @ http://localhost:3000/_next/static/chunks/node_modules_next_dist_0u_w_5s._.js:1945
[   44257ms] [ERROR] ./app/(app)/timetable/page.tsx:245:21
Expected '</', got 'const'
  243 |                         ? cell.classes?.class_name || cell.class_name || cell.class_id
  244 |                         : cell.subjects?.subject_name || cell.subject_name || ''
> 245 |                     const sc = cell && subj ? subjectColor(subj as string) : null
      |                     ^^^^^
  246 |                     const isEmpty = !cell || !subj
  247 |
  248 |                     return (

Parsing ecmascript source code failed

Import traces:
  Client Component Browser:
    ./app/(app)/timetable/page.tsx [Client Component Browser]
    ./app/(app)/timetable/page.tsx [Server Component]

  Client Component SSR:
    ./app/(app)/timetable/page.tsx [Client Component SSR]
    ./app/(app)/timetable/page.tsx [Server Component] @ http://localhost:3000/_next/static/chunks/node_modules_next_dist_0u_w_5s._.js:1945
[   44300ms] [ERROR] ./app/(app)/timetable/page.tsx:245:21
Expected '</', got 'const'
  243 |                         ? cell.classes?.class_name || cell.class_name || cell.class_id
  244 |                         : cell.subjects?.subject_name || cell.subject_name || ''
> 245 |                     const sc = cell && subj ? subjectColor(subj as string) : null
      |                     ^^^^^
  246 |                     const isEmpty = !cell || !subj
  247 |
  248 |                     return (

Parsing ecmascript source code failed

Import traces:
  Client Component Browser:
    ./app/(app)/timetable/page.tsx [Client Component Browser]
    ./app/(app)/timetable/page.tsx [Server Component]

  Client Component SSR:
    ./app/(app)/timetable/page.tsx [Client Component SSR]
    ./app/(app)/timetable/page.tsx [Server Component] @ http://localhost:3000/_next/static/chunks/node_modules_next_dist_0u_w_5s._.js:1945
[   44360ms] [ERROR] ./app/(app)/timetable/page.tsx:245:21
Expected '</', got 'const'
  243 |                         ? cell.classes?.class_name || cell.class_name || cell.class_id
  244 |                         : cell.subjects?.subject_name || cell.subject_name || ''
> 245 |                     const sc = cell && subj ? subjectColor(subj as string) : null
      |                     ^^^^^
  246 |                     const isEmpty = !cell || !subj
  247 |
  248 |                     return (

Parsing ecmascript source code failed

Import traces:
  Client Component Browser:
    ./app/(app)/timetable/page.tsx [Client Component Browser]
    ./app/(app)/timetable/page.tsx [Server Component]

  Client Component SSR:
    ./app/(app)/timetable/page.tsx [Client Component SSR]
    ./app/(app)/timetable/page.tsx [Server Component] @ http://localhost:3000/_next/static/chunks/node_modules_next_dist_0u_w_5s._.js:1945
[   44413ms] [ERROR] ./app/(app)/timetable/page.tsx:245:21
Expected '</', got 'const'
  243 |                         ? cell.classes?.class_name || cell.class_name || cell.class_id
  244 |                         : cell.subjects?.subject_name || cell.subject_name || ''
> 245 |                     const sc = cell && subj ? subjectColor(subj as string) : null
      |                     ^^^^^
  246 |                     const isEmpty = !cell || !subj
  247 |
  248 |                     return (

Parsing ecmascript source code failed

Import traces:
  Client Component Browser:
    ./app/(app)/timetable/page.tsx [Client Component Browser]
    ./app/(app)/timetable/page.tsx [Server Component]

  Client Component SSR:
    ./app/(app)/timetable/page.tsx [Client Component SSR]
    ./app/(app)/timetable/page.tsx [Server Component] @ http://localhost:3000/_next/static/chunks/node_modules_next_dist_0u_w_5s._.js:1945
[   44466ms] [ERROR] ./app/(app)/timetable/page.tsx:245:21
Expected '</', got 'const'
  243 |                         ? cell.classes?.class_name || cell.class_name || cell.class_id
  244 |                         : cell.subjects?.subject_name || cell.subject_name || ''
> 245 |                     const sc = cell && subj ? subjectColor(subj as string) : null
      |                     ^^^^^
  246 |                     const isEmpty = !cell || !subj
  247 |
  248 |                     return (

Parsing ecmascript source code failed

Import traces:
  Client Component Browser:
    ./app/(app)/timetable/page.tsx [Client Component Browser]
    ./app/(app)/timetable/page.tsx [Server Component]

  Client Component SSR:
    ./app/(app)/timetable/page.tsx [Client Component SSR]
    ./app/(app)/timetable/page.tsx [Server Component] @ http://localhost:3000/_next/static/chunks/node_modules_next_dist_0u_w_5s._.js:1945
[   44516ms] [ERROR] ./app/(app)/timetable/page.tsx:245:21
Expected '</', got 'const'
  243 |                         ? cell.classes?.class_name || cell.class_name || cell.class_id
  244 |                         : cell.subjects?.subject_name || cell.subject_name || ''
> 245 |                     const sc = cell && subj ? subjectColor(subj as string) : null
      |                     ^^^^^
  246 |                     const isEmpty = !cell || !subj
  247 |
  248 |                     return (

Parsing ecmascript source code failed

Import traces:
  Client Component Browser:
    ./app/(app)/timetable/page.tsx [Client Component Browser]
    ./app/(app)/timetable/page.tsx [Server Component]

  Client Component SSR:
    ./app/(app)/timetable/page.tsx [Client Component SSR]
    ./app/(app)/timetable/page.tsx [Server Component] @ http://localhost:3000/_next/static/chunks/node_modules_next_dist_0u_w_5s._.js:1945
[   44570ms] [ERROR] ./app/(app)/timetable/page.tsx:245:21
Expected '</', got 'const'
  243 |                         ? cell.classes?.class_name || cell.class_name || cell.class_id
  244 |                         : cell.subjects?.subject_name || cell.subject_name || ''
> 245 |                     const sc = cell && subj ? subjectColor(subj as string) : null
      |                     ^^^^^
  246 |                     const isEmpty = !cell || !subj
  247 |
  248 |                     return (

Parsing ecmascript source code failed

Import traces:
  Client Component Browser:
    ./app/(app)/timetable/page.tsx [Client Component Browser]
    ./app/(app)/timetable/page.tsx [Server Component]

  Client Component SSR:
    ./app/(app)/timetable/page.tsx [Client Component SSR]
    ./app/(app)/timetable/page.tsx [Server Component] @ http://localhost:3000/_next/static/chunks/node_modules_next_dist_0u_w_5s._.js:1945
[   44630ms] [ERROR] ./app/(app)/timetable/page.tsx:245:21
Expected '</', got 'const'
  243 |                         ? cell.classes?.class_name || cell.class_name || cell.class_id
  244 |                         : cell.subjects?.subject_name || cell.subject_name || ''
> 245 |                     const sc = cell && subj ? subjectColor(subj as string) : null
      |                     ^^^^^
  246 |                     const isEmpty = !cell || !subj
  247 |
  248 |                     return (

Parsing ecmascript source code failed

Import traces:
  Client Component Browser:
    ./app/(app)/timetable/page.tsx [Client Component Browser]
    ./app/(app)/timetable/page.tsx [Server Component]

  Client Component SSR:
    ./app/(app)/timetable/page.tsx [Client Component SSR]
    ./app/(app)/timetable/page.tsx [Server Component] @ http://localhost:3000/_next/static/chunks/node_modules_next_dist_0u_w_5s._.js:1945
[   44676ms] [ERROR] ./app/(app)/timetable/page.tsx:245:21
Expected '</', got 'const'
  243 |                         ? cell.classes?.class_name || cell.class_name || cell.class_id
  244 |                         : cell.subjects?.subject_name || cell.subject_name || ''
> 245 |                     const sc = cell && subj ? subjectColor(subj as string) : null
      |                     ^^^^^
  246 |                     const isEmpty = !cell || !subj
  247 |
  248 |                     return (

Parsing ecmascript source code failed

Import traces:
  Client Component Browser:
    ./app/(app)/timetable/page.tsx [Client Component Browser]
    ./app/(app)/timetable/page.tsx [Server Component]

  Client Component SSR:
    ./app/(app)/timetable/page.tsx [Client Component SSR]
    ./app/(app)/timetable/page.tsx [Server Component] @ http://localhost:3000/_next/static/chunks/node_modules_next_dist_0u_w_5s._.js:1945
[   44731ms] [ERROR] ./app/(app)/timetable/page.tsx:245:21
Expected '</', got 'const'
  243 |                         ? cell.classes?.class_name || cell.class_name || cell.class_id
  244 |                         : cell.subjects?.subject_name || cell.subject_name || ''
> 245 |                     const sc = cell && subj ? subjectColor(subj as string) : null
      |                     ^^^^^
  246 |                     const isEmpty = !cell || !subj
  247 |
  248 |                     return (

Parsing ecmascript source code failed

Import traces:
  Client Component Browser:
    ./app/(app)/timetable/page.tsx [Client Component Browser]
    ./app/(app)/timetable/page.tsx [Server Component]

  Client Component SSR:
    ./app/(app)/timetable/page.tsx [Client Component SSR]
    ./app/(app)/timetable/page.tsx [Server Component] @ http://localhost:3000/_next/static/chunks/node_modules_next_dist_0u_w_5s._.js:1945
[   44795ms] [ERROR] ./app/(app)/timetable/page.tsx:245:21
Expected '</', got 'const'
  243 |                         ? cell.classes?.class_name || cell.class_name || cell.class_id
  244 |                         : cell.subjects?.subject_name || cell.subject_name || ''
> 245 |                     const sc = cell && subj ? subjectColor(subj as string) : null
      |                     ^^^^^
  246 |                     const isEmpty = !cell || !subj
  247 |
  248 |                     return (

Parsing ecmascript source code failed

Import traces:
  Client Component Browser:
    ./app/(app)/timetable/page.tsx [Client Component Browser]
    ./app/(app)/timetable/page.tsx [Server Component]

  Client Component SSR:
    ./app/(app)/timetable/page.tsx [Client Component SSR]
    ./app/(app)/timetable/page.tsx [Server Component] @ http://localhost:3000/_next/static/chunks/node_modules_next_dist_0u_w_5s._.js:1945
[   44858ms] [ERROR] ./app/(app)/timetable/page.tsx:245:21
Expected '</', got 'const'
  243 |                         ? cell.classes?.class_name || cell.class_name || cell.class_id
  244 |                         : cell.subjects?.subject_name || cell.subject_name || ''
> 245 |                     const sc = cell && subj ? subjectColor(subj as string) : null
      |                     ^^^^^
  246 |                     const isEmpty = !cell || !subj
  247 |
  248 |                     return (

Parsing ecmascript source code failed

Import traces:
  Client Component Browser:
    ./app/(app)/timetable/page.tsx [Client Component Browser]
    ./app/(app)/timetable/page.tsx [Server Component]

  Client Component SSR:
    ./app/(app)/timetable/page.tsx [Client Component SSR]
    ./app/(app)/timetable/page.tsx [Server Component] @ http://localhost:3000/_next/static/chunks/node_modules_next_dist_0u_w_5s._.js:1945
[   44913ms] [ERROR] ./app/(app)/timetable/page.tsx:245:21
Expected '</', got 'const'
  243 |                         ? cell.classes?.class_name || cell.class_name || cell.class_id
  244 |                         : cell.subjects?.subject_name || cell.subject_name || ''
> 245 |                     const sc = cell && subj ? subjectColor(subj as string) : null
      |                     ^^^^^
  246 |                     const isEmpty = !cell || !subj
  247 |
  248 |                     return (

Parsing ecmascript source code failed

Import traces:
  Client Component Browser:
    ./app/(app)/timetable/page.tsx [Client Component Browser]
    ./app/(app)/timetable/page.tsx [Server Component]

  Client Component SSR:
    ./app/(app)/timetable/page.tsx [Client Component SSR]
    ./app/(app)/timetable/page.tsx [Server Component] @ http://localhost:3000/_next/static/chunks/node_modules_next_dist_0u_w_5s._.js:1945
[   44972ms] [ERROR] ./app/(app)/timetable/page.tsx:245:21
Expected '</', got 'const'
  243 |                         ? cell.classes?.class_name || cell.class_name || cell.class_id
  244 |                         : cell.subjects?.subject_name || cell.subject_name || ''
> 245 |                     const sc = cell && subj ? subjectColor(subj as string) : null
      |                     ^^^^^
  246 |                     const isEmpty = !cell || !subj
  247 |
  248 |                     return (

Parsing ecmascript source code failed

Import traces:
  Client Component Browser:
    ./app/(app)/timetable/page.tsx [Client Component Browser]
    ./app/(app)/timetable/page.tsx [Server Component]

  Client Component SSR:
    ./app/(app)/timetable/page.tsx [Client Component SSR]
    ./app/(app)/timetable/page.tsx [Server Component] @ http://localhost:3000/_next/static/chunks/node_modules_next_dist_0u_w_5s._.js:1945
[   45036ms] [ERROR] ./app/(app)/timetable/page.tsx:245:21
Expected '</', got 'const'
  243 |                         ? cell.classes?.class_name || cell.class_name || cell.class_id
  244 |                         : cell.subjects?.subject_name || cell.subject_name || ''
> 245 |                     const sc = cell && subj ? subjectColor(subj as string) : null
      |                     ^^^^^
  246 |                     const isEmpty = !cell || !subj
  247 |
  248 |                     return (

Parsing ecmascript source code failed

Import traces:
  Client Component Browser:
    ./app/(app)/timetable/page.tsx [Client Component Browser]
    ./app/(app)/timetable/page.tsx [Server Component]

  Client Component SSR:
    ./app/(app)/timetable/page.tsx [Client Component SSR]
    ./app/(app)/timetable/page.tsx [Server Component] @ http://localhost:3000/_next/static/chunks/node_modules_next_dist_0u_w_5s._.js:1945
[   45093ms] [ERROR] ./app/(app)/timetable/page.tsx:245:21
Expected '</', got 'const'
  243 |                         ? cell.classes?.class_name || cell.class_name || cell.class_id
  244 |                         : cell.subjects?.subject_name || cell.subject_name || ''
> 245 |                     const sc = cell && subj ? subjectColor(subj as string) : null
      |                     ^^^^^
  246 |                     const isEmpty = !cell || !subj
  247 |
  248 |                     return (

Parsing ecmascript source code failed

Import traces:
  Client Component Browser:
    ./app/(app)/timetable/page.tsx [Client Component Browser]
    ./app/(app)/timetable/page.tsx [Server Component]

  Client Component SSR:
    ./app/(app)/timetable/page.tsx [Client Component SSR]
    ./app/(app)/timetable/page.tsx [Server Component] @ http://localhost:3000/_next/static/chunks/node_modules_next_dist_0u_w_5s._.js:1945
[   45155ms] [ERROR] ./app/(app)/timetable/page.tsx:245:21
Expected '</', got 'const'
  243 |                         ? cell.classes?.class_name || cell.class_name || cell.class_id
  244 |                         : cell.subjects?.subject_name || cell.subject_name || ''
> 245 |                     const sc = cell && subj ? subjectColor(subj as string) : null
      |                     ^^^^^
  246 |                     const isEmpty = !cell || !subj
  247 |
  248 |                     return (

Parsing ecmascript source code failed

Import traces:
  Client Component Browser:
    ./app/(app)/timetable/page.tsx [Client Component Browser]
    ./app/(app)/timetable/page.tsx [Server Component]

  Client Component SSR:
    ./app/(app)/timetable/page.tsx [Client Component SSR]
    ./app/(app)/timetable/page.tsx [Server Component] @ http://localhost:3000/_next/static/chunks/node_modules_next_dist_0u_w_5s._.js:1945
[   45212ms] [ERROR] ./app/(app)/timetable/page.tsx:245:21
Expected '</', got 'const'
  243 |                         ? cell.classes?.class_name || cell.class_name || cell.class_id
  244 |                         : cell.subjects?.subject_name || cell.subject_name || ''
> 245 |                     const sc = cell && subj ? subjectColor(subj as string) : null
      |                     ^^^^^
  246 |                     const isEmpty = !cell || !subj
  247 |
  248 |                     return (

Parsing ecmascript source code failed

Import traces:
  Client Component Browser:
    ./app/(app)/timetable/page.tsx [Client Component Browser]
    ./app/(app)/timetable/page.tsx [Server Component]

  Client Component SSR:
    ./app/(app)/timetable/page.tsx [Client Component SSR]
    ./app/(app)/timetable/page.tsx [Server Component] @ http://localhost:3000/_next/static/chunks/node_modules_next_dist_0u_w_5s._.js:1945
[   45265ms] [ERROR] ./app/(app)/timetable/page.tsx:245:21
Expected '</', got 'const'
  243 |                         ? cell.classes?.class_name || cell.class_name || cell.class_id
  244 |                         : cell.subjects?.subject_name || cell.subject_name || ''
> 245 |                     const sc = cell && subj ? subjectColor(subj as string) : null
      |                     ^^^^^
  246 |                     const isEmpty = !cell || !subj
  247 |
  248 |                     return (

Parsing ecmascript source code failed

Import traces:
  Client Component Browser:
    ./app/(app)/timetable/page.tsx [Client Component Browser]
    ./app/(app)/timetable/page.tsx [Server Component]

  Client Component SSR:
    ./app/(app)/timetable/page.tsx [Client Component SSR]
    ./app/(app)/timetable/page.tsx [Server Component] @ http://localhost:3000/_next/static/chunks/node_modules_next_dist_0u_w_5s._.js:1945
[   45329ms] [ERROR] ./app/(app)/timetable/page.tsx:245:21
Expected '</', got 'const'
  243 |                         ? cell.classes?.class_name || cell.class_name || cell.class_id
  244 |                         : cell.subjects?.subject_name || cell.subject_name || ''
> 245 |                     const sc = cell && subj ? subjectColor(subj as string) : null
      |                     ^^^^^
  246 |                     const isEmpty = !cell || !subj
  247 |
  248 |                     return (

Parsing ecmascript source code failed

Import traces:
  Client Component Browser:
    ./app/(app)/timetable/page.tsx [Client Component Browser]
    ./app/(app)/timetable/page.tsx [Server Component]

  Client Component SSR:
    ./app/(app)/timetable/page.tsx [Client Component SSR]
    ./app/(app)/timetable/page.tsx [Server Component] @ http://localhost:3000/_next/static/chunks/node_modules_next_dist_0u_w_5s._.js:1945
[   45378ms] [ERROR] ./app/(app)/timetable/page.tsx:245:21
Expected '</', got 'const'
  243 |                         ? cell.classes?.class_name || cell.class_name || cell.class_id
  244 |                         : cell.subjects?.subject_name || cell.subject_name || ''
> 245 |                     const sc = cell && subj ? subjectColor(subj as string) : null
      |                     ^^^^^
  246 |                     const isEmpty = !cell || !subj
  247 |
  248 |                     return (

Parsing ecmascript source code failed

Import traces:
  Client Component Browser:
    ./app/(app)/timetable/page.tsx [Client Component Browser]
    ./app/(app)/timetable/page.tsx [Server Component]

  Client Component SSR:
    ./app/(app)/timetable/page.tsx [Client Component SSR]
    ./app/(app)/timetable/page.tsx [Server Component] @ http://localhost:3000/_next/static/chunks/node_modules_next_dist_0u_w_5s._.js:1945
[   45432ms] [ERROR] ./app/(app)/timetable/page.tsx:245:21
Expected '</', got 'const'
  243 |                         ? cell.classes?.class_name || cell.class_name || cell.class_id
  244 |                         : cell.subjects?.subject_name || cell.subject_name || ''
> 245 |                     const sc = cell && subj ? subjectColor(subj as string) : null
      |                     ^^^^^
  246 |                     const isEmpty = !cell || !subj
  247 |
  248 |                     return (

Parsing ecmascript source code failed

Import traces:
  Client Component Browser:
    ./app/(app)/timetable/page.tsx [Client Component Browser]
    ./app/(app)/timetable/page.tsx [Server Component]

  Client Component SSR:
    ./app/(app)/timetable/page.tsx [Client Component SSR]
    ./app/(app)/timetable/page.tsx [Server Component] @ http://localhost:3000/_next/static/chunks/node_modules_next_dist_0u_w_5s._.js:1945
[   45494ms] [ERROR] ./app/(app)/timetable/page.tsx:245:21
Expected '</', got 'const'
  243 |                         ? cell.classes?.class_name || cell.class_name || cell.class_id
  244 |                         : cell.subjects?.subject_name || cell.subject_name || ''
> 245 |                     const sc = cell && subj ? subjectColor(subj as string) : null
      |                     ^^^^^
  246 |                     const isEmpty = !cell || !subj
  247 |
  248 |                     return (

Parsing ecmascript source code failed

Import traces:
  Client Component Browser:
    ./app/(app)/timetable/page.tsx [Client Component Browser]
    ./app/(app)/timetable/page.tsx [Server Component]

  Client Component SSR:
    ./app/(app)/timetable/page.tsx [Client Component SSR]
    ./app/(app)/timetable/page.tsx [Server Component] @ http://localhost:3000/_next/static/chunks/node_modules_next_dist_0u_w_5s._.js:1945
[   45548ms] [ERROR] ./app/(app)/timetable/page.tsx:245:21
Expected '</', got 'const'
  243 |                         ? cell.classes?.class_name || cell.class_name || cell.class_id
  244 |                         : cell.subjects?.subject_name || cell.subject_name || ''
> 245 |                     const sc = cell && subj ? subjectColor(subj as string) : null
      |                     ^^^^^
  246 |                     const isEmpty = !cell || !subj
  247 |
  248 |                     return (

Parsing ecmascript source code failed

Import traces:
  Client Component Browser:
    ./app/(app)/timetable/page.tsx [Client Component Browser]
    ./app/(app)/timetable/page.tsx [Server Component]

  Client Component SSR:
    ./app/(app)/timetable/page.tsx [Client Component SSR]
    ./app/(app)/timetable/page.tsx [Server Component] @ http://localhost:3000/_next/static/chunks/node_modules_next_dist_0u_w_5s._.js:1945
[   45613ms] [ERROR] ./app/(app)/timetable/page.tsx:245:21
Expected '</', got 'const'
  243 |                         ? cell.classes?.class_name || cell.class_name || cell.class_id
  244 |                         : cell.subjects?.subject_name || cell.subject_name || ''
> 245 |                     const sc = cell && subj ? subjectColor(subj as string) : null
      |                     ^^^^^
  246 |                     const isEmpty = !cell || !subj
  247 |
  248 |                     return (

Parsing ecmascript source code failed

Import traces:
  Client Component Browser:
    ./app/(app)/timetable/page.tsx [Client Component Browser]
    ./app/(app)/timetable/page.tsx [Server Component]

  Client Component SSR:
    ./app/(app)/timetable/page.tsx [Client Component SSR]
    ./app/(app)/timetable/page.tsx [Server Component] @ http://localhost:3000/_next/static/chunks/node_modules_next_dist_0u_w_5s._.js:1945
[   45675ms] [ERROR] ./app/(app)/timetable/page.tsx:245:21
Expected '</', got 'const'
  243 |                         ? cell.classes?.class_name || cell.class_name || cell.class_id
  244 |                         : cell.subjects?.subject_name || cell.subject_name || ''
> 245 |                     const sc = cell && subj ? subjectColor(subj as string) : null
      |                     ^^^^^
  246 |                     const isEmpty = !cell || !subj
  247 |
  248 |                     return (

Parsing ecmascript source code failed

Import traces:
  Client Component Browser:
    ./app/(app)/timetable/page.tsx [Client Component Browser]
    ./app/(app)/timetable/page.tsx [Server Component]

  Client Component SSR:
    ./app/(app)/timetable/page.tsx [Client Component SSR]
    ./app/(app)/timetable/page.tsx [Server Component] @ http://localhost:3000/_next/static/chunks/node_modules_next_dist_0u_w_5s._.js:1945
[   45725ms] [ERROR] ./app/(app)/timetable/page.tsx:245:21
Expected '</', got 'const'
  243 |                         ? cell.classes?.class_name || cell.class_name || cell.class_id
  244 |                         : cell.subjects?.subject_name || cell.subject_name || ''
> 245 |                     const sc = cell && subj ? subjectColor(subj as string) : null
      |                     ^^^^^
  246 |                     const isEmpty = !cell || !subj
  247 |
  248 |                     return (

Parsing ecmascript source code failed

Import traces:
  Client Component Browser:
    ./app/(app)/timetable/page.tsx [Client Component Browser]
    ./app/(app)/timetable/page.tsx [Server Component]

  Client Component SSR:
    ./app/(app)/timetable/page.tsx [Client Component SSR]
    ./app/(app)/timetable/page.tsx [Server Component] @ http://localhost:3000/_next/static/chunks/node_modules_next_dist_0u_w_5s._.js:1945
[   45778ms] [ERROR] ./app/(app)/timetable/page.tsx:245:21
Expected '</', got 'const'
  243 |                         ? cell.classes?.class_name || cell.class_name || cell.class_id
  244 |                         : cell.subjects?.subject_name || cell.subject_name || ''
> 245 |                     const sc = cell && subj ? subjectColor(subj as string) : null
      |                     ^^^^^
  246 |                     const isEmpty = !cell || !subj
  247 |
  248 |                     return (

Parsing ecmascript source code failed

Import traces:
  Client Component Browser:
    ./app/(app)/timetable/page.tsx [Client Component Browser]
    ./app/(app)/timetable/page.tsx [Server Component]

  Client Component SSR:
    ./app/(app)/timetable/page.tsx [Client Component SSR]
    ./app/(app)/timetable/page.tsx [Server Component] @ http://localhost:3000/_next/static/chunks/node_modules_next_dist_0u_w_5s._.js:1945
[   45832ms] [ERROR] ./app/(app)/timetable/page.tsx:245:21
Expected '</', got 'const'
  243 |                         ? cell.classes?.class_name || cell.class_name || cell.class_id
  244 |                         : cell.subjects?.subject_name || cell.subject_name || ''
> 245 |                     const sc = cell && subj ? subjectColor(subj as string) : null
      |                     ^^^^^
  246 |                     const isEmpty = !cell || !subj
  247 |
  248 |                     return (

Parsing ecmascript source code failed

Import traces:
  Client Component Browser:
    ./app/(app)/timetable/page.tsx [Client Component Browser]
    ./app/(app)/timetable/page.tsx [Server Component]

  Client Component SSR:
    ./app/(app)/timetable/page.tsx [Client Component SSR]
    ./app/(app)/timetable/page.tsx [Server Component] @ http://localhost:3000/_next/static/chunks/node_modules_next_dist_0u_w_5s._.js:1945
[   45893ms] [ERROR] ./app/(app)/timetable/page.tsx:245:21
Expected '</', got 'const'
  243 |                         ? cell.classes?.class_name || cell.class_name || cell.class_id
  244 |                         : cell.subjects?.subject_name || cell.subject_name || ''
> 245 |                     const sc = cell && subj ? subjectColor(subj as string) : null
      |                     ^^^^^
  246 |                     const isEmpty = !cell || !subj
  247 |
  248 |                     return (

Parsing ecmascript source code failed

Import traces:
  Client Component Browser:
    ./app/(app)/timetable/page.tsx [Client Component Browser]
    ./app/(app)/timetable/page.tsx [Server Component]

  Client Component SSR:
    ./app/(app)/timetable/page.tsx [Client Component SSR]
    ./app/(app)/timetable/page.tsx [Server Component] @ http://localhost:3000/_next/static/chunks/node_modules_next_dist_0u_w_5s._.js:1945
[   45956ms] [ERROR] ./app/(app)/timetable/page.tsx:245:21
Expected '</', got 'const'
  243 |                         ? cell.classes?.class_name || cell.class_name || cell.class_id
  244 |                         : cell.subjects?.subject_name || cell.subject_name || ''
> 245 |                     const sc = cell && subj ? subjectColor(subj as string) : null
      |                     ^^^^^
  246 |                     const isEmpty = !cell || !subj
  247 |
  248 |                     return (

Parsing ecmascript source code failed

Import traces:
  Client Component Browser:
    ./app/(app)/timetable/page.tsx [Client Component Browser]
    ./app/(app)/timetable/page.tsx [Server Component]

  Client Component SSR:
    ./app/(app)/timetable/page.tsx [Client Component SSR]
    ./app/(app)/timetable/page.tsx [Server Component] @ http://localhost:3000/_next/static/chunks/node_modules_next_dist_0u_w_5s._.js:1945
[   46018ms] [ERROR] ./app/(app)/timetable/page.tsx:245:21
Expected '</', got 'const'
  243 |                         ? cell.classes?.class_name || cell.class_name || cell.class_id
  244 |                         : cell.subjects?.subject_name || cell.subject_name || ''
> 245 |                     const sc = cell && subj ? subjectColor(subj as string) : null
      |                     ^^^^^
  246 |                     const isEmpty = !cell || !subj
  247 |
  248 |                     return (

Parsing ecmascript source code failed

Import traces:
  Client Component Browser:
    ./app/(app)/timetable/page.tsx [Client Component Browser]
    ./app/(app)/timetable/page.tsx [Server Component]

  Client Component SSR:
    ./app/(app)/timetable/page.tsx [Client Component SSR]
    ./app/(app)/timetable/page.tsx [Server Component] @ http://localhost:3000/_next/static/chunks/node_modules_next_dist_0u_w_5s._.js:1945
[   46066ms] [ERROR] ./app/(app)/timetable/page.tsx:245:21
Expected '</', got 'const'
  243 |                         ? cell.classes?.class_name || cell.class_name || cell.class_id
  244 |                         : cell.subjects?.subject_name || cell.subject_name || ''
> 245 |                     const sc = cell && subj ? subjectColor(subj as string) : null
      |                     ^^^^^
  246 |                     const isEmpty = !cell || !subj
  247 |
  248 |                     return (

Parsing ecmascript source code failed

Import traces:
  Client Component Browser:
    ./app/(app)/timetable/page.tsx [Client Component Browser]
    ./app/(app)/timetable/page.tsx [Server Component]

  Client Component SSR:
    ./app/(app)/timetable/page.tsx [Client Component SSR]
    ./app/(app)/timetable/page.tsx [Server Component] @ http://localhost:3000/_next/static/chunks/node_modules_next_dist_0u_w_5s._.js:1945
[   46127ms] [ERROR] ./app/(app)/timetable/page.tsx:245:21
Expected '</', got 'const'
  243 |                         ? cell.classes?.class_name || cell.class_name || cell.class_id
  244 |                         : cell.subjects?.subject_name || cell.subject_name || ''
> 245 |                     const sc = cell && subj ? subjectColor(subj as string) : null
      |                     ^^^^^
  246 |                     const isEmpty = !cell || !subj
  247 |
  248 |                     return (

Parsing ecmascript source code failed

Import traces:
  Client Component Browser:
    ./app/(app)/timetable/page.tsx [Client Component Browser]
    ./app/(app)/timetable/page.tsx [Server Component]

  Client Component SSR:
    ./app/(app)/timetable/page.tsx [Client Component SSR]
    ./app/(app)/timetable/page.tsx [Server Component] @ http://localhost:3000/_next/static/chunks/node_modules_next_dist_0u_w_5s._.js:1945
[   46190ms] [ERROR] ./app/(app)/timetable/page.tsx:245:21
Expected '</', got 'const'
  243 |                         ? cell.classes?.class_name || cell.class_name || cell.class_id
  244 |                         : cell.subjects?.subject_name || cell.subject_name || ''
> 245 |                     const sc = cell && subj ? subjectColor(subj as string) : null
      |                     ^^^^^
  246 |                     const isEmpty = !cell || !subj
  247 |
  248 |                     return (

Parsing ecmascript source code failed

Import traces:
  Client Component Browser:
    ./app/(app)/timetable/page.tsx [Client Component Browser]
    ./app/(app)/timetable/page.tsx [Server Component]

  Client Component SSR:
    ./app/(app)/timetable/page.tsx [Client Component SSR]
    ./app/(app)/timetable/page.tsx [Server Component] @ http://localhost:3000/_next/static/chunks/node_modules_next_dist_0u_w_5s._.js:1945
[   46239ms] [ERROR] ./app/(app)/timetable/page.tsx:245:21
Expected '</', got 'const'
  243 |                         ? cell.classes?.class_name || cell.class_name || cell.class_id
  244 |                         : cell.subjects?.subject_name || cell.subject_name || ''
> 245 |                     const sc = cell && subj ? subjectColor(subj as string) : null
      |                     ^^^^^
  246 |                     const isEmpty = !cell || !subj
  247 |
  248 |                     return (

Parsing ecmascript source code failed

Import traces:
  Client Component Browser:
    ./app/(app)/timetable/page.tsx [Client Component Browser]
    ./app/(app)/timetable/page.tsx [Server Component]

  Client Component SSR:
    ./app/(app)/timetable/page.tsx [Client Component SSR]
    ./app/(app)/timetable/page.tsx [Server Component] @ http://localhost:3000/_next/static/chunks/node_modules_next_dist_0u_w_5s._.js:1945
[   46292ms] [ERROR] ./app/(app)/timetable/page.tsx:245:21
Expected '</', got 'const'
  243 |                         ? cell.classes?.class_name || cell.class_name || cell.class_id
  244 |                         : cell.subjects?.subject_name || cell.subject_name || ''
> 245 |                     const sc = cell && subj ? subjectColor(subj as string) : null
      |                     ^^^^^
  246 |                     const isEmpty = !cell || !subj
  247 |
  248 |                     return (

Parsing ecmascript source code failed

Import traces:
  Client Component Browser:
    ./app/(app)/timetable/page.tsx [Client Component Browser]
    ./app/(app)/timetable/page.tsx [Server Component]

  Client Component SSR:
    ./app/(app)/timetable/page.tsx [Client Component SSR]
    ./app/(app)/timetable/page.tsx [Server Component] @ http://localhost:3000/_next/static/chunks/node_modules_next_dist_0u_w_5s._.js:1945
[   46350ms] [ERROR] ./app/(app)/timetable/page.tsx:245:21
Expected '</', got 'const'
  243 |                         ? cell.classes?.class_name || cell.class_name || cell.class_id
  244 |                         : cell.subjects?.subject_name || cell.subject_name || ''
> 245 |                     const sc = cell && subj ? subjectColor(subj as string) : null
      |                     ^^^^^
  246 |                     const isEmpty = !cell || !subj
  247 |
  248 |                     return (

Parsing ecmascript source code failed

Import traces:
  Client Component Browser:
    ./app/(app)/timetable/page.tsx [Client Component Browser]
    ./app/(app)/timetable/page.tsx [Server Component]

  Client Component SSR:
    ./app/(app)/timetable/page.tsx [Client Component SSR]
    ./app/(app)/timetable/page.tsx [Server Component] @ http://localhost:3000/_next/static/chunks/node_modules_next_dist_0u_w_5s._.js:1945
[   46400ms] [ERROR] ./app/(app)/timetable/page.tsx:245:21
Expected '</', got 'const'
  243 |                         ? cell.classes?.class_name || cell.class_name || cell.class_id
  244 |                         : cell.subjects?.subject_name || cell.subject_name || ''
> 245 |                     const sc = cell && subj ? subjectColor(subj as string) : null
      |                     ^^^^^
  246 |                     const isEmpty = !cell || !subj
  247 |
  248 |                     return (

Parsing ecmascript source code failed

Import traces:
  Client Component Browser:
    ./app/(app)/timetable/page.tsx [Client Component Browser]
    ./app/(app)/timetable/page.tsx [Server Component]

  Client Component SSR:
    ./app/(app)/timetable/page.tsx [Client Component SSR]
    ./app/(app)/timetable/page.tsx [Server Component] @ http://localhost:3000/_next/static/chunks/node_modules_next_dist_0u_w_5s._.js:1945
[   46461ms] [ERROR] ./app/(app)/timetable/page.tsx:245:21
Expected '</', got 'const'
  243 |                         ? cell.classes?.class_name || cell.class_name || cell.class_id
  244 |                         : cell.subjects?.subject_name || cell.subject_name || ''
> 245 |                     const sc = cell && subj ? subjectColor(subj as string) : null
      |                     ^^^^^
  246 |                     const isEmpty = !cell || !subj
  247 |
  248 |                     return (

Parsing ecmascript source code failed

Import traces:
  Client Component Browser:
    ./app/(app)/timetable/page.tsx [Client Component Browser]
    ./app/(app)/timetable/page.tsx [Server Component]

  Client Component SSR:
    ./app/(app)/timetable/page.tsx [Client Component SSR]
    ./app/(app)/timetable/page.tsx [Server Component] @ http://localhost:3000/_next/static/chunks/node_modules_next_dist_0u_w_5s._.js:1945
[   46512ms] [ERROR] ./app/(app)/timetable/page.tsx:245:21
Expected '</', got 'const'
  243 |                         ? cell.classes?.class_name || cell.class_name || cell.class_id
  244 |                         : cell.subjects?.subject_name || cell.subject_name || ''
> 245 |                     const sc = cell && subj ? subjectColor(subj as string) : null
      |                     ^^^^^
  246 |                     const isEmpty = !cell || !subj
  247 |
  248 |                     return (

Parsing ecmascript source code failed

Import traces:
  Client Component Browser:
    ./app/(app)/timetable/page.tsx [Client Component Browser]
    ./app/(app)/timetable/page.tsx [Server Component]

  Client Component SSR:
    ./app/(app)/timetable/page.tsx [Client Component SSR]
    ./app/(app)/timetable/page.tsx [Server Component] @ http://localhost:3000/_next/static/chunks/node_modules_next_dist_0u_w_5s._.js:1945
[   46567ms] [ERROR] ./app/(app)/timetable/page.tsx:245:21
Expected '</', got 'const'
  243 |                         ? cell.classes?.class_name || cell.class_name || cell.class_id
  244 |                         : cell.subjects?.subject_name || cell.subject_name || ''
> 245 |                     const sc = cell && subj ? subjectColor(subj as string) : null
      |                     ^^^^^
  246 |                     const isEmpty = !cell || !subj
  247 |
  248 |                     return (

Parsing ecmascript source code failed

Import traces:
  Client Component Browser:
    ./app/(app)/timetable/page.tsx [Client Component Browser]
    ./app/(app)/timetable/page.tsx [Server Component]

  Client Component SSR:
    ./app/(app)/timetable/page.tsx [Client Component SSR]
    ./app/(app)/timetable/page.tsx [Server Component] @ http://localhost:3000/_next/static/chunks/node_modules_next_dist_0u_w_5s._.js:1945
[   46630ms] [ERROR] ./app/(app)/timetable/page.tsx:245:21
Expected '</', got 'const'
  243 |                         ? cell.classes?.class_name || cell.class_name || cell.class_id
  244 |                         : cell.subjects?.subject_name || cell.subject_name || ''
> 245 |                     const sc = cell && subj ? subjectColor(subj as string) : null
      |                     ^^^^^
  246 |                     const isEmpty = !cell || !subj
  247 |
  248 |                     return (

Parsing ecmascript source code failed

Import traces:
  Client Component Browser:
    ./app/(app)/timetable/page.tsx [Client Component Browser]
    ./app/(app)/timetable/page.tsx [Server Component]

  Client Component SSR:
    ./app/(app)/timetable/page.tsx [Client Component SSR]
    ./app/(app)/timetable/page.tsx [Server Component] @ http://localhost:3000/_next/static/chunks/node_modules_next_dist_0u_w_5s._.js:1945
[   46670ms] [ERROR] ./app/(app)/timetable/page.tsx:245:21
Expected '</', got 'const'
  243 |                         ? cell.classes?.class_name || cell.class_name || cell.class_id
  244 |                         : cell.subjects?.subject_name || cell.subject_name || ''
> 245 |                     const sc = cell && subj ? subjectColor(subj as string) : null
      |                     ^^^^^
  246 |                     const isEmpty = !cell || !subj
  247 |
  248 |                     return (

Parsing ecmascript source code failed

Import traces:
  Client Component Browser:
    ./app/(app)/timetable/page.tsx [Client Component Browser]
    ./app/(app)/timetable/page.tsx [Server Component]

  Client Component SSR:
    ./app/(app)/timetable/page.tsx [Client Component SSR]
    ./app/(app)/timetable/page.tsx [Server Component] @ http://localhost:3000/_next/static/chunks/node_modules_next_dist_0u_w_5s._.js:1945
[   46731ms] [ERROR] ./app/(app)/timetable/page.tsx:245:21
Expected '</', got 'const'
  243 |                         ? cell.classes?.class_name || cell.class_name || cell.class_id
  244 |                         : cell.subjects?.subject_name || cell.subject_name || ''
> 245 |                     const sc = cell && subj ? subjectColor(subj as string) : null
      |                     ^^^^^
  246 |                     const isEmpty = !cell || !subj
  247 |
  248 |                     return (

Parsing ecmascript source code failed

Import traces:
  Client Component Browser:
    ./app/(app)/timetable/page.tsx [Client Component Browser]
    ./app/(app)/timetable/page.tsx [Server Component]

  Client Component SSR:
    ./app/(app)/timetable/page.tsx [Client Component SSR]
    ./app/(app)/timetable/page.tsx [Server Component] @ http://localhost:3000/_next/static/chunks/node_modules_next_dist_0u_w_5s._.js:1945
[   46782ms] [ERROR] ./app/(app)/timetable/page.tsx:245:21
Expected '</', got 'const'
  243 |                         ? cell.classes?.class_name || cell.class_name || cell.class_id
  244 |                         : cell.subjects?.subject_name || cell.subject_name || ''
> 245 |                     const sc = cell && subj ? subjectColor(subj as string) : null
      |                     ^^^^^
  246 |                     const isEmpty = !cell || !subj
  247 |
  248 |                     return (

Parsing ecmascript source code failed

Import traces:
  Client Component Browser:
    ./app/(app)/timetable/page.tsx [Client Component Browser]
    ./app/(app)/timetable/page.tsx [Server Component]

  Client Component SSR:
    ./app/(app)/timetable/page.tsx [Client Component SSR]
    ./app/(app)/timetable/page.tsx [Server Component] @ http://localhost:3000/_next/static/chunks/node_modules_next_dist_0u_w_5s._.js:1945
[   46831ms] [ERROR] ./app/(app)/timetable/page.tsx:245:21
Expected '</', got 'const'
  243 |                         ? cell.classes?.class_name || cell.class_name || cell.class_id
  244 |                         : cell.subjects?.subject_name || cell.subject_name || ''
> 245 |                     const sc = cell && subj ? subjectColor(subj as string) : null
      |                     ^^^^^
  246 |                     const isEmpty = !cell || !subj
  247 |
  248 |                     return (

Parsing ecmascript source code failed

Import traces:
  Client Component Browser:
    ./app/(app)/timetable/page.tsx [Client Component Browser]
    ./app/(app)/timetable/page.tsx [Server Component]

  Client Component SSR:
    ./app/(app)/timetable/page.tsx [Client Component SSR]
    ./app/(app)/timetable/page.tsx [Server Component] @ http://localhost:3000/_next/static/chunks/node_modules_next_dist_0u_w_5s._.js:1945
[   46884ms] [ERROR] ./app/(app)/timetable/page.tsx:245:21
Expected '</', got 'const'
  243 |                         ? cell.classes?.class_name || cell.class_name || cell.class_id
  244 |                         : cell.subjects?.subject_name || cell.subject_name || ''
> 245 |                     const sc = cell && subj ? subjectColor(subj as string) : null
      |                     ^^^^^
  246 |                     const isEmpty = !cell || !subj
  247 |
  248 |                     return (

Parsing ecmascript source code failed

Import traces:
  Client Component Browser:
    ./app/(app)/timetable/page.tsx [Client Component Browser]
    ./app/(app)/timetable/page.tsx [Server Component]

  Client Component SSR:
    ./app/(app)/timetable/page.tsx [Client Component SSR]
    ./app/(app)/timetable/page.tsx [Server Component] @ http://localhost:3000/_next/static/chunks/node_modules_next_dist_0u_w_5s._.js:1945
[   46942ms] [ERROR] ./app/(app)/timetable/page.tsx:245:21
Expected '</', got 'const'
  243 |                         ? cell.classes?.class_name || cell.class_name || cell.class_id
  244 |                         : cell.subjects?.subject_name || cell.subject_name || ''
> 245 |                     const sc = cell && subj ? subjectColor(subj as string) : null
      |                     ^^^^^
  246 |                     const isEmpty = !cell || !subj
  247 |
  248 |                     return (

Parsing ecmascript source code failed

Import traces:
  Client Component Browser:
    ./app/(app)/timetable/page.tsx [Client Component Browser]
    ./app/(app)/timetable/page.tsx [Server Component]

  Client Component SSR:
    ./app/(app)/timetable/page.tsx [Client Component SSR]
    ./app/(app)/timetable/page.tsx [Server Component] @ http://localhost:3000/_next/static/chunks/node_modules_next_dist_0u_w_5s._.js:1945
[   46996ms] [ERROR] ./app/(app)/timetable/page.tsx:245:21
Expected '</', got 'const'
  243 |                         ? cell.classes?.class_name || cell.class_name || cell.class_id
  244 |                         : cell.subjects?.subject_name || cell.subject_name || ''
> 245 |                     const sc = cell && subj ? subjectColor(subj as string) : null
      |                     ^^^^^
  246 |                     const isEmpty = !cell || !subj
  247 |
  248 |                     return (

Parsing ecmascript source code failed

Import traces:
  Client Component Browser:
    ./app/(app)/timetable/page.tsx [Client Component Browser]
    ./app/(app)/timetable/page.tsx [Server Component]

  Client Component SSR:
    ./app/(app)/timetable/page.tsx [Client Component SSR]
    ./app/(app)/timetable/page.tsx [Server Component] @ http://localhost:3000/_next/static/chunks/node_modules_next_dist_0u_w_5s._.js:1945
[   47052ms] [ERROR] ./app/(app)/timetable/page.tsx:245:21
Expected '</', got 'const'
  243 |                         ? cell.classes?.class_name || cell.class_name || cell.class_id
  244 |                         : cell.subjects?.subject_name || cell.subject_name || ''
> 245 |                     const sc = cell && subj ? subjectColor(subj as string) : null
      |                     ^^^^^
  246 |                     const isEmpty = !cell || !subj
  247 |
  248 |                     return (

Parsing ecmascript source code failed

Import traces:
  Client Component Browser:
    ./app/(app)/timetable/page.tsx [Client Component Browser]
    ./app/(app)/timetable/page.tsx [Server Component]

  Client Component SSR:
    ./app/(app)/timetable/page.tsx [Client Component SSR]
    ./app/(app)/timetable/page.tsx [Server Component] @ http://localhost:3000/_next/static/chunks/node_modules_next_dist_0u_w_5s._.js:1945
[   47109ms] [ERROR] ./app/(app)/timetable/page.tsx:245:21
Expected '</', got 'const'
  243 |                         ? cell.classes?.class_name || cell.class_name || cell.class_id
  244 |                         : cell.subjects?.subject_name || cell.subject_name || ''
> 245 |                     const sc = cell && subj ? subjectColor(subj as string) : null
      |                     ^^^^^
  246 |                     const isEmpty = !cell || !subj
  247 |
  248 |                     return (

Parsing ecmascript source code failed

Import traces:
  Client Component Browser:
    ./app/(app)/timetable/page.tsx [Client Component Browser]
    ./app/(app)/timetable/page.tsx [Server Component]

  Client Component SSR:
    ./app/(app)/timetable/page.tsx [Client Component SSR]
    ./app/(app)/timetable/page.tsx [Server Component] @ http://localhost:3000/_next/static/chunks/node_modules_next_dist_0u_w_5s._.js:1945
[   47169ms] [ERROR] ./app/(app)/timetable/page.tsx:245:21
Expected '</', got 'const'
  243 |                         ? cell.classes?.class_name || cell.class_name || cell.class_id
  244 |                         : cell.subjects?.subject_name || cell.subject_name || ''
> 245 |                     const sc = cell && subj ? subjectColor(subj as string) : null
      |                     ^^^^^
  246 |                     const isEmpty = !cell || !subj
  247 |
  248 |                     return (

Parsing ecmascript source code failed

Import traces:
  Client Component Browser:
    ./app/(app)/timetable/page.tsx [Client Component Browser]
    ./app/(app)/timetable/page.tsx [Server Component]

  Client Component SSR:
    ./app/(app)/timetable/page.tsx [Client Component SSR]
    ./app/(app)/timetable/page.tsx [Server Component] @ http://localhost:3000/_next/static/chunks/node_modules_next_dist_0u_w_5s._.js:1945
[   47227ms] [ERROR] ./app/(app)/timetable/page.tsx:245:21
Expected '</', got 'const'
  243 |                         ? cell.classes?.class_name || cell.class_name || cell.class_id
  244 |                         : cell.subjects?.subject_name || cell.subject_name || ''
> 245 |                     const sc = cell && subj ? subjectColor(subj as string) : null
      |                     ^^^^^
  246 |                     const isEmpty = !cell || !subj
  247 |
  248 |                     return (

Parsing ecmascript source code failed

Import traces:
  Client Component Browser:
    ./app/(app)/timetable/page.tsx [Client Component Browser]
    ./app/(app)/timetable/page.tsx [Server Component]

  Client Component SSR:
    ./app/(app)/timetable/page.tsx [Client Component SSR]
    ./app/(app)/timetable/page.tsx [Server Component] @ http://localhost:3000/_next/static/chunks/node_modules_next_dist_0u_w_5s._.js:1945
[   47280ms] [ERROR] ./app/(app)/timetable/page.tsx:245:21
Expected '</', got 'const'
  243 |                         ? cell.classes?.class_name || cell.class_name || cell.class_id
  244 |                         : cell.subjects?.subject_name || cell.subject_name || ''
> 245 |                     const sc = cell && subj ? subjectColor(subj as string) : null
      |                     ^^^^^
  246 |                     const isEmpty = !cell || !subj
  247 |
  248 |                     return (

Parsing ecmascript source code failed

Import traces:
  Client Component Browser:
    ./app/(app)/timetable/page.tsx [Client Component Browser]
    ./app/(app)/timetable/page.tsx [Server Component]

  Client Component SSR:
    ./app/(app)/timetable/page.tsx [Client Component SSR]
    ./app/(app)/timetable/page.tsx [Server Component] @ http://localhost:3000/_next/static/chunks/node_modules_next_dist_0u_w_5s._.js:1945
[   47342ms] [ERROR] ./app/(app)/timetable/page.tsx:245:21
Expected '</', got 'const'
  243 |                         ? cell.classes?.class_name || cell.class_name || cell.class_id
  244 |                         : cell.subjects?.subject_name || cell.subject_name || ''
> 245 |                     const sc = cell && subj ? subjectColor(subj as string) : null
      |                     ^^^^^
  246 |                     const isEmpty = !cell || !subj
  247 |
  248 |                     return (

Parsing ecmascript source code failed

Import traces:
  Client Component Browser:
    ./app/(app)/timetable/page.tsx [Client Component Browser]
    ./app/(app)/timetable/page.tsx [Server Component]

  Client Component SSR:
    ./app/(app)/timetable/page.tsx [Client Component SSR]
    ./app/(app)/timetable/page.tsx [Server Component] @ http://localhost:3000/_next/static/chunks/node_modules_next_dist_0u_w_5s._.js:1945
[   47388ms] [ERROR] ./app/(app)/timetable/page.tsx:245:21
Expected '</', got 'const'
  243 |                         ? cell.classes?.class_name || cell.class_name || cell.class_id
  244 |                         : cell.subjects?.subject_name || cell.subject_name || ''
> 245 |                     const sc = cell && subj ? subjectColor(subj as string) : null
      |                     ^^^^^
  246 |                     const isEmpty = !cell || !subj
  247 |
  248 |                     return (

Parsing ecmascript source code failed

Import traces:
  Client Component Browser:
    ./app/(app)/timetable/page.tsx [Client Component Browser]
    ./app/(app)/timetable/page.tsx [Server Component]

  Client Component SSR:
    ./app/(app)/timetable/page.tsx [Client Component SSR]
    ./app/(app)/timetable/page.tsx [Server Component] @ http://localhost:3000/_next/static/chunks/node_modules_next_dist_0u_w_5s._.js:1945
[   47452ms] [ERROR] ./app/(app)/timetable/page.tsx:245:21
Expected '</', got 'const'
  243 |                         ? cell.classes?.class_name || cell.class_name || cell.class_id
  244 |                         : cell.subjects?.subject_name || cell.subject_name || ''
> 245 |                     const sc = cell && subj ? subjectColor(subj as string) : null
      |                     ^^^^^
  246 |                     const isEmpty = !cell || !subj
  247 |
  248 |                     return (

Parsing ecmascript source code failed

Import traces:
  Client Component Browser:
    ./app/(app)/timetable/page.tsx [Client Component Browser]
    ./app/(app)/timetable/page.tsx [Server Component]

  Client Component SSR:
    ./app/(app)/timetable/page.tsx [Client Component SSR]
    ./app/(app)/timetable/page.tsx [Server Component] @ http://localhost:3000/_next/static/chunks/node_modules_next_dist_0u_w_5s._.js:1945
[   47514ms] [ERROR] ./app/(app)/timetable/page.tsx:245:21
Expected '</', got 'const'
  243 |                         ? cell.classes?.class_name || cell.class_name || cell.class_id
  244 |                         : cell.subjects?.subject_name || cell.subject_name || ''
> 245 |                     const sc = cell && subj ? subjectColor(subj as string) : null
      |                     ^^^^^
  246 |                     const isEmpty = !cell || !subj
  247 |
  248 |                     return (

Parsing ecmascript source code failed

Import traces:
  Client Component Browser:
    ./app/(app)/timetable/page.tsx [Client Component Browser]
    ./app/(app)/timetable/page.tsx [Server Component]

  Client Component SSR:
    ./app/(app)/timetable/page.tsx [Client Component SSR]
    ./app/(app)/timetable/page.tsx [Server Component] @ http://localhost:3000/_next/static/chunks/node_modules_next_dist_0u_w_5s._.js:1945
[   47575ms] [ERROR] ./app/(app)/timetable/page.tsx:245:21
Expected '</', got 'const'
  243 |                         ? cell.classes?.class_name || cell.class_name || cell.class_id
  244 |                         : cell.subjects?.subject_name || cell.subject_name || ''
> 245 |                     const sc = cell && subj ? subjectColor(subj as string) : null
      |                     ^^^^^
  246 |                     const isEmpty = !cell || !subj
  247 |
  248 |                     return (

Parsing ecmascript source code failed

Import traces:
  Client Component Browser:
    ./app/(app)/timetable/page.tsx [Client Component Browser]
    ./app/(app)/timetable/page.tsx [Server Component]

  Client Component SSR:
    ./app/(app)/timetable/page.tsx [Client Component SSR]
    ./app/(app)/timetable/page.tsx [Server Component] @ http://localhost:3000/_next/static/chunks/node_modules_next_dist_0u_w_5s._.js:1945
[   47622ms] [ERROR] ./app/(app)/timetable/page.tsx:245:21
Expected '</', got 'const'
  243 |                         ? cell.classes?.class_name || cell.class_name || cell.class_id
  244 |                         : cell.subjects?.subject_name || cell.subject_name || ''
> 245 |                     const sc = cell && subj ? subjectColor(subj as string) : null
      |                     ^^^^^
  246 |                     const isEmpty = !cell || !subj
  247 |
  248 |                     return (

Parsing ecmascript source code failed

Import traces:
  Client Component Browser:
    ./app/(app)/timetable/page.tsx [Client Component Browser]
    ./app/(app)/timetable/page.tsx [Server Component]

  Client Component SSR:
    ./app/(app)/timetable/page.tsx [Client Component SSR]
    ./app/(app)/timetable/page.tsx [Server Component] @ http://localhost:3000/_next/static/chunks/node_modules_next_dist_0u_w_5s._.js:1945
[   47675ms] [ERROR] ./app/(app)/timetable/page.tsx:245:21
Expected '</', got 'const'
  243 |                         ? cell.classes?.class_name || cell.class_name || cell.class_id
  244 |                         : cell.subjects?.subject_name || cell.subject_name || ''
> 245 |                     const sc = cell && subj ? subjectColor(subj as string) : null
      |                     ^^^^^
  246 |                     const isEmpty = !cell || !subj
  247 |
  248 |                     return (

Parsing ecmascript source code failed

Import traces:
  Client Component Browser:
    ./app/(app)/timetable/page.tsx [Client Component Browser]
    ./app/(app)/timetable/page.tsx [Server Component]

  Client Component SSR:
    ./app/(app)/timetable/page.tsx [Client Component SSR]
    ./app/(app)/timetable/page.tsx [Server Component] @ http://localhost:3000/_next/static/chunks/node_modules_next_dist_0u_w_5s._.js:1945
[   47737ms] [ERROR] ./app/(app)/timetable/page.tsx:245:21
Expected '</', got 'const'
  243 |                         ? cell.classes?.class_name || cell.class_name || cell.class_id
  244 |                         : cell.subjects?.subject_name || cell.subject_name || ''
> 245 |                     const sc = cell && subj ? subjectColor(subj as string) : null
      |                     ^^^^^
  246 |                     const isEmpty = !cell || !subj
  247 |
  248 |                     return (

Parsing ecmascript source code failed

Import traces:
  Client Component Browser:
    ./app/(app)/timetable/page.tsx [Client Component Browser]
    ./app/(app)/timetable/page.tsx [Server Component]

  Client Component SSR:
    ./app/(app)/timetable/page.tsx [Client Component SSR]
    ./app/(app)/timetable/page.tsx [Server Component] @ http://localhost:3000/_next/static/chunks/node_modules_next_dist_0u_w_5s._.js:1945
[   47790ms] [ERROR] ./app/(app)/timetable/page.tsx:245:21
Expected '</', got 'const'
  243 |                         ? cell.classes?.class_name || cell.class_name || cell.class_id
  244 |                         : cell.subjects?.subject_name || cell.subject_name || ''
> 245 |                     const sc = cell && subj ? subjectColor(subj as string) : null
      |                     ^^^^^
  246 |                     const isEmpty = !cell || !subj
  247 |
  248 |                     return (

Parsing ecmascript source code failed

Import traces:
  Client Component Browser:
    ./app/(app)/timetable/page.tsx [Client Component Browser]
    ./app/(app)/timetable/page.tsx [Server Component]

  Client Component SSR:
    ./app/(app)/timetable/page.tsx [Client Component SSR]
    ./app/(app)/timetable/page.tsx [Server Component] @ http://localhost:3000/_next/static/chunks/node_modules_next_dist_0u_w_5s._.js:1945
[   47840ms] [ERROR] ./app/(app)/timetable/page.tsx:245:21
Expected '</', got 'const'
  243 |                         ? cell.classes?.class_name || cell.class_name || cell.class_id
  244 |                         : cell.subjects?.subject_name || cell.subject_name || ''
> 245 |                     const sc = cell && subj ? subjectColor(subj as string) : null
      |                     ^^^^^
  246 |                     const isEmpty = !cell || !subj
  247 |
  248 |                     return (

Parsing ecmascript source code failed

Import traces:
  Client Component Browser:
    ./app/(app)/timetable/page.tsx [Client Component Browser]
    ./app/(app)/timetable/page.tsx [Server Component]

  Client Component SSR:
    ./app/(app)/timetable/page.tsx [Client Component SSR]
    ./app/(app)/timetable/page.tsx [Server Component] @ http://localhost:3000/_next/static/chunks/node_modules_next_dist_0u_w_5s._.js:1945
[   47900ms] [ERROR] ./app/(app)/timetable/page.tsx:245:21
Expected '</', got 'const'
  243 |                         ? cell.classes?.class_name || cell.class_name || cell.class_id
  244 |                         : cell.subjects?.subject_name || cell.subject_name || ''
> 245 |                     const sc = cell && subj ? subjectColor(subj as string) : null
      |                     ^^^^^
  246 |                     const isEmpty = !cell || !subj
  247 |
  248 |                     return (

Parsing ecmascript source code failed

Import traces:
  Client Component Browser:
    ./app/(app)/timetable/page.tsx [Client Component Browser]
    ./app/(app)/timetable/page.tsx [Server Component]

  Client Component SSR:
    ./app/(app)/timetable/page.tsx [Client Component SSR]
    ./app/(app)/timetable/page.tsx [Server Component] @ http://localhost:3000/_next/static/chunks/node_modules_next_dist_0u_w_5s._.js:1945
[   47962ms] [ERROR] ./app/(app)/timetable/page.tsx:245:21
Expected '</', got 'const'
  243 |                         ? cell.classes?.class_name || cell.class_name || cell.class_id
  244 |                         : cell.subjects?.subject_name || cell.subject_name || ''
> 245 |                     const sc = cell && subj ? subjectColor(subj as string) : null
      |                     ^^^^^
  246 |                     const isEmpty = !cell || !subj
  247 |
  248 |                     return (

Parsing ecmascript source code failed

Import traces:
  Client Component Browser:
    ./app/(app)/timetable/page.tsx [Client Component Browser]
    ./app/(app)/timetable/page.tsx [Server Component]

  Client Component SSR:
    ./app/(app)/timetable/page.tsx [Client Component SSR]
    ./app/(app)/timetable/page.tsx [Server Component] @ http://localhost:3000/_next/static/chunks/node_modules_next_dist_0u_w_5s._.js:1945
[   48024ms] [ERROR] ./app/(app)/timetable/page.tsx:245:21
Expected '</', got 'const'
  243 |                         ? cell.classes?.class_name || cell.class_name || cell.class_id
  244 |                         : cell.subjects?.subject_name || cell.subject_name || ''
> 245 |                     const sc = cell && subj ? subjectColor(subj as string) : null
      |                     ^^^^^
  246 |                     const isEmpty = !cell || !subj
  247 |
  248 |                     return (

Parsing ecmascript source code failed

Import traces:
  Client Component Browser:
    ./app/(app)/timetable/page.tsx [Client Component Browser]
    ./app/(app)/timetable/page.tsx [Server Component]

  Client Component SSR:
    ./app/(app)/timetable/page.tsx [Client Component SSR]
    ./app/(app)/timetable/page.tsx [Server Component] @ http://localhost:3000/_next/static/chunks/node_modules_next_dist_0u_w_5s._.js:1945
[   48085ms] [ERROR] ./app/(app)/timetable/page.tsx:245:21
Expected '</', got 'const'
  243 |                         ? cell.classes?.class_name || cell.class_name || cell.class_id
  244 |                         : cell.subjects?.subject_name || cell.subject_name || ''
> 245 |                     const sc = cell && subj ? subjectColor(subj as string) : null
      |                     ^^^^^
  246 |                     const isEmpty = !cell || !subj
  247 |
  248 |                     return (

Parsing ecmascript source code failed

Import traces:
  Client Component Browser:
    ./app/(app)/timetable/page.tsx [Client Component Browser]
    ./app/(app)/timetable/page.tsx [Server Component]

  Client Component SSR:
    ./app/(app)/timetable/page.tsx [Client Component SSR]
    ./app/(app)/timetable/page.tsx [Server Component] @ http://localhost:3000/_next/static/chunks/node_modules_next_dist_0u_w_5s._.js:1945
[   48146ms] [ERROR] ./app/(app)/timetable/page.tsx:245:21
Expected '</', got 'const'
  243 |                         ? cell.classes?.class_name || cell.class_name || cell.class_id
  244 |                         : cell.subjects?.subject_name || cell.subject_name || ''
> 245 |                     const sc = cell && subj ? subjectColor(subj as string) : null
      |                     ^^^^^
  246 |                     const isEmpty = !cell || !subj
  247 |
  248 |                     return (

Parsing ecmascript source code failed

Import traces:
  Client Component Browser:
    ./app/(app)/timetable/page.tsx [Client Component Browser]
    ./app/(app)/timetable/page.tsx [Server Component]

  Client Component SSR:
    ./app/(app)/timetable/page.tsx [Client Component SSR]
    ./app/(app)/timetable/page.tsx [Server Component] @ http://localhost:3000/_next/static/chunks/node_modules_next_dist_0u_w_5s._.js:1945
[   48202ms] [ERROR] ./app/(app)/timetable/page.tsx:245:21
Expected '</', got 'const'
  243 |                         ? cell.classes?.class_name || cell.class_name || cell.class_id
  244 |                         : cell.subjects?.subject_name || cell.subject_name || ''
> 245 |                     const sc = cell && subj ? subjectColor(subj as string) : null
      |                     ^^^^^
  246 |                     const isEmpty = !cell || !subj
  247 |
  248 |                     return (

Parsing ecmascript source code failed

Import traces:
  Client Component Browser:
    ./app/(app)/timetable/page.tsx [Client Component Browser]
    ./app/(app)/timetable/page.tsx [Server Component]

  Client Component SSR:
    ./app/(app)/timetable/page.tsx [Client Component SSR]
    ./app/(app)/timetable/page.tsx [Server Component] @ http://localhost:3000/_next/static/chunks/node_modules_next_dist_0u_w_5s._.js:1945
[   48260ms] [ERROR] ./app/(app)/timetable/page.tsx:245:21
Expected '</', got 'const'
  243 |                         ? cell.classes?.class_name || cell.class_name || cell.class_id
  244 |                         : cell.subjects?.subject_name || cell.subject_name || ''
> 245 |                     const sc = cell && subj ? subjectColor(subj as string) : null
      |                     ^^^^^
  246 |                     const isEmpty = !cell || !subj
  247 |
  248 |                     return (

Parsing ecmascript source code failed

Import traces:
  Client Component Browser:
    ./app/(app)/timetable/page.tsx [Client Component Browser]
    ./app/(app)/timetable/page.tsx [Server Component]

  Client Component SSR:
    ./app/(app)/timetable/page.tsx [Client Component SSR]
    ./app/(app)/timetable/page.tsx [Server Component] @ http://localhost:3000/_next/static/chunks/node_modules_next_dist_0u_w_5s._.js:1945
[   48319ms] [ERROR] ./app/(app)/timetable/page.tsx:245:21
Expected '</', got 'const'
  243 |                         ? cell.classes?.class_name || cell.class_name || cell.class_id
  244 |                         : cell.subjects?.subject_name || cell.subject_name || ''
> 245 |                     const sc = cell && subj ? subjectColor(subj as string) : null
      |                     ^^^^^
  246 |                     const isEmpty = !cell || !subj
  247 |
  248 |                     return (

Parsing ecmascript source code failed

Import traces:
  Client Component Browser:
    ./app/(app)/timetable/page.tsx [Client Component Browser]
    ./app/(app)/timetable/page.tsx [Server Component]

  Client Component SSR:
    ./app/(app)/timetable/page.tsx [Client Component SSR]
    ./app/(app)/timetable/page.tsx [Server Component] @ http://localhost:3000/_next/static/chunks/node_modules_next_dist_0u_w_5s._.js:1945
[   48381ms] [ERROR] ./app/(app)/timetable/page.tsx:245:21
Expected '</', got 'const'
  243 |                         ? cell.classes?.class_name || cell.class_name || cell.class_id
  244 |                         : cell.subjects?.subject_name || cell.subject_name || ''
> 245 |                     const sc = cell && subj ? subjectColor(subj as string) : null
      |                     ^^^^^
  246 |                     const isEmpty = !cell || !subj
  247 |
  248 |                     return (

Parsing ecmascript source code failed

Import traces:
  Client Component Browser:
    ./app/(app)/timetable/page.tsx [Client Component Browser]
    ./app/(app)/timetable/page.tsx [Server Component]

  Client Component SSR:
    ./app/(app)/timetable/page.tsx [Client Component SSR]
    ./app/(app)/timetable/page.tsx [Server Component] @ http://localhost:3000/_next/static/chunks/node_modules_next_dist_0u_w_5s._.js:1945
[   48430ms] [ERROR] ./app/(app)/timetable/page.tsx:245:21
Expected '</', got 'const'
  243 |                         ? cell.classes?.class_name || cell.class_name || cell.class_id
  244 |                         : cell.subjects?.subject_name || cell.subject_name || ''
> 245 |                     const sc = cell && subj ? subjectColor(subj as string) : null
      |                     ^^^^^
  246 |                     const isEmpty = !cell || !subj
  247 |
  248 |                     return (

Parsing ecmascript source code failed

Import traces:
  Client Component Browser:
    ./app/(app)/timetable/page.tsx [Client Component Browser]
    ./app/(app)/timetable/page.tsx [Server Component]

  Client Component SSR:
    ./app/(app)/timetable/page.tsx [Client Component SSR]
    ./app/(app)/timetable/page.tsx [Server Component] @ http://localhost:3000/_next/static/chunks/node_modules_next_dist_0u_w_5s._.js:1945
[   48493ms] [ERROR] ./app/(app)/timetable/page.tsx:245:21
Expected '</', got 'const'
  243 |                         ? cell.classes?.class_name || cell.class_name || cell.class_id
  244 |                         : cell.subjects?.subject_name || cell.subject_name || ''
> 245 |                     const sc = cell && subj ? subjectColor(subj as string) : null
      |                     ^^^^^
  246 |                     const isEmpty = !cell || !subj
  247 |
  248 |                     return (

Parsing ecmascript source code failed

Import traces:
  Client Component Browser:
    ./app/(app)/timetable/page.tsx [Client Component Browser]
    ./app/(app)/timetable/page.tsx [Server Component]

  Client Component SSR:
    ./app/(app)/timetable/page.tsx [Client Component SSR]
    ./app/(app)/timetable/page.tsx [Server Component] @ http://localhost:3000/_next/static/chunks/node_modules_next_dist_0u_w_5s._.js:1945
[   48547ms] [ERROR] ./app/(app)/timetable/page.tsx:245:21
Expected '</', got 'const'
  243 |                         ? cell.classes?.class_name || cell.class_name || cell.class_id
  244 |                         : cell.subjects?.subject_name || cell.subject_name || ''
> 245 |                     const sc = cell && subj ? subjectColor(subj as string) : null
      |                     ^^^^^
  246 |                     const isEmpty = !cell || !subj
  247 |
  248 |                     return (

Parsing ecmascript source code failed

Import traces:
  Client Component Browser:
    ./app/(app)/timetable/page.tsx [Client Component Browser]
    ./app/(app)/timetable/page.tsx [Server Component]

  Client Component SSR:
    ./app/(app)/timetable/page.tsx [Client Component SSR]
    ./app/(app)/timetable/page.tsx [Server Component] @ http://localhost:3000/_next/static/chunks/node_modules_next_dist_0u_w_5s._.js:1945
[   48607ms] [ERROR] ./app/(app)/timetable/page.tsx:245:21
Expected '</', got 'const'
  243 |                         ? cell.classes?.class_name || cell.class_name || cell.class_id
  244 |                         : cell.subjects?.subject_name || cell.subject_name || ''
> 245 |                     const sc = cell && subj ? subjectColor(subj as string) : null
      |                     ^^^^^
  246 |                     const isEmpty = !cell || !subj
  247 |
  248 |                     return (

Parsing ecmascript source code failed

Import traces:
  Client Component Browser:
    ./app/(app)/timetable/page.tsx [Client Component Browser]
    ./app/(app)/timetable/page.tsx [Server Component]

  Client Component SSR:
    ./app/(app)/timetable/page.tsx [Client Component SSR]
    ./app/(app)/timetable/page.tsx [Server Component] @ http://localhost:3000/_next/static/chunks/node_modules_next_dist_0u_w_5s._.js:1945
[   48662ms] [ERROR] ./app/(app)/timetable/page.tsx:245:21
Expected '</', got 'const'
  243 |                         ? cell.classes?.class_name || cell.class_name || cell.class_id
  244 |                         : cell.subjects?.subject_name || cell.subject_name || ''
> 245 |                     const sc = cell && subj ? subjectColor(subj as string) : null
      |                     ^^^^^
  246 |                     const isEmpty = !cell || !subj
  247 |
  248 |                     return (

Parsing ecmascript source code failed

Import traces:
  Client Component Browser:
    ./app/(app)/timetable/page.tsx [Client Component Browser]
    ./app/(app)/timetable/page.tsx [Server Component]

  Client Component SSR:
    ./app/(app)/timetable/page.tsx [Client Component SSR]
    ./app/(app)/timetable/page.tsx [Server Component] @ http://localhost:3000/_next/static/chunks/node_modules_next_dist_0u_w_5s._.js:1945
[   48720ms] [ERROR] ./app/(app)/timetable/page.tsx:245:21
Expected '</', got 'const'
  243 |                         ? cell.classes?.class_name || cell.class_name || cell.class_id
  244 |                         : cell.subjects?.subject_name || cell.subject_name || ''
> 245 |                     const sc = cell && subj ? subjectColor(subj as string) : null
      |                     ^^^^^
  246 |                     const isEmpty = !cell || !subj
  247 |
  248 |                     return (

Parsing ecmascript source code failed

Import traces:
  Client Component Browser:
    ./app/(app)/timetable/page.tsx [Client Component Browser]
    ./app/(app)/timetable/page.tsx [Server Component]

  Client Component SSR:
    ./app/(app)/timetable/page.tsx [Client Component SSR]
    ./app/(app)/timetable/page.tsx [Server Component] @ http://localhost:3000/_next/static/chunks/node_modules_next_dist_0u_w_5s._.js:1945
[   48785ms] [ERROR] ./app/(app)/timetable/page.tsx:245:21
Expected '</', got 'const'
  243 |                         ? cell.classes?.class_name || cell.class_name || cell.class_id
  244 |                         : cell.subjects?.subject_name || cell.subject_name || ''
> 245 |                     const sc = cell && subj ? subjectColor(subj as string) : null
      |                     ^^^^^
  246 |                     const isEmpty = !cell || !subj
  247 |
  248 |                     return (

Parsing ecmascript source code failed

Import traces:
  Client Component Browser:
    ./app/(app)/timetable/page.tsx [Client Component Browser]
    ./app/(app)/timetable/page.tsx [Server Component]

  Client Component SSR:
    ./app/(app)/timetable/page.tsx [Client Component SSR]
    ./app/(app)/timetable/page.tsx [Server Component] @ http://localhost:3000/_next/static/chunks/node_modules_next_dist_0u_w_5s._.js:1945
[   48842ms] [ERROR] ./app/(app)/timetable/page.tsx:245:21
Expected '</', got 'const'
  243 |                         ? cell.classes?.class_name || cell.class_name || cell.class_id
  244 |                         : cell.subjects?.subject_name || cell.subject_name || ''
> 245 |                     const sc = cell && subj ? subjectColor(subj as string) : null
      |                     ^^^^^
  246 |                     const isEmpty = !cell || !subj
  247 |
  248 |                     return (

Parsing ecmascript source code failed

Import traces:
  Client Component Browser:
    ./app/(app)/timetable/page.tsx [Client Component Browser]
    ./app/(app)/timetable/page.tsx [Server Component]

  Client Component SSR:
    ./app/(app)/timetable/page.tsx [Client Component SSR]
    ./app/(app)/timetable/page.tsx [Server Component] @ http://localhost:3000/_next/static/chunks/node_modules_next_dist_0u_w_5s._.js:1945
[   48901ms] [ERROR] ./app/(app)/timetable/page.tsx:245:21
Expected '</', got 'const'
  243 |                         ? cell.classes?.class_name || cell.class_name || cell.class_id
  244 |                         : cell.subjects?.subject_name || cell.subject_name || ''
> 245 |                     const sc = cell && subj ? subjectColor(subj as string) : null
      |                     ^^^^^
  246 |                     const isEmpty = !cell || !subj
  247 |
  248 |                     return (

Parsing ecmascript source code failed

Import traces:
  Client Component Browser:
    ./app/(app)/timetable/page.tsx [Client Component Browser]
    ./app/(app)/timetable/page.tsx [Server Component]

  Client Component SSR:
    ./app/(app)/timetable/page.tsx [Client Component SSR]
    ./app/(app)/timetable/page.tsx [Server Component] @ http://localhost:3000/_next/static/chunks/node_modules_next_dist_0u_w_5s._.js:1945
[   48951ms] [ERROR] ./app/(app)/timetable/page.tsx:245:21
Expected '</', got 'const'
  243 |                         ? cell.classes?.class_name || cell.class_name || cell.class_id
  244 |                         : cell.subjects?.subject_name || cell.subject_name || ''
> 245 |                     const sc = cell && subj ? subjectColor(subj as string) : null
      |                     ^^^^^
  246 |                     const isEmpty = !cell || !subj
  247 |
  248 |                     return (

Parsing ecmascript source code failed

Import traces:
  Client Component Browser:
    ./app/(app)/timetable/page.tsx [Client Component Browser]
    ./app/(app)/timetable/page.tsx [Server Component]

  Client Component SSR:
    ./app/(app)/timetable/page.tsx [Client Component SSR]
    ./app/(app)/timetable/page.tsx [Server Component] @ http://localhost:3000/_next/static/chunks/node_modules_next_dist_0u_w_5s._.js:1945
[   49001ms] [ERROR] ./app/(app)/timetable/page.tsx:245:21
Expected '</', got 'const'
  243 |                         ? cell.classes?.class_name || cell.class_name || cell.class_id
  244 |                         : cell.subjects?.subject_name || cell.subject_name || ''
> 245 |                     const sc = cell && subj ? subjectColor(subj as string) : null
      |                     ^^^^^
  246 |                     const isEmpty = !cell || !subj
  247 |
  248 |                     return (

Parsing ecmascript source code failed

Import traces:
  Client Component Browser:
    ./app/(app)/timetable/page.tsx [Client Component Browser]
    ./app/(app)/timetable/page.tsx [Server Component]

  Client Component SSR:
    ./app/(app)/timetable/page.tsx [Client Component SSR]
    ./app/(app)/timetable/page.tsx [Server Component] @ http://localhost:3000/_next/static/chunks/node_modules_next_dist_0u_w_5s._.js:1945
[   49063ms] [ERROR] ./app/(app)/timetable/page.tsx:245:21
Expected '</', got 'const'
  243 |                         ? cell.classes?.class_name || cell.class_name || cell.class_id
  244 |                         : cell.subjects?.subject_name || cell.subject_name || ''
> 245 |                     const sc = cell && subj ? subjectColor(subj as string) : null
      |                     ^^^^^
  246 |                     const isEmpty = !cell || !subj
  247 |
  248 |                     return (

Parsing ecmascript source code failed

Import traces:
  Client Component Browser:
    ./app/(app)/timetable/page.tsx [Client Component Browser]
    ./app/(app)/timetable/page.tsx [Server Component]

  Client Component SSR:
    ./app/(app)/timetable/page.tsx [Client Component SSR]
    ./app/(app)/timetable/page.tsx [Server Component] @ http://localhost:3000/_next/static/chunks/node_modules_next_dist_0u_w_5s._.js:1945
[   49126ms] [ERROR] ./app/(app)/timetable/page.tsx:245:21
Expected '</', got 'const'
  243 |                         ? cell.classes?.class_name || cell.class_name || cell.class_id
  244 |                         : cell.subjects?.subject_name || cell.subject_name || ''
> 245 |                     const sc = cell && subj ? subjectColor(subj as string) : null
      |                     ^^^^^
  246 |                     const isEmpty = !cell || !subj
  247 |
  248 |                     return (

Parsing ecmascript source code failed

Import traces:
  Client Component Browser:
    ./app/(app)/timetable/page.tsx [Client Component Browser]
    ./app/(app)/timetable/page.tsx [Server Component]

  Client Component SSR:
    ./app/(app)/timetable/page.tsx [Client Component SSR]
    ./app/(app)/timetable/page.tsx [Server Component] @ http://localhost:3000/_next/static/chunks/node_modules_next_dist_0u_w_5s._.js:1945
[   49189ms] [ERROR] ./app/(app)/timetable/page.tsx:245:21
Expected '</', got 'const'
  243 |                         ? cell.classes?.class_name || cell.class_name || cell.class_id
  244 |                         : cell.subjects?.subject_name || cell.subject_name || ''
> 245 |                     const sc = cell && subj ? subjectColor(subj as string) : null
      |                     ^^^^^
  246 |                     const isEmpty = !cell || !subj
  247 |
  248 |                     return (

Parsing ecmascript source code failed

Import traces:
  Client Component Browser:
    ./app/(app)/timetable/page.tsx [Client Component Browser]
    ./app/(app)/timetable/page.tsx [Server Component]

  Client Component SSR:
    ./app/(app)/timetable/page.tsx [Client Component SSR]
    ./app/(app)/timetable/page.tsx [Server Component] @ http://localhost:3000/_next/static/chunks/node_modules_next_dist_0u_w_5s._.js:1945
[   49250ms] [ERROR] ./app/(app)/timetable/page.tsx:245:21
Expected '</', got 'const'
  243 |                         ? cell.classes?.class_name || cell.class_name || cell.class_id
  244 |                         : cell.subjects?.subject_name || cell.subject_name || ''
> 245 |                     const sc = cell && subj ? subjectColor(subj as string) : null
      |                     ^^^^^
  246 |                     const isEmpty = !cell || !subj
  247 |
  248 |                     return (

Parsing ecmascript source code failed

Import traces:
  Client Component Browser:
    ./app/(app)/timetable/page.tsx [Client Component Browser]
    ./app/(app)/timetable/page.tsx [Server Component]

  Client Component SSR:
    ./app/(app)/timetable/page.tsx [Client Component SSR]
    ./app/(app)/timetable/page.tsx [Server Component] @ http://localhost:3000/_next/static/chunks/node_modules_next_dist_0u_w_5s._.js:1945
[   49314ms] [ERROR] ./app/(app)/timetable/page.tsx:245:21
Expected '</', got 'const'
  243 |                         ? cell.classes?.class_name || cell.class_name || cell.class_id
  244 |                         : cell.subjects?.subject_name || cell.subject_name || ''
> 245 |                     const sc = cell && subj ? subjectColor(subj as string) : null
      |                     ^^^^^
  246 |                     const isEmpty = !cell || !subj
  247 |
  248 |                     return (

Parsing ecmascript source code failed

Import traces:
  Client Component Browser:
    ./app/(app)/timetable/page.tsx [Client Component Browser]
    ./app/(app)/timetable/page.tsx [Server Component]

  Client Component SSR:
    ./app/(app)/timetable/page.tsx [Client Component SSR]
    ./app/(app)/timetable/page.tsx [Server Component] @ http://localhost:3000/_next/static/chunks/node_modules_next_dist_0u_w_5s._.js:1945
[   49375ms] [ERROR] ./app/(app)/timetable/page.tsx:245:21
Expected '</', got 'const'
  243 |                         ? cell.classes?.class_name || cell.class_name || cell.class_id
  244 |                         : cell.subjects?.subject_name || cell.subject_name || ''
> 245 |                     const sc = cell && subj ? subjectColor(subj as string) : null
      |                     ^^^^^
  246 |                     const isEmpty = !cell || !subj
  247 |
  248 |                     return (

Parsing ecmascript source code failed

Import traces:
  Client Component Browser:
    ./app/(app)/timetable/page.tsx [Client Component Browser]
    ./app/(app)/timetable/page.tsx [Server Component]

  Client Component SSR:
    ./app/(app)/timetable/page.tsx [Client Component SSR]
    ./app/(app)/timetable/page.tsx [Server Component] @ http://localhost:3000/_next/static/chunks/node_modules_next_dist_0u_w_5s._.js:1945
[   49432ms] [ERROR] ./app/(app)/timetable/page.tsx:245:21
Expected '</', got 'const'
  243 |                         ? cell.classes?.class_name || cell.class_name || cell.class_id
  244 |                         : cell.subjects?.subject_name || cell.subject_name || ''
> 245 |                     const sc = cell && subj ? subjectColor(subj as string) : null
      |                     ^^^^^
  246 |                     const isEmpty = !cell || !subj
  247 |
  248 |                     return (

Parsing ecmascript source code failed

Import traces:
  Client Component Browser:
    ./app/(app)/timetable/page.tsx [Client Component Browser]
    ./app/(app)/timetable/page.tsx [Server Component]

  Client Component SSR:
    ./app/(app)/timetable/page.tsx [Client Component SSR]
    ./app/(app)/timetable/page.tsx [Server Component] @ http://localhost:3000/_next/static/chunks/node_modules_next_dist_0u_w_5s._.js:1945
[   49496ms] [ERROR] ./app/(app)/timetable/page.tsx:245:21
Expected '</', got 'const'
  243 |                         ? cell.classes?.class_name || cell.class_name || cell.class_id
  244 |                         : cell.subjects?.subject_name || cell.subject_name || ''
> 245 |                     const sc = cell && subj ? subjectColor(subj as string) : null
      |                     ^^^^^
  246 |                     const isEmpty = !cell || !subj
  247 |
  248 |                     return (

Parsing ecmascript source code failed

Import traces:
  Client Component Browser:
    ./app/(app)/timetable/page.tsx [Client Component Browser]
    ./app/(app)/timetable/page.tsx [Server Component]

  Client Component SSR:
    ./app/(app)/timetable/page.tsx [Client Component SSR]
    ./app/(app)/timetable/page.tsx [Server Component] @ http://localhost:3000/_next/static/chunks/node_modules_next_dist_0u_w_5s._.js:1945
[   49558ms] [ERROR] ./app/(app)/timetable/page.tsx:245:21
Expected '</', got 'const'
  243 |                         ? cell.classes?.class_name || cell.class_name || cell.class_id
  244 |                         : cell.subjects?.subject_name || cell.subject_name || ''
> 245 |                     const sc = cell && subj ? subjectColor(subj as string) : null
      |                     ^^^^^
  246 |                     const isEmpty = !cell || !subj
  247 |
  248 |                     return (

Parsing ecmascript source code failed

Import traces:
  Client Component Browser:
    ./app/(app)/timetable/page.tsx [Client Component Browser]
    ./app/(app)/timetable/page.tsx [Server Component]

  Client Component SSR:
    ./app/(app)/timetable/page.tsx [Client Component SSR]
    ./app/(app)/timetable/page.tsx [Server Component] @ http://localhost:3000/_next/static/chunks/node_modules_next_dist_0u_w_5s._.js:1945
[   49620ms] [ERROR] ./app/(app)/timetable/page.tsx:245:21
Expected '</', got 'const'
  243 |                         ? cell.classes?.class_name || cell.class_name || cell.class_id
  244 |                         : cell.subjects?.subject_name || cell.subject_name || ''
> 245 |                     const sc = cell && subj ? subjectColor(subj as string) : null
      |                     ^^^^^
  246 |                     const isEmpty = !cell || !subj
  247 |
  248 |                     return (

Parsing ecmascript source code failed

Import traces:
  Client Component Browser:
    ./app/(app)/timetable/page.tsx [Client Component Browser]
    ./app/(app)/timetable/page.tsx [Server Component]

  Client Component SSR:
    ./app/(app)/timetable/page.tsx [Client Component SSR]
    ./app/(app)/timetable/page.tsx [Server Component] @ http://localhost:3000/_next/static/chunks/node_modules_next_dist_0u_w_5s._.js:1945
[   49681ms] [ERROR] ./app/(app)/timetable/page.tsx:245:21
Expected '</', got 'const'
  243 |                         ? cell.classes?.class_name || cell.class_name || cell.class_id
  244 |                         : cell.subjects?.subject_name || cell.subject_name || ''
> 245 |                     const sc = cell && subj ? subjectColor(subj as string) : null
      |                     ^^^^^
  246 |                     const isEmpty = !cell || !subj
  247 |
  248 |                     return (

Parsing ecmascript source code failed

Import traces:
  Client Component Browser:
    ./app/(app)/timetable/page.tsx [Client Component Browser]
    ./app/(app)/timetable/page.tsx [Server Component]

  Client Component SSR:
    ./app/(app)/timetable/page.tsx [Client Component SSR]
    ./app/(app)/timetable/page.tsx [Server Component] @ http://localhost:3000/_next/static/chunks/node_modules_next_dist_0u_w_5s._.js:1945
[   49744ms] [ERROR] ./app/(app)/timetable/page.tsx:245:21
Expected '</', got 'const'
  243 |                         ? cell.classes?.class_name || cell.class_name || cell.class_id
  244 |                         : cell.subjects?.subject_name || cell.subject_name || ''
> 245 |                     const sc = cell && subj ? subjectColor(subj as string) : null
      |                     ^^^^^
  246 |                     const isEmpty = !cell || !subj
  247 |
  248 |                     return (

Parsing ecmascript source code failed

Import traces:
  Client Component Browser:
    ./app/(app)/timetable/page.tsx [Client Component Browser]
    ./app/(app)/timetable/page.tsx [Server Component]

  Client Component SSR:
    ./app/(app)/timetable/page.tsx [Client Component SSR]
    ./app/(app)/timetable/page.tsx [Server Component] @ http://localhost:3000/_next/static/chunks/node_modules_next_dist_0u_w_5s._.js:1945
[   49784ms] [ERROR] ./app/(app)/timetable/page.tsx:245:21
Expected '</', got 'const'
  243 |                         ? cell.classes?.class_name || cell.class_name || cell.class_id
  244 |                         : cell.subjects?.subject_name || cell.subject_name || ''
> 245 |                     const sc = cell && subj ? subjectColor(subj as string) : null
      |                     ^^^^^
  246 |                     const isEmpty = !cell || !subj
  247 |
  248 |                     return (

Parsing ecmascript source code failed

Import traces:
  Client Component Browser:
    ./app/(app)/timetable/page.tsx [Client Component Browser]
    ./app/(app)/timetable/page.tsx [Server Component]

  Client Component SSR:
    ./app/(app)/timetable/page.tsx [Client Component SSR]
    ./app/(app)/timetable/page.tsx [Server Component] @ http://localhost:3000/_next/static/chunks/node_modules_next_dist_0u_w_5s._.js:1945
[   49836ms] [ERROR] ./app/(app)/timetable/page.tsx:245:21
Expected '</', got 'const'
  243 |                         ? cell.classes?.class_name || cell.class_name || cell.class_id
  244 |                         : cell.subjects?.subject_name || cell.subject_name || ''
> 245 |                     const sc = cell && subj ? subjectColor(subj as string) : null
      |                     ^^^^^
  246 |                     const isEmpty = !cell || !subj
  247 |
  248 |                     return (

Parsing ecmascript source code failed

Import traces:
  Client Component Browser:
    ./app/(app)/timetable/page.tsx [Client Component Browser]
    ./app/(app)/timetable/page.tsx [Server Component]

  Client Component SSR:
    ./app/(app)/timetable/page.tsx [Client Component SSR]
    ./app/(app)/timetable/page.tsx [Server Component] @ http://localhost:3000/_next/static/chunks/node_modules_next_dist_0u_w_5s._.js:1945
[   49878ms] [ERROR] ./app/(app)/timetable/page.tsx:245:21
Expected '</', got 'const'
  243 |                         ? cell.classes?.class_name || cell.class_name || cell.class_id
  244 |                         : cell.subjects?.subject_name || cell.subject_name || ''
> 245 |                     const sc = cell && subj ? subjectColor(subj as string) : null
      |                     ^^^^^
  246 |                     const isEmpty = !cell || !subj
  247 |
  248 |                     return (

Parsing ecmascript source code failed

Import traces:
  Client Component Browser:
    ./app/(app)/timetable/page.tsx [Client Component Browser]
    ./app/(app)/timetable/page.tsx [Server Component]

  Client Component SSR:
    ./app/(app)/timetable/page.tsx [Client Component SSR]
    ./app/(app)/timetable/page.tsx [Server Component] @ http://localhost:3000/_next/static/chunks/node_modules_next_dist_0u_w_5s._.js:1945
[   49933ms] [ERROR] ./app/(app)/timetable/page.tsx:245:21
Expected '</', got 'const'
  243 |                         ? cell.classes?.class_name || cell.class_name || cell.class_id
  244 |                         : cell.subjects?.subject_name || cell.subject_name || ''
> 245 |                     const sc = cell && subj ? subjectColor(subj as string) : null
      |                     ^^^^^
  246 |                     const isEmpty = !cell || !subj
  247 |
  248 |                     return (

Parsing ecmascript source code failed

Import traces:
  Client Component Browser:
    ./app/(app)/timetable/page.tsx [Client Component Browser]
    ./app/(app)/timetable/page.tsx [Server Component]

  Client Component SSR:
    ./app/(app)/timetable/page.tsx [Client Component SSR]
    ./app/(app)/timetable/page.tsx [Server Component] @ http://localhost:3000/_next/static/chunks/node_modules_next_dist_0u_w_5s._.js:1945
[   49993ms] [ERROR] ./app/(app)/timetable/page.tsx:245:21
Expected '</', got 'const'
  243 |                         ? cell.classes?.class_name || cell.class_name || cell.class_id
  244 |                         : cell.subjects?.subject_name || cell.subject_name || ''
> 245 |                     const sc = cell && subj ? subjectColor(subj as string) : null
      |                     ^^^^^
  246 |                     const isEmpty = !cell || !subj
  247 |
  248 |                     return (

Parsing ecmascript source code failed

Import traces:
  Client Component Browser:
    ./app/(app)/timetable/page.tsx [Client Component Browser]
    ./app/(app)/timetable/page.tsx [Server Component]

  Client Component SSR:
    ./app/(app)/timetable/page.tsx [Client Component SSR]
    ./app/(app)/timetable/page.tsx [Server Component] @ http://localhost:3000/_next/static/chunks/node_modules_next_dist_0u_w_5s._.js:1945
[   50051ms] [ERROR] ./app/(app)/timetable/page.tsx:245:21
Expected '</', got 'const'
  243 |                         ? cell.classes?.class_name || cell.class_name || cell.class_id
  244 |                         : cell.subjects?.subject_name || cell.subject_name || ''
> 245 |                     const sc = cell && subj ? subjectColor(subj as string) : null
      |                     ^^^^^
  246 |                     const isEmpty = !cell || !subj
  247 |
  248 |                     return (

Parsing ecmascript source code failed

Import traces:
  Client Component Browser:
    ./app/(app)/timetable/page.tsx [Client Component Browser]
    ./app/(app)/timetable/page.tsx [Server Component]

  Client Component SSR:
    ./app/(app)/timetable/page.tsx [Client Component SSR]
    ./app/(app)/timetable/page.tsx [Server Component] @ http://localhost:3000/_next/static/chunks/node_modules_next_dist_0u_w_5s._.js:1945
[   50112ms] [ERROR] ./app/(app)/timetable/page.tsx:245:21
Expected '</', got 'const'
  243 |                         ? cell.classes?.class_name || cell.class_name || cell.class_id
  244 |                         : cell.subjects?.subject_name || cell.subject_name || ''
> 245 |                     const sc = cell && subj ? subjectColor(subj as string) : null
      |                     ^^^^^
  246 |                     const isEmpty = !cell || !subj
  247 |
  248 |                     return (

Parsing ecmascript source code failed

Import traces:
  Client Component Browser:
    ./app/(app)/timetable/page.tsx [Client Component Browser]
    ./app/(app)/timetable/page.tsx [Server Component]

  Client Component SSR:
    ./app/(app)/timetable/page.tsx [Client Component SSR]
    ./app/(app)/timetable/page.tsx [Server Component] @ http://localhost:3000/_next/static/chunks/node_modules_next_dist_0u_w_5s._.js:1945
[   50173ms] [ERROR] ./app/(app)/timetable/page.tsx:245:21
Expected '</', got 'const'
  243 |                         ? cell.classes?.class_name || cell.class_name || cell.class_id
  244 |                         : cell.subjects?.subject_name || cell.subject_name || ''
> 245 |                     const sc = cell && subj ? subjectColor(subj as string) : null
      |                     ^^^^^
  246 |                     const isEmpty = !cell || !subj
  247 |
  248 |                     return (

Parsing ecmascript source code failed

Import traces:
  Client Component Browser:
    ./app/(app)/timetable/page.tsx [Client Component Browser]
    ./app/(app)/timetable/page.tsx [Server Component]

  Client Component SSR:
    ./app/(app)/timetable/page.tsx [Client Component SSR]
    ./app/(app)/timetable/page.tsx [Server Component] @ http://localhost:3000/_next/static/chunks/node_modules_next_dist_0u_w_5s._.js:1945
[   50234ms] [ERROR] ./app/(app)/timetable/page.tsx:245:21
Expected '</', got 'const'
  243 |                         ? cell.classes?.class_name || cell.class_name || cell.class_id
  244 |                         : cell.subjects?.subject_name || cell.subject_name || ''
> 245 |                     const sc = cell && subj ? subjectColor(subj as string) : null
      |                     ^^^^^
  246 |                     const isEmpty = !cell || !subj
  247 |
  248 |                     return (

Parsing ecmascript source code failed

Import traces:
  Client Component Browser:
    ./app/(app)/timetable/page.tsx [Client Component Browser]
    ./app/(app)/timetable/page.tsx [Server Component]

  Client Component SSR:
    ./app/(app)/timetable/page.tsx [Client Component SSR]
    ./app/(app)/timetable/page.tsx [Server Component] @ http://localhost:3000/_next/static/chunks/node_modules_next_dist_0u_w_5s._.js:1945
[   50284ms] [ERROR] ./app/(app)/timetable/page.tsx:245:21
Expected '</', got 'const'
  243 |                         ? cell.classes?.class_name || cell.class_name || cell.class_id
  244 |                         : cell.subjects?.subject_name || cell.subject_name || ''
> 245 |                     const sc = cell && subj ? subjectColor(subj as string) : null
      |                     ^^^^^
  246 |                     const isEmpty = !cell || !subj
  247 |
  248 |                     return (

Parsing ecmascript source code failed

Import traces:
  Client Component Browser:
    ./app/(app)/timetable/page.tsx [Client Component Browser]
    ./app/(app)/timetable/page.tsx [Server Component]

  Client Component SSR:
    ./app/(app)/timetable/page.tsx [Client Component SSR]
    ./app/(app)/timetable/page.tsx [Server Component] @ http://localhost:3000/_next/static/chunks/node_modules_next_dist_0u_w_5s._.js:1945
[   50343ms] [ERROR] ./app/(app)/timetable/page.tsx:245:21
Expected '</', got 'const'
  243 |                         ? cell.classes?.class_name || cell.class_name || cell.class_id
  244 |                         : cell.subjects?.subject_name || cell.subject_name || ''
> 245 |                     const sc = cell && subj ? subjectColor(subj as string) : null
      |                     ^^^^^
  246 |                     const isEmpty = !cell || !subj
  247 |
  248 |                     return (

Parsing ecmascript source code failed

Import traces:
  Client Component Browser:
    ./app/(app)/timetable/page.tsx [Client Component Browser]
    ./app/(app)/timetable/page.tsx [Server Component]

  Client Component SSR:
    ./app/(app)/timetable/page.tsx [Client Component SSR]
    ./app/(app)/timetable/page.tsx [Server Component] @ http://localhost:3000/_next/static/chunks/node_modules_next_dist_0u_w_5s._.js:1945
[   50403ms] [ERROR] ./app/(app)/timetable/page.tsx:245:21
Expected '</', got 'const'
  243 |                         ? cell.classes?.class_name || cell.class_name || cell.class_id
  244 |                         : cell.subjects?.subject_name || cell.subject_name || ''
> 245 |                     const sc = cell && subj ? subjectColor(subj as string) : null
      |                     ^^^^^
  246 |                     const isEmpty = !cell || !subj
  247 |
  248 |                     return (

Parsing ecmascript source code failed

Import traces:
  Client Component Browser:
    ./app/(app)/timetable/page.tsx [Client Component Browser]
    ./app/(app)/timetable/page.tsx [Server Component]

  Client Component SSR:
    ./app/(app)/timetable/page.tsx [Client Component SSR]
    ./app/(app)/timetable/page.tsx [Server Component] @ http://localhost:3000/_next/static/chunks/node_modules_next_dist_0u_w_5s._.js:1945
[   50454ms] [ERROR] ./app/(app)/timetable/page.tsx:245:21
Expected '</', got 'const'
  243 |                         ? cell.classes?.class_name || cell.class_name || cell.class_id
  244 |                         : cell.subjects?.subject_name || cell.subject_name || ''
> 245 |                     const sc = cell && subj ? subjectColor(subj as string) : null
      |                     ^^^^^
  246 |                     const isEmpty = !cell || !subj
  247 |
  248 |                     return (

Parsing ecmascript source code failed

Import traces:
  Client Component Browser:
    ./app/(app)/timetable/page.tsx [Client Component Browser]
    ./app/(app)/timetable/page.tsx [Server Component]

  Client Component SSR:
    ./app/(app)/timetable/page.tsx [Client Component SSR]
    ./app/(app)/timetable/page.tsx [Server Component] @ http://localhost:3000/_next/static/chunks/node_modules_next_dist_0u_w_5s._.js:1945
[   50507ms] [ERROR] ./app/(app)/timetable/page.tsx:245:21
Expected '</', got 'const'
  243 |                         ? cell.classes?.class_name || cell.class_name || cell.class_id
  244 |                         : cell.subjects?.subject_name || cell.subject_name || ''
> 245 |                     const sc = cell && subj ? subjectColor(subj as string) : null
      |                     ^^^^^
  246 |                     const isEmpty = !cell || !subj
  247 |
  248 |                     return (

Parsing ecmascript source code failed

Import traces:
  Client Component Browser:
    ./app/(app)/timetable/page.tsx [Client Component Browser]
    ./app/(app)/timetable/page.tsx [Server Component]

  Client Component SSR:
    ./app/(app)/timetable/page.tsx [Client Component SSR]
    ./app/(app)/timetable/page.tsx [Server Component] @ http://localhost:3000/_next/static/chunks/node_modules_next_dist_0u_w_5s._.js:1945
[   50565ms] [LOG] [Fast Refresh] rebuilding @ http://localhost:3000/_next/static/chunks/node_modules_next_dist_0u_w_5s._.js:1226
[   50612ms] [LOG] [Fast Refresh] done in 75ms @ http://localhost:3000/_next/static/chunks/node_modules_next_dist_0u_w_5s._.js:1226
[   50745ms] [LOG] [Fast Refresh] rebuilding @ http://localhost:3000/_next/static/chunks/node_modules_next_dist_0u_w_5s._.js:1226
[   50882ms] [LOG] [Fast Refresh] done in 248ms @ http://localhost:3000/_next/static/chunks/node_modules_next_dist_0u_w_5s._.js:1226
[   50977ms] [INFO] %cDownload the React DevTools for a better development experience: https://react.dev/link/react-devtools font-weight:bold @ http://localhost:3000/_next/static/chunks/node_modules_next_dist_115brz8._.js:2477
[   51001ms] [LOG] [HMR] connected @ http://localhost:3000/_next/static/chunks/node_modules_next_dist_115brz8._.js:2477
[   51216ms] [VERBOSE] [DOM] Input elements should have autocomplete attributes (suggested: "current-password"): (More info: https://goo.gl/9p2vKq) %o @ http://localhost:3000/login:0
[   58811ms] [LOG] [Fast Refresh] rebuilding @ http://localhost:3000/_next/static/chunks/node_modules_next_dist_115brz8._.js:2477
[   58955ms] [LOG] [Fast Refresh] done in 87ms @ http://localhost:3000/_next/static/chunks/node_modules_next_dist_115brz8._.js:2477
[   59066ms] [LOG] [Fast Refresh] rebuilding @ http://localhost:3000/_next/static/chunks/node_modules_next_dist_115brz8._.js:2477
[   59161ms] [LOG] [Fast Refresh] done in 203ms @ http://localhost:3000/_next/static/chunks/node_modules_next_dist_115brz8._.js:2477
