[      47ms] [ERROR] Failed to load resource: the server responded with a status of 500 (Internal Server Error) @ http://localhost:3000/timetable:0
[     163ms] [INFO] %cDownload the React DevTools for a better development experience: https://react.dev/link/react-devtools font-weight:bold @ http://localhost:3000/_next/static/chunks/node_modules_react-dom_0bruynb._.js:15305
[     231ms] Error: ./app/(app)/timetable/page.tsx:207:21
Expected '</', got 'const'
  205 |                         ? cell.classes?.class_name || cell.class_name || cell.class_id
  206 |                         : cell.subjects?.subject_name || cell.subject_name || ''
> 207 |                     const sc = cell ? subjectColor(subj as string) : null
      |                     ^^^^^
  208 |                     const isAddSlot = cell === null || !subj
  209 |
  210 |                     return (

Parsing ecmascript source code failed


    at <unknown> (Error: ./app/(app)/timetable/page.tsx:207:21)
    at Object.getCompilationErrors (file://C:\Users\phucn\Desktop\School-Management-Client\node_modules\next\dist\server\dev\hot-reloader-turbopack.js:1186:59)
    at DevBundlerService.getCompilationError (file://C:\Users\phucn\Desktop\School-Management-Client\node_modules\next\dist\server\lib\dev-bundler-service.js:44:55)
    at DevServer.getCompilationError (file://C:\Users\phucn\Desktop\School-Management-Client\node_modules\next\dist\server\dev\next-dev-server.js:720:42)
    at DevServer.findPageComponents (file://C:\Users\phucn\Desktop\School-Management-Client\node_modules\next\dist\server\dev\next-dev-server.js:690:43)
    at async DevServer.renderErrorToResponseImpl (file://C:\Users\phucn\Desktop\School-Management-Client\node_modules\next\dist\server\base-server.js:1753:26)
[     222ms] [LOG] [HMR] connected @ http://localhost:3000/_next/static/chunks/node_modules_next_dist_0u_w_5s._.js:1226
[     227ms] [ERROR] ./app/(app)/timetable/page.tsx:207:21
Expected '</', got 'const'
  205 |                         ? cell.classes?.class_name || cell.class_name || cell.class_id
  206 |                         : cell.subjects?.subject_name || cell.subject_name || ''
> 207 |                     const sc = cell ? subjectColor(subj as string) : null
      |                     ^^^^^
  208 |                     const isAddSlot = cell === null || !subj
  209 |
  210 |                     return (

Parsing ecmascript source code failed @ http://localhost:3000/_next/static/chunks/node_modules_next_dist_0u_w_5s._.js:1945
[     243ms] [ERROR] Failed to load resource: the server responded with a status of 404 (Not Found) @ http://localhost:3000/favicon.ico:0
[     321ms] [ERROR] ./app/(app)/timetable/page.tsx:207:21
Expected '</', got 'const'
  205 |                         ? cell.classes?.class_name || cell.class_name || cell.class_id
  206 |                         : cell.subjects?.subject_name || cell.subject_name || ''
> 207 |                     const sc = cell ? subjectColor(subj as string) : null
      |                     ^^^^^
  208 |                     const isAddSlot = cell === null || !subj
  209 |
  210 |                     return (

Parsing ecmascript source code failed @ http://localhost:3000/_next/static/chunks/node_modules_next_dist_0u_w_5s._.js:1945
[     331ms] [LOG] [Fast Refresh] rebuilding @ http://localhost:3000/_next/static/chunks/node_modules_next_dist_0u_w_5s._.js:1226
[     439ms] [ERROR] ./app/(app)/timetable/page.tsx:207:21
Expected '</', got 'const'
  205 |                         ? cell.classes?.class_name || cell.class_name || cell.class_id
  206 |                         : cell.subjects?.subject_name || cell.subject_name || ''
> 207 |                     const sc = cell ? subjectColor(subj as string) : null
      |                     ^^^^^
  208 |                     const isAddSlot = cell === null || !subj
  209 |
  210 |                     return (

Parsing ecmascript source code failed @ http://localhost:3000/_next/static/chunks/node_modules_next_dist_0u_w_5s._.js:1945
[     451ms] [LOG] [Fast Refresh] rebuilding @ http://localhost:3000/_next/static/chunks/node_modules_next_dist_0u_w_5s._.js:1226
[     516ms] [ERROR] ./app/(app)/timetable/page.tsx:207:21
Expected '</', got 'const'
  205 |                         ? cell.classes?.class_name || cell.class_name || cell.class_id
  206 |                         : cell.subjects?.subject_name || cell.subject_name || ''
> 207 |                     const sc = cell ? subjectColor(subj as string) : null
      |                     ^^^^^
  208 |                     const isAddSlot = cell === null || !subj
  209 |
  210 |                     return (

Parsing ecmascript source code failed @ http://localhost:3000/_next/static/chunks/node_modules_next_dist_0u_w_5s._.js:1945
[     578ms] [ERROR] ./app/(app)/timetable/page.tsx:207:21
Expected '</', got 'const'
  205 |                         ? cell.classes?.class_name || cell.class_name || cell.class_id
  206 |                         : cell.subjects?.subject_name || cell.subject_name || ''
> 207 |                     const sc = cell ? subjectColor(subj as string) : null
      |                     ^^^^^
  208 |                     const isAddSlot = cell === null || !subj
  209 |
  210 |                     return (

Parsing ecmascript source code failed @ http://localhost:3000/_next/static/chunks/node_modules_next_dist_0u_w_5s._.js:1945
[     639ms] [ERROR] ./app/(app)/timetable/page.tsx:207:21
Expected '</', got 'const'
  205 |                         ? cell.classes?.class_name || cell.class_name || cell.class_id
  206 |                         : cell.subjects?.subject_name || cell.subject_name || ''
> 207 |                     const sc = cell ? subjectColor(subj as string) : null
      |                     ^^^^^
  208 |                     const isAddSlot = cell === null || !subj
  209 |
  210 |                     return (

Parsing ecmascript source code failed @ http://localhost:3000/_next/static/chunks/node_modules_next_dist_0u_w_5s._.js:1945
[     700ms] [ERROR] ./app/(app)/timetable/page.tsx:207:21
Expected '</', got 'const'
  205 |                         ? cell.classes?.class_name || cell.class_name || cell.class_id
  206 |                         : cell.subjects?.subject_name || cell.subject_name || ''
> 207 |                     const sc = cell ? subjectColor(subj as string) : null
      |                     ^^^^^
  208 |                     const isAddSlot = cell === null || !subj
  209 |
  210 |                     return (

Parsing ecmascript source code failed @ http://localhost:3000/_next/static/chunks/node_modules_next_dist_0u_w_5s._.js:1945
[     762ms] [ERROR] ./app/(app)/timetable/page.tsx:207:21
Expected '</', got 'const'
  205 |                         ? cell.classes?.class_name || cell.class_name || cell.class_id
  206 |                         : cell.subjects?.subject_name || cell.subject_name || ''
> 207 |                     const sc = cell ? subjectColor(subj as string) : null
      |                     ^^^^^
  208 |                     const isAddSlot = cell === null || !subj
  209 |
  210 |                     return (

Parsing ecmascript source code failed @ http://localhost:3000/_next/static/chunks/node_modules_next_dist_0u_w_5s._.js:1945
[     824ms] [ERROR] ./app/(app)/timetable/page.tsx:207:21
Expected '</', got 'const'
  205 |                         ? cell.classes?.class_name || cell.class_name || cell.class_id
  206 |                         : cell.subjects?.subject_name || cell.subject_name || ''
> 207 |                     const sc = cell ? subjectColor(subj as string) : null
      |                     ^^^^^
  208 |                     const isAddSlot = cell === null || !subj
  209 |
  210 |                     return (

Parsing ecmascript source code failed @ http://localhost:3000/_next/static/chunks/node_modules_next_dist_0u_w_5s._.js:1945
[     886ms] [ERROR] ./app/(app)/timetable/page.tsx:207:21
Expected '</', got 'const'
  205 |                         ? cell.classes?.class_name || cell.class_name || cell.class_id
  206 |                         : cell.subjects?.subject_name || cell.subject_name || ''
> 207 |                     const sc = cell ? subjectColor(subj as string) : null
      |                     ^^^^^
  208 |                     const isAddSlot = cell === null || !subj
  209 |
  210 |                     return (

Parsing ecmascript source code failed @ http://localhost:3000/_next/static/chunks/node_modules_next_dist_0u_w_5s._.js:1945
[     946ms] [ERROR] ./app/(app)/timetable/page.tsx:207:21
Expected '</', got 'const'
  205 |                         ? cell.classes?.class_name || cell.class_name || cell.class_id
  206 |                         : cell.subjects?.subject_name || cell.subject_name || ''
> 207 |                     const sc = cell ? subjectColor(subj as string) : null
      |                     ^^^^^
  208 |                     const isAddSlot = cell === null || !subj
  209 |
  210 |                     return (

Parsing ecmascript source code failed @ http://localhost:3000/_next/static/chunks/node_modules_next_dist_0u_w_5s._.js:1945
[     997ms] [ERROR] ./app/(app)/timetable/page.tsx:207:21
Expected '</', got 'const'
  205 |                         ? cell.classes?.class_name || cell.class_name || cell.class_id
  206 |                         : cell.subjects?.subject_name || cell.subject_name || ''
> 207 |                     const sc = cell ? subjectColor(subj as string) : null
      |                     ^^^^^
  208 |                     const isAddSlot = cell === null || !subj
  209 |
  210 |                     return (

Parsing ecmascript source code failed @ http://localhost:3000/_next/static/chunks/node_modules_next_dist_0u_w_5s._.js:1945
[    1060ms] [ERROR] ./app/(app)/timetable/page.tsx:207:21
Expected '</', got 'const'
  205 |                         ? cell.classes?.class_name || cell.class_name || cell.class_id
  206 |                         : cell.subjects?.subject_name || cell.subject_name || ''
> 207 |                     const sc = cell ? subjectColor(subj as string) : null
      |                     ^^^^^
  208 |                     const isAddSlot = cell === null || !subj
  209 |
  210 |                     return (

Parsing ecmascript source code failed @ http://localhost:3000/_next/static/chunks/node_modules_next_dist_0u_w_5s._.js:1945
[    1111ms] [ERROR] ./app/(app)/timetable/page.tsx:207:21
Expected '</', got 'const'
  205 |                         ? cell.classes?.class_name || cell.class_name || cell.class_id
  206 |                         : cell.subjects?.subject_name || cell.subject_name || ''
> 207 |                     const sc = cell ? subjectColor(subj as string) : null
      |                     ^^^^^
  208 |                     const isAddSlot = cell === null || !subj
  209 |
  210 |                     return (

Parsing ecmascript source code failed @ http://localhost:3000/_next/static/chunks/node_modules_next_dist_0u_w_5s._.js:1945
[    1167ms] [ERROR] ./app/(app)/timetable/page.tsx:207:21
Expected '</', got 'const'
  205 |                         ? cell.classes?.class_name || cell.class_name || cell.class_id
  206 |                         : cell.subjects?.subject_name || cell.subject_name || ''
> 207 |                     const sc = cell ? subjectColor(subj as string) : null
      |                     ^^^^^
  208 |                     const isAddSlot = cell === null || !subj
  209 |
  210 |                     return (

Parsing ecmascript source code failed @ http://localhost:3000/_next/static/chunks/node_modules_next_dist_0u_w_5s._.js:1945
[    1212ms] [ERROR] ./app/(app)/timetable/page.tsx:207:21
Expected '</', got 'const'
  205 |                         ? cell.classes?.class_name || cell.class_name || cell.class_id
  206 |                         : cell.subjects?.subject_name || cell.subject_name || ''
> 207 |                     const sc = cell ? subjectColor(subj as string) : null
      |                     ^^^^^
  208 |                     const isAddSlot = cell === null || !subj
  209 |
  210 |                     return (

Parsing ecmascript source code failed @ http://localhost:3000/_next/static/chunks/node_modules_next_dist_0u_w_5s._.js:1945
[    1271ms] [ERROR] ./app/(app)/timetable/page.tsx:207:21
Expected '</', got 'const'
  205 |                         ? cell.classes?.class_name || cell.class_name || cell.class_id
  206 |                         : cell.subjects?.subject_name || cell.subject_name || ''
> 207 |                     const sc = cell ? subjectColor(subj as string) : null
      |                     ^^^^^
  208 |                     const isAddSlot = cell === null || !subj
  209 |
  210 |                     return (

Parsing ecmascript source code failed @ http://localhost:3000/_next/static/chunks/node_modules_next_dist_0u_w_5s._.js:1945
[    1320ms] [ERROR] ./app/(app)/timetable/page.tsx:207:21
Expected '</', got 'const'
  205 |                         ? cell.classes?.class_name || cell.class_name || cell.class_id
  206 |                         : cell.subjects?.subject_name || cell.subject_name || ''
> 207 |                     const sc = cell ? subjectColor(subj as string) : null
      |                     ^^^^^
  208 |                     const isAddSlot = cell === null || !subj
  209 |
  210 |                     return (

Parsing ecmascript source code failed @ http://localhost:3000/_next/static/chunks/node_modules_next_dist_0u_w_5s._.js:1945
[    1383ms] [ERROR] ./app/(app)/timetable/page.tsx:207:21
Expected '</', got 'const'
  205 |                         ? cell.classes?.class_name || cell.class_name || cell.class_id
  206 |                         : cell.subjects?.subject_name || cell.subject_name || ''
> 207 |                     const sc = cell ? subjectColor(subj as string) : null
      |                     ^^^^^
  208 |                     const isAddSlot = cell === null || !subj
  209 |
  210 |                     return (

Parsing ecmascript source code failed @ http://localhost:3000/_next/static/chunks/node_modules_next_dist_0u_w_5s._.js:1945
[    1438ms] [ERROR] ./app/(app)/timetable/page.tsx:207:21
Expected '</', got 'const'
  205 |                         ? cell.classes?.class_name || cell.class_name || cell.class_id
  206 |                         : cell.subjects?.subject_name || cell.subject_name || ''
> 207 |                     const sc = cell ? subjectColor(subj as string) : null
      |                     ^^^^^
  208 |                     const isAddSlot = cell === null || !subj
  209 |
  210 |                     return (

Parsing ecmascript source code failed @ http://localhost:3000/_next/static/chunks/node_modules_next_dist_0u_w_5s._.js:1945
[    1498ms] [ERROR] ./app/(app)/timetable/page.tsx:207:21
Expected '</', got 'const'
  205 |                         ? cell.classes?.class_name || cell.class_name || cell.class_id
  206 |                         : cell.subjects?.subject_name || cell.subject_name || ''
> 207 |                     const sc = cell ? subjectColor(subj as string) : null
      |                     ^^^^^
  208 |                     const isAddSlot = cell === null || !subj
  209 |
  210 |                     return (

Parsing ecmascript source code failed @ http://localhost:3000/_next/static/chunks/node_modules_next_dist_0u_w_5s._.js:1945
[    1561ms] [ERROR] ./app/(app)/timetable/page.tsx:207:21
Expected '</', got 'const'
  205 |                         ? cell.classes?.class_name || cell.class_name || cell.class_id
  206 |                         : cell.subjects?.subject_name || cell.subject_name || ''
> 207 |                     const sc = cell ? subjectColor(subj as string) : null
      |                     ^^^^^
  208 |                     const isAddSlot = cell === null || !subj
  209 |
  210 |                     return (

Parsing ecmascript source code failed @ http://localhost:3000/_next/static/chunks/node_modules_next_dist_0u_w_5s._.js:1945
[    1619ms] [ERROR] ./app/(app)/timetable/page.tsx:207:21
Expected '</', got 'const'
  205 |                         ? cell.classes?.class_name || cell.class_name || cell.class_id
  206 |                         : cell.subjects?.subject_name || cell.subject_name || ''
> 207 |                     const sc = cell ? subjectColor(subj as string) : null
      |                     ^^^^^
  208 |                     const isAddSlot = cell === null || !subj
  209 |
  210 |                     return (

Parsing ecmascript source code failed @ http://localhost:3000/_next/static/chunks/node_modules_next_dist_0u_w_5s._.js:1945
[    1671ms] [ERROR] ./app/(app)/timetable/page.tsx:207:21
Expected '</', got 'const'
  205 |                         ? cell.classes?.class_name || cell.class_name || cell.class_id
  206 |                         : cell.subjects?.subject_name || cell.subject_name || ''
> 207 |                     const sc = cell ? subjectColor(subj as string) : null
      |                     ^^^^^
  208 |                     const isAddSlot = cell === null || !subj
  209 |
  210 |                     return (

Parsing ecmascript source code failed @ http://localhost:3000/_next/static/chunks/node_modules_next_dist_0u_w_5s._.js:1945
[    1734ms] [ERROR] ./app/(app)/timetable/page.tsx:207:21
Expected '</', got 'const'
  205 |                         ? cell.classes?.class_name || cell.class_name || cell.class_id
  206 |                         : cell.subjects?.subject_name || cell.subject_name || ''
> 207 |                     const sc = cell ? subjectColor(subj as string) : null
      |                     ^^^^^
  208 |                     const isAddSlot = cell === null || !subj
  209 |
  210 |                     return (

Parsing ecmascript source code failed @ http://localhost:3000/_next/static/chunks/node_modules_next_dist_0u_w_5s._.js:1945
[    1795ms] [ERROR] ./app/(app)/timetable/page.tsx:207:21
Expected '</', got 'const'
  205 |                         ? cell.classes?.class_name || cell.class_name || cell.class_id
  206 |                         : cell.subjects?.subject_name || cell.subject_name || ''
> 207 |                     const sc = cell ? subjectColor(subj as string) : null
      |                     ^^^^^
  208 |                     const isAddSlot = cell === null || !subj
  209 |
  210 |                     return (

Parsing ecmascript source code failed @ http://localhost:3000/_next/static/chunks/node_modules_next_dist_0u_w_5s._.js:1945
[    1856ms] [ERROR] ./app/(app)/timetable/page.tsx:207:21
Expected '</', got 'const'
  205 |                         ? cell.classes?.class_name || cell.class_name || cell.class_id
  206 |                         : cell.subjects?.subject_name || cell.subject_name || ''
> 207 |                     const sc = cell ? subjectColor(subj as string) : null
      |                     ^^^^^
  208 |                     const isAddSlot = cell === null || !subj
  209 |
  210 |                     return (

Parsing ecmascript source code failed @ http://localhost:3000/_next/static/chunks/node_modules_next_dist_0u_w_5s._.js:1945
[    1918ms] [ERROR] ./app/(app)/timetable/page.tsx:207:21
Expected '</', got 'const'
  205 |                         ? cell.classes?.class_name || cell.class_name || cell.class_id
  206 |                         : cell.subjects?.subject_name || cell.subject_name || ''
> 207 |                     const sc = cell ? subjectColor(subj as string) : null
      |                     ^^^^^
  208 |                     const isAddSlot = cell === null || !subj
  209 |
  210 |                     return (

Parsing ecmascript source code failed @ http://localhost:3000/_next/static/chunks/node_modules_next_dist_0u_w_5s._.js:1945
[    1971ms] [ERROR] ./app/(app)/timetable/page.tsx:207:21
Expected '</', got 'const'
  205 |                         ? cell.classes?.class_name || cell.class_name || cell.class_id
  206 |                         : cell.subjects?.subject_name || cell.subject_name || ''
> 207 |                     const sc = cell ? subjectColor(subj as string) : null
      |                     ^^^^^
  208 |                     const isAddSlot = cell === null || !subj
  209 |
  210 |                     return (

Parsing ecmascript source code failed @ http://localhost:3000/_next/static/chunks/node_modules_next_dist_0u_w_5s._.js:1945
[    2033ms] [ERROR] ./app/(app)/timetable/page.tsx:207:21
Expected '</', got 'const'
  205 |                         ? cell.classes?.class_name || cell.class_name || cell.class_id
  206 |                         : cell.subjects?.subject_name || cell.subject_name || ''
> 207 |                     const sc = cell ? subjectColor(subj as string) : null
      |                     ^^^^^
  208 |                     const isAddSlot = cell === null || !subj
  209 |
  210 |                     return (

Parsing ecmascript source code failed @ http://localhost:3000/_next/static/chunks/node_modules_next_dist_0u_w_5s._.js:1945
[    2086ms] [ERROR] ./app/(app)/timetable/page.tsx:207:21
Expected '</', got 'const'
  205 |                         ? cell.classes?.class_name || cell.class_name || cell.class_id
  206 |                         : cell.subjects?.subject_name || cell.subject_name || ''
> 207 |                     const sc = cell ? subjectColor(subj as string) : null
      |                     ^^^^^
  208 |                     const isAddSlot = cell === null || !subj
  209 |
  210 |                     return (

Parsing ecmascript source code failed @ http://localhost:3000/_next/static/chunks/node_modules_next_dist_0u_w_5s._.js:1945
[    2148ms] [ERROR] ./app/(app)/timetable/page.tsx:207:21
Expected '</', got 'const'
  205 |                         ? cell.classes?.class_name || cell.class_name || cell.class_id
  206 |                         : cell.subjects?.subject_name || cell.subject_name || ''
> 207 |                     const sc = cell ? subjectColor(subj as string) : null
      |                     ^^^^^
  208 |                     const isAddSlot = cell === null || !subj
  209 |
  210 |                     return (

Parsing ecmascript source code failed @ http://localhost:3000/_next/static/chunks/node_modules_next_dist_0u_w_5s._.js:1945
[    2208ms] [ERROR] ./app/(app)/timetable/page.tsx:207:21
Expected '</', got 'const'
  205 |                         ? cell.classes?.class_name || cell.class_name || cell.class_id
  206 |                         : cell.subjects?.subject_name || cell.subject_name || ''
> 207 |                     const sc = cell ? subjectColor(subj as string) : null
      |                     ^^^^^
  208 |                     const isAddSlot = cell === null || !subj
  209 |
  210 |                     return (

Parsing ecmascript source code failed @ http://localhost:3000/_next/static/chunks/node_modules_next_dist_0u_w_5s._.js:1945
[    2269ms] [ERROR] ./app/(app)/timetable/page.tsx:207:21
Expected '</', got 'const'
  205 |                         ? cell.classes?.class_name || cell.class_name || cell.class_id
  206 |                         : cell.subjects?.subject_name || cell.subject_name || ''
> 207 |                     const sc = cell ? subjectColor(subj as string) : null
      |                     ^^^^^
  208 |                     const isAddSlot = cell === null || !subj
  209 |
  210 |                     return (

Parsing ecmascript source code failed @ http://localhost:3000/_next/static/chunks/node_modules_next_dist_0u_w_5s._.js:1945
[    2331ms] [ERROR] ./app/(app)/timetable/page.tsx:207:21
Expected '</', got 'const'
  205 |                         ? cell.classes?.class_name || cell.class_name || cell.class_id
  206 |                         : cell.subjects?.subject_name || cell.subject_name || ''
> 207 |                     const sc = cell ? subjectColor(subj as string) : null
      |                     ^^^^^
  208 |                     const isAddSlot = cell === null || !subj
  209 |
  210 |                     return (

Parsing ecmascript source code failed @ http://localhost:3000/_next/static/chunks/node_modules_next_dist_0u_w_5s._.js:1945
[    2393ms] [ERROR] ./app/(app)/timetable/page.tsx:207:21
Expected '</', got 'const'
  205 |                         ? cell.classes?.class_name || cell.class_name || cell.class_id
  206 |                         : cell.subjects?.subject_name || cell.subject_name || ''
> 207 |                     const sc = cell ? subjectColor(subj as string) : null
      |                     ^^^^^
  208 |                     const isAddSlot = cell === null || !subj
  209 |
  210 |                     return (

Parsing ecmascript source code failed @ http://localhost:3000/_next/static/chunks/node_modules_next_dist_0u_w_5s._.js:1945
[    2454ms] [ERROR] ./app/(app)/timetable/page.tsx:207:21
Expected '</', got 'const'
  205 |                         ? cell.classes?.class_name || cell.class_name || cell.class_id
  206 |                         : cell.subjects?.subject_name || cell.subject_name || ''
> 207 |                     const sc = cell ? subjectColor(subj as string) : null
      |                     ^^^^^
  208 |                     const isAddSlot = cell === null || !subj
  209 |
  210 |                     return (

Parsing ecmascript source code failed @ http://localhost:3000/_next/static/chunks/node_modules_next_dist_0u_w_5s._.js:1945
[    2516ms] [ERROR] ./app/(app)/timetable/page.tsx:207:21
Expected '</', got 'const'
  205 |                         ? cell.classes?.class_name || cell.class_name || cell.class_id
  206 |                         : cell.subjects?.subject_name || cell.subject_name || ''
> 207 |                     const sc = cell ? subjectColor(subj as string) : null
      |                     ^^^^^
  208 |                     const isAddSlot = cell === null || !subj
  209 |
  210 |                     return (

Parsing ecmascript source code failed @ http://localhost:3000/_next/static/chunks/node_modules_next_dist_0u_w_5s._.js:1945
[    2566ms] [ERROR] ./app/(app)/timetable/page.tsx:207:21
Expected '</', got 'const'
  205 |                         ? cell.classes?.class_name || cell.class_name || cell.class_id
  206 |                         : cell.subjects?.subject_name || cell.subject_name || ''
> 207 |                     const sc = cell ? subjectColor(subj as string) : null
      |                     ^^^^^
  208 |                     const isAddSlot = cell === null || !subj
  209 |
  210 |                     return (

Parsing ecmascript source code failed @ http://localhost:3000/_next/static/chunks/node_modules_next_dist_0u_w_5s._.js:1945
[    2628ms] [ERROR] ./app/(app)/timetable/page.tsx:207:21
Expected '</', got 'const'
  205 |                         ? cell.classes?.class_name || cell.class_name || cell.class_id
  206 |                         : cell.subjects?.subject_name || cell.subject_name || ''
> 207 |                     const sc = cell ? subjectColor(subj as string) : null
      |                     ^^^^^
  208 |                     const isAddSlot = cell === null || !subj
  209 |
  210 |                     return (

Parsing ecmascript source code failed @ http://localhost:3000/_next/static/chunks/node_modules_next_dist_0u_w_5s._.js:1945
[    2690ms] [ERROR] ./app/(app)/timetable/page.tsx:207:21
Expected '</', got 'const'
  205 |                         ? cell.classes?.class_name || cell.class_name || cell.class_id
  206 |                         : cell.subjects?.subject_name || cell.subject_name || ''
> 207 |                     const sc = cell ? subjectColor(subj as string) : null
      |                     ^^^^^
  208 |                     const isAddSlot = cell === null || !subj
  209 |
  210 |                     return (

Parsing ecmascript source code failed @ http://localhost:3000/_next/static/chunks/node_modules_next_dist_0u_w_5s._.js:1945
[    2753ms] [ERROR] ./app/(app)/timetable/page.tsx:207:21
Expected '</', got 'const'
  205 |                         ? cell.classes?.class_name || cell.class_name || cell.class_id
  206 |                         : cell.subjects?.subject_name || cell.subject_name || ''
> 207 |                     const sc = cell ? subjectColor(subj as string) : null
      |                     ^^^^^
  208 |                     const isAddSlot = cell === null || !subj
  209 |
  210 |                     return (

Parsing ecmascript source code failed @ http://localhost:3000/_next/static/chunks/node_modules_next_dist_0u_w_5s._.js:1945
[    2804ms] [ERROR] ./app/(app)/timetable/page.tsx:207:21
Expected '</', got 'const'
  205 |                         ? cell.classes?.class_name || cell.class_name || cell.class_id
  206 |                         : cell.subjects?.subject_name || cell.subject_name || ''
> 207 |                     const sc = cell ? subjectColor(subj as string) : null
      |                     ^^^^^
  208 |                     const isAddSlot = cell === null || !subj
  209 |
  210 |                     return (

Parsing ecmascript source code failed @ http://localhost:3000/_next/static/chunks/node_modules_next_dist_0u_w_5s._.js:1945
[    2866ms] [ERROR] ./app/(app)/timetable/page.tsx:207:21
Expected '</', got 'const'
  205 |                         ? cell.classes?.class_name || cell.class_name || cell.class_id
  206 |                         : cell.subjects?.subject_name || cell.subject_name || ''
> 207 |                     const sc = cell ? subjectColor(subj as string) : null
      |                     ^^^^^
  208 |                     const isAddSlot = cell === null || !subj
  209 |
  210 |                     return (

Parsing ecmascript source code failed @ http://localhost:3000/_next/static/chunks/node_modules_next_dist_0u_w_5s._.js:1945
[    2927ms] [ERROR] ./app/(app)/timetable/page.tsx:207:21
Expected '</', got 'const'
  205 |                         ? cell.classes?.class_name || cell.class_name || cell.class_id
  206 |                         : cell.subjects?.subject_name || cell.subject_name || ''
> 207 |                     const sc = cell ? subjectColor(subj as string) : null
      |                     ^^^^^
  208 |                     const isAddSlot = cell === null || !subj
  209 |
  210 |                     return (

Parsing ecmascript source code failed @ http://localhost:3000/_next/static/chunks/node_modules_next_dist_0u_w_5s._.js:1945
[    2982ms] [ERROR] ./app/(app)/timetable/page.tsx:207:21
Expected '</', got 'const'
  205 |                         ? cell.classes?.class_name || cell.class_name || cell.class_id
  206 |                         : cell.subjects?.subject_name || cell.subject_name || ''
> 207 |                     const sc = cell ? subjectColor(subj as string) : null
      |                     ^^^^^
  208 |                     const isAddSlot = cell === null || !subj
  209 |
  210 |                     return (

Parsing ecmascript source code failed @ http://localhost:3000/_next/static/chunks/node_modules_next_dist_0u_w_5s._.js:1945
[    3043ms] [ERROR] ./app/(app)/timetable/page.tsx:207:21
Expected '</', got 'const'
  205 |                         ? cell.classes?.class_name || cell.class_name || cell.class_id
  206 |                         : cell.subjects?.subject_name || cell.subject_name || ''
> 207 |                     const sc = cell ? subjectColor(subj as string) : null
      |                     ^^^^^
  208 |                     const isAddSlot = cell === null || !subj
  209 |
  210 |                     return (

Parsing ecmascript source code failed @ http://localhost:3000/_next/static/chunks/node_modules_next_dist_0u_w_5s._.js:1945
[    3103ms] [ERROR] ./app/(app)/timetable/page.tsx:207:21
Expected '</', got 'const'
  205 |                         ? cell.classes?.class_name || cell.class_name || cell.class_id
  206 |                         : cell.subjects?.subject_name || cell.subject_name || ''
> 207 |                     const sc = cell ? subjectColor(subj as string) : null
      |                     ^^^^^
  208 |                     const isAddSlot = cell === null || !subj
  209 |
  210 |                     return (

Parsing ecmascript source code failed @ http://localhost:3000/_next/static/chunks/node_modules_next_dist_0u_w_5s._.js:1945
[    3154ms] [ERROR] ./app/(app)/timetable/page.tsx:207:21
Expected '</', got 'const'
  205 |                         ? cell.classes?.class_name || cell.class_name || cell.class_id
  206 |                         : cell.subjects?.subject_name || cell.subject_name || ''
> 207 |                     const sc = cell ? subjectColor(subj as string) : null
      |                     ^^^^^
  208 |                     const isAddSlot = cell === null || !subj
  209 |
  210 |                     return (

Parsing ecmascript source code failed @ http://localhost:3000/_next/static/chunks/node_modules_next_dist_0u_w_5s._.js:1945
[    3205ms] [ERROR] ./app/(app)/timetable/page.tsx:207:21
Expected '</', got 'const'
  205 |                         ? cell.classes?.class_name || cell.class_name || cell.class_id
  206 |                         : cell.subjects?.subject_name || cell.subject_name || ''
> 207 |                     const sc = cell ? subjectColor(subj as string) : null
      |                     ^^^^^
  208 |                     const isAddSlot = cell === null || !subj
  209 |
  210 |                     return (

Parsing ecmascript source code failed @ http://localhost:3000/_next/static/chunks/node_modules_next_dist_0u_w_5s._.js:1945
[    3256ms] [ERROR] ./app/(app)/timetable/page.tsx:207:21
Expected '</', got 'const'
  205 |                         ? cell.classes?.class_name || cell.class_name || cell.class_id
  206 |                         : cell.subjects?.subject_name || cell.subject_name || ''
> 207 |                     const sc = cell ? subjectColor(subj as string) : null
      |                     ^^^^^
  208 |                     const isAddSlot = cell === null || !subj
  209 |
  210 |                     return (

Parsing ecmascript source code failed @ http://localhost:3000/_next/static/chunks/node_modules_next_dist_0u_w_5s._.js:1945
[    3318ms] [ERROR] ./app/(app)/timetable/page.tsx:207:21
Expected '</', got 'const'
  205 |                         ? cell.classes?.class_name || cell.class_name || cell.class_id
  206 |                         : cell.subjects?.subject_name || cell.subject_name || ''
> 207 |                     const sc = cell ? subjectColor(subj as string) : null
      |                     ^^^^^
  208 |                     const isAddSlot = cell === null || !subj
  209 |
  210 |                     return (

Parsing ecmascript source code failed @ http://localhost:3000/_next/static/chunks/node_modules_next_dist_0u_w_5s._.js:1945
[    3370ms] [ERROR] ./app/(app)/timetable/page.tsx:207:21
Expected '</', got 'const'
  205 |                         ? cell.classes?.class_name || cell.class_name || cell.class_id
  206 |                         : cell.subjects?.subject_name || cell.subject_name || ''
> 207 |                     const sc = cell ? subjectColor(subj as string) : null
      |                     ^^^^^
  208 |                     const isAddSlot = cell === null || !subj
  209 |
  210 |                     return (

Parsing ecmascript source code failed @ http://localhost:3000/_next/static/chunks/node_modules_next_dist_0u_w_5s._.js:1945
[    3426ms] [ERROR] ./app/(app)/timetable/page.tsx:207:21
Expected '</', got 'const'
  205 |                         ? cell.classes?.class_name || cell.class_name || cell.class_id
  206 |                         : cell.subjects?.subject_name || cell.subject_name || ''
> 207 |                     const sc = cell ? subjectColor(subj as string) : null
      |                     ^^^^^
  208 |                     const isAddSlot = cell === null || !subj
  209 |
  210 |                     return (

Parsing ecmascript source code failed @ http://localhost:3000/_next/static/chunks/node_modules_next_dist_0u_w_5s._.js:1945
[    3482ms] [ERROR] ./app/(app)/timetable/page.tsx:207:21
Expected '</', got 'const'
  205 |                         ? cell.classes?.class_name || cell.class_name || cell.class_id
  206 |                         : cell.subjects?.subject_name || cell.subject_name || ''
> 207 |                     const sc = cell ? subjectColor(subj as string) : null
      |                     ^^^^^
  208 |                     const isAddSlot = cell === null || !subj
  209 |
  210 |                     return (

Parsing ecmascript source code failed @ http://localhost:3000/_next/static/chunks/node_modules_next_dist_0u_w_5s._.js:1945
[    3539ms] [ERROR] ./app/(app)/timetable/page.tsx:207:21
Expected '</', got 'const'
  205 |                         ? cell.classes?.class_name || cell.class_name || cell.class_id
  206 |                         : cell.subjects?.subject_name || cell.subject_name || ''
> 207 |                     const sc = cell ? subjectColor(subj as string) : null
      |                     ^^^^^
  208 |                     const isAddSlot = cell === null || !subj
  209 |
  210 |                     return (

Parsing ecmascript source code failed @ http://localhost:3000/_next/static/chunks/node_modules_next_dist_0u_w_5s._.js:1945
[    3587ms] [ERROR] ./app/(app)/timetable/page.tsx:207:21
Expected '</', got 'const'
  205 |                         ? cell.classes?.class_name || cell.class_name || cell.class_id
  206 |                         : cell.subjects?.subject_name || cell.subject_name || ''
> 207 |                     const sc = cell ? subjectColor(subj as string) : null
      |                     ^^^^^
  208 |                     const isAddSlot = cell === null || !subj
  209 |
  210 |                     return (

Parsing ecmascript source code failed @ http://localhost:3000/_next/static/chunks/node_modules_next_dist_0u_w_5s._.js:1945
[    3642ms] [ERROR] ./app/(app)/timetable/page.tsx:207:21
Expected '</', got 'const'
  205 |                         ? cell.classes?.class_name || cell.class_name || cell.class_id
  206 |                         : cell.subjects?.subject_name || cell.subject_name || ''
> 207 |                     const sc = cell ? subjectColor(subj as string) : null
      |                     ^^^^^
  208 |                     const isAddSlot = cell === null || !subj
  209 |
  210 |                     return (

Parsing ecmascript source code failed @ http://localhost:3000/_next/static/chunks/node_modules_next_dist_0u_w_5s._.js:1945
[    3753ms] [ERROR] ./app/(app)/timetable/page.tsx:207:21
Expected '</', got 'const'
  205 |                         ? cell.classes?.class_name || cell.class_name || cell.class_id
  206 |                         : cell.subjects?.subject_name || cell.subject_name || ''
> 207 |                     const sc = cell ? subjectColor(subj as string) : null
      |                     ^^^^^
  208 |                     const isAddSlot = cell === null || !subj
  209 |
  210 |                     return (

Parsing ecmascript source code failed @ http://localhost:3000/_next/static/chunks/node_modules_next_dist_0u_w_5s._.js:1945
[    3753ms] [LOG] [Fast Refresh] rebuilding @ http://localhost:3000/_next/static/chunks/node_modules_next_dist_0u_w_5s._.js:1226
[    3809ms] [ERROR] ./app/(app)/timetable/page.tsx:207:21
Expected '</', got 'const'
  205 |                         ? cell.classes?.class_name || cell.class_name || cell.class_id
  206 |                         : cell.subjects?.subject_name || cell.subject_name || ''
> 207 |                     const sc = cell ? subjectColor(subj as string) : null
      |                     ^^^^^
  208 |                     const isAddSlot = cell === null || !subj
  209 |
  210 |                     return (

Parsing ecmascript source code failed @ http://localhost:3000/_next/static/chunks/node_modules_next_dist_0u_w_5s._.js:1945
[    3850ms] [ERROR] ./app/(app)/timetable/page.tsx:207:21
Expected '</', got 'const'
  205 |                         ? cell.classes?.class_name || cell.class_name || cell.class_id
  206 |                         : cell.subjects?.subject_name || cell.subject_name || ''
> 207 |                     const sc = cell ? subjectColor(subj as string) : null
      |                     ^^^^^
  208 |                     const isAddSlot = cell === null || !subj
  209 |
  210 |                     return (

Parsing ecmascript source code failed @ http://localhost:3000/_next/static/chunks/node_modules_next_dist_0u_w_5s._.js:1945
[    3914ms] [ERROR] ./app/(app)/timetable/page.tsx:207:21
Expected '</', got 'const'
  205 |                         ? cell.classes?.class_name || cell.class_name || cell.class_id
  206 |                         : cell.subjects?.subject_name || cell.subject_name || ''
> 207 |                     const sc = cell ? subjectColor(subj as string) : null
      |                     ^^^^^
  208 |                     const isAddSlot = cell === null || !subj
  209 |
  210 |                     return (

Parsing ecmascript source code failed @ http://localhost:3000/_next/static/chunks/node_modules_next_dist_0u_w_5s._.js:1945
[    3968ms] [ERROR] ./app/(app)/timetable/page.tsx:207:21
Expected '</', got 'const'
  205 |                         ? cell.classes?.class_name || cell.class_name || cell.class_id
  206 |                         : cell.subjects?.subject_name || cell.subject_name || ''
> 207 |                     const sc = cell ? subjectColor(subj as string) : null
      |                     ^^^^^
  208 |                     const isAddSlot = cell === null || !subj
  209 |
  210 |                     return (

Parsing ecmascript source code failed @ http://localhost:3000/_next/static/chunks/node_modules_next_dist_0u_w_5s._.js:1945
[    4018ms] [ERROR] ./app/(app)/timetable/page.tsx:207:21
Expected '</', got 'const'
  205 |                         ? cell.classes?.class_name || cell.class_name || cell.class_id
  206 |                         : cell.subjects?.subject_name || cell.subject_name || ''
> 207 |                     const sc = cell ? subjectColor(subj as string) : null
      |                     ^^^^^
  208 |                     const isAddSlot = cell === null || !subj
  209 |
  210 |                     return (

Parsing ecmascript source code failed @ http://localhost:3000/_next/static/chunks/node_modules_next_dist_0u_w_5s._.js:1945
[    4066ms] [ERROR] ./app/(app)/timetable/page.tsx:207:21
Expected '</', got 'const'
  205 |                         ? cell.classes?.class_name || cell.class_name || cell.class_id
  206 |                         : cell.subjects?.subject_name || cell.subject_name || ''
> 207 |                     const sc = cell ? subjectColor(subj as string) : null
      |                     ^^^^^
  208 |                     const isAddSlot = cell === null || !subj
  209 |
  210 |                     return (

Parsing ecmascript source code failed @ http://localhost:3000/_next/static/chunks/node_modules_next_dist_0u_w_5s._.js:1945
[    4115ms] [ERROR] ./app/(app)/timetable/page.tsx:207:21
Expected '</', got 'const'
  205 |                         ? cell.classes?.class_name || cell.class_name || cell.class_id
  206 |                         : cell.subjects?.subject_name || cell.subject_name || ''
> 207 |                     const sc = cell ? subjectColor(subj as string) : null
      |                     ^^^^^
  208 |                     const isAddSlot = cell === null || !subj
  209 |
  210 |                     return (

Parsing ecmascript source code failed @ http://localhost:3000/_next/static/chunks/node_modules_next_dist_0u_w_5s._.js:1945
[    4163ms] [ERROR] ./app/(app)/timetable/page.tsx:207:21
Expected '</', got 'const'
  205 |                         ? cell.classes?.class_name || cell.class_name || cell.class_id
  206 |                         : cell.subjects?.subject_name || cell.subject_name || ''
> 207 |                     const sc = cell ? subjectColor(subj as string) : null
      |                     ^^^^^
  208 |                     const isAddSlot = cell === null || !subj
  209 |
  210 |                     return (

Parsing ecmascript source code failed @ http://localhost:3000/_next/static/chunks/node_modules_next_dist_0u_w_5s._.js:1945
[    4220ms] [ERROR] ./app/(app)/timetable/page.tsx:207:21
Expected '</', got 'const'
  205 |                         ? cell.classes?.class_name || cell.class_name || cell.class_id
  206 |                         : cell.subjects?.subject_name || cell.subject_name || ''
> 207 |                     const sc = cell ? subjectColor(subj as string) : null
      |                     ^^^^^
  208 |                     const isAddSlot = cell === null || !subj
  209 |
  210 |                     return (

Parsing ecmascript source code failed @ http://localhost:3000/_next/static/chunks/node_modules_next_dist_0u_w_5s._.js:1945
[    4260ms] [ERROR] ./app/(app)/timetable/page.tsx:207:21
Expected '</', got 'const'
  205 |                         ? cell.classes?.class_name || cell.class_name || cell.class_id
  206 |                         : cell.subjects?.subject_name || cell.subject_name || ''
> 207 |                     const sc = cell ? subjectColor(subj as string) : null
      |                     ^^^^^
  208 |                     const isAddSlot = cell === null || !subj
  209 |
  210 |                     return (

Parsing ecmascript source code failed @ http://localhost:3000/_next/static/chunks/node_modules_next_dist_0u_w_5s._.js:1945
[    4326ms] [ERROR] ./app/(app)/timetable/page.tsx:207:21
Expected '</', got 'const'
  205 |                         ? cell.classes?.class_name || cell.class_name || cell.class_id
  206 |                         : cell.subjects?.subject_name || cell.subject_name || ''
> 207 |                     const sc = cell ? subjectColor(subj as string) : null
      |                     ^^^^^
  208 |                     const isAddSlot = cell === null || !subj
  209 |
  210 |                     return (

Parsing ecmascript source code failed @ http://localhost:3000/_next/static/chunks/node_modules_next_dist_0u_w_5s._.js:1945
[    4365ms] [ERROR] ./app/(app)/timetable/page.tsx:207:21
Expected '</', got 'const'
  205 |                         ? cell.classes?.class_name || cell.class_name || cell.class_id
  206 |                         : cell.subjects?.subject_name || cell.subject_name || ''
> 207 |                     const sc = cell ? subjectColor(subj as string) : null
      |                     ^^^^^
  208 |                     const isAddSlot = cell === null || !subj
  209 |
  210 |                     return (

Parsing ecmascript source code failed @ http://localhost:3000/_next/static/chunks/node_modules_next_dist_0u_w_5s._.js:1945
[    4413ms] [ERROR] ./app/(app)/timetable/page.tsx:207:21
Expected '</', got 'const'
  205 |                         ? cell.classes?.class_name || cell.class_name || cell.class_id
  206 |                         : cell.subjects?.subject_name || cell.subject_name || ''
> 207 |                     const sc = cell ? subjectColor(subj as string) : null
      |                     ^^^^^
  208 |                     const isAddSlot = cell === null || !subj
  209 |
  210 |                     return (

Parsing ecmascript source code failed @ http://localhost:3000/_next/static/chunks/node_modules_next_dist_0u_w_5s._.js:1945
[    4472ms] [ERROR] ./app/(app)/timetable/page.tsx:207:21
Expected '</', got 'const'
  205 |                         ? cell.classes?.class_name || cell.class_name || cell.class_id
  206 |                         : cell.subjects?.subject_name || cell.subject_name || ''
> 207 |                     const sc = cell ? subjectColor(subj as string) : null
      |                     ^^^^^
  208 |                     const isAddSlot = cell === null || !subj
  209 |
  210 |                     return (

Parsing ecmascript source code failed @ http://localhost:3000/_next/static/chunks/node_modules_next_dist_0u_w_5s._.js:1945
[    4525ms] [ERROR] ./app/(app)/timetable/page.tsx:207:21
Expected '</', got 'const'
  205 |                         ? cell.classes?.class_name || cell.class_name || cell.class_id
  206 |                         : cell.subjects?.subject_name || cell.subject_name || ''
> 207 |                     const sc = cell ? subjectColor(subj as string) : null
      |                     ^^^^^
  208 |                     const isAddSlot = cell === null || !subj
  209 |
  210 |                     return (

Parsing ecmascript source code failed @ http://localhost:3000/_next/static/chunks/node_modules_next_dist_0u_w_5s._.js:1945
[    4583ms] [ERROR] ./app/(app)/timetable/page.tsx:207:21
Expected '</', got 'const'
  205 |                         ? cell.classes?.class_name || cell.class_name || cell.class_id
  206 |                         : cell.subjects?.subject_name || cell.subject_name || ''
> 207 |                     const sc = cell ? subjectColor(subj as string) : null
      |                     ^^^^^
  208 |                     const isAddSlot = cell === null || !subj
  209 |
  210 |                     return (

Parsing ecmascript source code failed @ http://localhost:3000/_next/static/chunks/node_modules_next_dist_0u_w_5s._.js:1945
[    4643ms] [ERROR] ./app/(app)/timetable/page.tsx:207:21
Expected '</', got 'const'
  205 |                         ? cell.classes?.class_name || cell.class_name || cell.class_id
  206 |                         : cell.subjects?.subject_name || cell.subject_name || ''
> 207 |                     const sc = cell ? subjectColor(subj as string) : null
      |                     ^^^^^
  208 |                     const isAddSlot = cell === null || !subj
  209 |
  210 |                     return (

Parsing ecmascript source code failed @ http://localhost:3000/_next/static/chunks/node_modules_next_dist_0u_w_5s._.js:1945
[    4694ms] [ERROR] ./app/(app)/timetable/page.tsx:207:21
Expected '</', got 'const'
  205 |                         ? cell.classes?.class_name || cell.class_name || cell.class_id
  206 |                         : cell.subjects?.subject_name || cell.subject_name || ''
> 207 |                     const sc = cell ? subjectColor(subj as string) : null
      |                     ^^^^^
  208 |                     const isAddSlot = cell === null || !subj
  209 |
  210 |                     return (

Parsing ecmascript source code failed @ http://localhost:3000/_next/static/chunks/node_modules_next_dist_0u_w_5s._.js:1945
[    4741ms] [ERROR] ./app/(app)/timetable/page.tsx:207:21
Expected '</', got 'const'
  205 |                         ? cell.classes?.class_name || cell.class_name || cell.class_id
  206 |                         : cell.subjects?.subject_name || cell.subject_name || ''
> 207 |                     const sc = cell ? subjectColor(subj as string) : null
      |                     ^^^^^
  208 |                     const isAddSlot = cell === null || !subj
  209 |
  210 |                     return (

Parsing ecmascript source code failed @ http://localhost:3000/_next/static/chunks/node_modules_next_dist_0u_w_5s._.js:1945
[    4793ms] [ERROR] ./app/(app)/timetable/page.tsx:207:21
Expected '</', got 'const'
  205 |                         ? cell.classes?.class_name || cell.class_name || cell.class_id
  206 |                         : cell.subjects?.subject_name || cell.subject_name || ''
> 207 |                     const sc = cell ? subjectColor(subj as string) : null
      |                     ^^^^^
  208 |                     const isAddSlot = cell === null || !subj
  209 |
  210 |                     return (

Parsing ecmascript source code failed @ http://localhost:3000/_next/static/chunks/node_modules_next_dist_0u_w_5s._.js:1945
[    4837ms] [ERROR] ./app/(app)/timetable/page.tsx:207:21
Expected '</', got 'const'
  205 |                         ? cell.classes?.class_name || cell.class_name || cell.class_id
  206 |                         : cell.subjects?.subject_name || cell.subject_name || ''
> 207 |                     const sc = cell ? subjectColor(subj as string) : null
      |                     ^^^^^
  208 |                     const isAddSlot = cell === null || !subj
  209 |
  210 |                     return (

Parsing ecmascript source code failed @ http://localhost:3000/_next/static/chunks/node_modules_next_dist_0u_w_5s._.js:1945
[    4893ms] [ERROR] ./app/(app)/timetable/page.tsx:207:21
Expected '</', got 'const'
  205 |                         ? cell.classes?.class_name || cell.class_name || cell.class_id
  206 |                         : cell.subjects?.subject_name || cell.subject_name || ''
> 207 |                     const sc = cell ? subjectColor(subj as string) : null
      |                     ^^^^^
  208 |                     const isAddSlot = cell === null || !subj
  209 |
  210 |                     return (

Parsing ecmascript source code failed @ http://localhost:3000/_next/static/chunks/node_modules_next_dist_0u_w_5s._.js:1945
[    4957ms] [ERROR] ./app/(app)/timetable/page.tsx:207:21
Expected '</', got 'const'
  205 |                         ? cell.classes?.class_name || cell.class_name || cell.class_id
  206 |                         : cell.subjects?.subject_name || cell.subject_name || ''
> 207 |                     const sc = cell ? subjectColor(subj as string) : null
      |                     ^^^^^
  208 |                     const isAddSlot = cell === null || !subj
  209 |
  210 |                     return (

Parsing ecmascript source code failed @ http://localhost:3000/_next/static/chunks/node_modules_next_dist_0u_w_5s._.js:1945
[    5011ms] [ERROR] ./app/(app)/timetable/page.tsx:207:21
Expected '</', got 'const'
  205 |                         ? cell.classes?.class_name || cell.class_name || cell.class_id
  206 |                         : cell.subjects?.subject_name || cell.subject_name || ''
> 207 |                     const sc = cell ? subjectColor(subj as string) : null
      |                     ^^^^^
  208 |                     const isAddSlot = cell === null || !subj
  209 |
  210 |                     return (

Parsing ecmascript source code failed @ http://localhost:3000/_next/static/chunks/node_modules_next_dist_0u_w_5s._.js:1945
[    5060ms] [ERROR] ./app/(app)/timetable/page.tsx:207:21
Expected '</', got 'const'
  205 |                         ? cell.classes?.class_name || cell.class_name || cell.class_id
  206 |                         : cell.subjects?.subject_name || cell.subject_name || ''
> 207 |                     const sc = cell ? subjectColor(subj as string) : null
      |                     ^^^^^
  208 |                     const isAddSlot = cell === null || !subj
  209 |
  210 |                     return (

Parsing ecmascript source code failed @ http://localhost:3000/_next/static/chunks/node_modules_next_dist_0u_w_5s._.js:1945
[    5121ms] [ERROR] ./app/(app)/timetable/page.tsx:207:21
Expected '</', got 'const'
  205 |                         ? cell.classes?.class_name || cell.class_name || cell.class_id
  206 |                         : cell.subjects?.subject_name || cell.subject_name || ''
> 207 |                     const sc = cell ? subjectColor(subj as string) : null
      |                     ^^^^^
  208 |                     const isAddSlot = cell === null || !subj
  209 |
  210 |                     return (

Parsing ecmascript source code failed @ http://localhost:3000/_next/static/chunks/node_modules_next_dist_0u_w_5s._.js:1945
[    5186ms] [ERROR] ./app/(app)/timetable/page.tsx:207:21
Expected '</', got 'const'
  205 |                         ? cell.classes?.class_name || cell.class_name || cell.class_id
  206 |                         : cell.subjects?.subject_name || cell.subject_name || ''
> 207 |                     const sc = cell ? subjectColor(subj as string) : null
      |                     ^^^^^
  208 |                     const isAddSlot = cell === null || !subj
  209 |
  210 |                     return (

Parsing ecmascript source code failed @ http://localhost:3000/_next/static/chunks/node_modules_next_dist_0u_w_5s._.js:1945
[    5251ms] [ERROR] ./app/(app)/timetable/page.tsx:207:21
Expected '</', got 'const'
  205 |                         ? cell.classes?.class_name || cell.class_name || cell.class_id
  206 |                         : cell.subjects?.subject_name || cell.subject_name || ''
> 207 |                     const sc = cell ? subjectColor(subj as string) : null
      |                     ^^^^^
  208 |                     const isAddSlot = cell === null || !subj
  209 |
  210 |                     return (

Parsing ecmascript source code failed @ http://localhost:3000/_next/static/chunks/node_modules_next_dist_0u_w_5s._.js:1945
[    5316ms] [ERROR] ./app/(app)/timetable/page.tsx:207:21
Expected '</', got 'const'
  205 |                         ? cell.classes?.class_name || cell.class_name || cell.class_id
  206 |                         : cell.subjects?.subject_name || cell.subject_name || ''
> 207 |                     const sc = cell ? subjectColor(subj as string) : null
      |                     ^^^^^
  208 |                     const isAddSlot = cell === null || !subj
  209 |
  210 |                     return (

Parsing ecmascript source code failed @ http://localhost:3000/_next/static/chunks/node_modules_next_dist_0u_w_5s._.js:1945
[    5366ms] [ERROR] ./app/(app)/timetable/page.tsx:207:21
Expected '</', got 'const'
  205 |                         ? cell.classes?.class_name || cell.class_name || cell.class_id
  206 |                         : cell.subjects?.subject_name || cell.subject_name || ''
> 207 |                     const sc = cell ? subjectColor(subj as string) : null
      |                     ^^^^^
  208 |                     const isAddSlot = cell === null || !subj
  209 |
  210 |                     return (

Parsing ecmascript source code failed @ http://localhost:3000/_next/static/chunks/node_modules_next_dist_0u_w_5s._.js:1945
[    5417ms] [ERROR] ./app/(app)/timetable/page.tsx:207:21
Expected '</', got 'const'
  205 |                         ? cell.classes?.class_name || cell.class_name || cell.class_id
  206 |                         : cell.subjects?.subject_name || cell.subject_name || ''
> 207 |                     const sc = cell ? subjectColor(subj as string) : null
      |                     ^^^^^
  208 |                     const isAddSlot = cell === null || !subj
  209 |
  210 |                     return (

Parsing ecmascript source code failed @ http://localhost:3000/_next/static/chunks/node_modules_next_dist_0u_w_5s._.js:1945
[    5479ms] [ERROR] ./app/(app)/timetable/page.tsx:207:21
Expected '</', got 'const'
  205 |                         ? cell.classes?.class_name || cell.class_name || cell.class_id
  206 |                         : cell.subjects?.subject_name || cell.subject_name || ''
> 207 |                     const sc = cell ? subjectColor(subj as string) : null
      |                     ^^^^^
  208 |                     const isAddSlot = cell === null || !subj
  209 |
  210 |                     return (

Parsing ecmascript source code failed @ http://localhost:3000/_next/static/chunks/node_modules_next_dist_0u_w_5s._.js:1945
[    5541ms] [ERROR] ./app/(app)/timetable/page.tsx:207:21
Expected '</', got 'const'
  205 |                         ? cell.classes?.class_name || cell.class_name || cell.class_id
  206 |                         : cell.subjects?.subject_name || cell.subject_name || ''
> 207 |                     const sc = cell ? subjectColor(subj as string) : null
      |                     ^^^^^
  208 |                     const isAddSlot = cell === null || !subj
  209 |
  210 |                     return (

Parsing ecmascript source code failed @ http://localhost:3000/_next/static/chunks/node_modules_next_dist_0u_w_5s._.js:1945
[    5588ms] [ERROR] ./app/(app)/timetable/page.tsx:207:21
Expected '</', got 'const'
  205 |                         ? cell.classes?.class_name || cell.class_name || cell.class_id
  206 |                         : cell.subjects?.subject_name || cell.subject_name || ''
> 207 |                     const sc = cell ? subjectColor(subj as string) : null
      |                     ^^^^^
  208 |                     const isAddSlot = cell === null || !subj
  209 |
  210 |                     return (

Parsing ecmascript source code failed @ http://localhost:3000/_next/static/chunks/node_modules_next_dist_0u_w_5s._.js:1945
[    5638ms] [ERROR] ./app/(app)/timetable/page.tsx:207:21
Expected '</', got 'const'
  205 |                         ? cell.classes?.class_name || cell.class_name || cell.class_id
  206 |                         : cell.subjects?.subject_name || cell.subject_name || ''
> 207 |                     const sc = cell ? subjectColor(subj as string) : null
      |                     ^^^^^
  208 |                     const isAddSlot = cell === null || !subj
  209 |
  210 |                     return (

Parsing ecmascript source code failed @ http://localhost:3000/_next/static/chunks/node_modules_next_dist_0u_w_5s._.js:1945
[    5686ms] [ERROR] ./app/(app)/timetable/page.tsx:207:21
Expected '</', got 'const'
  205 |                         ? cell.classes?.class_name || cell.class_name || cell.class_id
  206 |                         : cell.subjects?.subject_name || cell.subject_name || ''
> 207 |                     const sc = cell ? subjectColor(subj as string) : null
      |                     ^^^^^
  208 |                     const isAddSlot = cell === null || !subj
  209 |
  210 |                     return (

Parsing ecmascript source code failed @ http://localhost:3000/_next/static/chunks/node_modules_next_dist_0u_w_5s._.js:1945
[    5740ms] [ERROR] ./app/(app)/timetable/page.tsx:207:21
Expected '</', got 'const'
  205 |                         ? cell.classes?.class_name || cell.class_name || cell.class_id
  206 |                         : cell.subjects?.subject_name || cell.subject_name || ''
> 207 |                     const sc = cell ? subjectColor(subj as string) : null
      |                     ^^^^^
  208 |                     const isAddSlot = cell === null || !subj
  209 |
  210 |                     return (

Parsing ecmascript source code failed @ http://localhost:3000/_next/static/chunks/node_modules_next_dist_0u_w_5s._.js:1945
[    5802ms] [ERROR] ./app/(app)/timetable/page.tsx:207:21
Expected '</', got 'const'
  205 |                         ? cell.classes?.class_name || cell.class_name || cell.class_id
  206 |                         : cell.subjects?.subject_name || cell.subject_name || ''
> 207 |                     const sc = cell ? subjectColor(subj as string) : null
      |                     ^^^^^
  208 |                     const isAddSlot = cell === null || !subj
  209 |
  210 |                     return (

Parsing ecmascript source code failed @ http://localhost:3000/_next/static/chunks/node_modules_next_dist_0u_w_5s._.js:1945
[    5863ms] [ERROR] ./app/(app)/timetable/page.tsx:207:21
Expected '</', got 'const'
  205 |                         ? cell.classes?.class_name || cell.class_name || cell.class_id
  206 |                         : cell.subjects?.subject_name || cell.subject_name || ''
> 207 |                     const sc = cell ? subjectColor(subj as string) : null
      |                     ^^^^^
  208 |                     const isAddSlot = cell === null || !subj
  209 |
  210 |                     return (

Parsing ecmascript source code failed @ http://localhost:3000/_next/static/chunks/node_modules_next_dist_0u_w_5s._.js:1945
[    5927ms] [ERROR] ./app/(app)/timetable/page.tsx:207:21
Expected '</', got 'const'
  205 |                         ? cell.classes?.class_name || cell.class_name || cell.class_id
  206 |                         : cell.subjects?.subject_name || cell.subject_name || ''
> 207 |                     const sc = cell ? subjectColor(subj as string) : null
      |                     ^^^^^
  208 |                     const isAddSlot = cell === null || !subj
  209 |
  210 |                     return (

Parsing ecmascript source code failed @ http://localhost:3000/_next/static/chunks/node_modules_next_dist_0u_w_5s._.js:1945
[    5989ms] [ERROR] ./app/(app)/timetable/page.tsx:207:21
Expected '</', got 'const'
  205 |                         ? cell.classes?.class_name || cell.class_name || cell.class_id
  206 |                         : cell.subjects?.subject_name || cell.subject_name || ''
> 207 |                     const sc = cell ? subjectColor(subj as string) : null
      |                     ^^^^^
  208 |                     const isAddSlot = cell === null || !subj
  209 |
  210 |                     return (

Parsing ecmascript source code failed @ http://localhost:3000/_next/static/chunks/node_modules_next_dist_0u_w_5s._.js:1945
[    6043ms] [ERROR] ./app/(app)/timetable/page.tsx:207:21
Expected '</', got 'const'
  205 |                         ? cell.classes?.class_name || cell.class_name || cell.class_id
  206 |                         : cell.subjects?.subject_name || cell.subject_name || ''
> 207 |                     const sc = cell ? subjectColor(subj as string) : null
      |                     ^^^^^
  208 |                     const isAddSlot = cell === null || !subj
  209 |
  210 |                     return (

Parsing ecmascript source code failed @ http://localhost:3000/_next/static/chunks/node_modules_next_dist_0u_w_5s._.js:1945
[    6099ms] [ERROR] ./app/(app)/timetable/page.tsx:207:21
Expected '</', got 'const'
  205 |                         ? cell.classes?.class_name || cell.class_name || cell.class_id
  206 |                         : cell.subjects?.subject_name || cell.subject_name || ''
> 207 |                     const sc = cell ? subjectColor(subj as string) : null
      |                     ^^^^^
  208 |                     const isAddSlot = cell === null || !subj
  209 |
  210 |                     return (

Parsing ecmascript source code failed @ http://localhost:3000/_next/static/chunks/node_modules_next_dist_0u_w_5s._.js:1945
[    6151ms] [ERROR] ./app/(app)/timetable/page.tsx:207:21
Expected '</', got 'const'
  205 |                         ? cell.classes?.class_name || cell.class_name || cell.class_id
  206 |                         : cell.subjects?.subject_name || cell.subject_name || ''
> 207 |                     const sc = cell ? subjectColor(subj as string) : null
      |                     ^^^^^
  208 |                     const isAddSlot = cell === null || !subj
  209 |
  210 |                     return (

Parsing ecmascript source code failed @ http://localhost:3000/_next/static/chunks/node_modules_next_dist_0u_w_5s._.js:1945
[    6206ms] [ERROR] ./app/(app)/timetable/page.tsx:207:21
Expected '</', got 'const'
  205 |                         ? cell.classes?.class_name || cell.class_name || cell.class_id
  206 |                         : cell.subjects?.subject_name || cell.subject_name || ''
> 207 |                     const sc = cell ? subjectColor(subj as string) : null
      |                     ^^^^^
  208 |                     const isAddSlot = cell === null || !subj
  209 |
  210 |                     return (

Parsing ecmascript source code failed @ http://localhost:3000/_next/static/chunks/node_modules_next_dist_0u_w_5s._.js:1945
[    6269ms] [ERROR] ./app/(app)/timetable/page.tsx:207:21
Expected '</', got 'const'
  205 |                         ? cell.classes?.class_name || cell.class_name || cell.class_id
  206 |                         : cell.subjects?.subject_name || cell.subject_name || ''
> 207 |                     const sc = cell ? subjectColor(subj as string) : null
      |                     ^^^^^
  208 |                     const isAddSlot = cell === null || !subj
  209 |
  210 |                     return (

Parsing ecmascript source code failed @ http://localhost:3000/_next/static/chunks/node_modules_next_dist_0u_w_5s._.js:1945
[    6323ms] [ERROR] ./app/(app)/timetable/page.tsx:207:21
Expected '</', got 'const'
  205 |                         ? cell.classes?.class_name || cell.class_name || cell.class_id
  206 |                         : cell.subjects?.subject_name || cell.subject_name || ''
> 207 |                     const sc = cell ? subjectColor(subj as string) : null
      |                     ^^^^^
  208 |                     const isAddSlot = cell === null || !subj
  209 |
  210 |                     return (

Parsing ecmascript source code failed @ http://localhost:3000/_next/static/chunks/node_modules_next_dist_0u_w_5s._.js:1945
[    6395ms] [ERROR] ./app/(app)/timetable/page.tsx:207:21
Expected '</', got 'const'
  205 |                         ? cell.classes?.class_name || cell.class_name || cell.class_id
  206 |                         : cell.subjects?.subject_name || cell.subject_name || ''
> 207 |                     const sc = cell ? subjectColor(subj as string) : null
      |                     ^^^^^
  208 |                     const isAddSlot = cell === null || !subj
  209 |
  210 |                     return (

Parsing ecmascript source code failed @ http://localhost:3000/_next/static/chunks/node_modules_next_dist_0u_w_5s._.js:1945
[    6459ms] [ERROR] ./app/(app)/timetable/page.tsx:207:21
Expected '</', got 'const'
  205 |                         ? cell.classes?.class_name || cell.class_name || cell.class_id
  206 |                         : cell.subjects?.subject_name || cell.subject_name || ''
> 207 |                     const sc = cell ? subjectColor(subj as string) : null
      |                     ^^^^^
  208 |                     const isAddSlot = cell === null || !subj
  209 |
  210 |                     return (

Parsing ecmascript source code failed @ http://localhost:3000/_next/static/chunks/node_modules_next_dist_0u_w_5s._.js:1945
[    6515ms] [ERROR] ./app/(app)/timetable/page.tsx:207:21
Expected '</', got 'const'
  205 |                         ? cell.classes?.class_name || cell.class_name || cell.class_id
  206 |                         : cell.subjects?.subject_name || cell.subject_name || ''
> 207 |                     const sc = cell ? subjectColor(subj as string) : null
      |                     ^^^^^
  208 |                     const isAddSlot = cell === null || !subj
  209 |
  210 |                     return (

Parsing ecmascript source code failed @ http://localhost:3000/_next/static/chunks/node_modules_next_dist_0u_w_5s._.js:1945
[    6564ms] [ERROR] ./app/(app)/timetable/page.tsx:207:21
Expected '</', got 'const'
  205 |                         ? cell.classes?.class_name || cell.class_name || cell.class_id
  206 |                         : cell.subjects?.subject_name || cell.subject_name || ''
> 207 |                     const sc = cell ? subjectColor(subj as string) : null
      |                     ^^^^^
  208 |                     const isAddSlot = cell === null || !subj
  209 |
  210 |                     return (

Parsing ecmascript source code failed @ http://localhost:3000/_next/static/chunks/node_modules_next_dist_0u_w_5s._.js:1945
[    6626ms] [ERROR] ./app/(app)/timetable/page.tsx:207:21
Expected '</', got 'const'
  205 |                         ? cell.classes?.class_name || cell.class_name || cell.class_id
  206 |                         : cell.subjects?.subject_name || cell.subject_name || ''
> 207 |                     const sc = cell ? subjectColor(subj as string) : null
      |                     ^^^^^
  208 |                     const isAddSlot = cell === null || !subj
  209 |
  210 |                     return (

Parsing ecmascript source code failed @ http://localhost:3000/_next/static/chunks/node_modules_next_dist_0u_w_5s._.js:1945
[    6680ms] [ERROR] ./app/(app)/timetable/page.tsx:207:21
Expected '</', got 'const'
  205 |                         ? cell.classes?.class_name || cell.class_name || cell.class_id
  206 |                         : cell.subjects?.subject_name || cell.subject_name || ''
> 207 |                     const sc = cell ? subjectColor(subj as string) : null
      |                     ^^^^^
  208 |                     const isAddSlot = cell === null || !subj
  209 |
  210 |                     return (

Parsing ecmascript source code failed @ http://localhost:3000/_next/static/chunks/node_modules_next_dist_0u_w_5s._.js:1945
[    6742ms] [ERROR] ./app/(app)/timetable/page.tsx:207:21
Expected '</', got 'const'
  205 |                         ? cell.classes?.class_name || cell.class_name || cell.class_id
  206 |                         : cell.subjects?.subject_name || cell.subject_name || ''
> 207 |                     const sc = cell ? subjectColor(subj as string) : null
      |                     ^^^^^
  208 |                     const isAddSlot = cell === null || !subj
  209 |
  210 |                     return (

Parsing ecmascript source code failed @ http://localhost:3000/_next/static/chunks/node_modules_next_dist_0u_w_5s._.js:1945
[    6802ms] [ERROR] ./app/(app)/timetable/page.tsx:207:21
Expected '</', got 'const'
  205 |                         ? cell.classes?.class_name || cell.class_name || cell.class_id
  206 |                         : cell.subjects?.subject_name || cell.subject_name || ''
> 207 |                     const sc = cell ? subjectColor(subj as string) : null
      |                     ^^^^^
  208 |                     const isAddSlot = cell === null || !subj
  209 |
  210 |                     return (

Parsing ecmascript source code failed @ http://localhost:3000/_next/static/chunks/node_modules_next_dist_0u_w_5s._.js:1945
[    6864ms] [ERROR] ./app/(app)/timetable/page.tsx:207:21
Expected '</', got 'const'
  205 |                         ? cell.classes?.class_name || cell.class_name || cell.class_id
  206 |                         : cell.subjects?.subject_name || cell.subject_name || ''
> 207 |                     const sc = cell ? subjectColor(subj as string) : null
      |                     ^^^^^
  208 |                     const isAddSlot = cell === null || !subj
  209 |
  210 |                     return (

Parsing ecmascript source code failed @ http://localhost:3000/_next/static/chunks/node_modules_next_dist_0u_w_5s._.js:1945
[    6916ms] [ERROR] ./app/(app)/timetable/page.tsx:207:21
Expected '</', got 'const'
  205 |                         ? cell.classes?.class_name || cell.class_name || cell.class_id
  206 |                         : cell.subjects?.subject_name || cell.subject_name || ''
> 207 |                     const sc = cell ? subjectColor(subj as string) : null
      |                     ^^^^^
  208 |                     const isAddSlot = cell === null || !subj
  209 |
  210 |                     return (

Parsing ecmascript source code failed @ http://localhost:3000/_next/static/chunks/node_modules_next_dist_0u_w_5s._.js:1945
[    6979ms] [ERROR] ./app/(app)/timetable/page.tsx:207:21
Expected '</', got 'const'
  205 |                         ? cell.classes?.class_name || cell.class_name || cell.class_id
  206 |                         : cell.subjects?.subject_name || cell.subject_name || ''
> 207 |                     const sc = cell ? subjectColor(subj as string) : null
      |                     ^^^^^
  208 |                     const isAddSlot = cell === null || !subj
  209 |
  210 |                     return (

Parsing ecmascript source code failed @ http://localhost:3000/_next/static/chunks/node_modules_next_dist_0u_w_5s._.js:1945
[    7041ms] [ERROR] ./app/(app)/timetable/page.tsx:207:21
Expected '</', got 'const'
  205 |                         ? cell.classes?.class_name || cell.class_name || cell.class_id
  206 |                         : cell.subjects?.subject_name || cell.subject_name || ''
> 207 |                     const sc = cell ? subjectColor(subj as string) : null
      |                     ^^^^^
  208 |                     const isAddSlot = cell === null || !subj
  209 |
  210 |                     return (

Parsing ecmascript source code failed @ http://localhost:3000/_next/static/chunks/node_modules_next_dist_0u_w_5s._.js:1945
[    7103ms] [ERROR] ./app/(app)/timetable/page.tsx:207:21
Expected '</', got 'const'
  205 |                         ? cell.classes?.class_name || cell.class_name || cell.class_id
  206 |                         : cell.subjects?.subject_name || cell.subject_name || ''
> 207 |                     const sc = cell ? subjectColor(subj as string) : null
      |                     ^^^^^
  208 |                     const isAddSlot = cell === null || !subj
  209 |
  210 |                     return (

Parsing ecmascript source code failed @ http://localhost:3000/_next/static/chunks/node_modules_next_dist_0u_w_5s._.js:1945
[    7164ms] [ERROR] ./app/(app)/timetable/page.tsx:207:21
Expected '</', got 'const'
  205 |                         ? cell.classes?.class_name || cell.class_name || cell.class_id
  206 |                         : cell.subjects?.subject_name || cell.subject_name || ''
> 207 |                     const sc = cell ? subjectColor(subj as string) : null
      |                     ^^^^^
  208 |                     const isAddSlot = cell === null || !subj
  209 |
  210 |                     return (

Parsing ecmascript source code failed @ http://localhost:3000/_next/static/chunks/node_modules_next_dist_0u_w_5s._.js:1945
[    7217ms] [ERROR] ./app/(app)/timetable/page.tsx:207:21
Expected '</', got 'const'
  205 |                         ? cell.classes?.class_name || cell.class_name || cell.class_id
  206 |                         : cell.subjects?.subject_name || cell.subject_name || ''
> 207 |                     const sc = cell ? subjectColor(subj as string) : null
      |                     ^^^^^
  208 |                     const isAddSlot = cell === null || !subj
  209 |
  210 |                     return (

Parsing ecmascript source code failed @ http://localhost:3000/_next/static/chunks/node_modules_next_dist_0u_w_5s._.js:1945
[    7279ms] [ERROR] ./app/(app)/timetable/page.tsx:207:21
Expected '</', got 'const'
  205 |                         ? cell.classes?.class_name || cell.class_name || cell.class_id
  206 |                         : cell.subjects?.subject_name || cell.subject_name || ''
> 207 |                     const sc = cell ? subjectColor(subj as string) : null
      |                     ^^^^^
  208 |                     const isAddSlot = cell === null || !subj
  209 |
  210 |                     return (

Parsing ecmascript source code failed @ http://localhost:3000/_next/static/chunks/node_modules_next_dist_0u_w_5s._.js:1945
[    7343ms] [ERROR] ./app/(app)/timetable/page.tsx:207:21
Expected '</', got 'const'
  205 |                         ? cell.classes?.class_name || cell.class_name || cell.class_id
  206 |                         : cell.subjects?.subject_name || cell.subject_name || ''
> 207 |                     const sc = cell ? subjectColor(subj as string) : null
      |                     ^^^^^
  208 |                     const isAddSlot = cell === null || !subj
  209 |
  210 |                     return (

Parsing ecmascript source code failed @ http://localhost:3000/_next/static/chunks/node_modules_next_dist_0u_w_5s._.js:1945
[    7403ms] [ERROR] ./app/(app)/timetable/page.tsx:207:21
Expected '</', got 'const'
  205 |                         ? cell.classes?.class_name || cell.class_name || cell.class_id
  206 |                         : cell.subjects?.subject_name || cell.subject_name || ''
> 207 |                     const sc = cell ? subjectColor(subj as string) : null
      |                     ^^^^^
  208 |                     const isAddSlot = cell === null || !subj
  209 |
  210 |                     return (

Parsing ecmascript source code failed @ http://localhost:3000/_next/static/chunks/node_modules_next_dist_0u_w_5s._.js:1945
[    7465ms] [ERROR] ./app/(app)/timetable/page.tsx:207:21
Expected '</', got 'const'
  205 |                         ? cell.classes?.class_name || cell.class_name || cell.class_id
  206 |                         : cell.subjects?.subject_name || cell.subject_name || ''
> 207 |                     const sc = cell ? subjectColor(subj as string) : null
      |                     ^^^^^
  208 |                     const isAddSlot = cell === null || !subj
  209 |
  210 |                     return (

Parsing ecmascript source code failed @ http://localhost:3000/_next/static/chunks/node_modules_next_dist_0u_w_5s._.js:1945
[    7527ms] [ERROR] ./app/(app)/timetable/page.tsx:207:21
Expected '</', got 'const'
  205 |                         ? cell.classes?.class_name || cell.class_name || cell.class_id
  206 |                         : cell.subjects?.subject_name || cell.subject_name || ''
> 207 |                     const sc = cell ? subjectColor(subj as string) : null
      |                     ^^^^^
  208 |                     const isAddSlot = cell === null || !subj
  209 |
  210 |                     return (

Parsing ecmascript source code failed @ http://localhost:3000/_next/static/chunks/node_modules_next_dist_0u_w_5s._.js:1945
[    7587ms] [ERROR] ./app/(app)/timetable/page.tsx:207:21
Expected '</', got 'const'
  205 |                         ? cell.classes?.class_name || cell.class_name || cell.class_id
  206 |                         : cell.subjects?.subject_name || cell.subject_name || ''
> 207 |                     const sc = cell ? subjectColor(subj as string) : null
      |                     ^^^^^
  208 |                     const isAddSlot = cell === null || !subj
  209 |
  210 |                     return (

Parsing ecmascript source code failed @ http://localhost:3000/_next/static/chunks/node_modules_next_dist_0u_w_5s._.js:1945
[    7640ms] [ERROR] ./app/(app)/timetable/page.tsx:207:21
Expected '</', got 'const'
  205 |                         ? cell.classes?.class_name || cell.class_name || cell.class_id
  206 |                         : cell.subjects?.subject_name || cell.subject_name || ''
> 207 |                     const sc = cell ? subjectColor(subj as string) : null
      |                     ^^^^^
  208 |                     const isAddSlot = cell === null || !subj
  209 |
  210 |                     return (

Parsing ecmascript source code failed @ http://localhost:3000/_next/static/chunks/node_modules_next_dist_0u_w_5s._.js:1945
[    7704ms] [ERROR] ./app/(app)/timetable/page.tsx:207:21
Expected '</', got 'const'
  205 |                         ? cell.classes?.class_name || cell.class_name || cell.class_id
  206 |                         : cell.subjects?.subject_name || cell.subject_name || ''
> 207 |                     const sc = cell ? subjectColor(subj as string) : null
      |                     ^^^^^
  208 |                     const isAddSlot = cell === null || !subj
  209 |
  210 |                     return (

Parsing ecmascript source code failed @ http://localhost:3000/_next/static/chunks/node_modules_next_dist_0u_w_5s._.js:1945
[    7760ms] [ERROR] ./app/(app)/timetable/page.tsx:207:21
Expected '</', got 'const'
  205 |                         ? cell.classes?.class_name || cell.class_name || cell.class_id
  206 |                         : cell.subjects?.subject_name || cell.subject_name || ''
> 207 |                     const sc = cell ? subjectColor(subj as string) : null
      |                     ^^^^^
  208 |                     const isAddSlot = cell === null || !subj
  209 |
  210 |                     return (

Parsing ecmascript source code failed @ http://localhost:3000/_next/static/chunks/node_modules_next_dist_0u_w_5s._.js:1945
[    7820ms] [ERROR] ./app/(app)/timetable/page.tsx:207:21
Expected '</', got 'const'
  205 |                         ? cell.classes?.class_name || cell.class_name || cell.class_id
  206 |                         : cell.subjects?.subject_name || cell.subject_name || ''
> 207 |                     const sc = cell ? subjectColor(subj as string) : null
      |                     ^^^^^
  208 |                     const isAddSlot = cell === null || !subj
  209 |
  210 |                     return (

Parsing ecmascript source code failed @ http://localhost:3000/_next/static/chunks/node_modules_next_dist_0u_w_5s._.js:1945
[    7870ms] [ERROR] ./app/(app)/timetable/page.tsx:207:21
Expected '</', got 'const'
  205 |                         ? cell.classes?.class_name || cell.class_name || cell.class_id
  206 |                         : cell.subjects?.subject_name || cell.subject_name || ''
> 207 |                     const sc = cell ? subjectColor(subj as string) : null
      |                     ^^^^^
  208 |                     const isAddSlot = cell === null || !subj
  209 |
  210 |                     return (

Parsing ecmascript source code failed @ http://localhost:3000/_next/static/chunks/node_modules_next_dist_0u_w_5s._.js:1945
[    7933ms] [ERROR] ./app/(app)/timetable/page.tsx:207:21
Expected '</', got 'const'
  205 |                         ? cell.classes?.class_name || cell.class_name || cell.class_id
  206 |                         : cell.subjects?.subject_name || cell.subject_name || ''
> 207 |                     const sc = cell ? subjectColor(subj as string) : null
      |                     ^^^^^
  208 |                     const isAddSlot = cell === null || !subj
  209 |
  210 |                     return (

Parsing ecmascript source code failed @ http://localhost:3000/_next/static/chunks/node_modules_next_dist_0u_w_5s._.js:1945
[    7973ms] [ERROR] ./app/(app)/timetable/page.tsx:207:21
Expected '</', got 'const'
  205 |                         ? cell.classes?.class_name || cell.class_name || cell.class_id
  206 |                         : cell.subjects?.subject_name || cell.subject_name || ''
> 207 |                     const sc = cell ? subjectColor(subj as string) : null
      |                     ^^^^^
  208 |                     const isAddSlot = cell === null || !subj
  209 |
  210 |                     return (

Parsing ecmascript source code failed @ http://localhost:3000/_next/static/chunks/node_modules_next_dist_0u_w_5s._.js:1945
[    8014ms] [ERROR] ./app/(app)/timetable/page.tsx:207:21
Expected '</', got 'const'
  205 |                         ? cell.classes?.class_name || cell.class_name || cell.class_id
  206 |                         : cell.subjects?.subject_name || cell.subject_name || ''
> 207 |                     const sc = cell ? subjectColor(subj as string) : null
      |                     ^^^^^
  208 |                     const isAddSlot = cell === null || !subj
  209 |
  210 |                     return (

Parsing ecmascript source code failed @ http://localhost:3000/_next/static/chunks/node_modules_next_dist_0u_w_5s._.js:1945
[    8056ms] [ERROR] ./app/(app)/timetable/page.tsx:207:21
Expected '</', got 'const'
  205 |                         ? cell.classes?.class_name || cell.class_name || cell.class_id
  206 |                         : cell.subjects?.subject_name || cell.subject_name || ''
> 207 |                     const sc = cell ? subjectColor(subj as string) : null
      |                     ^^^^^
  208 |                     const isAddSlot = cell === null || !subj
  209 |
  210 |                     return (

Parsing ecmascript source code failed @ http://localhost:3000/_next/static/chunks/node_modules_next_dist_0u_w_5s._.js:1945
[    8105ms] [ERROR] ./app/(app)/timetable/page.tsx:207:21
Expected '</', got 'const'
  205 |                         ? cell.classes?.class_name || cell.class_name || cell.class_id
  206 |                         : cell.subjects?.subject_name || cell.subject_name || ''
> 207 |                     const sc = cell ? subjectColor(subj as string) : null
      |                     ^^^^^
  208 |                     const isAddSlot = cell === null || !subj
  209 |
  210 |                     return (

Parsing ecmascript source code failed @ http://localhost:3000/_next/static/chunks/node_modules_next_dist_0u_w_5s._.js:1945
[    8155ms] [ERROR] ./app/(app)/timetable/page.tsx:207:21
Expected '</', got 'const'
  205 |                         ? cell.classes?.class_name || cell.class_name || cell.class_id
  206 |                         : cell.subjects?.subject_name || cell.subject_name || ''
> 207 |                     const sc = cell ? subjectColor(subj as string) : null
      |                     ^^^^^
  208 |                     const isAddSlot = cell === null || !subj
  209 |
  210 |                     return (

Parsing ecmascript source code failed @ http://localhost:3000/_next/static/chunks/node_modules_next_dist_0u_w_5s._.js:1945
[    8209ms] [ERROR] ./app/(app)/timetable/page.tsx:207:21
Expected '</', got 'const'
  205 |                         ? cell.classes?.class_name || cell.class_name || cell.class_id
  206 |                         : cell.subjects?.subject_name || cell.subject_name || ''
> 207 |                     const sc = cell ? subjectColor(subj as string) : null
      |                     ^^^^^
  208 |                     const isAddSlot = cell === null || !subj
  209 |
  210 |                     return (

Parsing ecmascript source code failed @ http://localhost:3000/_next/static/chunks/node_modules_next_dist_0u_w_5s._.js:1945
[    8251ms] [ERROR] ./app/(app)/timetable/page.tsx:207:21
Expected '</', got 'const'
  205 |                         ? cell.classes?.class_name || cell.class_name || cell.class_id
  206 |                         : cell.subjects?.subject_name || cell.subject_name || ''
> 207 |                     const sc = cell ? subjectColor(subj as string) : null
      |                     ^^^^^
  208 |                     const isAddSlot = cell === null || !subj
  209 |
  210 |                     return (

Parsing ecmascript source code failed @ http://localhost:3000/_next/static/chunks/node_modules_next_dist_0u_w_5s._.js:1945
[    8315ms] [ERROR] ./app/(app)/timetable/page.tsx:207:21
Expected '</', got 'const'
  205 |                         ? cell.classes?.class_name || cell.class_name || cell.class_id
  206 |                         : cell.subjects?.subject_name || cell.subject_name || ''
> 207 |                     const sc = cell ? subjectColor(subj as string) : null
      |                     ^^^^^
  208 |                     const isAddSlot = cell === null || !subj
  209 |
  210 |                     return (

Parsing ecmascript source code failed @ http://localhost:3000/_next/static/chunks/node_modules_next_dist_0u_w_5s._.js:1945
[    8378ms] [ERROR] ./app/(app)/timetable/page.tsx:207:21
Expected '</', got 'const'
  205 |                         ? cell.classes?.class_name || cell.class_name || cell.class_id
  206 |                         : cell.subjects?.subject_name || cell.subject_name || ''
> 207 |                     const sc = cell ? subjectColor(subj as string) : null
      |                     ^^^^^
  208 |                     const isAddSlot = cell === null || !subj
  209 |
  210 |                     return (

Parsing ecmascript source code failed @ http://localhost:3000/_next/static/chunks/node_modules_next_dist_0u_w_5s._.js:1945
[    8440ms] [ERROR] ./app/(app)/timetable/page.tsx:207:21
Expected '</', got 'const'
  205 |                         ? cell.classes?.class_name || cell.class_name || cell.class_id
  206 |                         : cell.subjects?.subject_name || cell.subject_name || ''
> 207 |                     const sc = cell ? subjectColor(subj as string) : null
      |                     ^^^^^
  208 |                     const isAddSlot = cell === null || !subj
  209 |
  210 |                     return (

Parsing ecmascript source code failed @ http://localhost:3000/_next/static/chunks/node_modules_next_dist_0u_w_5s._.js:1945
[    8487ms] [ERROR] ./app/(app)/timetable/page.tsx:207:21
Expected '</', got 'const'
  205 |                         ? cell.classes?.class_name || cell.class_name || cell.class_id
  206 |                         : cell.subjects?.subject_name || cell.subject_name || ''
> 207 |                     const sc = cell ? subjectColor(subj as string) : null
      |                     ^^^^^
  208 |                     const isAddSlot = cell === null || !subj
  209 |
  210 |                     return (

Parsing ecmascript source code failed @ http://localhost:3000/_next/static/chunks/node_modules_next_dist_0u_w_5s._.js:1945
[    8548ms] [ERROR] ./app/(app)/timetable/page.tsx:207:21
Expected '</', got 'const'
  205 |                         ? cell.classes?.class_name || cell.class_name || cell.class_id
  206 |                         : cell.subjects?.subject_name || cell.subject_name || ''
> 207 |                     const sc = cell ? subjectColor(subj as string) : null
      |                     ^^^^^
  208 |                     const isAddSlot = cell === null || !subj
  209 |
  210 |                     return (

Parsing ecmascript source code failed @ http://localhost:3000/_next/static/chunks/node_modules_next_dist_0u_w_5s._.js:1945
[    8610ms] [ERROR] ./app/(app)/timetable/page.tsx:207:21
Expected '</', got 'const'
  205 |                         ? cell.classes?.class_name || cell.class_name || cell.class_id
  206 |                         : cell.subjects?.subject_name || cell.subject_name || ''
> 207 |                     const sc = cell ? subjectColor(subj as string) : null
      |                     ^^^^^
  208 |                     const isAddSlot = cell === null || !subj
  209 |
  210 |                     return (

Parsing ecmascript source code failed @ http://localhost:3000/_next/static/chunks/node_modules_next_dist_0u_w_5s._.js:1945
[    8662ms] [ERROR] ./app/(app)/timetable/page.tsx:207:21
Expected '</', got 'const'
  205 |                         ? cell.classes?.class_name || cell.class_name || cell.class_id
  206 |                         : cell.subjects?.subject_name || cell.subject_name || ''
> 207 |                     const sc = cell ? subjectColor(subj as string) : null
      |                     ^^^^^
  208 |                     const isAddSlot = cell === null || !subj
  209 |
  210 |                     return (

Parsing ecmascript source code failed @ http://localhost:3000/_next/static/chunks/node_modules_next_dist_0u_w_5s._.js:1945
[    8725ms] [ERROR] ./app/(app)/timetable/page.tsx:207:21
Expected '</', got 'const'
  205 |                         ? cell.classes?.class_name || cell.class_name || cell.class_id
  206 |                         : cell.subjects?.subject_name || cell.subject_name || ''
> 207 |                     const sc = cell ? subjectColor(subj as string) : null
      |                     ^^^^^
  208 |                     const isAddSlot = cell === null || !subj
  209 |
  210 |                     return (

Parsing ecmascript source code failed @ http://localhost:3000/_next/static/chunks/node_modules_next_dist_0u_w_5s._.js:1945
[    8787ms] [ERROR] ./app/(app)/timetable/page.tsx:207:21
Expected '</', got 'const'
  205 |                         ? cell.classes?.class_name || cell.class_name || cell.class_id
  206 |                         : cell.subjects?.subject_name || cell.subject_name || ''
> 207 |                     const sc = cell ? subjectColor(subj as string) : null
      |                     ^^^^^
  208 |                     const isAddSlot = cell === null || !subj
  209 |
  210 |                     return (

Parsing ecmascript source code failed @ http://localhost:3000/_next/static/chunks/node_modules_next_dist_0u_w_5s._.js:1945
[    8849ms] [ERROR] ./app/(app)/timetable/page.tsx:207:21
Expected '</', got 'const'
  205 |                         ? cell.classes?.class_name || cell.class_name || cell.class_id
  206 |                         : cell.subjects?.subject_name || cell.subject_name || ''
> 207 |                     const sc = cell ? subjectColor(subj as string) : null
      |                     ^^^^^
  208 |                     const isAddSlot = cell === null || !subj
  209 |
  210 |                     return (

Parsing ecmascript source code failed @ http://localhost:3000/_next/static/chunks/node_modules_next_dist_0u_w_5s._.js:1945
[    8897ms] [ERROR] ./app/(app)/timetable/page.tsx:207:21
Expected '</', got 'const'
  205 |                         ? cell.classes?.class_name || cell.class_name || cell.class_id
  206 |                         : cell.subjects?.subject_name || cell.subject_name || ''
> 207 |                     const sc = cell ? subjectColor(subj as string) : null
      |                     ^^^^^
  208 |                     const isAddSlot = cell === null || !subj
  209 |
  210 |                     return (

Parsing ecmascript source code failed @ http://localhost:3000/_next/static/chunks/node_modules_next_dist_0u_w_5s._.js:1945
[    8959ms] [ERROR] ./app/(app)/timetable/page.tsx:207:21
Expected '</', got 'const'
  205 |                         ? cell.classes?.class_name || cell.class_name || cell.class_id
  206 |                         : cell.subjects?.subject_name || cell.subject_name || ''
> 207 |                     const sc = cell ? subjectColor(subj as string) : null
      |                     ^^^^^
  208 |                     const isAddSlot = cell === null || !subj
  209 |
  210 |                     return (

Parsing ecmascript source code failed @ http://localhost:3000/_next/static/chunks/node_modules_next_dist_0u_w_5s._.js:1945
[    9016ms] [ERROR] ./app/(app)/timetable/page.tsx:207:21
Expected '</', got 'const'
  205 |                         ? cell.classes?.class_name || cell.class_name || cell.class_id
  206 |                         : cell.subjects?.subject_name || cell.subject_name || ''
> 207 |                     const sc = cell ? subjectColor(subj as string) : null
      |                     ^^^^^
  208 |                     const isAddSlot = cell === null || !subj
  209 |
  210 |                     return (

Parsing ecmascript source code failed @ http://localhost:3000/_next/static/chunks/node_modules_next_dist_0u_w_5s._.js:1945
[    9067ms] [ERROR] ./app/(app)/timetable/page.tsx:207:21
Expected '</', got 'const'
  205 |                         ? cell.classes?.class_name || cell.class_name || cell.class_id
  206 |                         : cell.subjects?.subject_name || cell.subject_name || ''
> 207 |                     const sc = cell ? subjectColor(subj as string) : null
      |                     ^^^^^
  208 |                     const isAddSlot = cell === null || !subj
  209 |
  210 |                     return (

Parsing ecmascript source code failed @ http://localhost:3000/_next/static/chunks/node_modules_next_dist_0u_w_5s._.js:1945
[    9122ms] [ERROR] ./app/(app)/timetable/page.tsx:207:21
Expected '</', got 'const'
  205 |                         ? cell.classes?.class_name || cell.class_name || cell.class_id
  206 |                         : cell.subjects?.subject_name || cell.subject_name || ''
> 207 |                     const sc = cell ? subjectColor(subj as string) : null
      |                     ^^^^^
  208 |                     const isAddSlot = cell === null || !subj
  209 |
  210 |                     return (

Parsing ecmascript source code failed @ http://localhost:3000/_next/static/chunks/node_modules_next_dist_0u_w_5s._.js:1945
[    9181ms] [ERROR] ./app/(app)/timetable/page.tsx:207:21
Expected '</', got 'const'
  205 |                         ? cell.classes?.class_name || cell.class_name || cell.class_id
  206 |                         : cell.subjects?.subject_name || cell.subject_name || ''
> 207 |                     const sc = cell ? subjectColor(subj as string) : null
      |                     ^^^^^
  208 |                     const isAddSlot = cell === null || !subj
  209 |
  210 |                     return (

Parsing ecmascript source code failed @ http://localhost:3000/_next/static/chunks/node_modules_next_dist_0u_w_5s._.js:1945
[    9243ms] [ERROR] ./app/(app)/timetable/page.tsx:207:21
Expected '</', got 'const'
  205 |                         ? cell.classes?.class_name || cell.class_name || cell.class_id
  206 |                         : cell.subjects?.subject_name || cell.subject_name || ''
> 207 |                     const sc = cell ? subjectColor(subj as string) : null
      |                     ^^^^^
  208 |                     const isAddSlot = cell === null || !subj
  209 |
  210 |                     return (

Parsing ecmascript source code failed @ http://localhost:3000/_next/static/chunks/node_modules_next_dist_0u_w_5s._.js:1945
[    9308ms] [ERROR] ./app/(app)/timetable/page.tsx:207:21
Expected '</', got 'const'
  205 |                         ? cell.classes?.class_name || cell.class_name || cell.class_id
  206 |                         : cell.subjects?.subject_name || cell.subject_name || ''
> 207 |                     const sc = cell ? subjectColor(subj as string) : null
      |                     ^^^^^
  208 |                     const isAddSlot = cell === null || !subj
  209 |
  210 |                     return (

Parsing ecmascript source code failed @ http://localhost:3000/_next/static/chunks/node_modules_next_dist_0u_w_5s._.js:1945
[    9369ms] [ERROR] ./app/(app)/timetable/page.tsx:207:21
Expected '</', got 'const'
  205 |                         ? cell.classes?.class_name || cell.class_name || cell.class_id
  206 |                         : cell.subjects?.subject_name || cell.subject_name || ''
> 207 |                     const sc = cell ? subjectColor(subj as string) : null
      |                     ^^^^^
  208 |                     const isAddSlot = cell === null || !subj
  209 |
  210 |                     return (

Parsing ecmascript source code failed @ http://localhost:3000/_next/static/chunks/node_modules_next_dist_0u_w_5s._.js:1945
[    9420ms] [ERROR] ./app/(app)/timetable/page.tsx:207:21
Expected '</', got 'const'
  205 |                         ? cell.classes?.class_name || cell.class_name || cell.class_id
  206 |                         : cell.subjects?.subject_name || cell.subject_name || ''
> 207 |                     const sc = cell ? subjectColor(subj as string) : null
      |                     ^^^^^
  208 |                     const isAddSlot = cell === null || !subj
  209 |
  210 |                     return (

Parsing ecmascript source code failed @ http://localhost:3000/_next/static/chunks/node_modules_next_dist_0u_w_5s._.js:1945
[    9471ms] [ERROR] ./app/(app)/timetable/page.tsx:207:21
Expected '</', got 'const'
  205 |                         ? cell.classes?.class_name || cell.class_name || cell.class_id
  206 |                         : cell.subjects?.subject_name || cell.subject_name || ''
> 207 |                     const sc = cell ? subjectColor(subj as string) : null
      |                     ^^^^^
  208 |                     const isAddSlot = cell === null || !subj
  209 |
  210 |                     return (

Parsing ecmascript source code failed @ http://localhost:3000/_next/static/chunks/node_modules_next_dist_0u_w_5s._.js:1945
[    9534ms] [ERROR] ./app/(app)/timetable/page.tsx:207:21
Expected '</', got 'const'
  205 |                         ? cell.classes?.class_name || cell.class_name || cell.class_id
  206 |                         : cell.subjects?.subject_name || cell.subject_name || ''
> 207 |                     const sc = cell ? subjectColor(subj as string) : null
      |                     ^^^^^
  208 |                     const isAddSlot = cell === null || !subj
  209 |
  210 |                     return (

Parsing ecmascript source code failed @ http://localhost:3000/_next/static/chunks/node_modules_next_dist_0u_w_5s._.js:1945
[    9596ms] [ERROR] ./app/(app)/timetable/page.tsx:207:21
Expected '</', got 'const'
  205 |                         ? cell.classes?.class_name || cell.class_name || cell.class_id
  206 |                         : cell.subjects?.subject_name || cell.subject_name || ''
> 207 |                     const sc = cell ? subjectColor(subj as string) : null
      |                     ^^^^^
  208 |                     const isAddSlot = cell === null || !subj
  209 |
  210 |                     return (

Parsing ecmascript source code failed @ http://localhost:3000/_next/static/chunks/node_modules_next_dist_0u_w_5s._.js:1945
[    9658ms] [ERROR] ./app/(app)/timetable/page.tsx:207:21
Expected '</', got 'const'
  205 |                         ? cell.classes?.class_name || cell.class_name || cell.class_id
  206 |                         : cell.subjects?.subject_name || cell.subject_name || ''
> 207 |                     const sc = cell ? subjectColor(subj as string) : null
      |                     ^^^^^
  208 |                     const isAddSlot = cell === null || !subj
  209 |
  210 |                     return (

Parsing ecmascript source code failed @ http://localhost:3000/_next/static/chunks/node_modules_next_dist_0u_w_5s._.js:1945
[    9725ms] [ERROR] ./app/(app)/timetable/page.tsx:207:21
Expected '</', got 'const'
  205 |                         ? cell.classes?.class_name || cell.class_name || cell.class_id
  206 |                         : cell.subjects?.subject_name || cell.subject_name || ''
> 207 |                     const sc = cell ? subjectColor(subj as string) : null
      |                     ^^^^^
  208 |                     const isAddSlot = cell === null || !subj
  209 |
  210 |                     return (

Parsing ecmascript source code failed @ http://localhost:3000/_next/static/chunks/node_modules_next_dist_0u_w_5s._.js:1945
[    9788ms] [ERROR] ./app/(app)/timetable/page.tsx:207:21
Expected '</', got 'const'
  205 |                         ? cell.classes?.class_name || cell.class_name || cell.class_id
  206 |                         : cell.subjects?.subject_name || cell.subject_name || ''
> 207 |                     const sc = cell ? subjectColor(subj as string) : null
      |                     ^^^^^
  208 |                     const isAddSlot = cell === null || !subj
  209 |
  210 |                     return (

Parsing ecmascript source code failed @ http://localhost:3000/_next/static/chunks/node_modules_next_dist_0u_w_5s._.js:1945
[    9850ms] [ERROR] ./app/(app)/timetable/page.tsx:207:21
Expected '</', got 'const'
  205 |                         ? cell.classes?.class_name || cell.class_name || cell.class_id
  206 |                         : cell.subjects?.subject_name || cell.subject_name || ''
> 207 |                     const sc = cell ? subjectColor(subj as string) : null
      |                     ^^^^^
  208 |                     const isAddSlot = cell === null || !subj
  209 |
  210 |                     return (

Parsing ecmascript source code failed @ http://localhost:3000/_next/static/chunks/node_modules_next_dist_0u_w_5s._.js:1945
[    9904ms] [ERROR] ./app/(app)/timetable/page.tsx:207:21
Expected '</', got 'const'
  205 |                         ? cell.classes?.class_name || cell.class_name || cell.class_id
  206 |                         : cell.subjects?.subject_name || cell.subject_name || ''
> 207 |                     const sc = cell ? subjectColor(subj as string) : null
      |                     ^^^^^
  208 |                     const isAddSlot = cell === null || !subj
  209 |
  210 |                     return (

Parsing ecmascript source code failed @ http://localhost:3000/_next/static/chunks/node_modules_next_dist_0u_w_5s._.js:1945
[    9954ms] [ERROR] ./app/(app)/timetable/page.tsx:207:21
Expected '</', got 'const'
  205 |                         ? cell.classes?.class_name || cell.class_name || cell.class_id
  206 |                         : cell.subjects?.subject_name || cell.subject_name || ''
> 207 |                     const sc = cell ? subjectColor(subj as string) : null
      |                     ^^^^^
  208 |                     const isAddSlot = cell === null || !subj
  209 |
  210 |                     return (

Parsing ecmascript source code failed @ http://localhost:3000/_next/static/chunks/node_modules_next_dist_0u_w_5s._.js:1945
[   10016ms] [ERROR] ./app/(app)/timetable/page.tsx:207:21
Expected '</', got 'const'
  205 |                         ? cell.classes?.class_name || cell.class_name || cell.class_id
  206 |                         : cell.subjects?.subject_name || cell.subject_name || ''
> 207 |                     const sc = cell ? subjectColor(subj as string) : null
      |                     ^^^^^
  208 |                     const isAddSlot = cell === null || !subj
  209 |
  210 |                     return (

Parsing ecmascript source code failed @ http://localhost:3000/_next/static/chunks/node_modules_next_dist_0u_w_5s._.js:1945
[   10077ms] [ERROR] ./app/(app)/timetable/page.tsx:207:21
Expected '</', got 'const'
  205 |                         ? cell.classes?.class_name || cell.class_name || cell.class_id
  206 |                         : cell.subjects?.subject_name || cell.subject_name || ''
> 207 |                     const sc = cell ? subjectColor(subj as string) : null
      |                     ^^^^^
  208 |                     const isAddSlot = cell === null || !subj
  209 |
  210 |                     return (

Parsing ecmascript source code failed @ http://localhost:3000/_next/static/chunks/node_modules_next_dist_0u_w_5s._.js:1945
[   10139ms] [ERROR] ./app/(app)/timetable/page.tsx:207:21
Expected '</', got 'const'
  205 |                         ? cell.classes?.class_name || cell.class_name || cell.class_id
  206 |                         : cell.subjects?.subject_name || cell.subject_name || ''
> 207 |                     const sc = cell ? subjectColor(subj as string) : null
      |                     ^^^^^
  208 |                     const isAddSlot = cell === null || !subj
  209 |
  210 |                     return (

Parsing ecmascript source code failed @ http://localhost:3000/_next/static/chunks/node_modules_next_dist_0u_w_5s._.js:1945
[   10199ms] [ERROR] ./app/(app)/timetable/page.tsx:207:21
Expected '</', got 'const'
  205 |                         ? cell.classes?.class_name || cell.class_name || cell.class_id
  206 |                         : cell.subjects?.subject_name || cell.subject_name || ''
> 207 |                     const sc = cell ? subjectColor(subj as string) : null
      |                     ^^^^^
  208 |                     const isAddSlot = cell === null || !subj
  209 |
  210 |                     return (

Parsing ecmascript source code failed @ http://localhost:3000/_next/static/chunks/node_modules_next_dist_0u_w_5s._.js:1945
[   10253ms] [ERROR] ./app/(app)/timetable/page.tsx:207:21
Expected '</', got 'const'
  205 |                         ? cell.classes?.class_name || cell.class_name || cell.class_id
  206 |                         : cell.subjects?.subject_name || cell.subject_name || ''
> 207 |                     const sc = cell ? subjectColor(subj as string) : null
      |                     ^^^^^
  208 |                     const isAddSlot = cell === null || !subj
  209 |
  210 |                     return (

Parsing ecmascript source code failed @ http://localhost:3000/_next/static/chunks/node_modules_next_dist_0u_w_5s._.js:1945
[   10315ms] [ERROR] ./app/(app)/timetable/page.tsx:207:21
Expected '</', got 'const'
  205 |                         ? cell.classes?.class_name || cell.class_name || cell.class_id
  206 |                         : cell.subjects?.subject_name || cell.subject_name || ''
> 207 |                     const sc = cell ? subjectColor(subj as string) : null
      |                     ^^^^^
  208 |                     const isAddSlot = cell === null || !subj
  209 |
  210 |                     return (

Parsing ecmascript source code failed @ http://localhost:3000/_next/static/chunks/node_modules_next_dist_0u_w_5s._.js:1945
[   10378ms] [ERROR] ./app/(app)/timetable/page.tsx:207:21
Expected '</', got 'const'
  205 |                         ? cell.classes?.class_name || cell.class_name || cell.class_id
  206 |                         : cell.subjects?.subject_name || cell.subject_name || ''
> 207 |                     const sc = cell ? subjectColor(subj as string) : null
      |                     ^^^^^
  208 |                     const isAddSlot = cell === null || !subj
  209 |
  210 |                     return (

Parsing ecmascript source code failed @ http://localhost:3000/_next/static/chunks/node_modules_next_dist_0u_w_5s._.js:1945
[   10440ms] [ERROR] ./app/(app)/timetable/page.tsx:207:21
Expected '</', got 'const'
  205 |                         ? cell.classes?.class_name || cell.class_name || cell.class_id
  206 |                         : cell.subjects?.subject_name || cell.subject_name || ''
> 207 |                     const sc = cell ? subjectColor(subj as string) : null
      |                     ^^^^^
  208 |                     const isAddSlot = cell === null || !subj
  209 |
  210 |                     return (

Parsing ecmascript source code failed @ http://localhost:3000/_next/static/chunks/node_modules_next_dist_0u_w_5s._.js:1945
[   10502ms] [ERROR] ./app/(app)/timetable/page.tsx:207:21
Expected '</', got 'const'
  205 |                         ? cell.classes?.class_name || cell.class_name || cell.class_id
  206 |                         : cell.subjects?.subject_name || cell.subject_name || ''
> 207 |                     const sc = cell ? subjectColor(subj as string) : null
      |                     ^^^^^
  208 |                     const isAddSlot = cell === null || !subj
  209 |
  210 |                     return (

Parsing ecmascript source code failed @ http://localhost:3000/_next/static/chunks/node_modules_next_dist_0u_w_5s._.js:1945
[   10564ms] [ERROR] ./app/(app)/timetable/page.tsx:207:21
Expected '</', got 'const'
  205 |                         ? cell.classes?.class_name || cell.class_name || cell.class_id
  206 |                         : cell.subjects?.subject_name || cell.subject_name || ''
> 207 |                     const sc = cell ? subjectColor(subj as string) : null
      |                     ^^^^^
  208 |                     const isAddSlot = cell === null || !subj
  209 |
  210 |                     return (

Parsing ecmascript source code failed @ http://localhost:3000/_next/static/chunks/node_modules_next_dist_0u_w_5s._.js:1945
[   10620ms] [ERROR] ./app/(app)/timetable/page.tsx:207:21
Expected '</', got 'const'
  205 |                         ? cell.classes?.class_name || cell.class_name || cell.class_id
  206 |                         : cell.subjects?.subject_name || cell.subject_name || ''
> 207 |                     const sc = cell ? subjectColor(subj as string) : null
      |                     ^^^^^
  208 |                     const isAddSlot = cell === null || !subj
  209 |
  210 |                     return (

Parsing ecmascript source code failed @ http://localhost:3000/_next/static/chunks/node_modules_next_dist_0u_w_5s._.js:1945
[   10681ms] [ERROR] ./app/(app)/timetable/page.tsx:207:21
Expected '</', got 'const'
  205 |                         ? cell.classes?.class_name || cell.class_name || cell.class_id
  206 |                         : cell.subjects?.subject_name || cell.subject_name || ''
> 207 |                     const sc = cell ? subjectColor(subj as string) : null
      |                     ^^^^^
  208 |                     const isAddSlot = cell === null || !subj
  209 |
  210 |                     return (

Parsing ecmascript source code failed @ http://localhost:3000/_next/static/chunks/node_modules_next_dist_0u_w_5s._.js:1945
[   10741ms] [ERROR] ./app/(app)/timetable/page.tsx:207:21
Expected '</', got 'const'
  205 |                         ? cell.classes?.class_name || cell.class_name || cell.class_id
  206 |                         : cell.subjects?.subject_name || cell.subject_name || ''
> 207 |                     const sc = cell ? subjectColor(subj as string) : null
      |                     ^^^^^
  208 |                     const isAddSlot = cell === null || !subj
  209 |
  210 |                     return (

Parsing ecmascript source code failed @ http://localhost:3000/_next/static/chunks/node_modules_next_dist_0u_w_5s._.js:1945
[   10800ms] [ERROR] ./app/(app)/timetable/page.tsx:207:21
Expected '</', got 'const'
  205 |                         ? cell.classes?.class_name || cell.class_name || cell.class_id
  206 |                         : cell.subjects?.subject_name || cell.subject_name || ''
> 207 |                     const sc = cell ? subjectColor(subj as string) : null
      |                     ^^^^^
  208 |                     const isAddSlot = cell === null || !subj
  209 |
  210 |                     return (

Parsing ecmascript source code failed @ http://localhost:3000/_next/static/chunks/node_modules_next_dist_0u_w_5s._.js:1945
[   10859ms] [ERROR] ./app/(app)/timetable/page.tsx:207:21
Expected '</', got 'const'
  205 |                         ? cell.classes?.class_name || cell.class_name || cell.class_id
  206 |                         : cell.subjects?.subject_name || cell.subject_name || ''
> 207 |                     const sc = cell ? subjectColor(subj as string) : null
      |                     ^^^^^
  208 |                     const isAddSlot = cell === null || !subj
  209 |
  210 |                     return (

Parsing ecmascript source code failed @ http://localhost:3000/_next/static/chunks/node_modules_next_dist_0u_w_5s._.js:1945
[   10920ms] [ERROR] ./app/(app)/timetable/page.tsx:207:21
Expected '</', got 'const'
  205 |                         ? cell.classes?.class_name || cell.class_name || cell.class_id
  206 |                         : cell.subjects?.subject_name || cell.subject_name || ''
> 207 |                     const sc = cell ? subjectColor(subj as string) : null
      |                     ^^^^^
  208 |                     const isAddSlot = cell === null || !subj
  209 |
  210 |                     return (

Parsing ecmascript source code failed @ http://localhost:3000/_next/static/chunks/node_modules_next_dist_0u_w_5s._.js:1945
[   10983ms] [ERROR] ./app/(app)/timetable/page.tsx:207:21
Expected '</', got 'const'
  205 |                         ? cell.classes?.class_name || cell.class_name || cell.class_id
  206 |                         : cell.subjects?.subject_name || cell.subject_name || ''
> 207 |                     const sc = cell ? subjectColor(subj as string) : null
      |                     ^^^^^
  208 |                     const isAddSlot = cell === null || !subj
  209 |
  210 |                     return (

Parsing ecmascript source code failed @ http://localhost:3000/_next/static/chunks/node_modules_next_dist_0u_w_5s._.js:1945
[   11045ms] [ERROR] ./app/(app)/timetable/page.tsx:207:21
Expected '</', got 'const'
  205 |                         ? cell.classes?.class_name || cell.class_name || cell.class_id
  206 |                         : cell.subjects?.subject_name || cell.subject_name || ''
> 207 |                     const sc = cell ? subjectColor(subj as string) : null
      |                     ^^^^^
  208 |                     const isAddSlot = cell === null || !subj
  209 |
  210 |                     return (

Parsing ecmascript source code failed @ http://localhost:3000/_next/static/chunks/node_modules_next_dist_0u_w_5s._.js:1945
[   11096ms] [ERROR] ./app/(app)/timetable/page.tsx:207:21
Expected '</', got 'const'
  205 |                         ? cell.classes?.class_name || cell.class_name || cell.class_id
  206 |                         : cell.subjects?.subject_name || cell.subject_name || ''
> 207 |                     const sc = cell ? subjectColor(subj as string) : null
      |                     ^^^^^
  208 |                     const isAddSlot = cell === null || !subj
  209 |
  210 |                     return (

Parsing ecmascript source code failed @ http://localhost:3000/_next/static/chunks/node_modules_next_dist_0u_w_5s._.js:1945
[   11157ms] [ERROR] ./app/(app)/timetable/page.tsx:207:21
Expected '</', got 'const'
  205 |                         ? cell.classes?.class_name || cell.class_name || cell.class_id
  206 |                         : cell.subjects?.subject_name || cell.subject_name || ''
> 207 |                     const sc = cell ? subjectColor(subj as string) : null
      |                     ^^^^^
  208 |                     const isAddSlot = cell === null || !subj
  209 |
  210 |                     return (

Parsing ecmascript source code failed @ http://localhost:3000/_next/static/chunks/node_modules_next_dist_0u_w_5s._.js:1945
[   11218ms] [ERROR] ./app/(app)/timetable/page.tsx:207:21
Expected '</', got 'const'
  205 |                         ? cell.classes?.class_name || cell.class_name || cell.class_id
  206 |                         : cell.subjects?.subject_name || cell.subject_name || ''
> 207 |                     const sc = cell ? subjectColor(subj as string) : null
      |                     ^^^^^
  208 |                     const isAddSlot = cell === null || !subj
  209 |
  210 |                     return (

Parsing ecmascript source code failed @ http://localhost:3000/_next/static/chunks/node_modules_next_dist_0u_w_5s._.js:1945
[   11269ms] [ERROR] ./app/(app)/timetable/page.tsx:207:21
Expected '</', got 'const'
  205 |                         ? cell.classes?.class_name || cell.class_name || cell.class_id
  206 |                         : cell.subjects?.subject_name || cell.subject_name || ''
> 207 |                     const sc = cell ? subjectColor(subj as string) : null
      |                     ^^^^^
  208 |                     const isAddSlot = cell === null || !subj
  209 |
  210 |                     return (

Parsing ecmascript source code failed @ http://localhost:3000/_next/static/chunks/node_modules_next_dist_0u_w_5s._.js:1945
[   11330ms] [ERROR] ./app/(app)/timetable/page.tsx:207:21
Expected '</', got 'const'
  205 |                         ? cell.classes?.class_name || cell.class_name || cell.class_id
  206 |                         : cell.subjects?.subject_name || cell.subject_name || ''
> 207 |                     const sc = cell ? subjectColor(subj as string) : null
      |                     ^^^^^
  208 |                     const isAddSlot = cell === null || !subj
  209 |
  210 |                     return (

Parsing ecmascript source code failed @ http://localhost:3000/_next/static/chunks/node_modules_next_dist_0u_w_5s._.js:1945
[   11380ms] [ERROR] ./app/(app)/timetable/page.tsx:207:21
Expected '</', got 'const'
  205 |                         ? cell.classes?.class_name || cell.class_name || cell.class_id
  206 |                         : cell.subjects?.subject_name || cell.subject_name || ''
> 207 |                     const sc = cell ? subjectColor(subj as string) : null
      |                     ^^^^^
  208 |                     const isAddSlot = cell === null || !subj
  209 |
  210 |                     return (

Parsing ecmascript source code failed @ http://localhost:3000/_next/static/chunks/node_modules_next_dist_0u_w_5s._.js:1945
[   11431ms] [ERROR] ./app/(app)/timetable/page.tsx:207:21
Expected '</', got 'const'
  205 |                         ? cell.classes?.class_name || cell.class_name || cell.class_id
  206 |                         : cell.subjects?.subject_name || cell.subject_name || ''
> 207 |                     const sc = cell ? subjectColor(subj as string) : null
      |                     ^^^^^
  208 |                     const isAddSlot = cell === null || !subj
  209 |
  210 |                     return (

Parsing ecmascript source code failed @ http://localhost:3000/_next/static/chunks/node_modules_next_dist_0u_w_5s._.js:1945
[   11486ms] [ERROR] ./app/(app)/timetable/page.tsx:207:21
Expected '</', got 'const'
  205 |                         ? cell.classes?.class_name || cell.class_name || cell.class_id
  206 |                         : cell.subjects?.subject_name || cell.subject_name || ''
> 207 |                     const sc = cell ? subjectColor(subj as string) : null
      |                     ^^^^^
  208 |                     const isAddSlot = cell === null || !subj
  209 |
  210 |                     return (

Parsing ecmascript source code failed @ http://localhost:3000/_next/static/chunks/node_modules_next_dist_0u_w_5s._.js:1945
[   11548ms] [ERROR] ./app/(app)/timetable/page.tsx:207:21
Expected '</', got 'const'
  205 |                         ? cell.classes?.class_name || cell.class_name || cell.class_id
  206 |                         : cell.subjects?.subject_name || cell.subject_name || ''
> 207 |                     const sc = cell ? subjectColor(subj as string) : null
      |                     ^^^^^
  208 |                     const isAddSlot = cell === null || !subj
  209 |
  210 |                     return (

Parsing ecmascript source code failed @ http://localhost:3000/_next/static/chunks/node_modules_next_dist_0u_w_5s._.js:1945
[   11610ms] [ERROR] ./app/(app)/timetable/page.tsx:207:21
Expected '</', got 'const'
  205 |                         ? cell.classes?.class_name || cell.class_name || cell.class_id
  206 |                         : cell.subjects?.subject_name || cell.subject_name || ''
> 207 |                     const sc = cell ? subjectColor(subj as string) : null
      |                     ^^^^^
  208 |                     const isAddSlot = cell === null || !subj
  209 |
  210 |                     return (

Parsing ecmascript source code failed @ http://localhost:3000/_next/static/chunks/node_modules_next_dist_0u_w_5s._.js:1945
[   11671ms] [ERROR] ./app/(app)/timetable/page.tsx:207:21
Expected '</', got 'const'
  205 |                         ? cell.classes?.class_name || cell.class_name || cell.class_id
  206 |                         : cell.subjects?.subject_name || cell.subject_name || ''
> 207 |                     const sc = cell ? subjectColor(subj as string) : null
      |                     ^^^^^
  208 |                     const isAddSlot = cell === null || !subj
  209 |
  210 |                     return (

Parsing ecmascript source code failed @ http://localhost:3000/_next/static/chunks/node_modules_next_dist_0u_w_5s._.js:1945
[   11732ms] [ERROR] ./app/(app)/timetable/page.tsx:207:21
Expected '</', got 'const'
  205 |                         ? cell.classes?.class_name || cell.class_name || cell.class_id
  206 |                         : cell.subjects?.subject_name || cell.subject_name || ''
> 207 |                     const sc = cell ? subjectColor(subj as string) : null
      |                     ^^^^^
  208 |                     const isAddSlot = cell === null || !subj
  209 |
  210 |                     return (

Parsing ecmascript source code failed @ http://localhost:3000/_next/static/chunks/node_modules_next_dist_0u_w_5s._.js:1945
[   11783ms] [ERROR] ./app/(app)/timetable/page.tsx:207:21
Expected '</', got 'const'
  205 |                         ? cell.classes?.class_name || cell.class_name || cell.class_id
  206 |                         : cell.subjects?.subject_name || cell.subject_name || ''
> 207 |                     const sc = cell ? subjectColor(subj as string) : null
      |                     ^^^^^
  208 |                     const isAddSlot = cell === null || !subj
  209 |
  210 |                     return (

Parsing ecmascript source code failed @ http://localhost:3000/_next/static/chunks/node_modules_next_dist_0u_w_5s._.js:1945
[   11844ms] [ERROR] ./app/(app)/timetable/page.tsx:207:21
Expected '</', got 'const'
  205 |                         ? cell.classes?.class_name || cell.class_name || cell.class_id
  206 |                         : cell.subjects?.subject_name || cell.subject_name || ''
> 207 |                     const sc = cell ? subjectColor(subj as string) : null
      |                     ^^^^^
  208 |                     const isAddSlot = cell === null || !subj
  209 |
  210 |                     return (

Parsing ecmascript source code failed @ http://localhost:3000/_next/static/chunks/node_modules_next_dist_0u_w_5s._.js:1945
[   11893ms] [ERROR] ./app/(app)/timetable/page.tsx:207:21
Expected '</', got 'const'
  205 |                         ? cell.classes?.class_name || cell.class_name || cell.class_id
  206 |                         : cell.subjects?.subject_name || cell.subject_name || ''
> 207 |                     const sc = cell ? subjectColor(subj as string) : null
      |                     ^^^^^
  208 |                     const isAddSlot = cell === null || !subj
  209 |
  210 |                     return (

Parsing ecmascript source code failed @ http://localhost:3000/_next/static/chunks/node_modules_next_dist_0u_w_5s._.js:1945
[   11955ms] [ERROR] ./app/(app)/timetable/page.tsx:207:21
Expected '</', got 'const'
  205 |                         ? cell.classes?.class_name || cell.class_name || cell.class_id
  206 |                         : cell.subjects?.subject_name || cell.subject_name || ''
> 207 |                     const sc = cell ? subjectColor(subj as string) : null
      |                     ^^^^^
  208 |                     const isAddSlot = cell === null || !subj
  209 |
  210 |                     return (

Parsing ecmascript source code failed @ http://localhost:3000/_next/static/chunks/node_modules_next_dist_0u_w_5s._.js:1945
[   12005ms] [ERROR] ./app/(app)/timetable/page.tsx:207:21
Expected '</', got 'const'
  205 |                         ? cell.classes?.class_name || cell.class_name || cell.class_id
  206 |                         : cell.subjects?.subject_name || cell.subject_name || ''
> 207 |                     const sc = cell ? subjectColor(subj as string) : null
      |                     ^^^^^
  208 |                     const isAddSlot = cell === null || !subj
  209 |
  210 |                     return (

Parsing ecmascript source code failed @ http://localhost:3000/_next/static/chunks/node_modules_next_dist_0u_w_5s._.js:1945
[   12067ms] [ERROR] ./app/(app)/timetable/page.tsx:207:21
Expected '</', got 'const'
  205 |                         ? cell.classes?.class_name || cell.class_name || cell.class_id
  206 |                         : cell.subjects?.subject_name || cell.subject_name || ''
> 207 |                     const sc = cell ? subjectColor(subj as string) : null
      |                     ^^^^^
  208 |                     const isAddSlot = cell === null || !subj
  209 |
  210 |                     return (

Parsing ecmascript source code failed @ http://localhost:3000/_next/static/chunks/node_modules_next_dist_0u_w_5s._.js:1945
[   12116ms] [ERROR] ./app/(app)/timetable/page.tsx:207:21
Expected '</', got 'const'
  205 |                         ? cell.classes?.class_name || cell.class_name || cell.class_id
  206 |                         : cell.subjects?.subject_name || cell.subject_name || ''
> 207 |                     const sc = cell ? subjectColor(subj as string) : null
      |                     ^^^^^
  208 |                     const isAddSlot = cell === null || !subj
  209 |
  210 |                     return (

Parsing ecmascript source code failed @ http://localhost:3000/_next/static/chunks/node_modules_next_dist_0u_w_5s._.js:1945
[   12179ms] [ERROR] ./app/(app)/timetable/page.tsx:207:21
Expected '</', got 'const'
  205 |                         ? cell.classes?.class_name || cell.class_name || cell.class_id
  206 |                         : cell.subjects?.subject_name || cell.subject_name || ''
> 207 |                     const sc = cell ? subjectColor(subj as string) : null
      |                     ^^^^^
  208 |                     const isAddSlot = cell === null || !subj
  209 |
  210 |                     return (

Parsing ecmascript source code failed @ http://localhost:3000/_next/static/chunks/node_modules_next_dist_0u_w_5s._.js:1945
[   12240ms] [ERROR] ./app/(app)/timetable/page.tsx:207:21
Expected '</', got 'const'
  205 |                         ? cell.classes?.class_name || cell.class_name || cell.class_id
  206 |                         : cell.subjects?.subject_name || cell.subject_name || ''
> 207 |                     const sc = cell ? subjectColor(subj as string) : null
      |                     ^^^^^
  208 |                     const isAddSlot = cell === null || !subj
  209 |
  210 |                     return (

Parsing ecmascript source code failed @ http://localhost:3000/_next/static/chunks/node_modules_next_dist_0u_w_5s._.js:1945
[   12303ms] [ERROR] ./app/(app)/timetable/page.tsx:207:21
Expected '</', got 'const'
  205 |                         ? cell.classes?.class_name || cell.class_name || cell.class_id
  206 |                         : cell.subjects?.subject_name || cell.subject_name || ''
> 207 |                     const sc = cell ? subjectColor(subj as string) : null
      |                     ^^^^^
  208 |                     const isAddSlot = cell === null || !subj
  209 |
  210 |                     return (

Parsing ecmascript source code failed @ http://localhost:3000/_next/static/chunks/node_modules_next_dist_0u_w_5s._.js:1945
[   12362ms] [ERROR] ./app/(app)/timetable/page.tsx:207:21
Expected '</', got 'const'
  205 |                         ? cell.classes?.class_name || cell.class_name || cell.class_id
  206 |                         : cell.subjects?.subject_name || cell.subject_name || ''
> 207 |                     const sc = cell ? subjectColor(subj as string) : null
      |                     ^^^^^
  208 |                     const isAddSlot = cell === null || !subj
  209 |
  210 |                     return (

Parsing ecmascript source code failed @ http://localhost:3000/_next/static/chunks/node_modules_next_dist_0u_w_5s._.js:1945
[   12426ms] [ERROR] ./app/(app)/timetable/page.tsx:207:21
Expected '</', got 'const'
  205 |                         ? cell.classes?.class_name || cell.class_name || cell.class_id
  206 |                         : cell.subjects?.subject_name || cell.subject_name || ''
> 207 |                     const sc = cell ? subjectColor(subj as string) : null
      |                     ^^^^^
  208 |                     const isAddSlot = cell === null || !subj
  209 |
  210 |                     return (

Parsing ecmascript source code failed @ http://localhost:3000/_next/static/chunks/node_modules_next_dist_0u_w_5s._.js:1945
[   12489ms] [ERROR] ./app/(app)/timetable/page.tsx:207:21
Expected '</', got 'const'
  205 |                         ? cell.classes?.class_name || cell.class_name || cell.class_id
  206 |                         : cell.subjects?.subject_name || cell.subject_name || ''
> 207 |                     const sc = cell ? subjectColor(subj as string) : null
      |                     ^^^^^
  208 |                     const isAddSlot = cell === null || !subj
  209 |
  210 |                     return (

Parsing ecmascript source code failed @ http://localhost:3000/_next/static/chunks/node_modules_next_dist_0u_w_5s._.js:1945
[   12563ms] [ERROR] ./app/(app)/timetable/page.tsx:207:21
Expected '</', got 'const'
  205 |                         ? cell.classes?.class_name || cell.class_name || cell.class_id
  206 |                         : cell.subjects?.subject_name || cell.subject_name || ''
> 207 |                     const sc = cell ? subjectColor(subj as string) : null
      |                     ^^^^^
  208 |                     const isAddSlot = cell === null || !subj
  209 |
  210 |                     return (

Parsing ecmascript source code failed @ http://localhost:3000/_next/static/chunks/node_modules_next_dist_0u_w_5s._.js:1945
[   12627ms] [ERROR] ./app/(app)/timetable/page.tsx:207:21
Expected '</', got 'const'
  205 |                         ? cell.classes?.class_name || cell.class_name || cell.class_id
  206 |                         : cell.subjects?.subject_name || cell.subject_name || ''
> 207 |                     const sc = cell ? subjectColor(subj as string) : null
      |                     ^^^^^
  208 |                     const isAddSlot = cell === null || !subj
  209 |
  210 |                     return (

Parsing ecmascript source code failed @ http://localhost:3000/_next/static/chunks/node_modules_next_dist_0u_w_5s._.js:1945
[   12679ms] [ERROR] ./app/(app)/timetable/page.tsx:207:21
Expected '</', got 'const'
  205 |                         ? cell.classes?.class_name || cell.class_name || cell.class_id
  206 |                         : cell.subjects?.subject_name || cell.subject_name || ''
> 207 |                     const sc = cell ? subjectColor(subj as string) : null
      |                     ^^^^^
  208 |                     const isAddSlot = cell === null || !subj
  209 |
  210 |                     return (

Parsing ecmascript source code failed @ http://localhost:3000/_next/static/chunks/node_modules_next_dist_0u_w_5s._.js:1945
[   12728ms] [ERROR] ./app/(app)/timetable/page.tsx:207:21
Expected '</', got 'const'
  205 |                         ? cell.classes?.class_name || cell.class_name || cell.class_id
  206 |                         : cell.subjects?.subject_name || cell.subject_name || ''
> 207 |                     const sc = cell ? subjectColor(subj as string) : null
      |                     ^^^^^
  208 |                     const isAddSlot = cell === null || !subj
  209 |
  210 |                     return (

Parsing ecmascript source code failed @ http://localhost:3000/_next/static/chunks/node_modules_next_dist_0u_w_5s._.js:1945
[   12795ms] [ERROR] ./app/(app)/timetable/page.tsx:207:21
Expected '</', got 'const'
  205 |                         ? cell.classes?.class_name || cell.class_name || cell.class_id
  206 |                         : cell.subjects?.subject_name || cell.subject_name || ''
> 207 |                     const sc = cell ? subjectColor(subj as string) : null
      |                     ^^^^^
  208 |                     const isAddSlot = cell === null || !subj
  209 |
  210 |                     return (

Parsing ecmascript source code failed @ http://localhost:3000/_next/static/chunks/node_modules_next_dist_0u_w_5s._.js:1945
[   12846ms] [ERROR] ./app/(app)/timetable/page.tsx:207:21
Expected '</', got 'const'
  205 |                         ? cell.classes?.class_name || cell.class_name || cell.class_id
  206 |                         : cell.subjects?.subject_name || cell.subject_name || ''
> 207 |                     const sc = cell ? subjectColor(subj as string) : null
      |                     ^^^^^
  208 |                     const isAddSlot = cell === null || !subj
  209 |
  210 |                     return (

Parsing ecmascript source code failed @ http://localhost:3000/_next/static/chunks/node_modules_next_dist_0u_w_5s._.js:1945
[   12911ms] [ERROR] ./app/(app)/timetable/page.tsx:207:21
Expected '</', got 'const'
  205 |                         ? cell.classes?.class_name || cell.class_name || cell.class_id
  206 |                         : cell.subjects?.subject_name || cell.subject_name || ''
> 207 |                     const sc = cell ? subjectColor(subj as string) : null
      |                     ^^^^^
  208 |                     const isAddSlot = cell === null || !subj
  209 |
  210 |                     return (

Parsing ecmascript source code failed @ http://localhost:3000/_next/static/chunks/node_modules_next_dist_0u_w_5s._.js:1945
[   12951ms] [ERROR] ./app/(app)/timetable/page.tsx:207:21
Expected '</', got 'const'
  205 |                         ? cell.classes?.class_name || cell.class_name || cell.class_id
  206 |                         : cell.subjects?.subject_name || cell.subject_name || ''
> 207 |                     const sc = cell ? subjectColor(subj as string) : null
      |                     ^^^^^
  208 |                     const isAddSlot = cell === null || !subj
  209 |
  210 |                     return (

Parsing ecmascript source code failed @ http://localhost:3000/_next/static/chunks/node_modules_next_dist_0u_w_5s._.js:1945
[   12999ms] [ERROR] ./app/(app)/timetable/page.tsx:207:21
Expected '</', got 'const'
  205 |                         ? cell.classes?.class_name || cell.class_name || cell.class_id
  206 |                         : cell.subjects?.subject_name || cell.subject_name || ''
> 207 |                     const sc = cell ? subjectColor(subj as string) : null
      |                     ^^^^^
  208 |                     const isAddSlot = cell === null || !subj
  209 |
  210 |                     return (

Parsing ecmascript source code failed @ http://localhost:3000/_next/static/chunks/node_modules_next_dist_0u_w_5s._.js:1945
[   13048ms] [ERROR] ./app/(app)/timetable/page.tsx:207:21
Expected '</', got 'const'
  205 |                         ? cell.classes?.class_name || cell.class_name || cell.class_id
  206 |                         : cell.subjects?.subject_name || cell.subject_name || ''
> 207 |                     const sc = cell ? subjectColor(subj as string) : null
      |                     ^^^^^
  208 |                     const isAddSlot = cell === null || !subj
  209 |
  210 |                     return (

Parsing ecmascript source code failed @ http://localhost:3000/_next/static/chunks/node_modules_next_dist_0u_w_5s._.js:1945
[   13089ms] [ERROR] ./app/(app)/timetable/page.tsx:207:21
Expected '</', got 'const'
  205 |                         ? cell.classes?.class_name || cell.class_name || cell.class_id
  206 |                         : cell.subjects?.subject_name || cell.subject_name || ''
> 207 |                     const sc = cell ? subjectColor(subj as string) : null
      |                     ^^^^^
  208 |                     const isAddSlot = cell === null || !subj
  209 |
  210 |                     return (

Parsing ecmascript source code failed @ http://localhost:3000/_next/static/chunks/node_modules_next_dist_0u_w_5s._.js:1945
[   13145ms] [ERROR] ./app/(app)/timetable/page.tsx:207:21
Expected '</', got 'const'
  205 |                         ? cell.classes?.class_name || cell.class_name || cell.class_id
  206 |                         : cell.subjects?.subject_name || cell.subject_name || ''
> 207 |                     const sc = cell ? subjectColor(subj as string) : null
      |                     ^^^^^
  208 |                     const isAddSlot = cell === null || !subj
  209 |
  210 |                     return (

Parsing ecmascript source code failed @ http://localhost:3000/_next/static/chunks/node_modules_next_dist_0u_w_5s._.js:1945
[   13209ms] [ERROR] ./app/(app)/timetable/page.tsx:207:21
Expected '</', got 'const'
  205 |                         ? cell.classes?.class_name || cell.class_name || cell.class_id
  206 |                         : cell.subjects?.subject_name || cell.subject_name || ''
> 207 |                     const sc = cell ? subjectColor(subj as string) : null
      |                     ^^^^^
  208 |                     const isAddSlot = cell === null || !subj
  209 |
  210 |                     return (

Parsing ecmascript source code failed @ http://localhost:3000/_next/static/chunks/node_modules_next_dist_0u_w_5s._.js:1945
[   13256ms] [ERROR] ./app/(app)/timetable/page.tsx:207:21
Expected '</', got 'const'
  205 |                         ? cell.classes?.class_name || cell.class_name || cell.class_id
  206 |                         : cell.subjects?.subject_name || cell.subject_name || ''
> 207 |                     const sc = cell ? subjectColor(subj as string) : null
      |                     ^^^^^
  208 |                     const isAddSlot = cell === null || !subj
  209 |
  210 |                     return (

Parsing ecmascript source code failed @ http://localhost:3000/_next/static/chunks/node_modules_next_dist_0u_w_5s._.js:1945
[   13312ms] [ERROR] ./app/(app)/timetable/page.tsx:207:21
Expected '</', got 'const'
  205 |                         ? cell.classes?.class_name || cell.class_name || cell.class_id
  206 |                         : cell.subjects?.subject_name || cell.subject_name || ''
> 207 |                     const sc = cell ? subjectColor(subj as string) : null
      |                     ^^^^^
  208 |                     const isAddSlot = cell === null || !subj
  209 |
  210 |                     return (

Parsing ecmascript source code failed @ http://localhost:3000/_next/static/chunks/node_modules_next_dist_0u_w_5s._.js:1945
[   13360ms] [ERROR] ./app/(app)/timetable/page.tsx:207:21
Expected '</', got 'const'
  205 |                         ? cell.classes?.class_name || cell.class_name || cell.class_id
  206 |                         : cell.subjects?.subject_name || cell.subject_name || ''
> 207 |                     const sc = cell ? subjectColor(subj as string) : null
      |                     ^^^^^
  208 |                     const isAddSlot = cell === null || !subj
  209 |
  210 |                     return (

Parsing ecmascript source code failed @ http://localhost:3000/_next/static/chunks/node_modules_next_dist_0u_w_5s._.js:1945
[   13426ms] [ERROR] ./app/(app)/timetable/page.tsx:207:21
Expected '</', got 'const'
  205 |                         ? cell.classes?.class_name || cell.class_name || cell.class_id
  206 |                         : cell.subjects?.subject_name || cell.subject_name || ''
> 207 |                     const sc = cell ? subjectColor(subj as string) : null
      |                     ^^^^^
  208 |                     const isAddSlot = cell === null || !subj
  209 |
  210 |                     return (

Parsing ecmascript source code failed @ http://localhost:3000/_next/static/chunks/node_modules_next_dist_0u_w_5s._.js:1945
[   13465ms] [ERROR] ./app/(app)/timetable/page.tsx:207:21
Expected '</', got 'const'
  205 |                         ? cell.classes?.class_name || cell.class_name || cell.class_id
  206 |                         : cell.subjects?.subject_name || cell.subject_name || ''
> 207 |                     const sc = cell ? subjectColor(subj as string) : null
      |                     ^^^^^
  208 |                     const isAddSlot = cell === null || !subj
  209 |
  210 |                     return (

Parsing ecmascript source code failed @ http://localhost:3000/_next/static/chunks/node_modules_next_dist_0u_w_5s._.js:1945
[   13529ms] [ERROR] ./app/(app)/timetable/page.tsx:207:21
Expected '</', got 'const'
  205 |                         ? cell.classes?.class_name || cell.class_name || cell.class_id
  206 |                         : cell.subjects?.subject_name || cell.subject_name || ''
> 207 |                     const sc = cell ? subjectColor(subj as string) : null
      |                     ^^^^^
  208 |                     const isAddSlot = cell === null || !subj
  209 |
  210 |                     return (

Parsing ecmascript source code failed @ http://localhost:3000/_next/static/chunks/node_modules_next_dist_0u_w_5s._.js:1945
[   13595ms] [ERROR] ./app/(app)/timetable/page.tsx:207:21
Expected '</', got 'const'
  205 |                         ? cell.classes?.class_name || cell.class_name || cell.class_id
  206 |                         : cell.subjects?.subject_name || cell.subject_name || ''
> 207 |                     const sc = cell ? subjectColor(subj as string) : null
      |                     ^^^^^
  208 |                     const isAddSlot = cell === null || !subj
  209 |
  210 |                     return (

Parsing ecmascript source code failed @ http://localhost:3000/_next/static/chunks/node_modules_next_dist_0u_w_5s._.js:1945
[   13656ms] [ERROR] ./app/(app)/timetable/page.tsx:207:21
Expected '</', got 'const'
  205 |                         ? cell.classes?.class_name || cell.class_name || cell.class_id
  206 |                         : cell.subjects?.subject_name || cell.subject_name || ''
> 207 |                     const sc = cell ? subjectColor(subj as string) : null
      |                     ^^^^^
  208 |                     const isAddSlot = cell === null || !subj
  209 |
  210 |                     return (

Parsing ecmascript source code failed @ http://localhost:3000/_next/static/chunks/node_modules_next_dist_0u_w_5s._.js:1945
[   13709ms] [ERROR] ./app/(app)/timetable/page.tsx:207:21
Expected '</', got 'const'
  205 |                         ? cell.classes?.class_name || cell.class_name || cell.class_id
  206 |                         : cell.subjects?.subject_name || cell.subject_name || ''
> 207 |                     const sc = cell ? subjectColor(subj as string) : null
      |                     ^^^^^
  208 |                     const isAddSlot = cell === null || !subj
  209 |
  210 |                     return (

Parsing ecmascript source code failed @ http://localhost:3000/_next/static/chunks/node_modules_next_dist_0u_w_5s._.js:1945
[   13766ms] [ERROR] ./app/(app)/timetable/page.tsx:207:21
Expected '</', got 'const'
  205 |                         ? cell.classes?.class_name || cell.class_name || cell.class_id
  206 |                         : cell.subjects?.subject_name || cell.subject_name || ''
> 207 |                     const sc = cell ? subjectColor(subj as string) : null
      |                     ^^^^^
  208 |                     const isAddSlot = cell === null || !subj
  209 |
  210 |                     return (

Parsing ecmascript source code failed @ http://localhost:3000/_next/static/chunks/node_modules_next_dist_0u_w_5s._.js:1945
[   13828ms] [ERROR] ./app/(app)/timetable/page.tsx:207:21
Expected '</', got 'const'
  205 |                         ? cell.classes?.class_name || cell.class_name || cell.class_id
  206 |                         : cell.subjects?.subject_name || cell.subject_name || ''
> 207 |                     const sc = cell ? subjectColor(subj as string) : null
      |                     ^^^^^
  208 |                     const isAddSlot = cell === null || !subj
  209 |
  210 |                     return (

Parsing ecmascript source code failed @ http://localhost:3000/_next/static/chunks/node_modules_next_dist_0u_w_5s._.js:1945
[   13890ms] [ERROR] ./app/(app)/timetable/page.tsx:207:21
Expected '</', got 'const'
  205 |                         ? cell.classes?.class_name || cell.class_name || cell.class_id
  206 |                         : cell.subjects?.subject_name || cell.subject_name || ''
> 207 |                     const sc = cell ? subjectColor(subj as string) : null
      |                     ^^^^^
  208 |                     const isAddSlot = cell === null || !subj
  209 |
  210 |                     return (

Parsing ecmascript source code failed @ http://localhost:3000/_next/static/chunks/node_modules_next_dist_0u_w_5s._.js:1945
[   13953ms] [ERROR] ./app/(app)/timetable/page.tsx:207:21
Expected '</', got 'const'
  205 |                         ? cell.classes?.class_name || cell.class_name || cell.class_id
  206 |                         : cell.subjects?.subject_name || cell.subject_name || ''
> 207 |                     const sc = cell ? subjectColor(subj as string) : null
      |                     ^^^^^
  208 |                     const isAddSlot = cell === null || !subj
  209 |
  210 |                     return (

Parsing ecmascript source code failed @ http://localhost:3000/_next/static/chunks/node_modules_next_dist_0u_w_5s._.js:1945
[   14015ms] [ERROR] ./app/(app)/timetable/page.tsx:207:21
Expected '</', got 'const'
  205 |                         ? cell.classes?.class_name || cell.class_name || cell.class_id
  206 |                         : cell.subjects?.subject_name || cell.subject_name || ''
> 207 |                     const sc = cell ? subjectColor(subj as string) : null
      |                     ^^^^^
  208 |                     const isAddSlot = cell === null || !subj
  209 |
  210 |                     return (

Parsing ecmascript source code failed @ http://localhost:3000/_next/static/chunks/node_modules_next_dist_0u_w_5s._.js:1945
[   14076ms] [ERROR] ./app/(app)/timetable/page.tsx:207:21
Expected '</', got 'const'
  205 |                         ? cell.classes?.class_name || cell.class_name || cell.class_id
  206 |                         : cell.subjects?.subject_name || cell.subject_name || ''
> 207 |                     const sc = cell ? subjectColor(subj as string) : null
      |                     ^^^^^
  208 |                     const isAddSlot = cell === null || !subj
  209 |
  210 |                     return (

Parsing ecmascript source code failed @ http://localhost:3000/_next/static/chunks/node_modules_next_dist_0u_w_5s._.js:1945
[   14126ms] [ERROR] ./app/(app)/timetable/page.tsx:207:21
Expected '</', got 'const'
  205 |                         ? cell.classes?.class_name || cell.class_name || cell.class_id
  206 |                         : cell.subjects?.subject_name || cell.subject_name || ''
> 207 |                     const sc = cell ? subjectColor(subj as string) : null
      |                     ^^^^^
  208 |                     const isAddSlot = cell === null || !subj
  209 |
  210 |                     return (

Parsing ecmascript source code failed @ http://localhost:3000/_next/static/chunks/node_modules_next_dist_0u_w_5s._.js:1945
[   14184ms] [ERROR] ./app/(app)/timetable/page.tsx:207:21
Expected '</', got 'const'
  205 |                         ? cell.classes?.class_name || cell.class_name || cell.class_id
  206 |                         : cell.subjects?.subject_name || cell.subject_name || ''
> 207 |                     const sc = cell ? subjectColor(subj as string) : null
      |                     ^^^^^
  208 |                     const isAddSlot = cell === null || !subj
  209 |
  210 |                     return (

Parsing ecmascript source code failed @ http://localhost:3000/_next/static/chunks/node_modules_next_dist_0u_w_5s._.js:1945
[   14246ms] [ERROR] ./app/(app)/timetable/page.tsx:207:21
Expected '</', got 'const'
  205 |                         ? cell.classes?.class_name || cell.class_name || cell.class_id
  206 |                         : cell.subjects?.subject_name || cell.subject_name || ''
> 207 |                     const sc = cell ? subjectColor(subj as string) : null
      |                     ^^^^^
  208 |                     const isAddSlot = cell === null || !subj
  209 |
  210 |                     return (

Parsing ecmascript source code failed @ http://localhost:3000/_next/static/chunks/node_modules_next_dist_0u_w_5s._.js:1945
[   14307ms] [ERROR] ./app/(app)/timetable/page.tsx:207:21
Expected '</', got 'const'
  205 |                         ? cell.classes?.class_name || cell.class_name || cell.class_id
  206 |                         : cell.subjects?.subject_name || cell.subject_name || ''
> 207 |                     const sc = cell ? subjectColor(subj as string) : null
      |                     ^^^^^
  208 |                     const isAddSlot = cell === null || !subj
  209 |
  210 |                     return (

Parsing ecmascript source code failed @ http://localhost:3000/_next/static/chunks/node_modules_next_dist_0u_w_5s._.js:1945
[   14369ms] [ERROR] ./app/(app)/timetable/page.tsx:207:21
Expected '</', got 'const'
  205 |                         ? cell.classes?.class_name || cell.class_name || cell.class_id
  206 |                         : cell.subjects?.subject_name || cell.subject_name || ''
> 207 |                     const sc = cell ? subjectColor(subj as string) : null
      |                     ^^^^^
  208 |                     const isAddSlot = cell === null || !subj
  209 |
  210 |                     return (

Parsing ecmascript source code failed @ http://localhost:3000/_next/static/chunks/node_modules_next_dist_0u_w_5s._.js:1945
[   14431ms] [ERROR] ./app/(app)/timetable/page.tsx:207:21
Expected '</', got 'const'
  205 |                         ? cell.classes?.class_name || cell.class_name || cell.class_id
  206 |                         : cell.subjects?.subject_name || cell.subject_name || ''
> 207 |                     const sc = cell ? subjectColor(subj as string) : null
      |                     ^^^^^
  208 |                     const isAddSlot = cell === null || !subj
  209 |
  210 |                     return (

Parsing ecmascript source code failed @ http://localhost:3000/_next/static/chunks/node_modules_next_dist_0u_w_5s._.js:1945
[   14494ms] [ERROR] ./app/(app)/timetable/page.tsx:207:21
Expected '</', got 'const'
  205 |                         ? cell.classes?.class_name || cell.class_name || cell.class_id
  206 |                         : cell.subjects?.subject_name || cell.subject_name || ''
> 207 |                     const sc = cell ? subjectColor(subj as string) : null
      |                     ^^^^^
  208 |                     const isAddSlot = cell === null || !subj
  209 |
  210 |                     return (

Parsing ecmascript source code failed @ http://localhost:3000/_next/static/chunks/node_modules_next_dist_0u_w_5s._.js:1945
[   14556ms] [ERROR] ./app/(app)/timetable/page.tsx:207:21
Expected '</', got 'const'
  205 |                         ? cell.classes?.class_name || cell.class_name || cell.class_id
  206 |                         : cell.subjects?.subject_name || cell.subject_name || ''
> 207 |                     const sc = cell ? subjectColor(subj as string) : null
      |                     ^^^^^
  208 |                     const isAddSlot = cell === null || !subj
  209 |
  210 |                     return (

Parsing ecmascript source code failed @ http://localhost:3000/_next/static/chunks/node_modules_next_dist_0u_w_5s._.js:1945
[   14617ms] [ERROR] ./app/(app)/timetable/page.tsx:207:21
Expected '</', got 'const'
  205 |                         ? cell.classes?.class_name || cell.class_name || cell.class_id
  206 |                         : cell.subjects?.subject_name || cell.subject_name || ''
> 207 |                     const sc = cell ? subjectColor(subj as string) : null
      |                     ^^^^^
  208 |                     const isAddSlot = cell === null || !subj
  209 |
  210 |                     return (

Parsing ecmascript source code failed @ http://localhost:3000/_next/static/chunks/node_modules_next_dist_0u_w_5s._.js:1945
[   14669ms] [ERROR] ./app/(app)/timetable/page.tsx:207:21
Expected '</', got 'const'
  205 |                         ? cell.classes?.class_name || cell.class_name || cell.class_id
  206 |                         : cell.subjects?.subject_name || cell.subject_name || ''
> 207 |                     const sc = cell ? subjectColor(subj as string) : null
      |                     ^^^^^
  208 |                     const isAddSlot = cell === null || !subj
  209 |
  210 |                     return (

Parsing ecmascript source code failed @ http://localhost:3000/_next/static/chunks/node_modules_next_dist_0u_w_5s._.js:1945
[   14733ms] [ERROR] ./app/(app)/timetable/page.tsx:207:21
Expected '</', got 'const'
  205 |                         ? cell.classes?.class_name || cell.class_name || cell.class_id
  206 |                         : cell.subjects?.subject_name || cell.subject_name || ''
> 207 |                     const sc = cell ? subjectColor(subj as string) : null
      |                     ^^^^^
  208 |                     const isAddSlot = cell === null || !subj
  209 |
  210 |                     return (

Parsing ecmascript source code failed @ http://localhost:3000/_next/static/chunks/node_modules_next_dist_0u_w_5s._.js:1945
[   14786ms] [ERROR] ./app/(app)/timetable/page.tsx:207:21
Expected '</', got 'const'
  205 |                         ? cell.classes?.class_name || cell.class_name || cell.class_id
  206 |                         : cell.subjects?.subject_name || cell.subject_name || ''
> 207 |                     const sc = cell ? subjectColor(subj as string) : null
      |                     ^^^^^
  208 |                     const isAddSlot = cell === null || !subj
  209 |
  210 |                     return (

Parsing ecmascript source code failed @ http://localhost:3000/_next/static/chunks/node_modules_next_dist_0u_w_5s._.js:1945
[   14848ms] [ERROR] ./app/(app)/timetable/page.tsx:207:21
Expected '</', got 'const'
  205 |                         ? cell.classes?.class_name || cell.class_name || cell.class_id
  206 |                         : cell.subjects?.subject_name || cell.subject_name || ''
> 207 |                     const sc = cell ? subjectColor(subj as string) : null
      |                     ^^^^^
  208 |                     const isAddSlot = cell === null || !subj
  209 |
  210 |                     return (

Parsing ecmascript source code failed @ http://localhost:3000/_next/static/chunks/node_modules_next_dist_0u_w_5s._.js:1945
[   14908ms] [ERROR] ./app/(app)/timetable/page.tsx:207:21
Expected '</', got 'const'
  205 |                         ? cell.classes?.class_name || cell.class_name || cell.class_id
  206 |                         : cell.subjects?.subject_name || cell.subject_name || ''
> 207 |                     const sc = cell ? subjectColor(subj as string) : null
      |                     ^^^^^
  208 |                     const isAddSlot = cell === null || !subj
  209 |
  210 |                     return (

Parsing ecmascript source code failed @ http://localhost:3000/_next/static/chunks/node_modules_next_dist_0u_w_5s._.js:1945
[   14969ms] [ERROR] ./app/(app)/timetable/page.tsx:207:21
Expected '</', got 'const'
  205 |                         ? cell.classes?.class_name || cell.class_name || cell.class_id
  206 |                         : cell.subjects?.subject_name || cell.subject_name || ''
> 207 |                     const sc = cell ? subjectColor(subj as string) : null
      |                     ^^^^^
  208 |                     const isAddSlot = cell === null || !subj
  209 |
  210 |                     return (

Parsing ecmascript source code failed @ http://localhost:3000/_next/static/chunks/node_modules_next_dist_0u_w_5s._.js:1945
[   15030ms] [ERROR] ./app/(app)/timetable/page.tsx:207:21
Expected '</', got 'const'
  205 |                         ? cell.classes?.class_name || cell.class_name || cell.class_id
  206 |                         : cell.subjects?.subject_name || cell.subject_name || ''
> 207 |                     const sc = cell ? subjectColor(subj as string) : null
      |                     ^^^^^
  208 |                     const isAddSlot = cell === null || !subj
  209 |
  210 |                     return (

Parsing ecmascript source code failed @ http://localhost:3000/_next/static/chunks/node_modules_next_dist_0u_w_5s._.js:1945
[   15092ms] [ERROR] ./app/(app)/timetable/page.tsx:207:21
Expected '</', got 'const'
  205 |                         ? cell.classes?.class_name || cell.class_name || cell.class_id
  206 |                         : cell.subjects?.subject_name || cell.subject_name || ''
> 207 |                     const sc = cell ? subjectColor(subj as string) : null
      |                     ^^^^^
  208 |                     const isAddSlot = cell === null || !subj
  209 |
  210 |                     return (

Parsing ecmascript source code failed @ http://localhost:3000/_next/static/chunks/node_modules_next_dist_0u_w_5s._.js:1945
[   15154ms] [ERROR] ./app/(app)/timetable/page.tsx:207:21
Expected '</', got 'const'
  205 |                         ? cell.classes?.class_name || cell.class_name || cell.class_id
  206 |                         : cell.subjects?.subject_name || cell.subject_name || ''
> 207 |                     const sc = cell ? subjectColor(subj as string) : null
      |                     ^^^^^
  208 |                     const isAddSlot = cell === null || !subj
  209 |
  210 |                     return (

Parsing ecmascript source code failed @ http://localhost:3000/_next/static/chunks/node_modules_next_dist_0u_w_5s._.js:1945
[   15216ms] [ERROR] ./app/(app)/timetable/page.tsx:207:21
Expected '</', got 'const'
  205 |                         ? cell.classes?.class_name || cell.class_name || cell.class_id
  206 |                         : cell.subjects?.subject_name || cell.subject_name || ''
> 207 |                     const sc = cell ? subjectColor(subj as string) : null
      |                     ^^^^^
  208 |                     const isAddSlot = cell === null || !subj
  209 |
  210 |                     return (

Parsing ecmascript source code failed @ http://localhost:3000/_next/static/chunks/node_modules_next_dist_0u_w_5s._.js:1945
[   15278ms] [ERROR] ./app/(app)/timetable/page.tsx:207:21
Expected '</', got 'const'
  205 |                         ? cell.classes?.class_name || cell.class_name || cell.class_id
  206 |                         : cell.subjects?.subject_name || cell.subject_name || ''
> 207 |                     const sc = cell ? subjectColor(subj as string) : null
      |                     ^^^^^
  208 |                     const isAddSlot = cell === null || !subj
  209 |
  210 |                     return (

Parsing ecmascript source code failed @ http://localhost:3000/_next/static/chunks/node_modules_next_dist_0u_w_5s._.js:1945
[   15341ms] [ERROR] ./app/(app)/timetable/page.tsx:207:21
Expected '</', got 'const'
  205 |                         ? cell.classes?.class_name || cell.class_name || cell.class_id
  206 |                         : cell.subjects?.subject_name || cell.subject_name || ''
> 207 |                     const sc = cell ? subjectColor(subj as string) : null
      |                     ^^^^^
  208 |                     const isAddSlot = cell === null || !subj
  209 |
  210 |                     return (

Parsing ecmascript source code failed @ http://localhost:3000/_next/static/chunks/node_modules_next_dist_0u_w_5s._.js:1945
[   15401ms] [ERROR] ./app/(app)/timetable/page.tsx:207:21
Expected '</', got 'const'
  205 |                         ? cell.classes?.class_name || cell.class_name || cell.class_id
  206 |                         : cell.subjects?.subject_name || cell.subject_name || ''
> 207 |                     const sc = cell ? subjectColor(subj as string) : null
      |                     ^^^^^
  208 |                     const isAddSlot = cell === null || !subj
  209 |
  210 |                     return (

Parsing ecmascript source code failed @ http://localhost:3000/_next/static/chunks/node_modules_next_dist_0u_w_5s._.js:1945
[   15464ms] [ERROR] ./app/(app)/timetable/page.tsx:207:21
Expected '</', got 'const'
  205 |                         ? cell.classes?.class_name || cell.class_name || cell.class_id
  206 |                         : cell.subjects?.subject_name || cell.subject_name || ''
> 207 |                     const sc = cell ? subjectColor(subj as string) : null
      |                     ^^^^^
  208 |                     const isAddSlot = cell === null || !subj
  209 |
  210 |                     return (

Parsing ecmascript source code failed @ http://localhost:3000/_next/static/chunks/node_modules_next_dist_0u_w_5s._.js:1945
[   15525ms] [ERROR] ./app/(app)/timetable/page.tsx:207:21
Expected '</', got 'const'
  205 |                         ? cell.classes?.class_name || cell.class_name || cell.class_id
  206 |                         : cell.subjects?.subject_name || cell.subject_name || ''
> 207 |                     const sc = cell ? subjectColor(subj as string) : null
      |                     ^^^^^
  208 |                     const isAddSlot = cell === null || !subj
  209 |
  210 |                     return (

Parsing ecmascript source code failed @ http://localhost:3000/_next/static/chunks/node_modules_next_dist_0u_w_5s._.js:1945
[   15586ms] [ERROR] ./app/(app)/timetable/page.tsx:207:21
Expected '</', got 'const'
  205 |                         ? cell.classes?.class_name || cell.class_name || cell.class_id
  206 |                         : cell.subjects?.subject_name || cell.subject_name || ''
> 207 |                     const sc = cell ? subjectColor(subj as string) : null
      |                     ^^^^^
  208 |                     const isAddSlot = cell === null || !subj
  209 |
  210 |                     return (

Parsing ecmascript source code failed @ http://localhost:3000/_next/static/chunks/node_modules_next_dist_0u_w_5s._.js:1945
[   15646ms] [ERROR] ./app/(app)/timetable/page.tsx:207:21
Expected '</', got 'const'
  205 |                         ? cell.classes?.class_name || cell.class_name || cell.class_id
  206 |                         : cell.subjects?.subject_name || cell.subject_name || ''
> 207 |                     const sc = cell ? subjectColor(subj as string) : null
      |                     ^^^^^
  208 |                     const isAddSlot = cell === null || !subj
  209 |
  210 |                     return (

Parsing ecmascript source code failed @ http://localhost:3000/_next/static/chunks/node_modules_next_dist_0u_w_5s._.js:1945
[   15697ms] [ERROR] ./app/(app)/timetable/page.tsx:207:21
Expected '</', got 'const'
  205 |                         ? cell.classes?.class_name || cell.class_name || cell.class_id
  206 |                         : cell.subjects?.subject_name || cell.subject_name || ''
> 207 |                     const sc = cell ? subjectColor(subj as string) : null
      |                     ^^^^^
  208 |                     const isAddSlot = cell === null || !subj
  209 |
  210 |                     return (

Parsing ecmascript source code failed @ http://localhost:3000/_next/static/chunks/node_modules_next_dist_0u_w_5s._.js:1945
[   15746ms] [ERROR] ./app/(app)/timetable/page.tsx:207:21
Expected '</', got 'const'
  205 |                         ? cell.classes?.class_name || cell.class_name || cell.class_id
  206 |                         : cell.subjects?.subject_name || cell.subject_name || ''
> 207 |                     const sc = cell ? subjectColor(subj as string) : null
      |                     ^^^^^
  208 |                     const isAddSlot = cell === null || !subj
  209 |
  210 |                     return (

Parsing ecmascript source code failed @ http://localhost:3000/_next/static/chunks/node_modules_next_dist_0u_w_5s._.js:1945
[   15809ms] [ERROR] ./app/(app)/timetable/page.tsx:207:21
Expected '</', got 'const'
  205 |                         ? cell.classes?.class_name || cell.class_name || cell.class_id
  206 |                         : cell.subjects?.subject_name || cell.subject_name || ''
> 207 |                     const sc = cell ? subjectColor(subj as string) : null
      |                     ^^^^^
  208 |                     const isAddSlot = cell === null || !subj
  209 |
  210 |                     return (

Parsing ecmascript source code failed @ http://localhost:3000/_next/static/chunks/node_modules_next_dist_0u_w_5s._.js:1945
[   15872ms] [ERROR] ./app/(app)/timetable/page.tsx:207:21
Expected '</', got 'const'
  205 |                         ? cell.classes?.class_name || cell.class_name || cell.class_id
  206 |                         : cell.subjects?.subject_name || cell.subject_name || ''
> 207 |                     const sc = cell ? subjectColor(subj as string) : null
      |                     ^^^^^
  208 |                     const isAddSlot = cell === null || !subj
  209 |
  210 |                     return (

Parsing ecmascript source code failed @ http://localhost:3000/_next/static/chunks/node_modules_next_dist_0u_w_5s._.js:1945
[   15933ms] [ERROR] ./app/(app)/timetable/page.tsx:207:21
Expected '</', got 'const'
  205 |                         ? cell.classes?.class_name || cell.class_name || cell.class_id
  206 |                         : cell.subjects?.subject_name || cell.subject_name || ''
> 207 |                     const sc = cell ? subjectColor(subj as string) : null
      |                     ^^^^^
  208 |                     const isAddSlot = cell === null || !subj
  209 |
  210 |                     return (

Parsing ecmascript source code failed @ http://localhost:3000/_next/static/chunks/node_modules_next_dist_0u_w_5s._.js:1945
[   15995ms] [ERROR] ./app/(app)/timetable/page.tsx:207:21
Expected '</', got 'const'
  205 |                         ? cell.classes?.class_name || cell.class_name || cell.class_id
  206 |                         : cell.subjects?.subject_name || cell.subject_name || ''
> 207 |                     const sc = cell ? subjectColor(subj as string) : null
      |                     ^^^^^
  208 |                     const isAddSlot = cell === null || !subj
  209 |
  210 |                     return (

Parsing ecmascript source code failed @ http://localhost:3000/_next/static/chunks/node_modules_next_dist_0u_w_5s._.js:1945
[   16057ms] [ERROR] ./app/(app)/timetable/page.tsx:207:21
Expected '</', got 'const'
  205 |                         ? cell.classes?.class_name || cell.class_name || cell.class_id
  206 |                         : cell.subjects?.subject_name || cell.subject_name || ''
> 207 |                     const sc = cell ? subjectColor(subj as string) : null
      |                     ^^^^^
  208 |                     const isAddSlot = cell === null || !subj
  209 |
  210 |                     return (

Parsing ecmascript source code failed @ http://localhost:3000/_next/static/chunks/node_modules_next_dist_0u_w_5s._.js:1945
[   16118ms] [ERROR] ./app/(app)/timetable/page.tsx:207:21
Expected '</', got 'const'
  205 |                         ? cell.classes?.class_name || cell.class_name || cell.class_id
  206 |                         : cell.subjects?.subject_name || cell.subject_name || ''
> 207 |                     const sc = cell ? subjectColor(subj as string) : null
      |                     ^^^^^
  208 |                     const isAddSlot = cell === null || !subj
  209 |
  210 |                     return (

Parsing ecmascript source code failed @ http://localhost:3000/_next/static/chunks/node_modules_next_dist_0u_w_5s._.js:1945
[   16179ms] [ERROR] ./app/(app)/timetable/page.tsx:207:21
Expected '</', got 'const'
  205 |                         ? cell.classes?.class_name || cell.class_name || cell.class_id
  206 |                         : cell.subjects?.subject_name || cell.subject_name || ''
> 207 |                     const sc = cell ? subjectColor(subj as string) : null
      |                     ^^^^^
  208 |                     const isAddSlot = cell === null || !subj
  209 |
  210 |                     return (

Parsing ecmascript source code failed @ http://localhost:3000/_next/static/chunks/node_modules_next_dist_0u_w_5s._.js:1945
[   16240ms] [ERROR] ./app/(app)/timetable/page.tsx:207:21
Expected '</', got 'const'
  205 |                         ? cell.classes?.class_name || cell.class_name || cell.class_id
  206 |                         : cell.subjects?.subject_name || cell.subject_name || ''
> 207 |                     const sc = cell ? subjectColor(subj as string) : null
      |                     ^^^^^
  208 |                     const isAddSlot = cell === null || !subj
  209 |
  210 |                     return (

Parsing ecmascript source code failed @ http://localhost:3000/_next/static/chunks/node_modules_next_dist_0u_w_5s._.js:1945
[   16288ms] [ERROR] ./app/(app)/timetable/page.tsx:207:21
Expected '</', got 'const'
  205 |                         ? cell.classes?.class_name || cell.class_name || cell.class_id
  206 |                         : cell.subjects?.subject_name || cell.subject_name || ''
> 207 |                     const sc = cell ? subjectColor(subj as string) : null
      |                     ^^^^^
  208 |                     const isAddSlot = cell === null || !subj
  209 |
  210 |                     return (

Parsing ecmascript source code failed @ http://localhost:3000/_next/static/chunks/node_modules_next_dist_0u_w_5s._.js:1945
[   16349ms] [ERROR] ./app/(app)/timetable/page.tsx:207:21
Expected '</', got 'const'
  205 |                         ? cell.classes?.class_name || cell.class_name || cell.class_id
  206 |                         : cell.subjects?.subject_name || cell.subject_name || ''
> 207 |                     const sc = cell ? subjectColor(subj as string) : null
      |                     ^^^^^
  208 |                     const isAddSlot = cell === null || !subj
  209 |
  210 |                     return (

Parsing ecmascript source code failed @ http://localhost:3000/_next/static/chunks/node_modules_next_dist_0u_w_5s._.js:1945
[   16412ms] [ERROR] ./app/(app)/timetable/page.tsx:207:21
Expected '</', got 'const'
  205 |                         ? cell.classes?.class_name || cell.class_name || cell.class_id
  206 |                         : cell.subjects?.subject_name || cell.subject_name || ''
> 207 |                     const sc = cell ? subjectColor(subj as string) : null
      |                     ^^^^^
  208 |                     const isAddSlot = cell === null || !subj
  209 |
  210 |                     return (

Parsing ecmascript source code failed @ http://localhost:3000/_next/static/chunks/node_modules_next_dist_0u_w_5s._.js:1945
[   16473ms] [ERROR] ./app/(app)/timetable/page.tsx:207:21
Expected '</', got 'const'
  205 |                         ? cell.classes?.class_name || cell.class_name || cell.class_id
  206 |                         : cell.subjects?.subject_name || cell.subject_name || ''
> 207 |                     const sc = cell ? subjectColor(subj as string) : null
      |                     ^^^^^
  208 |                     const isAddSlot = cell === null || !subj
  209 |
  210 |                     return (

Parsing ecmascript source code failed @ http://localhost:3000/_next/static/chunks/node_modules_next_dist_0u_w_5s._.js:1945
[   16535ms] [ERROR] ./app/(app)/timetable/page.tsx:207:21
Expected '</', got 'const'
  205 |                         ? cell.classes?.class_name || cell.class_name || cell.class_id
  206 |                         : cell.subjects?.subject_name || cell.subject_name || ''
> 207 |                     const sc = cell ? subjectColor(subj as string) : null
      |                     ^^^^^
  208 |                     const isAddSlot = cell === null || !subj
  209 |
  210 |                     return (

Parsing ecmascript source code failed @ http://localhost:3000/_next/static/chunks/node_modules_next_dist_0u_w_5s._.js:1945
[   16595ms] [ERROR] ./app/(app)/timetable/page.tsx:207:21
Expected '</', got 'const'
  205 |                         ? cell.classes?.class_name || cell.class_name || cell.class_id
  206 |                         : cell.subjects?.subject_name || cell.subject_name || ''
> 207 |                     const sc = cell ? subjectColor(subj as string) : null
      |                     ^^^^^
  208 |                     const isAddSlot = cell === null || !subj
  209 |
  210 |                     return (

Parsing ecmascript source code failed @ http://localhost:3000/_next/static/chunks/node_modules_next_dist_0u_w_5s._.js:1945
[   16655ms] [ERROR] ./app/(app)/timetable/page.tsx:207:21
Expected '</', got 'const'
  205 |                         ? cell.classes?.class_name || cell.class_name || cell.class_id
  206 |                         : cell.subjects?.subject_name || cell.subject_name || ''
> 207 |                     const sc = cell ? subjectColor(subj as string) : null
      |                     ^^^^^
  208 |                     const isAddSlot = cell === null || !subj
  209 |
  210 |                     return (

Parsing ecmascript source code failed @ http://localhost:3000/_next/static/chunks/node_modules_next_dist_0u_w_5s._.js:1945
[   16720ms] [ERROR] ./app/(app)/timetable/page.tsx:207:21
Expected '</', got 'const'
  205 |                         ? cell.classes?.class_name || cell.class_name || cell.class_id
  206 |                         : cell.subjects?.subject_name || cell.subject_name || ''
> 207 |                     const sc = cell ? subjectColor(subj as string) : null
      |                     ^^^^^
  208 |                     const isAddSlot = cell === null || !subj
  209 |
  210 |                     return (

Parsing ecmascript source code failed @ http://localhost:3000/_next/static/chunks/node_modules_next_dist_0u_w_5s._.js:1945
[   16774ms] [ERROR] ./app/(app)/timetable/page.tsx:207:21
Expected '</', got 'const'
  205 |                         ? cell.classes?.class_name || cell.class_name || cell.class_id
  206 |                         : cell.subjects?.subject_name || cell.subject_name || ''
> 207 |                     const sc = cell ? subjectColor(subj as string) : null
      |                     ^^^^^
  208 |                     const isAddSlot = cell === null || !subj
  209 |
  210 |                     return (

Parsing ecmascript source code failed @ http://localhost:3000/_next/static/chunks/node_modules_next_dist_0u_w_5s._.js:1945
[   16822ms] [ERROR] ./app/(app)/timetable/page.tsx:207:21
Expected '</', got 'const'
  205 |                         ? cell.classes?.class_name || cell.class_name || cell.class_id
  206 |                         : cell.subjects?.subject_name || cell.subject_name || ''
> 207 |                     const sc = cell ? subjectColor(subj as string) : null
      |                     ^^^^^
  208 |                     const isAddSlot = cell === null || !subj
  209 |
  210 |                     return (

Parsing ecmascript source code failed @ http://localhost:3000/_next/static/chunks/node_modules_next_dist_0u_w_5s._.js:1945
[   16886ms] [ERROR] ./app/(app)/timetable/page.tsx:207:21
Expected '</', got 'const'
  205 |                         ? cell.classes?.class_name || cell.class_name || cell.class_id
  206 |                         : cell.subjects?.subject_name || cell.subject_name || ''
> 207 |                     const sc = cell ? subjectColor(subj as string) : null
      |                     ^^^^^
  208 |                     const isAddSlot = cell === null || !subj
  209 |
  210 |                     return (

Parsing ecmascript source code failed @ http://localhost:3000/_next/static/chunks/node_modules_next_dist_0u_w_5s._.js:1945
[   16948ms] [ERROR] ./app/(app)/timetable/page.tsx:207:21
Expected '</', got 'const'
  205 |                         ? cell.classes?.class_name || cell.class_name || cell.class_id
  206 |                         : cell.subjects?.subject_name || cell.subject_name || ''
> 207 |                     const sc = cell ? subjectColor(subj as string) : null
      |                     ^^^^^
  208 |                     const isAddSlot = cell === null || !subj
  209 |
  210 |                     return (

Parsing ecmascript source code failed @ http://localhost:3000/_next/static/chunks/node_modules_next_dist_0u_w_5s._.js:1945
[   17011ms] [ERROR] ./app/(app)/timetable/page.tsx:207:21
Expected '</', got 'const'
  205 |                         ? cell.classes?.class_name || cell.class_name || cell.class_id
  206 |                         : cell.subjects?.subject_name || cell.subject_name || ''
> 207 |                     const sc = cell ? subjectColor(subj as string) : null
      |                     ^^^^^
  208 |                     const isAddSlot = cell === null || !subj
  209 |
  210 |                     return (

Parsing ecmascript source code failed @ http://localhost:3000/_next/static/chunks/node_modules_next_dist_0u_w_5s._.js:1945
[   17072ms] [ERROR] ./app/(app)/timetable/page.tsx:207:21
Expected '</', got 'const'
  205 |                         ? cell.classes?.class_name || cell.class_name || cell.class_id
  206 |                         : cell.subjects?.subject_name || cell.subject_name || ''
> 207 |                     const sc = cell ? subjectColor(subj as string) : null
      |                     ^^^^^
  208 |                     const isAddSlot = cell === null || !subj
  209 |
  210 |                     return (

Parsing ecmascript source code failed @ http://localhost:3000/_next/static/chunks/node_modules_next_dist_0u_w_5s._.js:1945
[   17133ms] [ERROR] ./app/(app)/timetable/page.tsx:207:21
Expected '</', got 'const'
  205 |                         ? cell.classes?.class_name || cell.class_name || cell.class_id
  206 |                         : cell.subjects?.subject_name || cell.subject_name || ''
> 207 |                     const sc = cell ? subjectColor(subj as string) : null
      |                     ^^^^^
  208 |                     const isAddSlot = cell === null || !subj
  209 |
  210 |                     return (

Parsing ecmascript source code failed @ http://localhost:3000/_next/static/chunks/node_modules_next_dist_0u_w_5s._.js:1945
[   17186ms] [ERROR] ./app/(app)/timetable/page.tsx:207:21
Expected '</', got 'const'
  205 |                         ? cell.classes?.class_name || cell.class_name || cell.class_id
  206 |                         : cell.subjects?.subject_name || cell.subject_name || ''
> 207 |                     const sc = cell ? subjectColor(subj as string) : null
      |                     ^^^^^
  208 |                     const isAddSlot = cell === null || !subj
  209 |
  210 |                     return (

Parsing ecmascript source code failed @ http://localhost:3000/_next/static/chunks/node_modules_next_dist_0u_w_5s._.js:1945
[   17235ms] [ERROR] ./app/(app)/timetable/page.tsx:207:21
Expected '</', got 'const'
  205 |                         ? cell.classes?.class_name || cell.class_name || cell.class_id
  206 |                         : cell.subjects?.subject_name || cell.subject_name || ''
> 207 |                     const sc = cell ? subjectColor(subj as string) : null
      |                     ^^^^^
  208 |                     const isAddSlot = cell === null || !subj
  209 |
  210 |                     return (

Parsing ecmascript source code failed @ http://localhost:3000/_next/static/chunks/node_modules_next_dist_0u_w_5s._.js:1945
[   17296ms] [ERROR] ./app/(app)/timetable/page.tsx:207:21
Expected '</', got 'const'
  205 |                         ? cell.classes?.class_name || cell.class_name || cell.class_id
  206 |                         : cell.subjects?.subject_name || cell.subject_name || ''
> 207 |                     const sc = cell ? subjectColor(subj as string) : null
      |                     ^^^^^
  208 |                     const isAddSlot = cell === null || !subj
  209 |
  210 |                     return (

Parsing ecmascript source code failed @ http://localhost:3000/_next/static/chunks/node_modules_next_dist_0u_w_5s._.js:1945
[   17354ms] [ERROR] ./app/(app)/timetable/page.tsx:207:21
Expected '</', got 'const'
  205 |                         ? cell.classes?.class_name || cell.class_name || cell.class_id
  206 |                         : cell.subjects?.subject_name || cell.subject_name || ''
> 207 |                     const sc = cell ? subjectColor(subj as string) : null
      |                     ^^^^^
  208 |                     const isAddSlot = cell === null || !subj
  209 |
  210 |                     return (

Parsing ecmascript source code failed @ http://localhost:3000/_next/static/chunks/node_modules_next_dist_0u_w_5s._.js:1945
[   17417ms] [ERROR] ./app/(app)/timetable/page.tsx:207:21
Expected '</', got 'const'
  205 |                         ? cell.classes?.class_name || cell.class_name || cell.class_id
  206 |                         : cell.subjects?.subject_name || cell.subject_name || ''
> 207 |                     const sc = cell ? subjectColor(subj as string) : null
      |                     ^^^^^
  208 |                     const isAddSlot = cell === null || !subj
  209 |
  210 |                     return (

Parsing ecmascript source code failed @ http://localhost:3000/_next/static/chunks/node_modules_next_dist_0u_w_5s._.js:1945
[   17467ms] [ERROR] ./app/(app)/timetable/page.tsx:207:21
Expected '</', got 'const'
  205 |                         ? cell.classes?.class_name || cell.class_name || cell.class_id
  206 |                         : cell.subjects?.subject_name || cell.subject_name || ''
> 207 |                     const sc = cell ? subjectColor(subj as string) : null
      |                     ^^^^^
  208 |                     const isAddSlot = cell === null || !subj
  209 |
  210 |                     return (

Parsing ecmascript source code failed @ http://localhost:3000/_next/static/chunks/node_modules_next_dist_0u_w_5s._.js:1945
[   17518ms] [ERROR] ./app/(app)/timetable/page.tsx:207:21
Expected '</', got 'const'
  205 |                         ? cell.classes?.class_name || cell.class_name || cell.class_id
  206 |                         : cell.subjects?.subject_name || cell.subject_name || ''
> 207 |                     const sc = cell ? subjectColor(subj as string) : null
      |                     ^^^^^
  208 |                     const isAddSlot = cell === null || !subj
  209 |
  210 |                     return (

Parsing ecmascript source code failed @ http://localhost:3000/_next/static/chunks/node_modules_next_dist_0u_w_5s._.js:1945
[   17566ms] [ERROR] ./app/(app)/timetable/page.tsx:207:21
Expected '</', got 'const'
  205 |                         ? cell.classes?.class_name || cell.class_name || cell.class_id
  206 |                         : cell.subjects?.subject_name || cell.subject_name || ''
> 207 |                     const sc = cell ? subjectColor(subj as string) : null
      |                     ^^^^^
  208 |                     const isAddSlot = cell === null || !subj
  209 |
  210 |                     return (

Parsing ecmascript source code failed @ http://localhost:3000/_next/static/chunks/node_modules_next_dist_0u_w_5s._.js:1945
[   17613ms] [ERROR] ./app/(app)/timetable/page.tsx:207:21
Expected '</', got 'const'
  205 |                         ? cell.classes?.class_name || cell.class_name || cell.class_id
  206 |                         : cell.subjects?.subject_name || cell.subject_name || ''
> 207 |                     const sc = cell ? subjectColor(subj as string) : null
      |                     ^^^^^
  208 |                     const isAddSlot = cell === null || !subj
  209 |
  210 |                     return (

Parsing ecmascript source code failed @ http://localhost:3000/_next/static/chunks/node_modules_next_dist_0u_w_5s._.js:1945
[   17657ms] [ERROR] ./app/(app)/timetable/page.tsx:207:21
Expected '</', got 'const'
  205 |                         ? cell.classes?.class_name || cell.class_name || cell.class_id
  206 |                         : cell.subjects?.subject_name || cell.subject_name || ''
> 207 |                     const sc = cell ? subjectColor(subj as string) : null
      |                     ^^^^^
  208 |                     const isAddSlot = cell === null || !subj
  209 |
  210 |                     return (

Parsing ecmascript source code failed @ http://localhost:3000/_next/static/chunks/node_modules_next_dist_0u_w_5s._.js:1945
[   17708ms] [ERROR] ./app/(app)/timetable/page.tsx:207:21
Expected '</', got 'const'
  205 |                         ? cell.classes?.class_name || cell.class_name || cell.class_id
  206 |                         : cell.subjects?.subject_name || cell.subject_name || ''
> 207 |                     const sc = cell ? subjectColor(subj as string) : null
      |                     ^^^^^
  208 |                     const isAddSlot = cell === null || !subj
  209 |
  210 |                     return (

Parsing ecmascript source code failed @ http://localhost:3000/_next/static/chunks/node_modules_next_dist_0u_w_5s._.js:1945
[   17754ms] [ERROR] ./app/(app)/timetable/page.tsx:207:21
Expected '</', got 'const'
  205 |                         ? cell.classes?.class_name || cell.class_name || cell.class_id
  206 |                         : cell.subjects?.subject_name || cell.subject_name || ''
> 207 |                     const sc = cell ? subjectColor(subj as string) : null
      |                     ^^^^^
  208 |                     const isAddSlot = cell === null || !subj
  209 |
  210 |                     return (

Parsing ecmascript source code failed @ http://localhost:3000/_next/static/chunks/node_modules_next_dist_0u_w_5s._.js:1945
[   17805ms] [ERROR] ./app/(app)/timetable/page.tsx:207:21
Expected '</', got 'const'
  205 |                         ? cell.classes?.class_name || cell.class_name || cell.class_id
  206 |                         : cell.subjects?.subject_name || cell.subject_name || ''
> 207 |                     const sc = cell ? subjectColor(subj as string) : null
      |                     ^^^^^
  208 |                     const isAddSlot = cell === null || !subj
  209 |
  210 |                     return (

Parsing ecmascript source code failed @ http://localhost:3000/_next/static/chunks/node_modules_next_dist_0u_w_5s._.js:1945
[   17865ms] [ERROR] ./app/(app)/timetable/page.tsx:207:21
Expected '</', got 'const'
  205 |                         ? cell.classes?.class_name || cell.class_name || cell.class_id
  206 |                         : cell.subjects?.subject_name || cell.subject_name || ''
> 207 |                     const sc = cell ? subjectColor(subj as string) : null
      |                     ^^^^^
  208 |                     const isAddSlot = cell === null || !subj
  209 |
  210 |                     return (

Parsing ecmascript source code failed @ http://localhost:3000/_next/static/chunks/node_modules_next_dist_0u_w_5s._.js:1945
[   17925ms] [ERROR] ./app/(app)/timetable/page.tsx:207:21
Expected '</', got 'const'
  205 |                         ? cell.classes?.class_name || cell.class_name || cell.class_id
  206 |                         : cell.subjects?.subject_name || cell.subject_name || ''
> 207 |                     const sc = cell ? subjectColor(subj as string) : null
      |                     ^^^^^
  208 |                     const isAddSlot = cell === null || !subj
  209 |
  210 |                     return (

Parsing ecmascript source code failed @ http://localhost:3000/_next/static/chunks/node_modules_next_dist_0u_w_5s._.js:1945
[   17966ms] [ERROR] ./app/(app)/timetable/page.tsx:207:21
Expected '</', got 'const'
  205 |                         ? cell.classes?.class_name || cell.class_name || cell.class_id
  206 |                         : cell.subjects?.subject_name || cell.subject_name || ''
> 207 |                     const sc = cell ? subjectColor(subj as string) : null
      |                     ^^^^^
  208 |                     const isAddSlot = cell === null || !subj
  209 |
  210 |                     return (

Parsing ecmascript source code failed @ http://localhost:3000/_next/static/chunks/node_modules_next_dist_0u_w_5s._.js:1945
[   18010ms] [ERROR] ./app/(app)/timetable/page.tsx:207:21
Expected '</', got 'const'
  205 |                         ? cell.classes?.class_name || cell.class_name || cell.class_id
  206 |                         : cell.subjects?.subject_name || cell.subject_name || ''
> 207 |                     const sc = cell ? subjectColor(subj as string) : null
      |                     ^^^^^
  208 |                     const isAddSlot = cell === null || !subj
  209 |
  210 |                     return (

Parsing ecmascript source code failed @ http://localhost:3000/_next/static/chunks/node_modules_next_dist_0u_w_5s._.js:1945
[   18066ms] [ERROR] ./app/(app)/timetable/page.tsx:207:21
Expected '</', got 'const'
  205 |                         ? cell.classes?.class_name || cell.class_name || cell.class_id
  206 |                         : cell.subjects?.subject_name || cell.subject_name || ''
> 207 |                     const sc = cell ? subjectColor(subj as string) : null
      |                     ^^^^^
  208 |                     const isAddSlot = cell === null || !subj
  209 |
  210 |                     return (

Parsing ecmascript source code failed @ http://localhost:3000/_next/static/chunks/node_modules_next_dist_0u_w_5s._.js:1945
[   18121ms] [ERROR] ./app/(app)/timetable/page.tsx:207:21
Expected '</', got 'const'
  205 |                         ? cell.classes?.class_name || cell.class_name || cell.class_id
  206 |                         : cell.subjects?.subject_name || cell.subject_name || ''
> 207 |                     const sc = cell ? subjectColor(subj as string) : null
      |                     ^^^^^
  208 |                     const isAddSlot = cell === null || !subj
  209 |
  210 |                     return (

Parsing ecmascript source code failed @ http://localhost:3000/_next/static/chunks/node_modules_next_dist_0u_w_5s._.js:1945
[   18176ms] [ERROR] ./app/(app)/timetable/page.tsx:207:21
Expected '</', got 'const'
  205 |                         ? cell.classes?.class_name || cell.class_name || cell.class_id
  206 |                         : cell.subjects?.subject_name || cell.subject_name || ''
> 207 |                     const sc = cell ? subjectColor(subj as string) : null
      |                     ^^^^^
  208 |                     const isAddSlot = cell === null || !subj
  209 |
  210 |                     return (

Parsing ecmascript source code failed @ http://localhost:3000/_next/static/chunks/node_modules_next_dist_0u_w_5s._.js:1945
[   18228ms] [ERROR] ./app/(app)/timetable/page.tsx:207:21
Expected '</', got 'const'
  205 |                         ? cell.classes?.class_name || cell.class_name || cell.class_id
  206 |                         : cell.subjects?.subject_name || cell.subject_name || ''
> 207 |                     const sc = cell ? subjectColor(subj as string) : null
      |                     ^^^^^
  208 |                     const isAddSlot = cell === null || !subj
  209 |
  210 |                     return (

Parsing ecmascript source code failed @ http://localhost:3000/_next/static/chunks/node_modules_next_dist_0u_w_5s._.js:1945
[   18265ms] [LOG] [Fast Refresh] rebuilding @ http://localhost:3000/_next/static/chunks/node_modules_next_dist_0u_w_5s._.js:1226
[   18507ms] [LOG] [Fast Refresh] done in 62ms @ http://localhost:3000/_next/static/chunks/node_modules_next_dist_0u_w_5s._.js:1226
[   18795ms] [INFO] %cDownload the React DevTools for a better development experience: https://react.dev/link/react-devtools font-weight:bold @ http://localhost:3000/_next/static/chunks/node_modules_next_dist_115brz8._.js:2477
[   18911ms] [LOG] [HMR] connected @ http://localhost:3000/_next/static/chunks/node_modules_next_dist_115brz8._.js:2477
[   19173ms] [VERBOSE] [DOM] Input elements should have autocomplete attributes (suggested: "current-password"): (More info: https://goo.gl/9p2vKq) %o @ http://localhost:3000/login:0
